# Blender 5.1.2
# www.blender.org
mtllib lighthouse_bad_uniform.mtl
o base
v 0.000000 0.008787 -2.387591
v 0.000000 0.399191 -2.960085
v -0.000000 0.043431 -2.922617
v -0.000000 1.991213 -2.387591
v 0.000000 1.600809 -2.960085
v -0.000000 1.956569 -2.922617
v 0.617954 0.008787 -2.306236
v 0.766126 0.399191 -2.859222
v 0.756429 0.043431 -2.823032
v 0.617954 1.991213 -2.306236
v 0.766126 1.600809 -2.859222
v 0.756429 1.956569 -2.823031
v 1.193796 0.008787 -2.067714
v 1.480042 0.399191 -2.563508
v 1.461309 0.043431 -2.531060
v 1.193796 1.991213 -2.067714
v 1.480042 1.600809 -2.563508
v 1.461309 1.956569 -2.531060
v 1.688282 0.008787 -1.688282
v 2.093096 0.399191 -2.093096
v 2.066602 0.043431 -2.066602
v 1.688282 1.991213 -1.688282
v 2.093096 1.600809 -2.093096
v 2.066602 1.956569 -2.066602
v 2.067714 0.008787 -1.193796
v 2.563508 0.399191 -1.480042
v 2.531060 0.043431 -1.461309
v 2.067714 1.991213 -1.193796
v 2.563508 1.600809 -1.480042
v 2.531060 1.956569 -1.461309
v 2.306236 0.008787 -0.617954
v 2.859222 0.399191 -0.766126
v 2.823031 0.043431 -0.756429
v 2.306236 1.991213 -0.617954
v 2.859222 1.600809 -0.766126
v 2.823032 1.956569 -0.756429
v 2.387591 0.008787 0.000000
v 2.960085 0.399191 0.000000
v 2.922617 0.043431 0.000000
v 2.387591 1.991213 -0.000000
v 2.960085 1.600809 0.000000
v 2.922617 1.956569 0.000000
v 2.306236 0.008787 0.617954
v 2.859222 0.399191 0.766126
v 2.823032 0.043431 0.756429
v 2.306236 1.991213 0.617954
v 2.859222 1.600809 0.766126
v 2.823031 1.956569 0.756429
v 2.067714 0.008787 1.193796
v 2.563508 0.399191 1.480042
v 2.531060 0.043431 1.461309
v 2.067714 1.991213 1.193796
v 2.563508 1.600809 1.480042
v 2.531060 1.956569 1.461309
v 1.688282 0.008787 1.688282
v 2.093096 0.399191 2.093096
v 2.066602 0.043431 2.066602
v 1.688282 1.991213 1.688282
v 2.093096 1.600809 2.093096
v 2.066602 1.956569 2.066602
v 1.193796 0.008787 2.067714
v 1.480042 0.399191 2.563508
v 1.461309 0.043431 2.531060
v 1.193796 1.991213 2.067714
v 1.480042 1.600809 2.563508
v 1.461309 1.956569 2.531060
v 0.617954 0.008787 2.306236
v 0.766126 0.399191 2.859222
v 0.756429 0.043431 2.823031
v 0.617954 1.991213 2.306236
v 0.766126 1.600809 2.859222
v 0.756429 1.956569 2.823032
v -0.000000 0.008787 2.387591
v 0.000000 0.399191 2.960085
v -0.000000 0.043431 2.922617
v 0.000000 1.991213 2.387591
v 0.000000 1.600809 2.960085
v -0.000000 1.956569 2.922617
v -0.617954 0.008787 2.306236
v -0.766126 0.399191 2.859222
v -0.756429 0.043431 2.823032
v -0.617954 1.991213 2.306236
v -0.766126 1.600809 2.859222
v -0.756429 1.956569 2.823031
v -1.193796 0.008787 2.067714
v -1.480042 0.399191 2.563508
v -1.461309 0.043431 2.531060
v -1.193796 1.991213 2.067714
v -1.480042 1.600809 2.563508
v -1.461309 1.956569 2.531060
v -1.688282 0.008787 1.688282
v -2.093096 0.399191 2.093096
v -2.066602 0.043431 2.066602
v -1.688282 1.991213 1.688282
v -2.093096 1.600809 2.093096
v -2.066602 1.956569 2.066602
v -2.067714 0.008787 1.193796
v -2.563508 0.399191 1.480042
v -2.531060 0.043431 1.461309
v -2.067714 1.991213 1.193796
v -2.563508 1.600809 1.480042
v -2.531060 1.956569 1.461309
v -2.306236 0.008787 0.617954
v -2.859222 0.399191 0.766126
v -2.823031 0.043431 0.756429
v -2.306236 1.991213 0.617954
v -2.859222 1.600809 0.766126
v -2.823032 1.956569 0.756429
v -2.387591 0.008787 -0.000000
v -2.960085 0.399191 0.000000
v -2.922617 0.043431 -0.000000
v -2.387591 1.991213 0.000000
v -2.960085 1.600809 0.000000
v -2.922617 1.956569 -0.000000
v -2.306236 0.008787 -0.617954
v -2.859222 0.399191 -0.766126
v -2.823032 0.043431 -0.756429
v -2.306236 1.991213 -0.617954
v -2.859222 1.600809 -0.766126
v -2.823031 1.956569 -0.756429
v -2.067714 0.008787 -1.193796
v -2.563508 0.399191 -1.480042
v -2.531060 0.043431 -1.461309
v -2.067714 1.991213 -1.193796
v -2.563508 1.600809 -1.480042
v -2.531060 1.956569 -1.461309
v -1.688282 0.008787 -1.688282
v -2.093096 0.399191 -2.093096
v -2.066602 0.043431 -2.066602
v -1.688282 1.991213 -1.688282
v -2.093096 1.600809 -2.093096
v -2.066602 1.956569 -2.066602
v -1.193796 0.008787 -2.067714
v -1.480042 0.399191 -2.563508
v -1.461309 0.043431 -2.531060
v -1.193796 1.991213 -2.067714
v -1.480042 1.600809 -2.563508
v -1.461309 1.956569 -2.531060
v -0.617954 0.008787 -2.306236
v -0.766126 0.399191 -2.859222
v -0.756429 0.043431 -2.823031
v -0.617954 1.991213 -2.306236
v -0.766126 1.600809 -2.859222
v -0.756429 1.956569 -2.823032
v -0.000000 0.113508 -2.946639
v 0.386364 0.399191 -2.934724
v 0.762646 0.113508 -2.846235
v 0.381473 0.043431 -2.897578
v 0.000000 0.019721 -2.814463
v 0.728437 0.019721 -2.718562
v 0.275906 0.006861 -2.095715
v 0.762646 1.886492 -2.846235
v 0.386364 1.600809 -2.934724
v -0.000000 1.886492 -2.946639
v 0.381473 1.956568 -2.897578
v 0.728437 1.980279 -2.718562
v -0.000000 1.980279 -2.814463
v 0.275906 1.993139 -2.095715
v 1.132761 0.399191 -2.734727
v 1.473320 0.113508 -2.551864
v 1.118423 0.043431 -2.700113
v 1.407232 0.019721 -2.437397
v 0.808916 0.006861 -1.952895
v 1.473320 1.886492 -2.551865
v 1.132761 1.600809 -2.734727
v 1.118423 1.956568 -2.700113
v 1.407231 1.980279 -2.437396
v 0.808916 1.993139 -1.952895
v 1.801963 0.399191 -2.348364
v 2.083589 0.113508 -2.083588
v 1.779155 0.043431 -2.318639
v 1.990126 0.019721 -1.990126
v 1.286799 0.006861 -1.676989
v 2.083589 1.886492 -2.083589
v 1.801963 1.600809 -2.348364
v 1.779155 1.956568 -2.318639
v 1.990126 1.980279 -1.990126
v 1.286799 1.993139 -1.676989
v 2.348364 0.399191 -1.801963
v 2.551864 0.113508 -1.473320
v 2.318639 0.043431 -1.779155
v 2.437396 0.019721 -1.407231
v 1.676989 0.006861 -1.286799
v 2.551864 1.886492 -1.473320
v 2.348364 1.600809 -1.801963
v 2.318639 1.956568 -1.779155
v 2.437396 1.980279 -1.407231
v 1.676989 1.993139 -1.286799
v 2.734728 0.399191 -1.132761
v 2.846235 0.113508 -0.762646
v 2.700113 0.043431 -1.118423
v 2.718562 0.019721 -0.728437
v 1.952895 0.006861 -0.808916
v 2.846235 1.886492 -0.762646
v 2.734727 1.600809 -1.132761
v 2.700113 1.956568 -1.118423
v 2.718563 1.980279 -0.728437
v 1.952895 1.993139 -0.808916
v 2.934724 0.399191 -0.386364
v 2.946639 0.113508 0.000000
v 2.897578 0.043431 -0.381473
v 2.814463 0.019721 0.000000
v 2.095715 0.006861 -0.275906
v 2.946639 1.886492 0.000000
v 2.934724 1.600809 -0.386364
v 2.897578 1.956568 -0.381473
v 2.814463 1.980279 -0.000000
v 2.095715 1.993139 -0.275906
v 2.934724 0.399191 0.386364
v 2.846235 0.113508 0.762646
v 2.897578 0.043431 0.381473
v 2.718562 0.019721 0.728437
v 2.095715 0.006861 0.275906
v 2.846235 1.886492 0.762646
v 2.934724 1.600809 0.386364
v 2.897578 1.956568 0.381473
v 2.718562 1.980279 0.728437
v 2.095715 1.993139 0.275906
v 2.734727 0.399191 1.132761
v 2.551864 0.113508 1.473320
v 2.700113 0.043431 1.118423
v 2.437397 0.019721 1.407232
v 1.952895 0.006861 0.808916
v 2.551865 1.886492 1.473320
v 2.734727 1.600809 1.132761
v 2.700113 1.956568 1.118423
v 2.437396 1.980279 1.407231
v 1.952895 1.993139 0.808916
v 2.348364 0.399191 1.801963
v 2.083588 0.113508 2.083589
v 2.318639 0.043431 1.779155
v 1.990126 0.019721 1.990126
v 1.676989 0.006861 1.286799
v 2.083589 1.886492 2.083589
v 2.348364 1.600809 1.801963
v 2.318639 1.956568 1.779155
v 1.990126 1.980279 1.990126
v 1.676989 1.993139 1.286799
v 1.801963 0.399191 2.348364
v 1.473320 0.113508 2.551864
v 1.779155 0.043431 2.318639
v 1.407231 0.019721 2.437396
v 1.286799 0.006861 1.676989
v 1.473320 1.886492 2.551864
v 1.801963 1.600809 2.348364
v 1.779155 1.956568 2.318639
v 1.407231 1.980279 2.437396
v 1.286799 1.993139 1.676989
v 1.132761 0.399191 2.734728
v 0.762646 0.113508 2.846235
v 1.118423 0.043431 2.700113
v 0.728437 0.019721 2.718562
v 0.808916 0.006861 1.952895
v 0.762646 1.886492 2.846235
v 1.132761 1.600809 2.734727
v 1.118423 1.956568 2.700113
v 0.728437 1.980279 2.718563
v 0.808916 1.993139 1.952895
v 0.386364 0.399191 2.934724
v -0.000000 0.113508 2.946639
v 0.381473 0.043431 2.897578
v -0.000000 0.019721 2.814463
v 0.275906 0.006861 2.095715
v -0.000000 1.886492 2.946639
v 0.386364 1.600809 2.934724
v 0.381473 1.956568 2.897578
v 0.000000 1.980279 2.814463
v 0.275906 1.993139 2.095715
v -0.386364 0.399191 2.934724
v -0.762646 0.113508 2.846235
v -0.381473 0.043431 2.897578
v -0.728437 0.019721 2.718562
v -0.275906 0.006861 2.095715
v -0.762646 1.886492 2.846235
v -0.386364 1.600809 2.934724
v -0.381473 1.956568 2.897578
v -0.728437 1.980279 2.718562
v -0.275906 1.993139 2.095715
v -1.132761 0.399191 2.734727
v -1.473320 0.113508 2.551864
v -1.118423 0.043431 2.700113
v -1.407232 0.019721 2.437397
v -0.808916 0.006861 1.952895
v -1.473320 1.886492 2.551865
v -1.132761 1.600809 2.734727
v -1.118423 1.956568 2.700113
v -1.407231 1.980279 2.437396
v -0.808916 1.993139 1.952895
v -1.801963 0.399191 2.348364
v -2.083589 0.113508 2.083588
v -1.779155 0.043431 2.318639
v -1.990126 0.019721 1.990126
v -1.286799 0.006861 1.676989
v -2.083589 1.886492 2.083589
v -1.801963 1.600809 2.348364
v -1.779155 1.956568 2.318639
v -1.990126 1.980279 1.990126
v -1.286799 1.993139 1.676989
v -2.348364 0.399191 1.801963
v -2.551864 0.113508 1.473320
v -2.318639 0.043431 1.779155
v -2.437396 0.019721 1.407231
v -1.676989 0.006861 1.286799
v -2.551864 1.886492 1.473320
v -2.348364 1.600809 1.801963
v -2.318639 1.956568 1.779155
v -2.437396 1.980279 1.407231
v -1.676989 1.993139 1.286799
v -2.734728 0.399191 1.132761
v -2.846235 0.113508 0.762646
v -2.700113 0.043431 1.118423
v -2.718562 0.019721 0.728437
v -1.952895 0.006861 0.808916
v -2.846235 1.886492 0.762646
v -2.734727 1.600809 1.132761
v -2.700113 1.956568 1.118423
v -2.718563 1.980279 0.728437
v -1.952895 1.993139 0.808916
v -2.934724 0.399191 0.386364
v -2.946639 0.113508 -0.000000
v -2.897578 0.043431 0.381473
v -2.814463 0.019721 -0.000000
v -2.095715 0.006861 0.275906
v -2.946639 1.886492 -0.000000
v -2.934724 1.600809 0.386364
v -2.897578 1.956568 0.381473
v -2.814463 1.980279 0.000000
v -2.095715 1.993139 0.275906
v -2.934724 0.399191 -0.386364
v -2.846235 0.113508 -0.762646
v -2.897578 0.043431 -0.381473
v -2.718562 0.019721 -0.728437
v -2.095715 0.006861 -0.275906
v -2.846235 1.886492 -0.762646
v -2.934724 1.600809 -0.386364
v -2.897578 1.956568 -0.381473
v -2.718562 1.980279 -0.728437
v -2.095715 1.993139 -0.275906
v -2.734727 0.399191 -1.132761
v -2.551864 0.113508 -1.473320
v -2.700113 0.043431 -1.118423
v -2.437397 0.019721 -1.407232
v -1.952895 0.006861 -0.808916
v -2.551865 1.886492 -1.473320
v -2.734727 1.600809 -1.132761
v -2.700113 1.956568 -1.118423
v -2.437396 1.980279 -1.407231
v -1.952895 1.993139 -0.808916
v -2.348364 0.399191 -1.801963
v -2.083588 0.113508 -2.083589
v -2.318639 0.043431 -1.779155
v -1.990126 0.019721 -1.990126
v -1.676989 0.006861 -1.286799
v -2.083589 1.886492 -2.083589
v -2.348364 1.600809 -1.801963
v -2.318639 1.956568 -1.779155
v -1.990126 1.980279 -1.990126
v -1.676989 1.993139 -1.286799
v -1.801963 0.399191 -2.348364
v -1.473320 0.113508 -2.551864
v -1.779155 0.043431 -2.318639
v -1.407231 0.019721 -2.437396
v -1.286799 0.006861 -1.676989
v -1.473320 1.886492 -2.551864
v -1.801963 1.600809 -2.348364
v -1.779155 1.956568 -2.318639
v -1.407231 1.980279 -2.437396
v -1.286799 1.993139 -1.676989
v -1.132761 0.399191 -2.734728
v -0.762646 0.113508 -2.846235
v -1.118423 0.043431 -2.700113
v -0.728437 0.019721 -2.718562
v -0.808916 0.006861 -1.952895
v -0.762646 1.886492 -2.846235
v -1.132761 1.600809 -2.734727
v -1.118423 1.956568 -2.700113
v -0.728437 1.980279 -2.718563
v -0.808916 1.993139 -1.952895
v -0.386364 0.399191 -2.934724
v -0.381473 0.043431 -2.897578
v -0.275906 0.006861 -2.095715
v -0.386364 1.600809 -2.934724
v -0.381473 1.956568 -2.897578
v -0.275906 1.993139 -2.095715
v 0.000000 1.000000 -2.964466
v 0.767260 1.000000 -2.863454
v -0.767260 1.000000 -2.863454
v 1.482233 1.000000 -2.567302
v 2.096194 1.000000 -2.096194
v 2.567302 1.000000 -1.482233
v 2.863454 1.000000 -0.767260
v 2.964466 1.000000 0.000000
v 2.863454 1.000000 0.767260
v 2.567302 1.000000 1.482233
v 2.096194 1.000000 2.096194
v 1.482233 1.000000 2.567302
v 0.767260 1.000000 2.863454
v -0.000000 1.000000 2.964466
v -0.767260 1.000000 2.863454
v -1.482233 1.000000 2.567302
v -2.096194 1.000000 2.096194
v -2.567302 1.000000 1.482233
v -2.863454 1.000000 0.767260
v -2.964466 1.000000 -0.000000
v -2.863454 1.000000 -0.767260
v -2.567302 1.000000 -1.482233
v -2.096194 1.000000 -2.096194
v -1.482233 1.000000 -2.567302
v 0.384609 0.113508 -2.921394
v 0.364477 0.019531 -2.768474
v 0.384609 1.886492 -2.921394
v 0.364477 1.980469 -2.768475
v 1.127616 0.113508 -2.722306
v 1.068591 0.019531 -2.579808
v 1.127616 1.886492 -2.722306
v 1.068591 1.980469 -2.579808
v 1.793778 0.113508 -2.337697
v 1.699883 0.019531 -2.215331
v 1.793778 1.886492 -2.337697
v 1.699883 1.980469 -2.215331
v 2.337697 0.113508 -1.793778
v 2.215331 0.019531 -1.699883
v 2.337697 1.886492 -1.793778
v 2.215331 1.980469 -1.699883
v 2.722306 0.113508 -1.127616
v 2.579808 0.019531 -1.068591
v 2.722306 1.886492 -1.127616
v 2.579808 1.980469 -1.068591
v 2.921394 0.113508 -0.384609
v 2.768475 0.019531 -0.364477
v 2.921394 1.886492 -0.384609
v 2.768474 1.980469 -0.364477
v 2.921394 0.113508 0.384609
v 2.768474 0.019531 0.364477
v 2.921394 1.886492 0.384609
v 2.768475 1.980469 0.364477
v 2.722306 0.113508 1.127616
v 2.579808 0.019531 1.068591
v 2.722306 1.886492 1.127616
v 2.579808 1.980469 1.068591
v 2.337697 0.113508 1.793778
v 2.215331 0.019531 1.699883
v 2.337697 1.886492 1.793778
v 2.215331 1.980469 1.699883
v 1.793778 0.113508 2.337697
v 1.699883 0.019531 2.215331
v 1.793778 1.886492 2.337697
v 1.699883 1.980469 2.215331
v 1.127616 0.113508 2.722306
v 1.068591 0.019531 2.579808
v 1.127616 1.886492 2.722306
v 1.068591 1.980469 2.579808
v 0.384609 0.113508 2.921394
v 0.364477 0.019531 2.768475
v 0.384609 1.886492 2.921394
v 0.364477 1.980469 2.768474
v -0.384609 0.113508 2.921394
v -0.364477 0.019531 2.768474
v -0.384609 1.886492 2.921394
v -0.364477 1.980469 2.768475
v -1.127616 0.113508 2.722306
v -1.068591 0.019531 2.579808
v -1.127616 1.886492 2.722306
v -1.068591 1.980469 2.579808
v -1.793778 0.113508 2.337697
v -1.699883 0.019531 2.215331
v -1.793778 1.886492 2.337697
v -1.699883 1.980469 2.215331
v -2.337697 0.113508 1.793778
v -2.215331 0.019531 1.699883
v -2.337697 1.886492 1.793778
v -2.215331 1.980469 1.699883
v -2.722306 0.113508 1.127616
v -2.579808 0.019531 1.068591
v -2.722306 1.886492 1.127616
v -2.579808 1.980469 1.068591
v -2.921394 0.113508 0.384609
v -2.768475 0.019531 0.364477
v -2.921394 1.886492 0.384609
v -2.768474 1.980469 0.364477
v -2.921394 0.113508 -0.384609
v -2.768474 0.019531 -0.364477
v -2.921394 1.886492 -0.384609
v -2.768475 1.980469 -0.364477
v -2.722306 0.113508 -1.127616
v -2.579808 0.019531 -1.068591
v -2.722306 1.886492 -1.127616
v -2.579808 1.980469 -1.068591
v -2.337697 0.113508 -1.793778
v -2.215331 0.019531 -1.699883
v -2.337697 1.886492 -1.793778
v -2.215331 1.980469 -1.699883
v -1.793778 0.113508 -2.337697
v -1.699883 0.019531 -2.215331
v -1.793778 1.886492 -2.337697
v -1.699883 1.980469 -2.215331
v -1.127616 0.113508 -2.722306
v -1.068591 0.019531 -2.579808
v -1.127616 1.886492 -2.722306
v -1.068591 1.980469 -2.579808
v -0.384609 0.113508 -2.921394
v -0.364477 0.019531 -2.768475
v -0.384609 1.886492 -2.921394
v -0.364477 1.980469 -2.768474
v 0.000000 0.000876 0.000000
v 0.386936 1.000000 -2.939068
v -0.386936 1.000000 -2.939067
v 0.000000 1.999124 -0.000000
v 1.134438 1.000000 -2.738775
v 1.804630 1.000000 -2.351839
v 2.351840 1.000000 -1.804630
v 2.738775 1.000000 -1.134438
v 2.939068 1.000000 -0.386936
v 2.939068 1.000000 0.386936
v 2.738775 1.000000 1.134438
v 2.351839 1.000000 1.804630
v 1.804630 1.000000 2.351840
v 1.134438 1.000000 2.738775
v 0.386936 1.000000 2.939068
v -0.386936 1.000000 2.939068
v -1.134438 1.000000 2.738775
v -1.804630 1.000000 2.351839
v -2.351840 1.000000 1.804630
v -2.738775 1.000000 1.134438
v -2.939068 1.000000 0.386936
v -2.939068 1.000000 -0.386936
v -2.738775 1.000000 -1.134438
v -2.351839 1.000000 -1.804630
v -1.804630 1.000000 -2.351840
v -1.134438 1.000000 -2.738775
vn 0.0654 -0.0469 -0.9968
vn 0.1948 -0.0469 -0.9797
vn 0.1845 -0.3236 -0.9280
vn 0.0620 -0.3237 -0.9441
vn 0.0184 -0.9805 -0.1954
vn 0.0329 -0.9805 -0.1935
vn -0.0020 -0.9998 -0.0221
vn 0.0077 -0.9998 -0.0208
vn 0.1948 0.0469 -0.9797
vn 0.0654 0.0469 -0.9968
vn 0.0620 0.3237 -0.9441
vn 0.1845 0.3237 -0.9280
vn 0.0329 0.9805 -0.1935
vn 0.0184 0.9805 -0.1954
vn 0.0077 0.9998 -0.0208
vn -0.0020 0.9998 -0.0221
vn 0.3212 -0.0469 -0.9459
vn 0.4417 -0.0469 -0.8959
vn 0.4184 -0.3236 -0.8486
vn 0.3042 -0.3236 -0.8959
vn 0.0683 -0.9805 -0.1840
vn 0.0818 -0.9805 -0.1784
vn 0.0038 -0.9998 -0.0219
vn 0.0128 -0.9998 -0.0181
vn 0.4417 0.0469 -0.8959
vn 0.3212 0.0469 -0.9459
vn 0.3042 0.3236 -0.8959
vn 0.4184 0.3237 -0.8486
vn 0.0818 0.9805 -0.1784
vn 0.0683 0.9805 -0.1840
vn 0.0128 0.9998 -0.0181
vn 0.0038 0.9998 -0.0219
vn 0.5550 -0.0469 -0.8305
vn 0.6585 -0.0469 -0.7511
vn 0.6238 -0.3237 -0.7114
vn 0.5257 -0.3237 -0.7867
vn 0.1136 -0.9805 -0.1601
vn 0.1252 -0.9805 -0.1512
vn 0.0093 -0.9998 -0.0202
vn 0.0171 -0.9998 -0.0142
vn 0.6585 0.0469 -0.7511
vn 0.5550 0.0469 -0.8305
vn 0.5257 0.3237 -0.7867
vn 0.6238 0.3236 -0.7114
vn 0.1252 0.9805 -0.1512
vn 0.1136 0.9805 -0.1601
vn 0.0171 0.9998 -0.0142
vn 0.0093 0.9998 -0.0202
vn 0.7511 -0.0469 -0.6585
vn 0.8305 -0.0469 -0.5550
vn 0.7867 -0.3236 -0.5257
vn 0.7114 -0.3236 -0.6238
vn 0.1512 -0.9805 -0.1252
vn 0.1601 -0.9805 -0.1136
vn 0.0142 -0.9998 -0.0171
vn 0.0202 -0.9998 -0.0093
vn 0.8305 0.0469 -0.5550
vn 0.7511 0.0469 -0.6585
vn 0.7114 0.3237 -0.6238
vn 0.7867 0.3236 -0.5257
vn 0.1601 0.9805 -0.1136
vn 0.1512 0.9805 -0.1252
vn 0.0202 0.9998 -0.0093
vn 0.0142 0.9998 -0.0171
vn 0.8959 -0.0469 -0.4417
vn 0.9459 -0.0469 -0.3212
vn 0.8959 -0.3237 -0.3042
vn 0.8486 -0.3237 -0.4184
vn 0.1784 -0.9805 -0.0818
vn 0.1840 -0.9805 -0.0683
vn 0.0181 -0.9998 -0.0128
vn 0.0219 -0.9998 -0.0038
vn 0.9459 0.0469 -0.3212
vn 0.8959 0.0469 -0.4417
vn 0.8486 0.3236 -0.4184
vn 0.8959 0.3236 -0.3042
vn 0.1840 0.9805 -0.0683
vn 0.1784 0.9805 -0.0818
vn 0.0219 0.9998 -0.0038
vn 0.0181 0.9998 -0.0128
vn 0.9797 -0.0469 -0.1948
vn 0.9968 -0.0469 -0.0654
vn 0.9441 -0.3237 -0.0620
vn 0.9280 -0.3237 -0.1845
vn 0.1935 -0.9805 -0.0329
vn 0.1954 -0.9805 -0.0184
vn 0.0208 -0.9998 -0.0077
vn 0.0221 -0.9998 0.0020
vn 0.9968 0.0469 -0.0654
vn 0.9797 0.0469 -0.1948
vn 0.9280 0.3236 -0.1845
vn 0.9441 0.3237 -0.0620
vn 0.1954 0.9805 -0.0184
vn 0.1935 0.9805 -0.0329
vn 0.0221 0.9998 0.0020
vn 0.0208 0.9998 -0.0077
vn 0.9968 -0.0469 0.0654
vn 0.9797 -0.0469 0.1948
vn 0.9280 -0.3236 0.1845
vn 0.9441 -0.3237 0.0620
vn 0.1954 -0.9805 0.0184
vn 0.1935 -0.9805 0.0329
vn 0.0221 -0.9998 -0.0020
vn 0.0208 -0.9998 0.0077
vn 0.9797 0.0469 0.1948
vn 0.9968 0.0469 0.0654
vn 0.9441 0.3237 0.0620
vn 0.9280 0.3237 0.1845
vn 0.1935 0.9805 0.0329
vn 0.1954 0.9805 0.0184
vn 0.0208 0.9998 0.0077
vn 0.0221 0.9998 -0.0020
vn 0.9459 -0.0469 0.3212
vn 0.8959 -0.0469 0.4417
vn 0.8486 -0.3236 0.4184
vn 0.8959 -0.3236 0.3042
vn 0.1840 -0.9805 0.0683
vn 0.1784 -0.9805 0.0818
vn 0.0219 -0.9998 0.0038
vn 0.0181 -0.9998 0.0128
vn 0.8959 0.0469 0.4417
vn 0.9459 0.0469 0.3212
vn 0.8959 0.3237 0.3042
vn 0.8486 0.3237 0.4184
vn 0.1784 0.9805 0.0818
vn 0.1840 0.9805 0.0683
vn 0.0181 0.9998 0.0128
vn 0.0219 0.9998 0.0038
vn 0.8305 -0.0469 0.5550
vn 0.7511 -0.0469 0.6585
vn 0.7114 -0.3237 0.6238
vn 0.7867 -0.3237 0.5257
vn 0.1601 -0.9805 0.1136
vn 0.1512 -0.9805 0.1252
vn 0.0202 -0.9998 0.0093
vn 0.0142 -0.9998 0.0171
vn 0.7511 0.0469 0.6585
vn 0.8305 0.0469 0.5550
vn 0.7867 0.3237 0.5257
vn 0.7114 0.3236 0.6238
vn 0.1512 0.9805 0.1252
vn 0.1601 0.9805 0.1136
vn 0.0142 0.9998 0.0171
vn 0.0202 0.9998 0.0093
vn 0.6585 -0.0469 0.7511
vn 0.5550 -0.0469 0.8305
vn 0.5257 -0.3236 0.7867
vn 0.6238 -0.3237 0.7114
vn 0.1252 -0.9805 0.1512
vn 0.1136 -0.9805 0.1601
vn 0.0171 -0.9998 0.0142
vn 0.0093 -0.9998 0.0202
vn 0.5550 0.0469 0.8305
vn 0.6585 0.0469 0.7511
vn 0.6238 0.3237 0.7114
vn 0.5257 0.3236 0.7867
vn 0.1136 0.9805 0.1601
vn 0.1252 0.9805 0.1512
vn 0.0093 0.9998 0.0202
vn 0.0171 0.9998 0.0142
vn 0.4417 -0.0469 0.8959
vn 0.3212 -0.0469 0.9459
vn 0.3042 -0.3236 0.8959
vn 0.4184 -0.3236 0.8486
vn 0.0818 -0.9805 0.1784
vn 0.0683 -0.9805 0.1840
vn 0.0128 -0.9998 0.0181
vn 0.0038 -0.9998 0.0219
vn 0.3212 0.0469 0.9459
vn 0.4417 0.0469 0.8959
vn 0.4184 0.3236 0.8486
vn 0.3042 0.3236 0.8959
vn 0.0683 0.9805 0.1840
vn 0.0818 0.9805 0.1784
vn 0.0038 0.9998 0.0219
vn 0.0128 0.9998 0.0181
vn 0.1948 -0.0469 0.9797
vn 0.0654 -0.0469 0.9968
vn 0.0620 -0.3237 0.9441
vn 0.1845 -0.3237 0.9280
vn 0.0329 -0.9805 0.1935
vn 0.0184 -0.9805 0.1954
vn 0.0077 -0.9998 0.0208
vn -0.0020 -0.9998 0.0221
vn 0.0654 0.0469 0.9968
vn 0.1948 0.0469 0.9797
vn 0.1845 0.3236 0.9280
vn 0.0620 0.3237 0.9441
vn 0.0184 0.9805 0.1954
vn 0.0329 0.9805 0.1935
vn -0.0020 0.9998 0.0221
vn 0.0077 0.9998 0.0208
vn -0.0654 -0.0469 0.9968
vn -0.1948 -0.0469 0.9797
vn -0.1845 -0.3236 0.9280
vn -0.0620 -0.3237 0.9441
vn -0.0184 -0.9805 0.1954
vn -0.0329 -0.9805 0.1935
vn 0.0020 -0.9998 0.0221
vn -0.0077 -0.9998 0.0208
vn -0.1948 0.0469 0.9797
vn -0.0654 0.0469 0.9968
vn -0.0620 0.3237 0.9441
vn -0.1845 0.3237 0.9280
vn -0.0329 0.9805 0.1935
vn -0.0184 0.9805 0.1954
vn -0.0077 0.9998 0.0208
vn 0.0020 0.9998 0.0221
vn -0.3212 -0.0469 0.9459
vn -0.4417 -0.0469 0.8959
vn -0.4184 -0.3236 0.8486
vn -0.3042 -0.3236 0.8959
vn -0.0683 -0.9805 0.1840
vn -0.0818 -0.9805 0.1784
vn -0.0038 -0.9998 0.0219
vn -0.0128 -0.9998 0.0181
vn -0.4417 0.0469 0.8959
vn -0.3212 0.0469 0.9459
vn -0.3042 0.3236 0.8959
vn -0.4184 0.3237 0.8486
vn -0.0818 0.9805 0.1784
vn -0.0683 0.9805 0.1840
vn -0.0128 0.9998 0.0181
vn -0.0038 0.9998 0.0219
vn -0.5550 -0.0469 0.8305
vn -0.6585 -0.0469 0.7511
vn -0.6238 -0.3237 0.7114
vn -0.5257 -0.3237 0.7867
vn -0.1136 -0.9805 0.1601
vn -0.1252 -0.9805 0.1512
vn -0.0093 -0.9998 0.0202
vn -0.0171 -0.9998 0.0142
vn -0.6585 0.0469 0.7511
vn -0.5550 0.0469 0.8305
vn -0.5257 0.3237 0.7867
vn -0.6238 0.3236 0.7114
vn -0.1252 0.9805 0.1512
vn -0.1136 0.9805 0.1601
vn -0.0171 0.9998 0.0142
vn -0.0093 0.9998 0.0202
vn -0.7511 -0.0469 0.6585
vn -0.8305 -0.0469 0.5550
vn -0.7867 -0.3236 0.5257
vn -0.7114 -0.3236 0.6238
vn -0.1512 -0.9805 0.1252
vn -0.1601 -0.9805 0.1136
vn -0.0142 -0.9998 0.0171
vn -0.0202 -0.9998 0.0093
vn -0.8305 0.0469 0.5550
vn -0.7511 0.0469 0.6585
vn -0.7114 0.3237 0.6238
vn -0.7867 0.3236 0.5257
vn -0.1601 0.9805 0.1136
vn -0.1512 0.9805 0.1252
vn -0.0202 0.9998 0.0093
vn -0.0142 0.9998 0.0171
vn -0.8959 -0.0469 0.4417
vn -0.9459 -0.0469 0.3212
vn -0.8959 -0.3237 0.3042
vn -0.8486 -0.3237 0.4184
vn -0.1784 -0.9805 0.0818
vn -0.1840 -0.9805 0.0683
vn -0.0181 -0.9998 0.0128
vn -0.0219 -0.9998 0.0038
vn -0.9459 0.0469 0.3212
vn -0.8959 0.0469 0.4417
vn -0.8486 0.3236 0.4184
vn -0.8959 0.3236 0.3042
vn -0.1840 0.9805 0.0683
vn -0.1784 0.9805 0.0818
vn -0.0219 0.9998 0.0038
vn -0.0181 0.9998 0.0128
vn -0.9797 -0.0469 0.1948
vn -0.9968 -0.0469 0.0654
vn -0.9441 -0.3237 0.0620
vn -0.9280 -0.3237 0.1845
vn -0.1935 -0.9805 0.0329
vn -0.1954 -0.9805 0.0184
vn -0.0208 -0.9998 0.0077
vn -0.0221 -0.9998 -0.0020
vn -0.9968 0.0469 0.0654
vn -0.9797 0.0469 0.1948
vn -0.9280 0.3236 0.1845
vn -0.9441 0.3237 0.0620
vn -0.1954 0.9805 0.0184
vn -0.1935 0.9805 0.0329
vn -0.0221 0.9998 -0.0020
vn -0.0208 0.9998 0.0077
vn -0.9968 -0.0469 -0.0654
vn -0.9797 -0.0469 -0.1948
vn -0.9280 -0.3236 -0.1845
vn -0.9441 -0.3237 -0.0620
vn -0.1954 -0.9805 -0.0184
vn -0.1935 -0.9805 -0.0329
vn -0.0221 -0.9998 0.0020
vn -0.0208 -0.9998 -0.0077
vn -0.9797 0.0469 -0.1948
vn -0.9968 0.0469 -0.0654
vn -0.9441 0.3237 -0.0620
vn -0.9280 0.3237 -0.1845
vn -0.1935 0.9805 -0.0329
vn -0.1954 0.9805 -0.0184
vn -0.0208 0.9998 -0.0077
vn -0.0221 0.9998 0.0020
vn -0.9459 -0.0469 -0.3212
vn -0.8959 -0.0469 -0.4417
vn -0.8486 -0.3236 -0.4184
vn -0.8959 -0.3236 -0.3042
vn -0.1840 -0.9805 -0.0683
vn -0.1784 -0.9805 -0.0818
vn -0.0219 -0.9998 -0.0038
vn -0.0181 -0.9998 -0.0128
vn -0.8959 0.0469 -0.4417
vn -0.9459 0.0469 -0.3212
vn -0.8959 0.3237 -0.3042
vn -0.8486 0.3237 -0.4184
vn -0.1784 0.9805 -0.0818
vn -0.1840 0.9805 -0.0683
vn -0.0181 0.9998 -0.0128
vn -0.0219 0.9998 -0.0038
vn -0.8305 -0.0469 -0.5550
vn -0.7511 -0.0469 -0.6585
vn -0.7114 -0.3237 -0.6238
vn -0.7867 -0.3237 -0.5257
vn -0.1601 -0.9805 -0.1136
vn -0.1512 -0.9805 -0.1252
vn -0.0202 -0.9998 -0.0093
vn -0.0142 -0.9998 -0.0171
vn -0.7511 0.0469 -0.6585
vn -0.8305 0.0469 -0.5550
vn -0.7867 0.3237 -0.5257
vn -0.7114 0.3236 -0.6238
vn -0.1512 0.9805 -0.1252
vn -0.1601 0.9805 -0.1136
vn -0.0142 0.9998 -0.0171
vn -0.0202 0.9998 -0.0093
vn -0.6585 -0.0469 -0.7511
vn -0.5550 -0.0469 -0.8305
vn -0.5257 -0.3236 -0.7867
vn -0.6238 -0.3237 -0.7114
vn -0.1252 -0.9805 -0.1512
vn -0.1136 -0.9805 -0.1601
vn -0.0171 -0.9998 -0.0142
vn -0.0093 -0.9998 -0.0202
vn -0.5550 0.0469 -0.8305
vn -0.6585 0.0469 -0.7511
vn -0.6238 0.3237 -0.7114
vn -0.5257 0.3236 -0.7867
vn -0.1136 0.9805 -0.1601
vn -0.1252 0.9805 -0.1512
vn -0.0093 0.9998 -0.0202
vn -0.0171 0.9998 -0.0142
vn -0.4417 -0.0469 -0.8959
vn -0.3212 -0.0469 -0.9459
vn -0.3042 -0.3236 -0.8959
vn -0.4184 -0.3236 -0.8486
vn -0.0818 -0.9805 -0.1784
vn -0.0683 -0.9805 -0.1840
vn -0.0128 -0.9998 -0.0181
vn -0.0038 -0.9998 -0.0219
vn -0.3212 0.0469 -0.9459
vn -0.4417 0.0469 -0.8959
vn -0.4184 0.3236 -0.8486
vn -0.3042 0.3236 -0.8959
vn -0.0683 0.9805 -0.1840
vn -0.0818 0.9805 -0.1784
vn -0.0038 0.9998 -0.0219
vn -0.0128 0.9998 -0.0181
vn -0.1948 -0.0469 -0.9797
vn -0.0654 -0.0469 -0.9968
vn -0.0620 -0.3237 -0.9441
vn -0.1845 -0.3237 -0.9280
vn -0.0329 -0.9805 -0.1935
vn -0.0184 -0.9805 -0.1954
vn -0.0077 -0.9998 -0.0208
vn 0.0020 -0.9998 -0.0221
vn -0.0654 0.0469 -0.9968
vn -0.1948 0.0469 -0.9797
vn -0.1845 0.3236 -0.9280
vn -0.0620 0.3237 -0.9441
vn -0.0184 0.9805 -0.1954
vn -0.0329 0.9805 -0.1935
vn 0.0020 0.9998 -0.0221
vn -0.0077 0.9998 -0.0208
vn -0.0000 -1.0000 -0.0033
vn 0.0009 -1.0000 -0.0032
vn 0.0017 -1.0000 -0.0029
vn 0.0023 -1.0000 -0.0023
vn 0.0029 -1.0000 -0.0017
vn 0.0032 -1.0000 -0.0009
vn 0.0033 -1.0000 -0.0000
vn 0.0032 -1.0000 0.0009
vn 0.0029 -1.0000 0.0017
vn 0.0023 -1.0000 0.0023
vn 0.0017 -1.0000 0.0029
vn 0.0009 -1.0000 0.0032
vn -0.0000 -1.0000 0.0033
vn -0.0009 -1.0000 0.0032
vn -0.0017 -1.0000 0.0029
vn -0.0023 -1.0000 0.0023
vn -0.0029 -1.0000 0.0017
vn -0.0032 -1.0000 0.0009
vn -0.0033 -1.0000 -0.0000
vn -0.0032 -1.0000 -0.0009
vn -0.0029 -1.0000 -0.0017
vn -0.0023 -1.0000 -0.0023
vn -0.0017 -1.0000 -0.0029
vn -0.0009 -1.0000 -0.0032
vn 0.0655 -0.0073 -0.9978
vn 0.0655 0.0073 -0.9978
vn 0.1950 0.0073 -0.9808
vn 0.1950 -0.0073 -0.9808
vn -0.1950 -0.0073 -0.9808
vn -0.1950 0.0073 -0.9808
vn -0.0655 0.0073 -0.9978
vn -0.0655 -0.0073 -0.9978
vn 0.0009 1.0000 -0.0032
vn -0.0000 1.0000 -0.0033
vn -0.0009 1.0000 -0.0032
vn -0.0017 1.0000 -0.0029
vn -0.0023 1.0000 -0.0023
vn -0.0029 1.0000 -0.0017
vn -0.0032 1.0000 -0.0009
vn -0.0033 1.0000 -0.0000
vn -0.0032 1.0000 0.0009
vn -0.0029 1.0000 0.0017
vn -0.0023 1.0000 0.0023
vn -0.0017 1.0000 0.0029
vn -0.0009 1.0000 0.0032
vn -0.0000 1.0000 0.0033
vn 0.0009 1.0000 0.0032
vn 0.0017 1.0000 0.0029
vn 0.0023 1.0000 0.0023
vn 0.0029 1.0000 0.0017
vn 0.0032 1.0000 0.0009
vn 0.0033 1.0000 -0.0000
vn 0.0032 1.0000 -0.0009
vn 0.0029 1.0000 -0.0017
vn 0.0023 1.0000 -0.0023
vn 0.0017 1.0000 -0.0029
vn 0.3215 -0.0073 -0.9469
vn 0.3215 0.0073 -0.9469
vn 0.4422 0.0073 -0.8969
vn 0.4422 -0.0073 -0.8969
vn 0.5556 -0.0073 -0.8314
vn 0.5556 0.0073 -0.8314
vn 0.6593 0.0073 -0.7519
vn 0.6593 -0.0073 -0.7519
vn 0.7519 -0.0073 -0.6593
vn 0.7519 0.0073 -0.6593
vn 0.8314 0.0073 -0.5556
vn 0.8314 -0.0073 -0.5556
vn 0.8969 -0.0073 -0.4422
vn 0.8969 0.0073 -0.4422
vn 0.9469 0.0073 -0.3215
vn 0.9469 -0.0073 -0.3215
vn 0.9808 -0.0073 -0.1950
vn 0.9808 0.0073 -0.1950
vn 0.9978 0.0073 -0.0655
vn 0.9978 -0.0073 -0.0655
vn 0.9978 -0.0073 0.0655
vn 0.9978 0.0073 0.0655
vn 0.9808 0.0073 0.1950
vn 0.9808 -0.0073 0.1950
vn 0.9469 -0.0073 0.3215
vn 0.9469 0.0073 0.3215
vn 0.8969 0.0073 0.4422
vn 0.8969 -0.0073 0.4422
vn 0.8314 -0.0073 0.5556
vn 0.8314 0.0073 0.5556
vn 0.7519 0.0073 0.6593
vn 0.7519 -0.0073 0.6593
vn 0.6593 -0.0073 0.7519
vn 0.6593 0.0073 0.7519
vn 0.5556 0.0073 0.8314
vn 0.5556 -0.0073 0.8314
vn 0.4422 -0.0073 0.8969
vn 0.4422 0.0073 0.8969
vn 0.3215 0.0073 0.9469
vn 0.3215 -0.0073 0.9469
vn 0.1950 -0.0073 0.9808
vn 0.1950 0.0073 0.9808
vn 0.0655 0.0073 0.9978
vn 0.0655 -0.0073 0.9978
vn -0.0655 -0.0073 0.9978
vn -0.0655 0.0073 0.9978
vn -0.1950 0.0073 0.9808
vn -0.1950 -0.0073 0.9808
vn -0.3215 -0.0073 0.9469
vn -0.3215 0.0073 0.9469
vn -0.4422 0.0073 0.8969
vn -0.4422 -0.0073 0.8969
vn -0.5556 -0.0073 0.8314
vn -0.5556 0.0073 0.8314
vn -0.6593 0.0073 0.7519
vn -0.6593 -0.0073 0.7519
vn -0.7519 -0.0073 0.6593
vn -0.7519 0.0073 0.6593
vn -0.8314 0.0073 0.5556
vn -0.8314 -0.0073 0.5556
vn -0.8969 -0.0073 0.4422
vn -0.8969 0.0073 0.4422
vn -0.9469 0.0073 0.3215
vn -0.9469 -0.0073 0.3215
vn -0.9808 -0.0073 0.1950
vn -0.9808 0.0073 0.1950
vn -0.9978 0.0073 0.0655
vn -0.9978 -0.0073 0.0655
vn -0.9978 -0.0073 -0.0655
vn -0.9978 0.0073 -0.0655
vn -0.9808 0.0073 -0.1950
vn -0.9808 -0.0073 -0.1950
vn -0.9469 -0.0073 -0.3215
vn -0.9469 0.0073 -0.3215
vn -0.8969 0.0073 -0.4422
vn -0.8969 -0.0073 -0.4422
vn -0.8314 -0.0073 -0.5556
vn -0.8314 0.0073 -0.5556
vn -0.7519 0.0073 -0.6593
vn -0.7519 -0.0073 -0.6593
vn -0.6593 -0.0073 -0.7519
vn -0.6593 0.0073 -0.7519
vn -0.5556 0.0073 -0.8314
vn -0.5556 -0.0073 -0.8314
vn -0.4422 -0.0073 -0.8969
vn -0.4422 0.0073 -0.8969
vn -0.3215 0.0073 -0.9469
vn -0.3215 -0.0073 -0.9469
s 0
usemtl stone
f 2//1 146//1 409//1 145//1
f 146//2 8//2 147//2 409//2
f 409//3 147//3 9//3 148//3
f 145//4 409//4 148//4 3//4
f 3//5 148//5 410//5 149//5
f 148//6 9//6 150//6 410//6
f 410//7 150//7 7//7 151//7
f 149//8 410//8 151//8 1//8
f 11//9 153//9 411//9 152//9
f 153//10 5//10 154//10 411//10
f 411//11 154//11 6//11 155//11
f 152//12 411//12 155//12 12//12
f 12//13 155//13 412//13 156//13
f 155//14 6//14 157//14 412//14
f 412//15 157//15 4//15 158//15
f 156//16 412//16 158//16 10//16
f 8//17 159//17 413//17 147//17
f 159//18 14//18 160//18 413//18
f 413//19 160//19 15//19 161//19
f 147//20 413//20 161//20 9//20
f 9//21 161//21 414//21 150//21
f 161//22 15//22 162//22 414//22
f 414//23 162//23 13//23 163//23
f 150//24 414//24 163//24 7//24
f 17//25 165//25 415//25 164//25
f 165//26 11//26 152//26 415//26
f 415//27 152//27 12//27 166//27
f 164//28 415//28 166//28 18//28
f 18//29 166//29 416//29 167//29
f 166//30 12//30 156//30 416//30
f 416//31 156//31 10//31 168//31
f 167//32 416//32 168//32 16//32
f 14//33 169//33 417//33 160//33
f 169//34 20//34 170//34 417//34
f 417//35 170//35 21//35 171//35
f 160//36 417//36 171//36 15//36
f 15//37 171//37 418//37 162//37
f 171//38 21//38 172//38 418//38
f 418//39 172//39 19//39 173//39
f 162//40 418//40 173//40 13//40
f 23//41 175//41 419//41 174//41
f 175//42 17//42 164//42 419//42
f 419//43 164//43 18//43 176//43
f 174//44 419//44 176//44 24//44
f 24//45 176//45 420//45 177//45
f 176//46 18//46 167//46 420//46
f 420//47 167//47 16//47 178//47
f 177//48 420//48 178//48 22//48
f 20//49 179//49 421//49 170//49
f 179//50 26//50 180//50 421//50
f 421//51 180//51 27//51 181//51
f 170//52 421//52 181//52 21//52
f 21//53 181//53 422//53 172//53
f 181//54 27//54 182//54 422//54
f 422//55 182//55 25//55 183//55
f 172//56 422//56 183//56 19//56
f 29//57 185//57 423//57 184//57
f 185//58 23//58 174//58 423//58
f 423//59 174//59 24//59 186//59
f 184//60 423//60 186//60 30//60
f 30//61 186//61 424//61 187//61
f 186//62 24//62 177//62 424//62
f 424//63 177//63 22//63 188//63
f 187//64 424//64 188//64 28//64
f 26//65 189//65 425//65 180//65
f 189//66 32//66 190//66 425//66
f 425//67 190//67 33//67 191//67
f 180//68 425//68 191//68 27//68
f 27//69 191//69 426//69 182//69
f 191//70 33//70 192//70 426//70
f 426//71 192//71 31//71 193//71
f 182//72 426//72 193//72 25//72
f 35//73 195//73 427//73 194//73
f 195//74 29//74 184//74 427//74
f 427//75 184//75 30//75 196//75
f 194//76 427//76 196//76 36//76
f 36//77 196//77 428//77 197//77
f 196//78 30//78 187//78 428//78
f 428//79 187//79 28//79 198//79
f 197//80 428//80 198//80 34//80
f 32//81 199//81 429//81 190//81
f 199//82 38//82 200//82 429//82
f 429//83 200//83 39//83 201//83
f 190//84 429//84 201//84 33//84
f 33//85 201//85 430//85 192//85
f 201//86 39//86 202//86 430//86
f 430//87 202//87 37//87 203//87
f 192//88 430//88 203//88 31//88
f 41//89 205//89 431//89 204//89
f 205//90 35//90 194//90 431//90
f 431//91 194//91 36//91 206//91
f 204//92 431//92 206//92 42//92
f 42//93 206//93 432//93 207//93
f 206//94 36//94 197//94 432//94
f 432//95 197//95 34//95 208//95
f 207//96 432//96 208//96 40//96
f 38//97 209//97 433//97 200//97
f 209//98 44//98 210//98 433//98
f 433//99 210//99 45//99 211//99
f 200//100 433//100 211//100 39//100
f 39//101 211//101 434//101 202//101
f 211//102 45//102 212//102 434//102
f 434//103 212//103 43//103 213//103
f 202//104 434//104 213//104 37//104
f 47//105 215//105 435//105 214//105
f 215//106 41//106 204//106 435//106
f 435//107 204//107 42//107 216//107
f 214//108 435//108 216//108 48//108
f 48//109 216//109 436//109 217//109
f 216//110 42//110 207//110 436//110
f 436//111 207//111 40//111 218//111
f 217//112 436//112 218//112 46//112
f 44//113 219//113 437//113 210//113
f 219//114 50//114 220//114 437//114
f 437//115 220//115 51//115 221//115
f 210//116 437//116 221//116 45//116
f 45//117 221//117 438//117 212//117
f 221//118 51//118 222//118 438//118
f 438//119 222//119 49//119 223//119
f 212//120 438//120 223//120 43//120
f 53//121 225//121 439//121 224//121
f 225//122 47//122 214//122 439//122
f 439//123 214//123 48//123 226//123
f 224//124 439//124 226//124 54//124
f 54//125 226//125 440//125 227//125
f 226//126 48//126 217//126 440//126
f 440//127 217//127 46//127 228//127
f 227//128 440//128 228//128 52//128
f 50//129 229//129 441//129 220//129
f 229//130 56//130 230//130 441//130
f 441//131 230//131 57//131 231//131
f 220//132 441//132 231//132 51//132
f 51//133 231//133 442//133 222//133
f 231//134 57//134 232//134 442//134
f 442//135 232//135 55//135 233//135
f 222//136 442//136 233//136 49//136
f 59//137 235//137 443//137 234//137
f 235//138 53//138 224//138 443//138
f 443//139 224//139 54//139 236//139
f 234//140 443//140 236//140 60//140
f 60//141 236//141 444//141 237//141
f 236//142 54//142 227//142 444//142
f 444//143 227//143 52//143 238//143
f 237//144 444//144 238//144 58//144
f 56//145 239//145 445//145 230//145
f 239//146 62//146 240//146 445//146
f 445//147 240//147 63//147 241//147
f 230//148 445//148 241//148 57//148
f 57//149 241//149 446//149 232//149
f 241//150 63//150 242//150 446//150
f 446//151 242//151 61//151 243//151
f 232//152 446//152 243//152 55//152
f 65//153 245//153 447//153 244//153
f 245//154 59//154 234//154 447//154
f 447//155 234//155 60//155 246//155
f 244//156 447//156 246//156 66//156
f 66//157 246//157 448//157 247//157
f 246//158 60//158 237//158 448//158
f 448//159 237//159 58//159 248//159
f 247//160 448//160 248//160 64//160
f 62//161 249//161 449//161 240//161
f 249//162 68//162 250//162 449//162
f 449//163 250//163 69//163 251//163
f 240//164 449//164 251//164 63//164
f 63//165 251//165 450//165 242//165
f 251//166 69//166 252//166 450//166
f 450//167 252//167 67//167 253//167
f 242//168 450//168 253//168 61//168
f 71//169 255//169 451//169 254//169
f 255//170 65//170 244//170 451//170
f 451//171 244//171 66//171 256//171
f 254//172 451//172 256//172 72//172
f 72//173 256//173 452//173 257//173
f 256//174 66//174 247//174 452//174
f 452//175 247//175 64//175 258//175
f 257//176 452//176 258//176 70//176
f 68//177 259//177 453//177 250//177
f 259//178 74//178 260//178 453//178
f 453//179 260//179 75//179 261//179
f 250//180 453//180 261//180 69//180
f 69//181 261//181 454//181 252//181
f 261//182 75//182 262//182 454//182
f 454//183 262//183 73//183 263//183
f 252//184 454//184 263//184 67//184
f 77//185 265//185 455//185 264//185
f 265//186 71//186 254//186 455//186
f 455//187 254//187 72//187 266//187
f 264//188 455//188 266//188 78//188
f 78//189 266//189 456//189 267//189
f 266//190 72//190 257//190 456//190
f 456//191 257//191 70//191 268//191
f 267//192 456//192 268//192 76//192
f 74//193 269//193 457//193 260//193
f 269//194 80//194 270//194 457//194
f 457//195 270//195 81//195 271//195
f 260//196 457//196 271//196 75//196
f 75//197 271//197 458//197 262//197
f 271//198 81//198 272//198 458//198
f 458//199 272//199 79//199 273//199
f 262//200 458//200 273//200 73//200
f 83//201 275//201 459//201 274//201
f 275//202 77//202 264//202 459//202
f 459//203 264//203 78//203 276//203
f 274//204 459//204 276//204 84//204
f 84//205 276//205 460//205 277//205
f 276//206 78//206 267//206 460//206
f 460//207 267//207 76//207 278//207
f 277//208 460//208 278//208 82//208
f 80//209 279//209 461//209 270//209
f 279//210 86//210 280//210 461//210
f 461//211 280//211 87//211 281//211
f 270//212 461//212 281//212 81//212
f 81//213 281//213 462//213 272//213
f 281//214 87//214 282//214 462//214
f 462//215 282//215 85//215 283//215
f 272//216 462//216 283//216 79//216
f 89//217 285//217 463//217 284//217
f 285//218 83//218 274//218 463//218
f 463//219 274//219 84//219 286//219
f 284//220 463//220 286//220 90//220
f 90//221 286//221 464//221 287//221
f 286//222 84//222 277//222 464//222
f 464//223 277//223 82//223 288//223
f 287//224 464//224 288//224 88//224
f 86//225 289//225 465//225 280//225
f 289//226 92//226 290//226 465//226
f 465//227 290//227 93//227 291//227
f 280//228 465//228 291//228 87//228
f 87//229 291//229 466//229 282//229
f 291//230 93//230 292//230 466//230
f 466//231 292//231 91//231 293//231
f 282//232 466//232 293//232 85//232
f 95//233 295//233 467//233 294//233
f 295//234 89//234 284//234 467//234
f 467//235 284//235 90//235 296//235
f 294//236 467//236 296//236 96//236
f 96//237 296//237 468//237 297//237
f 296//238 90//238 287//238 468//238
f 468//239 287//239 88//239 298//239
f 297//240 468//240 298//240 94//240
f 92//241 299//241 469//241 290//241
f 299//242 98//242 300//242 469//242
f 469//243 300//243 99//243 301//243
f 290//244 469//244 301//244 93//244
f 93//245 301//245 470//245 292//245
f 301//246 99//246 302//246 470//246
f 470//247 302//247 97//247 303//247
f 292//248 470//248 303//248 91//248
f 101//249 305//249 471//249 304//249
f 305//250 95//250 294//250 471//250
f 471//251 294//251 96//251 306//251
f 304//252 471//252 306//252 102//252
f 102//253 306//253 472//253 307//253
f 306//254 96//254 297//254 472//254
f 472//255 297//255 94//255 308//255
f 307//256 472//256 308//256 100//256
f 98//257 309//257 473//257 300//257
f 309//258 104//258 310//258 473//258
f 473//259 310//259 105//259 311//259
f 300//260 473//260 311//260 99//260
f 99//261 311//261 474//261 302//261
f 311//262 105//262 312//262 474//262
f 474//263 312//263 103//263 313//263
f 302//264 474//264 313//264 97//264
f 107//265 315//265 475//265 314//265
f 315//266 101//266 304//266 475//266
f 475//267 304//267 102//267 316//267
f 314//268 475//268 316//268 108//268
f 108//269 316//269 476//269 317//269
f 316//270 102//270 307//270 476//270
f 476//271 307//271 100//271 318//271
f 317//272 476//272 318//272 106//272
f 104//273 319//273 477//273 310//273
f 319//274 110//274 320//274 477//274
f 477//275 320//275 111//275 321//275
f 310//276 477//276 321//276 105//276
f 105//277 321//277 478//277 312//277
f 321//278 111//278 322//278 478//278
f 478//279 322//279 109//279 323//279
f 312//280 478//280 323//280 103//280
f 113//281 325//281 479//281 324//281
f 325//282 107//282 314//282 479//282
f 479//283 314//283 108//283 326//283
f 324//284 479//284 326//284 114//284
f 114//285 326//285 480//285 327//285
f 326//286 108//286 317//286 480//286
f 480//287 317//287 106//287 328//287
f 327//288 480//288 328//288 112//288
f 110//289 329//289 481//289 320//289
f 329//290 116//290 330//290 481//290
f 481//291 330//291 117//291 331//291
f 320//292 481//292 331//292 111//292
f 111//293 331//293 482//293 322//293
f 331//294 117//294 332//294 482//294
f 482//295 332//295 115//295 333//295
f 322//296 482//296 333//296 109//296
f 119//297 335//297 483//297 334//297
f 335//298 113//298 324//298 483//298
f 483//299 324//299 114//299 336//299
f 334//300 483//300 336//300 120//300
f 120//301 336//301 484//301 337//301
f 336//302 114//302 327//302 484//302
f 484//303 327//303 112//303 338//303
f 337//304 484//304 338//304 118//304
f 116//305 339//305 485//305 330//305
f 339//306 122//306 340//306 485//306
f 485//307 340//307 123//307 341//307
f 330//308 485//308 341//308 117//308
f 117//309 341//309 486//309 332//309
f 341//310 123//310 342//310 486//310
f 486//311 342//311 121//311 343//311
f 332//312 486//312 343//312 115//312
f 125//313 345//313 487//313 344//313
f 345//314 119//314 334//314 487//314
f 487//315 334//315 120//315 346//315
f 344//316 487//316 346//316 126//316
f 126//317 346//317 488//317 347//317
f 346//318 120//318 337//318 488//318
f 488//319 337//319 118//319 348//319
f 347//320 488//320 348//320 124//320
f 122//321 349//321 489//321 340//321
f 349//322 128//322 350//322 489//322
f 489//323 350//323 129//323 351//323
f 340//324 489//324 351//324 123//324
f 123//325 351//325 490//325 342//325
f 351//326 129//326 352//326 490//326
f 490//327 352//327 127//327 353//327
f 342//328 490//328 353//328 121//328
f 131//329 355//329 491//329 354//329
f 355//330 125//330 344//330 491//330
f 491//331 344//331 126//331 356//331
f 354//332 491//332 356//332 132//332
f 132//333 356//333 492//333 357//333
f 356//334 126//334 347//334 492//334
f 492//335 347//335 124//335 358//335
f 357//336 492//336 358//336 130//336
f 128//337 359//337 493//337 350//337
f 359//338 134//338 360//338 493//338
f 493//339 360//339 135//339 361//339
f 350//340 493//340 361//340 129//340
f 129//341 361//341 494//341 352//341
f 361//342 135//342 362//342 494//342
f 494//343 362//343 133//343 363//343
f 352//344 494//344 363//344 127//344
f 137//345 365//345 495//345 364//345
f 365//346 131//346 354//346 495//346
f 495//347 354//347 132//347 366//347
f 364//348 495//348 366//348 138//348
f 138//349 366//349 496//349 367//349
f 366//350 132//350 357//350 496//350
f 496//351 357//351 130//351 368//351
f 367//352 496//352 368//352 136//352
f 134//353 369//353 497//353 360//353
f 369//354 140//354 370//354 497//354
f 497//355 370//355 141//355 371//355
f 360//356 497//356 371//356 135//356
f 135//357 371//357 498//357 362//357
f 371//358 141//358 372//358 498//358
f 498//359 372//359 139//359 373//359
f 362//360 498//360 373//360 133//360
f 143//361 375//361 499//361 374//361
f 375//362 137//362 364//362 499//362
f 499//363 364//363 138//363 376//363
f 374//364 499//364 376//364 144//364
f 144//365 376//365 500//365 377//365
f 376//366 138//366 367//366 500//366
f 500//367 367//367 136//367 378//367
f 377//368 500//368 378//368 142//368
f 140//369 379//369 501//369 370//369
f 379//370 2//370 145//370 501//370
f 501//371 145//371 3//371 380//371
f 370//372 501//372 380//372 141//372
f 141//373 380//373 502//373 372//373
f 380//374 3//374 149//374 502//374
f 502//375 149//375 1//375 381//375
f 372//376 502//376 381//376 139//376
f 5//377 382//377 503//377 154//377
f 382//378 143//378 374//378 503//378
f 503//379 374//379 144//379 383//379
f 154//380 503//380 383//380 6//380
f 6//381 383//381 504//381 157//381
f 383//382 144//382 377//382 504//382
f 504//383 377//383 142//383 384//383
f 157//384 504//384 384//384 4//384
f 1//385 151//385 505//385 381//385
f 7//386 163//386 505//386 151//386
f 13//387 173//387 505//387 163//387
f 19//388 183//388 505//388 173//388
f 25//389 193//389 505//389 183//389
f 31//390 203//390 505//390 193//390
f 37//391 213//391 505//391 203//391
f 43//392 223//392 505//392 213//392
f 49//393 233//393 505//393 223//393
f 55//394 243//394 505//394 233//394
f 61//395 253//395 505//395 243//395
f 67//396 263//396 505//396 253//396
f 73//397 273//397 505//397 263//397
f 79//398 283//398 505//398 273//398
f 85//399 293//399 505//399 283//399
f 91//400 303//400 505//400 293//400
f 97//401 313//401 505//401 303//401
f 103//402 323//402 505//402 313//402
f 109//403 333//403 505//403 323//403
f 115//404 343//404 505//404 333//404
f 121//405 353//405 505//405 343//405
f 127//406 363//406 505//406 353//406
f 133//407 373//407 505//407 363//407
f 139//408 381//408 505//408 373//408
f 2//409 385//409 506//409 146//409
f 385//410 5//410 153//410 506//410
f 506//411 153//411 11//411 386//411
f 146//412 506//412 386//412 8//412
f 140//413 387//413 507//413 379//413
f 387//414 143//414 382//414 507//414
f 507//415 382//415 5//415 385//415
f 379//416 507//416 385//416 2//416
f 10//417 158//417 508//417 168//417
f 4//418 384//418 508//418 158//418
f 142//419 378//419 508//419 384//419
f 136//420 368//420 508//420 378//420
f 130//421 358//421 508//421 368//421
f 124//422 348//422 508//422 358//422
f 118//423 338//423 508//423 348//423
f 112//424 328//424 508//424 338//424
f 106//425 318//425 508//425 328//425
f 100//426 308//426 508//426 318//426
f 94//427 298//427 508//427 308//427
f 88//428 288//428 508//428 298//428
f 82//429 278//429 508//429 288//429
f 76//430 268//430 508//430 278//430
f 70//431 258//431 508//431 268//431
f 64//432 248//432 508//432 258//432
f 58//433 238//433 508//433 248//433
f 52//434 228//434 508//434 238//434
f 46//435 218//435 508//435 228//435
f 40//436 208//436 508//436 218//436
f 34//437 198//437 508//437 208//437
f 28//438 188//438 508//438 198//438
f 22//439 178//439 508//439 188//439
f 16//440 168//440 508//440 178//440
f 8//441 386//441 509//441 159//441
f 386//442 11//442 165//442 509//442
f 509//443 165//443 17//443 388//443
f 159//444 509//444 388//444 14//444
f 14//445 388//445 510//445 169//445
f 388//446 17//446 175//446 510//446
f 510//447 175//447 23//447 389//447
f 169//448 510//448 389//448 20//448
f 20//449 389//449 511//449 179//449
f 389//450 23//450 185//450 511//450
f 511//451 185//451 29//451 390//451
f 179//452 511//452 390//452 26//452
f 26//453 390//453 512//453 189//453
f 390//454 29//454 195//454 512//454
f 512//455 195//455 35//455 391//455
f 189//456 512//456 391//456 32//456
f 32//457 391//457 513//457 199//457
f 391//458 35//458 205//458 513//458
f 513//459 205//459 41//459 392//459
f 199//460 513//460 392//460 38//460
f 38//461 392//461 514//461 209//461
f 392//462 41//462 215//462 514//462
f 514//463 215//463 47//463 393//463
f 209//464 514//464 393//464 44//464
f 44//465 393//465 515//465 219//465
f 393//466 47//466 225//466 515//466
f 515//467 225//467 53//467 394//467
f 219//468 515//468 394//468 50//468
f 50//469 394//469 516//469 229//469
f 394//470 53//470 235//470 516//470
f 516//471 235//471 59//471 395//471
f 229//472 516//472 395//472 56//472
f 56//473 395//473 517//473 239//473
f 395//474 59//474 245//474 517//474
f 517//475 245//475 65//475 396//475
f 239//476 517//476 396//476 62//476
f 62//477 396//477 518//477 249//477
f 396//478 65//478 255//478 518//478
f 518//479 255//479 71//479 397//479
f 249//480 518//480 397//480 68//480
f 68//481 397//481 519//481 259//481
f 397//482 71//482 265//482 519//482
f 519//483 265//483 77//483 398//483
f 259//484 519//484 398//484 74//484
f 74//485 398//485 520//485 269//485
f 398//486 77//486 275//486 520//486
f 520//487 275//487 83//487 399//487
f 269//488 520//488 399//488 80//488
f 80//489 399//489 521//489 279//489
f 399//490 83//490 285//490 521//490
f 521//491 285//491 89//491 400//491
f 279//492 521//492 400//492 86//492
f 86//493 400//493 522//493 289//493
f 400//494 89//494 295//494 522//494
f 522//495 295//495 95//495 401//495
f 289//496 522//496 401//496 92//496
f 92//497 401//497 523//497 299//497
f 401//498 95//498 305//498 523//498
f 523//499 305//499 101//499 402//499
f 299//500 523//500 402//500 98//500
f 98//501 402//501 524//501 309//501
f 402//502 101//502 315//502 524//502
f 524//503 315//503 107//503 403//503
f 309//504 524//504 403//504 104//504
f 104//505 403//505 525//505 319//505
f 403//506 107//506 325//506 525//506
f 525//507 325//507 113//507 404//507
f 319//508 525//508 404//508 110//508
f 110//509 404//509 526//509 329//509
f 404//510 113//510 335//510 526//510
f 526//511 335//511 119//511 405//511
f 329//512 526//512 405//512 116//512
f 116//513 405//513 527//513 339//513
f 405//514 119//514 345//514 527//514
f 527//515 345//515 125//515 406//515
f 339//516 527//516 406//516 122//516
f 122//517 406//517 528//517 349//517
f 406//518 125//518 355//518 528//518
f 528//519 355//519 131//519 407//519
f 349//520 528//520 407//520 128//520
f 128//521 407//521 529//521 359//521
f 407//522 131//522 365//522 529//522
f 529//523 365//523 137//523 408//523
f 359//524 529//524 408//524 134//524
f 134//525 408//525 530//525 369//525
f 408//526 137//526 375//526 530//526
f 530//527 375//527 143//527 387//527
f 369//528 530//528 387//528 140//528
o tower
v 2.301312 3.341650 0.000000
v 2.257093 3.341650 -0.448964
v 2.126135 3.341650 -0.880674
v 1.913471 3.341650 -1.278541
v 1.627273 3.341650 -1.627273
v 1.278541 3.341650 -1.913471
v 0.880674 3.341650 -2.126135
v 0.448964 3.341650 -2.257093
v 0.000000 3.341650 -2.301312
v -0.448964 3.341650 -2.257093
v -0.880674 3.341650 -2.126135
v -1.278541 3.341650 -1.913471
v -1.627273 3.341650 -1.627273
v -1.913471 3.341650 -1.278541
v -2.126135 3.341650 -0.880674
v -2.257093 3.341650 -0.448964
v -2.301312 3.341650 0.000000
v -2.257093 3.341650 0.448964
v -2.126135 3.341650 0.880674
v -1.913471 3.341650 1.278541
v -1.627273 3.341650 1.627273
v -1.278541 3.341650 1.913471
v -0.880674 3.341650 2.126135
v -0.448964 3.341650 2.257093
v 0.000000 3.341650 2.301312
v 0.448964 3.341650 2.257093
v 0.880674 3.341650 2.126135
v 1.278541 3.341650 1.913471
v 1.627273 3.341650 1.627273
v 1.913471 3.341650 1.278541
v 2.126135 3.341650 0.880674
v 2.257093 3.341650 0.448964
v 2.219029 4.666667 0.000000
v 2.176391 4.666667 -0.432911
v 2.050116 4.666667 -0.849186
v 1.845055 4.666667 -1.232826
v 1.569091 4.666667 -1.569090
v 1.232827 4.666667 -1.845055
v 0.849186 4.666667 -2.050116
v 0.432911 4.666667 -2.176391
v 0.000000 4.666667 -2.219029
v -0.432911 4.666667 -2.176391
v -0.849186 4.666667 -2.050116
v -1.232826 4.666667 -1.845055
v -1.569090 4.666667 -1.569091
v -1.845055 4.666667 -1.232827
v -2.050116 4.666667 -0.849186
v -2.176391 4.666667 -0.432911
v -2.219029 4.666667 0.000000
v -2.176391 4.666667 0.432911
v -2.050116 4.666667 0.849186
v -1.845055 4.666667 1.232826
v -1.569091 4.666667 1.569090
v -1.232827 4.666667 1.845055
v -0.849186 4.666667 2.050116
v -0.432911 4.666667 2.176391
v 0.000000 4.666667 2.219029
v 0.432911 4.666667 2.176391
v 0.849186 4.666667 2.050116
v 1.232826 4.666667 1.845055
v 1.569090 4.666667 1.569091
v 1.845055 4.666667 1.232827
v 2.050116 4.666667 0.849186
v 2.176391 4.666667 0.432911
v 2.136230 6.000001 0.000000
v 2.095183 6.000001 -0.416758
v 1.973619 6.000001 -0.817500
v 1.776210 6.000001 -1.186826
v 1.510542 6.000001 -1.510543
v 1.186826 6.000001 -1.776210
v 0.817500 6.000001 -1.973619
v 0.416758 6.000001 -2.095183
v 0.000000 6.000001 -2.136230
v -0.416758 6.000001 -2.095183
v -0.817500 6.000001 -1.973619
v -1.186826 6.000001 -1.776210
v -1.510543 6.000001 -1.510542
v -1.776210 6.000001 -1.186826
v -1.973619 6.000001 -0.817500
v -2.095183 6.000001 -0.416758
v -2.136230 6.000001 0.000000
v -2.095183 6.000001 0.416758
v -1.973619 6.000001 0.817500
v -1.776210 6.000001 1.186826
v -1.510542 6.000001 1.510543
v -1.186826 6.000001 1.776210
v -0.817500 6.000001 1.973619
v -0.416758 6.000001 2.095183
v 0.000000 6.000001 2.136230
v 0.416758 6.000001 2.095183
v 0.817500 6.000001 1.973619
v 1.186826 6.000001 1.776210
v 1.510543 6.000001 1.510542
v 1.776210 6.000001 1.186826
v 1.973619 6.000001 0.817500
v 2.095183 6.000001 0.416758
v 2.053430 7.333334 0.000000
v 2.013974 7.333334 -0.400604
v 1.897122 7.333334 -0.785814
v 1.707365 7.333334 -1.140825
v 1.451994 7.333334 -1.451994
v 1.140825 7.333334 -1.707365
v 0.785814 7.333334 -1.897122
v 0.400604 7.333334 -2.013974
v 0.000000 7.333334 -2.053430
v -0.400604 7.333334 -2.013974
v -0.785814 7.333334 -1.897122
v -1.140825 7.333334 -1.707365
v -1.451994 7.333334 -1.451994
v -1.707365 7.333334 -1.140825
v -1.897122 7.333334 -0.785814
v -2.013974 7.333334 -0.400604
v -2.053430 7.333334 0.000000
v -2.013974 7.333334 0.400604
v -1.897122 7.333334 0.785814
v -1.707365 7.333334 1.140825
v -1.451994 7.333334 1.451994
v -1.140825 7.333334 1.707365
v -0.785814 7.333334 1.897122
v -0.400604 7.333334 2.013974
v 0.000000 7.333334 2.053430
v 0.400604 7.333334 2.013974
v 0.785814 7.333334 1.897122
v 1.140825 7.333334 1.707365
v 1.451994 7.333334 1.451994
v 1.707365 7.333334 1.140825
v 1.897122 7.333334 0.785814
v 2.013974 7.333334 0.400604
v 1.970630 8.666667 0.000000
v 1.932765 8.666667 -0.384451
v 1.820625 8.666667 -0.754128
v 1.638519 8.666667 -1.094824
v 1.393446 8.666667 -1.393446
v 1.094824 8.666667 -1.638519
v 0.754128 8.666667 -1.820625
v 0.384451 8.666667 -1.932765
v 0.000000 8.666667 -1.970630
v -0.384451 8.666667 -1.932765
v -0.754128 8.666667 -1.820625
v -1.094824 8.666667 -1.638519
v -1.393446 8.666667 -1.393446
v -1.638519 8.666667 -1.094824
v -1.820625 8.666667 -0.754128
v -1.932765 8.666667 -0.384451
v -1.970630 8.666667 0.000000
v -1.932765 8.666667 0.384451
v -1.820625 8.666667 0.754128
v -1.638519 8.666667 1.094824
v -1.393446 8.666667 1.393446
v -1.094824 8.666667 1.638519
v -0.754128 8.666667 1.820625
v -0.384451 8.666667 1.932765
v 0.000000 8.666667 1.970630
v 0.384451 8.666667 1.932765
v 0.754128 8.666667 1.820625
v 1.094824 8.666667 1.638519
v 1.393446 8.666667 1.393446
v 1.638519 8.666667 1.094824
v 1.820625 8.666667 0.754128
v 1.932765 8.666667 0.384451
v 1.887831 10.000000 0.000000
v 1.851557 10.000000 -0.368298
v 1.744128 10.000000 -0.722442
v 1.569674 10.000000 -1.048823
v 1.334898 10.000000 -1.334898
v 1.048823 10.000000 -1.569674
v 0.722442 10.000000 -1.744128
v 0.368298 10.000000 -1.851557
v 0.000000 10.000000 -1.887831
v -0.368298 10.000000 -1.851557
v -0.722442 10.000000 -1.744128
v -1.048823 10.000000 -1.569674
v -1.334898 10.000000 -1.334898
v -1.569674 10.000000 -1.048823
v -1.744128 10.000000 -0.722442
v -1.851557 10.000000 -0.368298
v -1.887831 10.000000 0.000000
v -1.851557 10.000000 0.368298
v -1.744128 10.000000 0.722442
v -1.569674 10.000000 1.048823
v -1.334898 10.000000 1.334898
v -1.048823 10.000000 1.569674
v -0.722442 10.000000 1.744128
v -0.368298 10.000000 1.851557
v 0.000000 10.000000 1.887831
v 0.368298 10.000000 1.851557
v 0.722442 10.000000 1.744128
v 1.048823 10.000000 1.569674
v 1.334898 10.000000 1.334898
v 1.569674 10.000000 1.048823
v 1.744128 10.000000 0.722442
v 1.851557 10.000000 0.368298
v 1.805031 11.333334 0.000000
v 1.770348 11.333334 -0.352144
v 1.667631 11.333334 -0.690756
v 1.500829 11.333334 -1.002822
v 1.276350 11.333334 -1.276350
v 1.002822 11.333334 -1.500829
v 0.690756 11.333334 -1.667631
v 0.352144 11.333334 -1.770348
v 0.000000 11.333334 -1.805031
v -0.352144 11.333334 -1.770348
v -0.690756 11.333334 -1.667631
v -1.002822 11.333334 -1.500829
v -1.276350 11.333334 -1.276350
v -1.500829 11.333334 -1.002822
v -1.667631 11.333334 -0.690756
v -1.770348 11.333334 -0.352144
v -1.805031 11.333334 0.000000
v -1.770348 11.333334 0.352144
v -1.667631 11.333334 0.690756
v -1.500829 11.333334 1.002822
v -1.276350 11.333334 1.276350
v -1.002822 11.333334 1.500829
v -0.690756 11.333334 1.667631
v -0.352144 11.333334 1.770348
v 0.000000 11.333334 1.805031
v 0.352144 11.333334 1.770348
v 0.690756 11.333334 1.667631
v 1.002822 11.333334 1.500829
v 1.276350 11.333334 1.276350
v 1.500829 11.333334 1.002822
v 1.667631 11.333334 0.690756
v 1.770348 11.333334 0.352144
v 1.722232 12.666668 0.000000
v 1.689139 12.666668 -0.335991
v 1.591135 12.666668 -0.659070
v 1.431983 12.666668 -0.956821
v 1.217802 12.666668 -1.217802
v 0.956821 12.666668 -1.431983
v 0.659070 12.666668 -1.591135
v 0.335991 12.666668 -1.689139
v 0.000000 12.666668 -1.722232
v -0.335991 12.666668 -1.689139
v -0.659070 12.666668 -1.591135
v -0.956821 12.666668 -1.431983
v -1.217802 12.666668 -1.217802
v -1.431983 12.666668 -0.956821
v -1.591135 12.666668 -0.659070
v -1.689139 12.666668 -0.335991
v -1.722232 12.666668 0.000000
v -1.689139 12.666668 0.335991
v -1.591135 12.666668 0.659070
v -1.431983 12.666668 0.956821
v -1.217802 12.666668 1.217802
v -0.956821 12.666668 1.431983
v -0.659070 12.666668 1.591135
v -0.335991 12.666668 1.689139
v 0.000000 12.666668 1.722232
v 0.335991 12.666668 1.689139
v 0.659070 12.666668 1.591135
v 0.956821 12.666668 1.431983
v 1.217802 12.666668 1.217802
v 1.431983 12.666668 0.956821
v 1.591135 12.666668 0.659070
v 1.689139 12.666668 0.335991
v 1.639432 14.000001 0.000000
v 1.607931 14.000001 -0.319837
v 1.514638 14.000001 -0.627383
v 1.363138 14.000001 -0.910820
v 1.159253 14.000001 -1.159254
v 0.910820 14.000001 -1.363138
v 0.627383 14.000001 -1.514638
v 0.319837 14.000001 -1.607931
v 0.000000 14.000001 -1.639432
v -0.319837 14.000001 -1.607931
v -0.627383 14.000001 -1.514638
v -0.910820 14.000001 -1.363138
v -1.159254 14.000001 -1.159253
v -1.363138 14.000001 -0.910820
v -1.514638 14.000001 -0.627383
v -1.607931 14.000001 -0.319837
v -1.639432 14.000001 0.000000
v -1.607931 14.000001 0.319837
v -1.514638 14.000001 0.627383
v -1.363138 14.000001 0.910820
v -1.159253 14.000001 1.159254
v -0.910820 14.000001 1.363138
v -0.627383 14.000001 1.514638
v -0.319837 14.000001 1.607931
v 0.000000 14.000001 1.639432
v 0.319837 14.000001 1.607931
v 0.627383 14.000001 1.514638
v 0.910820 14.000001 1.363138
v 1.159254 14.000001 1.159253
v 1.363138 14.000001 0.910820
v 1.514638 14.000001 0.627383
v 1.607931 14.000001 0.319837
v 1.556632 15.333334 0.000000
v 1.526722 15.333334 -0.303684
v 1.438141 15.333334 -0.595697
v 1.294292 15.333334 -0.864819
v 1.100705 15.333334 -1.100706
v 0.864819 15.333334 -1.294292
v 0.595697 15.333334 -1.438141
v 0.303684 15.333334 -1.526722
v 0.000000 15.333334 -1.556632
v -0.303684 15.333334 -1.526722
v -0.595697 15.333334 -1.438141
v -0.864819 15.333334 -1.294292
v -1.100706 15.333334 -1.100705
v -1.294292 15.333334 -0.864819
v -1.438141 15.333334 -0.595697
v -1.526722 15.333334 -0.303684
v -1.556632 15.333334 0.000000
v -1.526722 15.333334 0.303684
v -1.438141 15.333334 0.595697
v -1.294292 15.333334 0.864819
v -1.100705 15.333334 1.100706
v -0.864819 15.333334 1.294292
v -0.595697 15.333334 1.438141
v -0.303684 15.333334 1.526722
v 0.000000 15.333334 1.556632
v 0.303684 15.333334 1.526722
v 0.595697 15.333334 1.438141
v 0.864819 15.333334 1.294292
v 1.100706 15.333334 1.100705
v 1.294292 15.333334 0.864819
v 1.438141 15.333334 0.595697
v 1.526722 15.333334 0.303684
v 1.474349 16.658350 0.000000
v 1.446020 16.658350 -0.287631
v 1.362121 16.658350 -0.564209
v 1.225877 16.658350 -0.819105
v 1.042522 16.658350 -1.042522
v 0.819105 16.658350 -1.225877
v 0.564209 16.658350 -1.362121
v 0.287631 16.658350 -1.446020
v 0.000000 16.658350 -1.474349
v -0.287631 16.658350 -1.446020
v -0.564209 16.658350 -1.362121
v -0.819105 16.658350 -1.225877
v -1.042522 16.658350 -1.042522
v -1.225877 16.658350 -0.819105
v -1.362121 16.658350 -0.564209
v -1.446020 16.658350 -0.287631
v -1.474349 16.658350 0.000000
v -1.446020 16.658350 0.287631
v -1.362121 16.658350 0.564209
v -1.225877 16.658350 0.819105
v -1.042522 16.658350 1.042522
v -0.819105 16.658350 1.225877
v -0.564209 16.658350 1.362121
v -0.287631 16.658350 1.446020
v 0.000000 16.658350 1.474349
v 0.287631 16.658350 1.446020
v 0.564209 16.658350 1.362121
v 0.819105 16.658350 1.225877
v 1.042522 16.658350 1.042522
v 1.225877 16.658350 0.819105
v 1.362121 16.658350 0.564209
v 1.446020 16.658350 0.287631
v -0.000000 1.999998 0.000000
v -0.000000 17.999990 -0.000000
v 2.366174 2.257927 0.000000
v 2.037514 2.002436 0.000000
v 2.365439 2.018062 0.000000
v 1.998364 2.002436 -0.397499
v 2.320709 2.257927 -0.461618
v 2.319988 2.018062 -0.461474
v 1.882417 2.002436 -0.779723
v 2.186060 2.257927 -0.905496
v 2.185381 2.018062 -0.905214
v 1.694131 2.002436 -1.131982
v 1.967402 2.257927 -1.314576
v 1.966791 2.018062 -1.314167
v 1.440740 2.002436 -1.440740
v 1.673138 2.257927 -1.673138
v 1.672618 2.018062 -1.672618
v 1.131982 2.002436 -1.694131
v 1.314576 2.257927 -1.967402
v 1.314167 2.018062 -1.966791
v 0.779723 2.002436 -1.882417
v 0.905496 2.257927 -2.186060
v 0.905214 2.018062 -2.185381
v 0.397499 2.002436 -1.998364
v 0.461618 2.257927 -2.320709
v 0.461474 2.018062 -2.319988
v 0.000000 2.002436 -2.037514
v 0.000000 2.257927 -2.366174
v 0.000000 2.018062 -2.365439
v -0.397499 2.002436 -1.998364
v -0.461618 2.257927 -2.320709
v -0.461474 2.018062 -2.319988
v -0.779723 2.002436 -1.882417
v -0.905496 2.257927 -2.186060
v -0.905214 2.018062 -2.185381
v -1.131982 2.002436 -1.694131
v -1.314576 2.257927 -1.967402
v -1.314167 2.018062 -1.966791
v -1.440740 2.002436 -1.440740
v -1.673138 2.257927 -1.673138
v -1.672618 2.018062 -1.672618
v -1.694131 2.002436 -1.131982
v -1.967402 2.257927 -1.314576
v -1.966791 2.018062 -1.314167
v -1.882417 2.002436 -0.779723
v -2.186060 2.257927 -0.905496
v -2.185381 2.018062 -0.905214
v -1.998364 2.002436 -0.397499
v -2.320709 2.257927 -0.461618
v -2.319988 2.018062 -0.461474
v -2.037514 2.002436 0.000000
v -2.366174 2.257927 0.000000
v -2.365439 2.018062 0.000000
v -1.998364 2.002436 0.397499
v -2.320709 2.257927 0.461618
v -2.319988 2.018062 0.461474
v -1.882417 2.002436 0.779723
v -2.186060 2.257927 0.905496
v -2.185381 2.018062 0.905214
v -1.694131 2.002436 1.131982
v -1.967402 2.257927 1.314576
v -1.966791 2.018062 1.314167
v -1.440740 2.002436 1.440740
v -1.673138 2.257927 1.673138
v -1.672618 2.018062 1.672618
v -1.131982 2.002436 1.694131
v -1.314576 2.257927 1.967402
v -1.314167 2.018062 1.966791
v -0.779723 2.002436 1.882417
v -0.905496 2.257927 2.186060
v -0.905214 2.018062 2.185381
v -0.397499 2.002436 1.998364
v -0.461618 2.257927 2.320709
v -0.461474 2.018062 2.319988
v 0.000000 2.002436 2.037514
v 0.000000 2.257927 2.366174
v 0.000000 2.018062 2.365439
v 0.397499 2.002436 1.998364
v 0.461618 2.257927 2.320709
v 0.461474 2.018062 2.319988
v 0.779723 2.002436 1.882417
v 0.905496 2.257927 2.186060
v 0.905214 2.018062 2.185381
v 1.131982 2.002436 1.694131
v 1.314576 2.257927 1.967402
v 1.314167 2.018062 1.966791
v 1.440740 2.002436 1.440740
v 1.673138 2.257927 1.673138
v 1.672618 2.018062 1.672618
v 1.694131 2.002436 1.131982
v 1.967402 2.257927 1.314576
v 1.966791 2.018062 1.314167
v 1.882417 2.002436 0.779723
v 2.186060 2.257927 0.905496
v 2.185381 2.018062 0.905214
v 1.998364 2.002436 0.397499
v 2.320709 2.257927 0.461618
v 2.319988 2.018062 0.461474
v 1.173139 17.997566 0.000000
v 1.404614 17.742073 0.000000
v 1.374087 17.981939 0.000000
v 1.377624 17.742073 -0.274027
v 1.150598 17.997566 -0.228868
v 1.347684 17.981939 -0.268071
v 1.297694 17.742073 -0.537522
v 1.083840 17.997566 -0.448941
v 1.269491 17.981939 -0.525840
v 1.167894 17.742073 -0.780361
v 0.975430 17.997566 -0.651761
v 1.142512 17.981939 -0.763402
v 0.993212 17.742073 -0.993212
v 0.829535 17.997566 -0.829535
v 0.971626 17.981939 -0.971627
v 0.780361 17.742073 -1.167893
v 0.651761 17.997566 -0.975430
v 0.763402 17.981939 -1.142512
v 0.537522 17.742073 -1.297694
v 0.448941 17.997566 -1.083840
v 0.525840 17.981939 -1.269491
v 0.274027 17.742073 -1.377624
v 0.228868 17.997566 -1.150598
v 0.268071 17.981939 -1.347684
v 0.000000 17.742073 -1.404614
v 0.000000 17.997566 -1.173139
v 0.000000 17.981939 -1.374087
v -0.274027 17.742073 -1.377624
v -0.228868 17.997566 -1.150598
v -0.268071 17.981939 -1.347684
v -0.537522 17.742073 -1.297694
v -0.448941 17.997566 -1.083840
v -0.525840 17.981939 -1.269491
v -0.780361 17.742073 -1.167894
v -0.651761 17.997566 -0.975430
v -0.763402 17.981939 -1.142512
v -0.993212 17.742073 -0.993212
v -0.829535 17.997566 -0.829535
v -0.971627 17.981939 -0.971626
v -1.167893 17.742073 -0.780361
v -0.975430 17.997566 -0.651761
v -1.142512 17.981939 -0.763402
v -1.297694 17.742073 -0.537522
v -1.083840 17.997566 -0.448941
v -1.269491 17.981939 -0.525840
v -1.377624 17.742073 -0.274027
v -1.150598 17.997566 -0.228868
v -1.347684 17.981939 -0.268071
v -1.404614 17.742073 0.000000
v -1.173139 17.997566 0.000000
v -1.374087 17.981939 0.000000
v -1.377624 17.742073 0.274027
v -1.150598 17.997566 0.228868
v -1.347684 17.981939 0.268071
v -1.297694 17.742073 0.537522
v -1.083840 17.997566 0.448941
v -1.269491 17.981939 0.525840
v -1.167894 17.742073 0.780361
v -0.975430 17.997566 0.651761
v -1.142512 17.981939 0.763402
v -0.993212 17.742073 0.993212
v -0.829535 17.997566 0.829535
v -0.971626 17.981939 0.971627
v -0.780361 17.742073 1.167893
v -0.651761 17.997566 0.975430
v -0.763402 17.981939 1.142512
v -0.537522 17.742073 1.297694
v -0.448941 17.997566 1.083840
v -0.525840 17.981939 1.269491
v -0.274027 17.742073 1.377624
v -0.228868 17.997566 1.150598
v -0.268071 17.981939 1.347684
v 0.000000 17.742073 1.404614
v 0.000000 17.997566 1.173139
v 0.000000 17.981939 1.374087
v 0.274027 17.742073 1.377624
v 0.228868 17.997566 1.150598
v 0.268071 17.981939 1.347684
v 0.537522 17.742073 1.297694
v 0.448941 17.997566 1.083840
v 0.525840 17.981939 1.269491
v 0.780361 17.742073 1.167894
v 0.651761 17.997566 0.975430
v 0.763402 17.981939 1.142512
v 0.993212 17.742073 0.993212
v 0.829535 17.997566 0.829535
v 0.971627 17.981939 0.971626
v 1.167893 17.742073 0.780361
v 0.975430 17.997566 0.651761
v 1.142512 17.981939 0.763402
v 1.297694 17.742073 0.537522
v 1.083840 17.997566 0.448941
v 1.269491 17.981939 0.525840
v 1.377624 17.742073 0.274027
v 1.150598 17.997566 0.228868
v 1.347684 17.981939 0.268071
v 2.290222 3.341651 -0.225567
v 2.202210 3.341651 -0.668033
v 2.029568 3.341651 -1.084827
v 1.778931 3.341651 -1.459931
v 1.459932 3.341651 -1.778931
v 1.084827 3.341651 -2.029568
v 0.668033 3.341651 -2.202210
v 0.225567 3.341651 -2.290222
v -0.225567 3.341651 -2.290222
v -0.668033 3.341651 -2.202210
v -1.084827 3.341651 -2.029568
v -1.459931 3.341651 -1.778931
v -1.778931 3.341651 -1.459932
v -2.029568 3.341651 -1.084827
v -2.202210 3.341651 -0.668033
v -2.290222 3.341651 -0.225567
v -2.290222 3.341651 0.225567
v -2.202210 3.341651 0.668033
v -2.029568 3.341651 1.084827
v -1.778931 3.341651 1.459931
v -1.459932 3.341651 1.778931
v -1.084827 3.341651 2.029568
v -0.668033 3.341651 2.202210
v -0.225567 3.341651 2.290222
v 0.225567 3.341651 2.290222
v 0.668033 3.341651 2.202210
v 1.084827 3.341651 2.029568
v 1.459931 3.341651 1.778931
v 1.778931 3.341651 1.459932
v 2.029568 3.341651 1.084827
v 2.202210 3.341651 0.668033
v 2.290222 3.341651 0.225567
v 2.260365 4.001040 0.000000
v 2.216932 4.001040 -0.440975
v 2.208335 4.666667 -0.217502
v 2.088305 4.001040 -0.865004
v 2.123470 4.666667 -0.644148
v 1.879424 4.001040 -1.255791
v 1.957001 4.666667 -1.046039
v 1.598319 4.001040 -1.598319
v 1.715326 4.666667 -1.407732
v 1.255791 4.001040 -1.879424
v 1.407732 4.666667 -1.715326
v 0.865004 4.001040 -2.088305
v 1.046039 4.666667 -1.957001
v 0.440975 4.001040 -2.216932
v 0.644148 4.666667 -2.123470
v 0.000000 4.001040 -2.260365
v 0.217502 4.666667 -2.208335
v -0.440975 4.001040 -2.216932
v -0.217502 4.666667 -2.208335
v -0.865004 4.001040 -2.088305
v -0.644148 4.666667 -2.123470
v -1.255791 4.001040 -1.879424
v -1.046039 4.666667 -1.957001
v -1.598319 4.001040 -1.598319
v -1.407732 4.666667 -1.715326
v -1.879424 4.001040 -1.255791
v -1.715326 4.666667 -1.407732
v -2.088305 4.001040 -0.865004
v -1.957001 4.666667 -1.046039
v -2.216932 4.001040 -0.440975
v -2.123470 4.666667 -0.644148
v -2.260365 4.001040 0.000000
v -2.208335 4.666667 -0.217502
v -2.216932 4.001040 0.440975
v -2.208335 4.666667 0.217502
v -2.088305 4.001040 0.865004
v -2.123470 4.666667 0.644148
v -1.879424 4.001040 1.255791
v -1.957001 4.666667 1.046039
v -1.598319 4.001040 1.598319
v -1.715326 4.666667 1.407732
v -1.255791 4.001040 1.879424
v -1.407732 4.666667 1.715326
v -0.865004 4.001040 2.088305
v -1.046039 4.666667 1.957001
v -0.440975 4.001040 2.216932
v -0.644148 4.666667 2.123470
v 0.000000 4.001040 2.260365
v -0.217502 4.666667 2.208335
v 0.440975 4.001040 2.216932
v 0.217502 4.666667 2.208335
v 0.865004 4.001040 2.088305
v 0.644148 4.666667 2.123470
v 1.255791 4.001040 1.879424
v 1.046039 4.666667 1.957001
v 1.598319 4.001040 1.598319
v 1.407732 4.666667 1.715326
v 1.879424 4.001040 1.255791
v 1.715326 4.666667 1.407732
v 2.088305 4.001040 0.865004
v 1.957001 4.666667 1.046039
v 2.216932 4.001040 0.440975
v 2.123470 4.666667 0.644148
v 2.208335 4.666667 0.217502
v 2.177629 5.333334 0.000000
v 2.135787 5.333334 -0.424834
v 2.125935 6.000001 -0.209386
v 2.011867 5.333334 -0.833343
v 2.044236 6.000001 -0.620112
v 1.810633 5.333334 -1.209826
v 1.883979 6.000001 -1.007008
v 1.539817 5.333334 -1.539816
v 1.651322 6.000001 -1.355204
v 1.209826 5.333334 -1.810633
v 1.355205 6.000001 -1.651321
v 0.833343 5.333334 -2.011867
v 1.007008 6.000001 -1.883979
v 0.424834 5.333334 -2.135787
v 0.620112 6.000001 -2.044236
v 0.000000 5.333334 -2.177629
v 0.209386 6.000001 -2.125935
v -0.424834 5.333334 -2.135787
v -0.209386 6.000001 -2.125935
v -0.833343 5.333334 -2.011867
v -0.620112 6.000001 -2.044236
v -1.209826 5.333334 -1.810633
v -1.007008 6.000001 -1.883979
v -1.539816 5.333334 -1.539817
v -1.355204 6.000001 -1.651322
v -1.810633 5.333334 -1.209826
v -1.651321 6.000001 -1.355205
v -2.011867 5.333334 -0.833343
v -1.883979 6.000001 -1.007008
v -2.135787 5.333334 -0.424834
v -2.044236 6.000001 -0.620112
v -2.177629 5.333334 0.000000
v -2.125935 6.000001 -0.209386
v -2.135787 5.333334 0.424834
v -2.125935 6.000001 0.209386
v -2.011867 5.333334 0.833343
v -2.044236 6.000001 0.620112
v -1.810633 5.333334 1.209826
v -1.883979 6.000001 1.007008
v -1.539817 5.333334 1.539816
v -1.651322 6.000001 1.355204
v -1.209826 5.333334 1.810633
v -1.355205 6.000001 1.651321
v -0.833343 5.333334 2.011867
v -1.007008 6.000001 1.883979
v -0.424834 5.333334 2.135787
v -0.620112 6.000001 2.044236
v 0.000000 5.333334 2.177629
v -0.209386 6.000001 2.125935
v 0.424834 5.333334 2.135787
v 0.209386 6.000001 2.125935
v 0.833343 5.333334 2.011867
v 0.620112 6.000001 2.044236
v 1.209826 5.333334 1.810633
v 1.007008 6.000001 1.883979
v 1.539816 5.333334 1.539817
v 1.355204 6.000001 1.651322
v 1.810633 5.333334 1.209826
v 1.651321 6.000001 1.355205
v 2.011867 5.333334 0.833343
v 1.883979 6.000001 1.007008
v 2.135787 5.333334 0.424834
v 2.044236 6.000001 0.620112
v 2.125935 6.000001 0.209386
v 2.094830 6.666668 0.000000
v 2.054579 6.666668 -0.408681
v 2.043534 7.333334 -0.201271
v 1.935371 6.666668 -0.801657
v 1.965002 7.333334 -0.596077
v 1.741787 6.666668 -1.163825
v 1.810957 7.333334 -0.967976
v 1.481268 6.666668 -1.481269
v 1.587317 7.333334 -1.302677
v 1.163825 6.666668 -1.741787
v 1.302677 7.333334 -1.587317
v 0.801657 6.666668 -1.935370
v 0.967976 7.333334 -1.810957
v 0.408681 6.666668 -2.054578
v 0.596077 7.333334 -1.965003
v 0.000000 6.666668 -2.094830
v 0.201271 7.333334 -2.043534
v -0.408681 6.666668 -2.054579
v -0.201271 7.333334 -2.043534
v -0.801657 6.666668 -1.935371
v -0.596077 7.333334 -1.965002
v -1.163825 6.666668 -1.741787
v -0.967976 7.333334 -1.810957
v -1.481269 6.666668 -1.481268
v -1.302677 7.333334 -1.587317
v -1.741787 6.666668 -1.163825
v -1.587317 7.333334 -1.302677
v -1.935370 6.666668 -0.801657
v -1.810957 7.333334 -0.967976
v -2.054578 6.666668 -0.408681
v -1.965003 7.333334 -0.596077
v -2.094830 6.666668 0.000000
v -2.043534 7.333334 -0.201271
v -2.054579 6.666668 0.408681
v -2.043534 7.333334 0.201271
v -1.935371 6.666668 0.801657
v -1.965002 7.333334 0.596077
v -1.741787 6.666668 1.163825
v -1.810957 7.333334 0.967976
v -1.481268 6.666668 1.481269
v -1.587317 7.333334 1.302677
v -1.163825 6.666668 1.741787
v -1.302677 7.333334 1.587317
v -0.801657 6.666668 1.935370
v -0.967976 7.333334 1.810957
v -0.408681 6.666668 2.054578
v -0.596077 7.333334 1.965003
v 0.000000 6.666668 2.094830
v -0.201271 7.333334 2.043534
v 0.408681 6.666668 2.054579
v 0.201271 7.333334 2.043534
v 0.801657 6.666668 1.935371
v 0.596077 7.333334 1.965002
v 1.163825 6.666668 1.741787
v 0.967976 7.333334 1.810957
v 1.481269 6.666668 1.481268
v 1.302677 7.333334 1.587317
v 1.741787 6.666668 1.163825
v 1.587317 7.333334 1.302677
v 1.935370 6.666668 0.801657
v 1.810957 7.333334 0.967976
v 2.054578 6.666668 0.408681
v 1.965003 7.333334 0.596077
v 2.043534 7.333334 0.201271
v 2.012030 8.000001 0.000000
v 1.973370 8.000001 -0.392528
v 1.961134 8.666668 -0.193155
v 1.858874 8.000001 -0.769971
v 1.885769 8.666668 -0.572042
v 1.672942 8.000001 -1.117824
v 1.737934 8.666668 -0.928945
v 1.422720 8.000001 -1.422720
v 1.523312 8.666668 -1.250150
v 1.117824 8.000001 -1.672942
v 1.250150 8.666668 -1.523312
v 0.769971 8.000001 -1.858874
v 0.928945 8.666668 -1.737934
v 0.392528 8.000001 -1.973370
v 0.572042 8.666668 -1.885769
v 0.000000 8.000001 -2.012030
v 0.193155 8.666668 -1.961134
v -0.392528 8.000001 -1.973370
v -0.193155 8.666668 -1.961134
v -0.769971 8.000001 -1.858874
v -0.572042 8.666668 -1.885769
v -1.117824 8.000001 -1.672942
v -0.928945 8.666668 -1.737934
v -1.422720 8.000001 -1.422720
v -1.250150 8.666668 -1.523312
v -1.672942 8.000001 -1.117824
v -1.523312 8.666668 -1.250150
v -1.858874 8.000001 -0.769971
v -1.737934 8.666668 -0.928945
v -1.973370 8.000001 -0.392528
v -1.885769 8.666668 -0.572042
v -2.012030 8.000001 0.000000
v -1.961134 8.666668 -0.193155
v -1.973370 8.000001 0.392528
v -1.961134 8.666668 0.193155
v -1.858874 8.000001 0.769971
v -1.885769 8.666668 0.572042
v -1.672942 8.000001 1.117824
v -1.737934 8.666668 0.928945
v -1.422720 8.000001 1.422720
v -1.523312 8.666668 1.250150
v -1.117824 8.000001 1.672942
v -1.250150 8.666668 1.523312
v -0.769971 8.000001 1.858874
v -0.928945 8.666668 1.737934
v -0.392528 8.000001 1.973370
v -0.572042 8.666668 1.885769
v 0.000000 8.000001 2.012030
v -0.193155 8.666668 1.961134
v 0.392528 8.000001 1.973370
v 0.193155 8.666668 1.961134
v 0.769971 8.000001 1.858874
v 0.572042 8.666668 1.885769
v 1.117824 8.000001 1.672942
v 0.928945 8.666668 1.737934
v 1.422720 8.000001 1.422720
v 1.250150 8.666668 1.523312
v 1.672942 8.000001 1.117824
v 1.523312 8.666668 1.250150
v 1.858874 8.000001 0.769971
v 1.737934 8.666668 0.928945
v 1.973370 8.000001 0.392528
v 1.885769 8.666668 0.572042
v 1.961134 8.666668 0.193155
v 1.929231 9.333334 0.000000
v 1.892161 9.333334 -0.376374
v 1.878733 9.999999 -0.185039
v 1.782377 9.333334 -0.738285
v 1.806535 9.999999 -0.548006
v 1.604096 9.333334 -1.071823
v 1.664912 9.999999 -0.889914
v 1.364172 9.333334 -1.364172
v 1.459307 9.999999 -1.197623
v 1.071823 9.333334 -1.604097
v 1.197623 9.999999 -1.459307
v 0.738285 9.333334 -1.782377
v 0.889914 9.999999 -1.664912
v 0.376374 9.333334 -1.892161
v 0.548006 9.999999 -1.806534
v 0.000000 9.333334 -1.929231
v 0.185039 9.999999 -1.878733
v -0.376374 9.333334 -1.892161
v -0.185039 9.999999 -1.878733
v -0.738285 9.333334 -1.782377
v -0.548006 9.999999 -1.806535
v -1.071823 9.333334 -1.604096
v -0.889914 9.999999 -1.664912
v -1.364172 9.333334 -1.364172
v -1.197623 9.999999 -1.459307
v -1.604097 9.333334 -1.071823
v -1.459307 9.999999 -1.197623
v -1.782377 9.333334 -0.738285
v -1.664912 9.999999 -0.889914
v -1.892161 9.333334 -0.376374
v -1.806534 9.999999 -0.548006
v -1.929231 9.333334 0.000000
v -1.878733 9.999999 -0.185039
v -1.892161 9.333334 0.376374
v -1.878733 9.999999 0.185039
v -1.782377 9.333334 0.738285
v -1.806535 9.999999 0.548006
v -1.604096 9.333334 1.071823
v -1.664912 9.999999 0.889914
v -1.364172 9.333334 1.364172
v -1.459307 9.999999 1.197623
v -1.071823 9.333334 1.604097
v -1.197623 9.999999 1.459307
v -0.738285 9.333334 1.782377
v -0.889914 9.999999 1.664912
v -0.376374 9.333334 1.892161
v -0.548006 9.999999 1.806534
v 0.000000 9.333334 1.929231
v -0.185039 9.999999 1.878733
v 0.376374 9.333334 1.892161
v 0.185039 9.999999 1.878733
v 0.738285 9.333334 1.782377
v 0.548006 9.999999 1.806535
v 1.071823 9.333334 1.604096
v 0.889914 9.999999 1.664912
v 1.364172 9.333334 1.364172
v 1.197623 9.999999 1.459307
v 1.604097 9.333334 1.071823
v 1.459307 9.999999 1.197623
v 1.782377 9.333334 0.738285
v 1.664912 9.999999 0.889914
v 1.892161 9.333334 0.376374
v 1.806534 9.999999 0.548006
v 1.878733 9.999999 0.185039
v 1.846431 10.666668 0.000000
v 1.810952 10.666668 -0.360221
v 1.796333 11.333334 -0.176923
v 1.705880 10.666668 -0.706599
v 1.727301 11.333334 -0.523971
v 1.535251 10.666668 -1.025822
v 1.591889 11.333334 -0.850883
v 1.305624 10.666668 -1.305624
v 1.395303 11.333334 -1.145095
v 1.025822 10.666668 -1.535251
v 1.145095 11.333334 -1.395303
v 0.706599 10.666668 -1.705880
v 0.850883 11.333334 -1.591889
v 0.360221 10.666668 -1.810953
v 0.523971 11.333334 -1.727301
v 0.000000 10.666668 -1.846431
v 0.176923 11.333334 -1.796333
v -0.360221 10.666668 -1.810952
v -0.176923 11.333334 -1.796333
v -0.706599 10.666668 -1.705880
v -0.523971 11.333334 -1.727301
v -1.025822 10.666668 -1.535251
v -0.850883 11.333334 -1.591889
v -1.305624 10.666668 -1.305624
v -1.145095 11.333334 -1.395303
v -1.535251 10.666668 -1.025822
v -1.395303 11.333334 -1.145095
v -1.705880 10.666668 -0.706599
v -1.591889 11.333334 -0.850883
v -1.810953 10.666668 -0.360221
v -1.727301 11.333334 -0.523971
v -1.846431 10.666668 0.000000
v -1.796333 11.333334 -0.176923
v -1.810952 10.666668 0.360221
v -1.796333 11.333334 0.176923
v -1.705880 10.666668 0.706599
v -1.727301 11.333334 0.523971
v -1.535251 10.666668 1.025822
v -1.591889 11.333334 0.850883
v -1.305624 10.666668 1.305624
v -1.395303 11.333334 1.145095
v -1.025822 10.666668 1.535251
v -1.145095 11.333334 1.395303
v -0.706599 10.666668 1.705880
v -0.850883 11.333334 1.591889
v -0.360221 10.666668 1.810953
v -0.523971 11.333334 1.727301
v 0.000000 10.666668 1.846431
v -0.176923 11.333334 1.796333
v 0.360221 10.666668 1.810952
v 0.176923 11.333334 1.796333
v 0.706599 10.666668 1.705880
v 0.523971 11.333334 1.727301
v 1.025822 10.666668 1.535251
v 0.850883 11.333334 1.591889
v 1.305624 10.666668 1.305624
v 1.145095 11.333334 1.395303
v 1.535251 10.666668 1.025822
v 1.395303 11.333334 1.145095
v 1.705880 10.666668 0.706599
v 1.591889 11.333334 0.850883
v 1.810953 10.666668 0.360221
v 1.727301 11.333334 0.523971
v 1.796333 11.333334 0.176923
v 1.763631 12.000000 0.000000
v 1.729744 12.000000 -0.344067
v 1.713932 12.666666 -0.168808
v 1.629383 12.000000 -0.674913
v 1.648067 12.666666 -0.499935
v 1.466406 12.000000 -0.979821
v 1.518867 12.666666 -0.811851
v 1.247076 12.000000 -1.247076
v 1.331298 12.666666 -1.092568
v 0.979821 12.000000 -1.466406
v 1.092568 12.666666 -1.331298
v 0.674913 12.000000 -1.629383
v 0.811851 12.666666 -1.518867
v 0.344067 12.000000 -1.729744
v 0.499936 12.666666 -1.648067
v 0.000000 12.000000 -1.763631
v 0.168808 12.666666 -1.713932
v -0.344067 12.000000 -1.729744
v -0.168808 12.666666 -1.713932
v -0.674913 12.000000 -1.629383
v -0.499935 12.666666 -1.648067
v -0.979821 12.000000 -1.466406
v -0.811851 12.666666 -1.518867
v -1.247076 12.000000 -1.247076
v -1.092568 12.666666 -1.331298
v -1.466406 12.000000 -0.979821
v -1.331298 12.666666 -1.092568
v -1.629383 12.000000 -0.674913
v -1.518867 12.666666 -0.811851
v -1.729744 12.000000 -0.344067
v -1.648067 12.666666 -0.499936
v -1.763631 12.000000 0.000000
v -1.713932 12.666666 -0.168808
v -1.729744 12.000000 0.344067
v -1.713932 12.666666 0.168808
v -1.629383 12.000000 0.674913
v -1.648067 12.666666 0.499935
v -1.466406 12.000000 0.979821
v -1.518867 12.666666 0.811851
v -1.247076 12.000000 1.247076
v -1.331298 12.666666 1.092568
v -0.979821 12.000000 1.466406
v -1.092568 12.666666 1.331298
v -0.674913 12.000000 1.629383
v -0.811851 12.666666 1.518867
v -0.344067 12.000000 1.729744
v -0.499936 12.666666 1.648067
v 0.000000 12.000000 1.763631
v -0.168808 12.666666 1.713932
v 0.344067 12.000000 1.729744
v 0.168808 12.666666 1.713932
v 0.674913 12.000000 1.629383
v 0.499935 12.666666 1.648067
v 0.979821 12.000000 1.466406
v 0.811851 12.666666 1.518867
v 1.247076 12.000000 1.247076
v 1.092568 12.666666 1.331298
v 1.466406 12.000000 0.979821
v 1.331298 12.666666 1.092568
v 1.629383 12.000000 0.674913
v 1.518867 12.666666 0.811851
v 1.729744 12.000000 0.344067
v 1.648067 12.666666 0.499936
v 1.713932 12.666666 0.168808
v 1.680832 13.333335 0.000000
v 1.648535 13.333335 -0.327914
v 1.631531 14.000002 -0.160692
v 1.552886 13.333335 -0.643227
v 1.568832 14.000002 -0.475900
v 1.397561 13.333335 -0.933820
v 1.445844 14.000002 -0.772820
v 1.188528 13.333335 -1.188528
v 1.267293 14.000002 -1.040041
v 0.933820 13.333335 -1.397561
v 1.040041 14.000002 -1.267293
v 0.643227 13.333335 -1.552886
v 0.772820 14.000002 -1.445844
v 0.327914 13.333335 -1.648535
v 0.475900 14.000002 -1.568832
v 0.000000 13.333335 -1.680832
v 0.160692 14.000002 -1.631531
v -0.327914 13.333335 -1.648535
v -0.160692 14.000002 -1.631531
v -0.643227 13.333335 -1.552886
v -0.475900 14.000002 -1.568832
v -0.933820 13.333335 -1.397561
v -0.772820 14.000002 -1.445844
v -1.188528 13.333335 -1.188528
v -1.040041 14.000002 -1.267293
v -1.397561 13.333335 -0.933820
v -1.267293 14.000002 -1.040041
v -1.552886 13.333335 -0.643227
v -1.445844 14.000002 -0.772820
v -1.648535 13.333335 -0.327914
v -1.568832 14.000002 -0.475900
v -1.680832 13.333335 0.000000
v -1.631531 14.000002 -0.160692
v -1.648535 13.333335 0.327914
v -1.631531 14.000002 0.160692
v -1.552886 13.333335 0.643227
v -1.568832 14.000002 0.475900
v -1.397561 13.333335 0.933820
v -1.445844 14.000002 0.772820
v -1.188528 13.333335 1.188528
v -1.267293 14.000002 1.040041
v -0.933820 13.333335 1.397561
v -1.040041 14.000002 1.267293
v -0.643227 13.333335 1.552886
v -0.772820 14.000002 1.445844
v -0.327914 13.333335 1.648535
v -0.475900 14.000002 1.568832
v 0.000000 13.333335 1.680832
v -0.160692 14.000002 1.631531
v 0.327914 13.333335 1.648535
v 0.160692 14.000002 1.631531
v 0.643227 13.333335 1.552886
v 0.475900 14.000002 1.568832
v 0.933820 13.333335 1.397561
v 0.772820 14.000002 1.445844
v 1.188528 13.333335 1.188528
v 1.040041 14.000002 1.267293
v 1.397561 13.333335 0.933820
v 1.267293 14.000002 1.040041
v 1.552886 13.333335 0.643227
v 1.445844 14.000002 0.772820
v 1.648535 13.333335 0.327914
v 1.568832 14.000002 0.475900
v 1.631531 14.000002 0.160692
v 1.598032 14.666667 0.000000
v 1.567326 14.666667 -0.311761
v 1.549131 15.333334 -0.152576
v 1.476389 14.666667 -0.611540
v 1.489599 15.333334 -0.451865
v 1.328715 14.666667 -0.887819
v 1.372822 15.333334 -0.733789
v 1.129980 14.666667 -1.129979
v 1.203288 15.333334 -0.987513
v 0.887819 14.666667 -1.328715
v 0.987513 15.333334 -1.203288
v 0.611540 14.666667 -1.476389
v 0.733789 15.333334 -1.372822
v 0.311761 14.666667 -1.567326
v 0.451865 15.333334 -1.489599
v 0.000000 14.666667 -1.598032
v 0.152576 15.333334 -1.549131
v -0.311761 14.666667 -1.567326
v -0.152576 15.333334 -1.549131
v -0.611540 14.666667 -1.476389
v -0.451865 15.333334 -1.489599
v -0.887819 14.666667 -1.328715
v -0.733789 15.333334 -1.372822
v -1.129979 14.666667 -1.129980
v -0.987513 15.333334 -1.203288
v -1.328715 14.666667 -0.887819
v -1.203288 15.333334 -0.987513
v -1.476389 14.666667 -0.611540
v -1.372822 15.333334 -0.733789
v -1.567326 14.666667 -0.311761
v -1.489599 15.333334 -0.451865
v -1.598032 14.666667 0.000000
v -1.549131 15.333334 -0.152576
v -1.567326 14.666667 0.311761
v -1.549131 15.333334 0.152576
v -1.476389 14.666667 0.611540
v -1.489599 15.333334 0.451865
v -1.328715 14.666667 0.887819
v -1.372822 15.333334 0.733789
v -1.129980 14.666667 1.129979
v -1.203288 15.333334 0.987513
v -0.887819 14.666667 1.328715
v -0.987513 15.333334 1.203288
v -0.611540 14.666667 1.476389
v -0.733789 15.333334 1.372822
v -0.311761 14.666667 1.567326
v -0.451865 15.333334 1.489599
v 0.000000 14.666667 1.598032
v -0.152576 15.333334 1.549131
v 0.311761 14.666667 1.567326
v 0.152576 15.333334 1.549131
v 0.611540 14.666667 1.476389
v 0.451865 15.333334 1.489599
v 0.887819 14.666667 1.328715
v 0.733789 15.333334 1.372822
v 1.129979 14.666667 1.129980
v 0.987513 15.333334 1.203288
v 1.328715 14.666667 0.887819
v 1.203288 15.333334 0.987513
v 1.476389 14.666667 0.611540
v 1.372822 15.333334 0.733789
v 1.567326 14.666667 0.311761
v 1.489599 15.333334 0.451865
v 1.549131 15.333334 0.152576
v 1.515297 15.998960 0.000000
v 1.486181 15.998960 -0.295620
v 1.467244 16.658350 -0.144511
v 1.399952 15.998960 -0.579879
v 1.410859 16.658350 -0.427979
v 1.259924 15.998960 -0.841854
v 1.300255 16.658350 -0.695001
v 1.071477 15.998960 -1.071477
v 1.139683 16.658350 -0.935314
v 0.841854 15.998960 -1.259924
v 0.935314 16.658350 -1.139683
v 0.579879 15.998960 -1.399952
v 0.695001 16.658350 -1.300255
v 0.295620 15.998960 -1.486181
v 0.427979 16.658350 -1.410859
v 0.000000 15.998960 -1.515297
v 0.144511 16.658350 -1.467244
v -0.295620 15.998960 -1.486181
v -0.144511 16.658350 -1.467244
v -0.579879 15.998960 -1.399952
v -0.427979 16.658350 -1.410859
v -0.841854 15.998960 -1.259924
v -0.695001 16.658350 -1.300255
v -1.071477 15.998960 -1.071477
v -0.935314 16.658350 -1.139683
v -1.259924 15.998960 -0.841854
v -1.139683 16.658350 -0.935314
v -1.399952 15.998960 -0.579879
v -1.300255 16.658350 -0.695001
v -1.486181 15.998960 -0.295620
v -1.410859 16.658350 -0.427979
v -1.515297 15.998960 0.000000
v -1.467244 16.658350 -0.144511
v -1.486181 15.998960 0.295620
v -1.467244 16.658350 0.144511
v -1.399952 15.998960 0.579879
v -1.410859 16.658350 0.427979
v -1.259924 15.998960 0.841854
v -1.300255 16.658350 0.695001
v -1.071477 15.998960 1.071477
v -1.139683 16.658350 0.935314
v -0.841854 15.998960 1.259924
v -0.935314 16.658350 1.139683
v -0.579879 15.998960 1.399952
v -0.695001 16.658350 1.300255
v -0.295620 15.998960 1.486181
v -0.427979 16.658350 1.410859
v 0.000000 15.998960 1.515297
v -0.144511 16.658350 1.467244
v 0.295620 15.998960 1.486181
v 0.144511 16.658350 1.467244
v 0.579879 15.998960 1.399952
v 0.427979 16.658350 1.410859
v 0.841854 15.998960 1.259924
v 0.695001 16.658350 1.300255
v 1.071477 15.998960 1.071477
v 0.935314 16.658350 1.139683
v 1.259924 15.998960 0.841854
v 1.139683 16.658350 0.935314
v 1.399952 15.998960 0.579879
v 1.300255 16.658350 0.695001
v 1.486181 15.998960 0.295620
v 1.410859 16.658350 0.427979
v 1.467244 16.658350 0.144511
v 2.314297 2.008044 0.000000
v 2.049452 2.002436 -0.201853
v 2.269829 2.008044 -0.451497
v 2.354040 2.018062 -0.231853
v 2.372938 2.058694 0.000000
v 2.327342 2.058694 -0.462937
v 2.354771 2.257927 -0.231925
v 1.970692 2.002436 -0.597803
v 2.138132 2.008044 -0.885643
v 2.263575 2.018062 -0.686648
v 2.192309 2.058694 -0.908084
v 2.264279 2.257927 -0.686861
v 1.816200 2.002436 -0.970779
v 1.924268 2.008044 -1.285754
v 2.086123 2.018062 -1.115056
v 1.973025 2.058694 -1.318334
v 2.086771 2.257927 -1.115402
v 1.591913 2.002436 -1.306449
v 1.636455 2.008044 -1.636455
v 1.828502 2.018062 -1.500613
v 1.677920 2.058694 -1.677920
v 1.829070 2.257927 -1.501079
v 1.306449 2.002436 -1.591913
v 1.285754 2.008044 -1.924268
v 1.500613 2.018062 -1.828502
v 1.318334 2.058694 -1.973025
v 1.501079 2.257927 -1.829070
v 0.970779 2.002436 -1.816200
v 0.885643 2.008044 -2.138132
v 1.115056 2.018062 -2.086123
v 0.908084 2.058694 -2.192308
v 1.115403 2.257927 -2.086771
v 0.597803 2.002436 -1.970692
v 0.451497 2.008044 -2.269829
v 0.686648 2.018062 -2.263575
v 0.462937 2.058694 -2.327342
v 0.686861 2.257927 -2.264279
v 0.201853 2.002436 -2.049451
v 0.000000 2.008044 -2.314297
v 0.231853 2.018062 -2.354040
v 0.000000 2.058694 -2.372938
v 0.231925 2.257927 -2.354772
v -0.201853 2.002436 -2.049452
v -0.451497 2.008044 -2.269829
v -0.231853 2.018062 -2.354040
v -0.462937 2.058694 -2.327342
v -0.231925 2.257927 -2.354771
v -0.597803 2.002436 -1.970692
v -0.885643 2.008044 -2.138132
v -0.686648 2.018062 -2.263575
v -0.908084 2.058694 -2.192309
v -0.686861 2.257927 -2.264279
v -0.970779 2.002436 -1.816200
v -1.285754 2.008044 -1.924268
v -1.115056 2.018062 -2.086123
v -1.318334 2.058694 -1.973025
v -1.115402 2.257927 -2.086771
v -1.306449 2.002436 -1.591913
v -1.636455 2.008044 -1.636455
v -1.500613 2.018062 -1.828502
v -1.677920 2.058694 -1.677920
v -1.501079 2.257927 -1.829070
v -1.591913 2.002436 -1.306449
v -1.924268 2.008044 -1.285754
v -1.828502 2.018062 -1.500613
v -1.973025 2.058694 -1.318334
v -1.829070 2.257927 -1.501079
v -1.816200 2.002436 -0.970779
v -2.138132 2.008044 -0.885643
v -2.086123 2.018062 -1.115056
v -2.192308 2.058694 -0.908084
v -2.086771 2.257927 -1.115403
v -1.970692 2.002436 -0.597803
v -2.269829 2.008044 -0.451497
v -2.263575 2.018062 -0.686648
v -2.327342 2.058694 -0.462937
v -2.264279 2.257927 -0.686861
v -2.049451 2.002436 -0.201853
v -2.314297 2.008044 0.000000
v -2.354040 2.018062 -0.231853
v -2.372938 2.058694 0.000000
v -2.354772 2.257927 -0.231925
v -2.049452 2.002436 0.201853
v -2.269829 2.008044 0.451497
v -2.354040 2.018062 0.231853
v -2.327342 2.058694 0.462937
v -2.354771 2.257927 0.231925
v -1.970692 2.002436 0.597803
v -2.138132 2.008044 0.885643
v -2.263575 2.018062 0.686648
v -2.192309 2.058694 0.908084
v -2.264279 2.257927 0.686861
v -1.816200 2.002436 0.970779
v -1.924268 2.008044 1.285754
v -2.086123 2.018062 1.115056
v -1.973025 2.058694 1.318334
v -2.086771 2.257927 1.115402
v -1.591913 2.002436 1.306449
v -1.636455 2.008044 1.636455
v -1.828502 2.018062 1.500613
v -1.677920 2.058694 1.677920
v -1.829070 2.257927 1.501079
v -1.306449 2.002436 1.591913
v -1.285754 2.008044 1.924268
v -1.500613 2.018062 1.828502
v -1.318334 2.058694 1.973025
v -1.501079 2.257927 1.829070
v -0.970779 2.002436 1.816200
v -0.885643 2.008044 2.138132
v -1.115056 2.018062 2.086123
v -0.908084 2.058694 2.192308
v -1.115403 2.257927 2.086771
v -0.597803 2.002436 1.970692
v -0.451497 2.008044 2.269829
v -0.686648 2.018062 2.263575
v -0.462937 2.058694 2.327342
v -0.686861 2.257927 2.264279
v -0.201853 2.002436 2.049451
v 0.000000 2.008044 2.314297
v -0.231853 2.018062 2.354040
v 0.000000 2.058694 2.372938
v -0.231925 2.257927 2.354772
v 0.201853 2.002436 2.049452
v 0.451497 2.008044 2.269829
v 0.231853 2.018062 2.354040
v 0.462937 2.058694 2.327342
v 0.231925 2.257927 2.354771
v 0.597803 2.002436 1.970692
v 0.885643 2.008044 2.138132
v 0.686648 2.018062 2.263575
v 0.908084 2.058694 2.192309
v 0.686861 2.257927 2.264279
v 0.970779 2.002436 1.816200
v 1.285754 2.008044 1.924268
v 1.115056 2.018062 2.086123
v 1.318334 2.058694 1.973025
v 1.115402 2.257927 2.086771
v 1.306449 2.002436 1.591913
v 1.636455 2.008044 1.636455
v 1.500613 2.018062 1.828502
v 1.677920 2.058694 1.677920
v 1.501079 2.257927 1.829070
v 1.591913 2.002436 1.306449
v 1.924268 2.008044 1.285754
v 1.828502 2.018062 1.500613
v 1.973025 2.058694 1.318334
v 1.829070 2.257927 1.501079
v 1.816200 2.002436 0.970779
v 2.138132 2.008044 0.885643
v 2.086123 2.018062 1.115056
v 2.192308 2.058694 0.908084
v 2.086771 2.257927 1.115403
v 1.970692 2.002436 0.597803
v 2.269829 2.008044 0.451497
v 2.263575 2.018062 0.686648
v 2.327342 2.058694 0.462937
v 2.264279 2.257927 0.686861
v 2.354772 2.257928 0.231925
v 2.354040 2.018062 0.231853
v 2.049451 2.002436 0.201853
v 1.386632 17.941307 0.000000
v 1.397845 17.742073 -0.137676
v 1.359988 17.941307 -0.270518
v 1.367465 17.981941 -0.134684
v 1.337816 17.991959 0.000000
v 1.312110 17.991959 -0.260995
v 1.179983 17.997564 -0.116218
v 1.344126 17.742073 -0.407736
v 1.281081 17.941307 -0.530641
v 1.314914 17.981941 -0.398875
v 1.235981 17.991959 -0.511960
v 1.134637 17.997564 -0.344188
v 1.238754 17.742073 -0.662128
v 1.152943 17.941307 -0.770372
v 1.211832 17.981941 -0.647738
v 1.112353 17.991959 -0.743251
v 1.045688 17.997564 -0.558932
v 1.085777 17.742073 -0.891074
v 0.980497 17.941307 -0.980497
v 1.062180 17.981941 -0.871708
v 0.945979 17.991959 -0.945979
v 0.916553 17.997564 -0.752195
v 0.891074 17.742073 -1.085777
v 0.770371 17.941307 -1.152943
v 0.871708 17.981941 -1.062180
v 0.743251 17.991959 -1.112353
v 0.752195 17.997564 -0.916553
v 0.662128 17.742073 -1.238754
v 0.530641 17.941307 -1.281081
v 0.647738 17.981941 -1.211832
v 0.511960 17.991959 -1.235981
v 0.558932 17.997564 -1.045688
v 0.407736 17.742073 -1.344126
v 0.270518 17.941307 -1.359989
v 0.398875 17.981941 -1.314914
v 0.260995 17.991959 -1.312110
v 0.344188 17.997564 -1.134637
v 0.137676 17.742073 -1.397845
v 0.000000 17.941307 -1.386632
v 0.134684 17.981941 -1.367465
v 0.000000 17.991959 -1.337816
v 0.116218 17.997564 -1.179983
v -0.137676 17.742073 -1.397845
v -0.270518 17.941307 -1.359988
v -0.134684 17.981941 -1.367465
v -0.260995 17.991959 -1.312110
v -0.116218 17.997564 -1.179983
v -0.407736 17.742073 -1.344126
v -0.530641 17.941307 -1.281081
v -0.398875 17.981941 -1.314914
v -0.511960 17.991959 -1.235981
v -0.344188 17.997564 -1.134637
v -0.662128 17.742073 -1.238754
v -0.770372 17.941307 -1.152943
v -0.647738 17.981941 -1.211832
v -0.743251 17.991959 -1.112353
v -0.558932 17.997564 -1.045688
v -0.891074 17.742073 -1.085777
v -0.980497 17.941307 -0.980497
v -0.871708 17.981941 -1.062180
v -0.945979 17.991959 -0.945979
v -0.752195 17.997564 -0.916553
v -1.085777 17.742073 -0.891074
v -1.152943 17.941307 -0.770371
v -1.062180 17.981941 -0.871708
v -1.112353 17.991959 -0.743251
v -0.916553 17.997564 -0.752195
v -1.238754 17.742073 -0.662128
v -1.281081 17.941307 -0.530641
v -1.211832 17.981941 -0.647738
v -1.235981 17.991959 -0.511960
v -1.045688 17.997564 -0.558932
v -1.344126 17.742073 -0.407736
v -1.359989 17.941307 -0.270518
v -1.314914 17.981941 -0.398875
v -1.312110 17.991959 -0.260995
v -1.134637 17.997564 -0.344188
v -1.397845 17.742073 -0.137676
v -1.386632 17.941307 0.000000
v -1.367465 17.981941 -0.134684
v -1.337816 17.991959 0.000000
v -1.179983 17.997564 -0.116218
v -1.397845 17.742073 0.137676
v -1.359988 17.941307 0.270518
v -1.367465 17.981941 0.134684
v -1.312110 17.991959 0.260995
v -1.179983 17.997564 0.116218
v -1.344126 17.742073 0.407736
v -1.281081 17.941307 0.530641
v -1.314914 17.981941 0.398875
v -1.235981 17.991959 0.511960
v -1.134637 17.997564 0.344188
v -1.238754 17.742073 0.662128
v -1.152943 17.941307 0.770372
v -1.211832 17.981941 0.647738
v -1.112353 17.991959 0.743251
v -1.045688 17.997564 0.558932
v -1.085777 17.742073 0.891074
v -0.980497 17.941307 0.980497
v -1.062180 17.981941 0.871708
v -0.945979 17.991959 0.945979
v -0.916553 17.997564 0.752195
v -0.891074 17.742073 1.085777
v -0.770371 17.941307 1.152943
v -0.871708 17.981941 1.062180
v -0.743251 17.991959 1.112353
v -0.752195 17.997564 0.916553
v -0.662128 17.742073 1.238754
v -0.530641 17.941307 1.281081
v -0.647738 17.981941 1.211832
v -0.511960 17.991959 1.235981
v -0.558932 17.997564 1.045688
v -0.407736 17.742073 1.344126
v -0.270518 17.941307 1.359989
v -0.398875 17.981941 1.314914
v -0.260995 17.991959 1.312110
v -0.344188 17.997564 1.134637
v -0.137676 17.742073 1.397845
v 0.000000 17.941307 1.386632
v -0.134684 17.981941 1.367465
v 0.000000 17.991959 1.337816
v -0.116218 17.997564 1.179983
v 0.137676 17.742073 1.397845
v 0.270518 17.941307 1.359988
v 0.134684 17.981941 1.367465
v 0.260995 17.991959 1.312110
v 0.116218 17.997564 1.179983
v 0.407736 17.742073 1.344126
v 0.530641 17.941307 1.281081
v 0.398875 17.981941 1.314914
v 0.511960 17.991959 1.235981
v 0.344188 17.997564 1.134637
v 0.662128 17.742073 1.238754
v 0.770372 17.941307 1.152943
v 0.647738 17.981941 1.211832
v 0.743251 17.991959 1.112353
v 0.558932 17.997564 1.045688
v 0.891074 17.742073 1.085777
v 0.980497 17.941307 0.980497
v 0.871708 17.981941 1.062180
v 0.945979 17.991959 0.945979
v 0.752195 17.997564 0.916553
v 1.085777 17.742073 0.891074
v 1.152943 17.941307 0.770371
v 1.062180 17.981941 0.871708
v 1.112353 17.991959 0.743251
v 0.916553 17.997564 0.752195
v 1.238754 17.742073 0.662128
v 1.281081 17.941307 0.530641
v 1.211832 17.981941 0.647738
v 1.235981 17.991959 0.511960
v 1.045688 17.997564 0.558932
v 1.344126 17.742073 0.407736
v 1.359989 17.941307 0.270518
v 1.314914 17.981941 0.398875
v 1.312110 17.991959 0.260995
v 1.134637 17.997564 0.344188
v 1.179983 17.997564 0.116218
v 1.367465 17.981939 0.134684
v 1.397844 17.742073 0.137676
v 2.294739 2.718661 0.456452
v 2.339695 2.718661 0.000000
v 2.294739 2.718661 -0.456452
v 1.350409 2.000305 0.268613
v 1.376865 2.000305 0.000000
v 1.350409 2.000305 -0.268613
v 2.161597 2.718661 -0.895363
v 1.272058 2.000305 -0.526903
v 1.945385 2.718661 -1.299865
v 1.144822 2.000305 -0.764945
v 1.654414 2.718661 -1.654414
v 0.973591 2.000305 -0.973591
v 1.299865 2.718661 -1.945385
v 0.764945 2.000305 -1.144821
v 0.895362 2.718661 -2.161597
v 0.526903 2.000305 -1.272057
v 0.456452 2.718661 -2.294739
v 0.268613 2.000305 -1.350409
v 0.000000 2.718661 -2.339695
v -0.000000 2.000305 -1.376865
v -0.456452 2.718661 -2.294739
v -0.268613 2.000305 -1.350409
v -0.895363 2.718661 -2.161597
v -0.526903 2.000305 -1.272058
v -1.299865 2.718661 -1.945385
v -0.764945 2.000305 -1.144822
v -1.654414 2.718661 -1.654414
v -0.973591 2.000305 -0.973591
v -1.945385 2.718661 -1.299865
v -1.144821 2.000305 -0.764945
v -2.161597 2.718661 -0.895362
v -1.272057 2.000305 -0.526903
v -2.294739 2.718661 -0.456452
v -1.350409 2.000305 -0.268613
v -2.339695 2.718661 0.000000
v -1.376865 2.000305 0.000000
v -2.294739 2.718661 0.456452
v -1.350409 2.000305 0.268613
v -2.161597 2.718661 0.895363
v -1.272058 2.000305 0.526903
v -1.945385 2.718661 1.299865
v -1.144822 2.000305 0.764945
v -1.654414 2.718661 1.654414
v -0.973591 2.000305 0.973591
v -1.299865 2.718661 1.945385
v -0.764945 2.000305 1.144821
v -0.895362 2.718661 2.161597
v -0.526903 2.000305 1.272057
v -0.456452 2.718661 2.294739
v -0.268613 2.000305 1.350409
v 0.000000 2.718661 2.339695
v 0.000000 2.000305 1.376865
v 0.456452 2.718661 2.294739
v 0.268613 2.000305 1.350409
v 0.895363 2.718661 2.161597
v 0.526903 2.000305 1.272058
v 1.299865 2.718661 1.945385
v 0.764945 2.000305 1.144822
v 1.654414 2.718661 1.654414
v 0.973591 2.000305 0.973591
v 1.945385 2.718661 1.299865
v 1.144821 2.000305 0.764945
v 2.161597 2.718661 0.895362
v 1.272057 2.000305 0.526903
v 1.407777 17.281340 0.280024
v 1.435357 17.281340 0.000000
v 0.791248 17.999697 0.000000
v 0.776044 17.999699 0.154365
v 1.407777 17.281340 -0.280024
v 0.776044 17.999697 -0.154365
v 1.326097 17.281340 -0.549287
v 0.731017 17.999697 -0.302797
v 1.193456 17.281340 -0.797442
v 0.657898 17.999697 -0.439594
v 1.014951 17.281340 -1.014951
v 0.559496 17.999697 -0.559497
v 0.797442 17.281340 -1.193456
v 0.439594 17.999697 -0.657898
v 0.549287 17.281340 -1.326097
v 0.302797 17.999697 -0.731017
v 0.280024 17.281340 -1.407777
v 0.154365 17.999697 -0.776044
v 0.000000 17.281340 -1.435357
v 0.000000 17.999697 -0.791248
v -0.280024 17.281340 -1.407777
v -0.154365 17.999697 -0.776044
v -0.549287 17.281340 -1.326097
v -0.302797 17.999697 -0.731018
v -0.797442 17.281340 -1.193456
v -0.439594 17.999697 -0.657898
v -1.014951 17.281340 -1.014951
v -0.559496 17.999697 -0.559497
v -1.193456 17.281340 -0.797442
v -0.657898 17.999697 -0.439594
v -1.326097 17.281340 -0.549287
v -0.731017 17.999697 -0.302797
v -1.407777 17.281340 -0.280024
v -0.776044 17.999697 -0.154365
v -1.435357 17.281340 0.000000
v -0.791247 17.999697 -0.000000
v -1.407777 17.281340 0.280024
v -0.776044 17.999697 0.154365
v -1.326097 17.281340 0.549287
v -0.731017 17.999697 0.302797
v -1.193456 17.281340 0.797442
v -0.657898 17.999697 0.439594
v -1.014951 17.281340 1.014951
v -0.559496 17.999697 0.559496
v -0.797442 17.281340 1.193456
v -0.439594 17.999697 0.657898
v -0.549287 17.281340 1.326097
v -0.302797 17.999697 0.731017
v -0.280024 17.281340 1.407777
v -0.154365 17.999697 0.776044
v 0.000000 17.281340 1.435357
v -0.000000 17.999697 0.791247
v 0.280024 17.281340 1.407777
v 0.154365 17.999697 0.776044
v 0.549287 17.281340 1.326097
v 0.302797 17.999697 0.731017
v 0.797442 17.281340 1.193456
v 0.439594 17.999697 0.657898
v 1.014951 17.281340 1.014951
v 0.559496 17.999697 0.559496
v 1.193456 17.281340 0.797442
v 0.657898 17.999697 0.439594
v 1.326097 17.281340 0.549287
v 0.731017 17.999697 0.302797
v 2.249471 4.001040 -0.221554
v 2.163025 4.001040 -0.656147
v 1.993456 4.001040 -1.065524
v 1.747279 4.001040 -1.433954
v 1.433954 4.001040 -1.747279
v 1.065524 4.001040 -1.993456
v 0.656147 4.001040 -2.163025
v 0.221554 4.001040 -2.249471
v -0.221554 4.001040 -2.249471
v -0.656147 4.001040 -2.163025
v -1.065524 4.001040 -1.993456
v -1.433954 4.001040 -1.747279
v -1.747279 4.001040 -1.433954
v -1.993456 4.001040 -1.065524
v -2.163025 4.001040 -0.656147
v -2.249471 4.001040 -0.221554
v -2.249471 4.001040 0.221554
v -2.163025 4.001040 0.656147
v -1.993456 4.001040 1.065524
v -1.747279 4.001040 1.433954
v -1.433954 4.001040 1.747279
v -1.065524 4.001040 1.993456
v -0.656147 4.001040 2.163025
v -0.221554 4.001040 2.249471
v 0.221554 4.001040 2.249471
v 0.656147 4.001040 2.163025
v 1.065524 4.001040 1.993456
v 1.433954 4.001040 1.747279
v 1.747279 4.001040 1.433954
v 1.993456 4.001040 1.065524
v 2.163025 4.001040 0.656147
v 2.249471 4.001040 0.221554
v 2.167135 5.333333 -0.213444
v 2.083853 5.333333 -0.632130
v 1.920490 5.333333 -1.026523
v 1.683324 5.333333 -1.381468
v 1.381468 5.333333 -1.683324
v 1.026523 5.333333 -1.920490
v 0.632130 5.333333 -2.083853
v 0.213444 5.333333 -2.167135
v -0.213444 5.333333 -2.167135
v -0.632130 5.333333 -2.083853
v -1.026523 5.333333 -1.920490
v -1.381468 5.333333 -1.683324
v -1.683324 5.333333 -1.381468
v -1.920490 5.333333 -1.026523
v -2.083853 5.333333 -0.632130
v -2.167135 5.333333 -0.213444
v -2.167135 5.333333 0.213444
v -2.083853 5.333333 0.632130
v -1.920490 5.333333 1.026523
v -1.683324 5.333333 1.381468
v -1.381468 5.333333 1.683324
v -1.026523 5.333333 1.920490
v -0.632130 5.333333 2.083853
v -0.213444 5.333333 2.167135
v 0.213444 5.333333 2.167135
v 0.632130 5.333333 2.083853
v 1.026523 5.333333 1.920490
v 1.381468 5.333333 1.683324
v 1.683324 5.333333 1.381468
v 1.920490 5.333333 1.026523
v 2.083853 5.333333 0.632130
v 2.167135 5.333333 0.213444
v 2.084735 6.666668 -0.205328
v 2.004619 6.666668 -0.608095
v 1.847468 6.666668 -0.987492
v 1.619319 6.666668 -1.328941
v 1.328941 6.666668 -1.619319
v 0.987492 6.666668 -1.847468
v 0.608095 6.666668 -2.004619
v 0.205328 6.666668 -2.084735
v -0.205328 6.666668 -2.084735
v -0.608095 6.666668 -2.004619
v -0.987492 6.666668 -1.847468
v -1.328941 6.666668 -1.619319
v -1.619319 6.666668 -1.328941
v -1.847468 6.666668 -0.987492
v -2.004619 6.666668 -0.608095
v -2.084735 6.666668 -0.205328
v -2.084735 6.666668 0.205328
v -2.004619 6.666668 0.608095
v -1.847468 6.666668 0.987492
v -1.619319 6.666668 1.328941
v -1.328941 6.666668 1.619319
v -0.987492 6.666668 1.847468
v -0.608095 6.666668 2.004619
v -0.205328 6.666668 2.084735
v 0.205328 6.666668 2.084735
v 0.608095 6.666668 2.004619
v 0.987492 6.666668 1.847468
v 1.328941 6.666668 1.619319
v 1.619319 6.666668 1.328941
v 1.847468 6.666668 0.987492
v 2.004619 6.666668 0.608095
v 2.084735 6.666668 0.205328
v 2.002334 8.000001 -0.197213
v 1.925385 8.000001 -0.584059
v 1.774446 8.000001 -0.948461
v 1.555314 8.000001 -1.276414
v 1.276413 8.000001 -1.555314
v 0.948461 8.000001 -1.774445
v 0.584059 8.000001 -1.925385
v 0.197213 8.000001 -2.002334
v -0.197213 8.000001 -2.002334
v -0.584059 8.000001 -1.925385
v -0.948461 8.000001 -1.774446
v -1.276414 8.000001 -1.555314
v -1.555314 8.000001 -1.276413
v -1.774445 8.000001 -0.948461
v -1.925385 8.000001 -0.584059
v -2.002334 8.000001 -0.197213
v -2.002334 8.000001 0.197213
v -1.925385 8.000001 0.584059
v -1.774446 8.000001 0.948461
v -1.555314 8.000001 1.276414
v -1.276413 8.000001 1.555314
v -0.948461 8.000001 1.774445
v -0.584059 8.000001 1.925385
v -0.197213 8.000001 2.002334
v 0.197213 8.000001 2.002334
v 0.584059 8.000001 1.925385
v 0.948461 8.000001 1.774446
v 1.276414 8.000001 1.555314
v 1.555314 8.000001 1.276413
v 1.774445 8.000001 0.948461
v 1.925385 8.000001 0.584059
v 2.002334 8.000001 0.197213
v 1.919933 9.333334 -0.189097
v 1.846151 9.333334 -0.560024
v 1.701423 9.333334 -0.909429
v 1.491310 9.333334 -1.223886
v 1.223886 9.333334 -1.491310
v 0.909429 9.333334 -1.701423
v 0.560024 9.333334 -1.846151
v 0.189097 9.333334 -1.919933
v -0.189097 9.333334 -1.919933
v -0.560024 9.333334 -1.846151
v -0.909429 9.333334 -1.701423
v -1.223886 9.333334 -1.491310
v -1.491310 9.333334 -1.223886
v -1.701423 9.333334 -0.909429
v -1.846151 9.333334 -0.560024
v -1.919933 9.333334 -0.189097
v -1.919933 9.333334 0.189097
v -1.846151 9.333334 0.560024
v -1.701423 9.333334 0.909429
v -1.491310 9.333334 1.223886
v -1.223886 9.333334 1.491310
v -0.909429 9.333334 1.701423
v -0.560024 9.333334 1.846151
v -0.189097 9.333334 1.919933
v 0.189097 9.333334 1.919933
v 0.560024 9.333334 1.846151
v 0.909429 9.333334 1.701423
v 1.223886 9.333334 1.491310
v 1.491310 9.333334 1.223886
v 1.701423 9.333334 0.909429
v 1.846151 9.333334 0.560024
v 1.919933 9.333334 0.189097
v 1.837533 10.666668 -0.180981
v 1.766917 10.666668 -0.535989
v 1.628400 10.666668 -0.870398
v 1.427305 10.666668 -1.171359
v 1.171359 10.666668 -1.427305
v 0.870398 10.666668 -1.628400
v 0.535989 10.666668 -1.766917
v 0.180981 10.666668 -1.837533
v -0.180981 10.666668 -1.837533
v -0.535989 10.666668 -1.766917
v -0.870398 10.666668 -1.628400
v -1.171359 10.666668 -1.427305
v -1.427305 10.666668 -1.171359
v -1.628400 10.666668 -0.870398
v -1.766917 10.666668 -0.535989
v -1.837533 10.666668 -0.180981
v -1.837533 10.666668 0.180981
v -1.766917 10.666668 0.535989
v -1.628400 10.666668 0.870398
v -1.427305 10.666668 1.171359
v -1.171359 10.666668 1.427305
v -0.870398 10.666668 1.628400
v -0.535989 10.666668 1.766917
v -0.180981 10.666668 1.837533
v 0.180981 10.666668 1.837533
v 0.535989 10.666668 1.766917
v 0.870398 10.666668 1.628400
v 1.171359 10.666668 1.427305
v 1.427305 10.666668 1.171359
v 1.628400 10.666668 0.870398
v 1.766917 10.666668 0.535989
v 1.837533 10.666668 0.180981
v 1.755132 12.000003 -0.172865
v 1.687683 12.000003 -0.511953
v 1.555378 12.000003 -0.831367
v 1.363300 12.000003 -1.118832
v 1.118832 12.000003 -1.363300
v 0.831367 12.000003 -1.555378
v 0.511953 12.000003 -1.687683
v 0.172865 12.000003 -1.755132
v -0.172865 12.000003 -1.755132
v -0.511953 12.000003 -1.687683
v -0.831367 12.000003 -1.555378
v -1.118832 12.000003 -1.363300
v -1.363300 12.000003 -1.118832
v -1.555378 12.000003 -0.831367
v -1.687683 12.000003 -0.511953
v -1.755132 12.000003 -0.172865
v -1.755132 12.000003 0.172865
v -1.687683 12.000003 0.511953
v -1.555378 12.000003 0.831367
v -1.363300 12.000003 1.118832
v -1.118832 12.000003 1.363300
v -0.831367 12.000003 1.555378
v -0.511953 12.000003 1.687683
v -0.172865 12.000003 1.755132
v 0.172865 12.000003 1.755132
v 0.511953 12.000003 1.687683
v 0.831367 12.000003 1.555378
v 1.118832 12.000003 1.363300
v 1.363300 12.000003 1.118832
v 1.555378 12.000003 0.831367
v 1.687683 12.000003 0.511953
v 1.755132 12.000003 0.172865
v 1.672732 13.333335 -0.164750
v 1.608450 13.333335 -0.487918
v 1.482355 13.333335 -0.792336
v 1.299295 13.333335 -1.066304
v 1.066304 13.333335 -1.299295
v 0.792336 13.333335 -1.482355
v 0.487918 13.333335 -1.608450
v 0.164750 13.333335 -1.672732
v -0.164750 13.333335 -1.672732
v -0.487918 13.333335 -1.608450
v -0.792336 13.333335 -1.482355
v -1.066304 13.333335 -1.299295
v -1.299295 13.333335 -1.066304
v -1.482355 13.333335 -0.792336
v -1.608450 13.333335 -0.487918
v -1.672732 13.333335 -0.164750
v -1.672732 13.333335 0.164750
v -1.608450 13.333335 0.487918
v -1.482355 13.333335 0.792336
v -1.299295 13.333335 1.066304
v -1.066304 13.333335 1.299295
v -0.792336 13.333335 1.482355
v -0.487918 13.333335 1.608450
v -0.164750 13.333335 1.672732
v 0.164750 13.333335 1.672732
v 0.487918 13.333335 1.608450
v 0.792336 13.333335 1.482355
v 1.066304 13.333335 1.299295
v 1.299295 13.333335 1.066304
v 1.482355 13.333335 0.792336
v 1.608450 13.333335 0.487918
v 1.672732 13.333335 0.164750
v 1.590331 14.666668 -0.156634
v 1.529215 14.666668 -0.463883
v 1.409333 14.666668 -0.753304
v 1.235291 14.666668 -1.013777
v 1.013777 14.666668 -1.235291
v 0.753304 14.666668 -1.409333
v 0.463882 14.666668 -1.529215
v 0.156634 14.666668 -1.590331
v -0.156634 14.666668 -1.590331
v -0.463883 14.666668 -1.529215
v -0.753304 14.666668 -1.409333
v -1.013777 14.666668 -1.235291
v -1.235291 14.666668 -1.013777
v -1.409333 14.666668 -0.753304
v -1.529215 14.666668 -0.463882
v -1.590331 14.666668 -0.156634
v -1.590331 14.666668 0.156634
v -1.529215 14.666668 0.463883
v -1.409333 14.666668 0.753304
v -1.235291 14.666668 1.013777
v -1.013777 14.666668 1.235291
v -0.753304 14.666668 1.409333
v -0.463882 14.666668 1.529215
v -0.156634 14.666668 1.590331
v 0.156634 14.666668 1.590331
v 0.463883 14.666668 1.529215
v 0.753304 14.666668 1.409333
v 1.013777 14.666668 1.235291
v 1.235291 14.666668 1.013777
v 1.409333 14.666668 0.753304
v 1.529215 14.666668 0.463882
v 1.590331 14.666668 0.156634
v 1.507995 15.998961 -0.148525
v 1.450043 15.998961 -0.439866
v 1.336367 15.998961 -0.714303
v 1.171336 15.998961 -0.961291
v 0.961291 15.998961 -1.171336
v 0.714303 15.998961 -1.336367
v 0.439866 15.998961 -1.450043
v 0.148525 15.998961 -1.507995
v -0.148525 15.998961 -1.507995
v -0.439866 15.998961 -1.450043
v -0.714303 15.998961 -1.336367
v -0.961291 15.998961 -1.171336
v -1.171336 15.998961 -0.961291
v -1.336367 15.998961 -0.714303
v -1.450043 15.998961 -0.439866
v -1.507995 15.998961 -0.148525
v -1.507995 15.998961 0.148525
v -1.450043 15.998961 0.439866
v -1.336367 15.998961 0.714303
v -1.171336 15.998961 0.961291
v -0.961291 15.998961 1.171336
v -0.714303 15.998961 1.336367
v -0.439866 15.998961 1.450043
v -0.148525 15.998961 1.507995
v 0.148525 15.998961 1.507995
v 0.439866 15.998961 1.450043
v 0.714303 15.998961 1.336367
v 0.961291 15.998961 1.171336
v 1.171336 15.998961 0.961291
v 1.336367 15.998961 0.714303
v 1.450043 15.998961 0.439866
v 1.507995 15.998961 0.148525
v 2.305864 2.008044 -0.227108
v 2.361502 2.058694 -0.232588
v 2.217250 2.008044 -0.672596
v 2.270751 2.058694 -0.688825
v 2.043430 2.008044 -1.092236
v 2.092736 2.058694 -1.118591
v 1.791081 2.008044 -1.469902
v 1.834298 2.058694 -1.505370
v 1.469902 2.008044 -1.791081
v 1.505370 2.058694 -1.834298
v 1.092236 2.008044 -2.043430
v 1.118591 2.058694 -2.092736
v 0.672596 2.008044 -2.217251
v 0.688825 2.058694 -2.270751
v 0.227108 2.008044 -2.305864
v 0.232588 2.058694 -2.361502
v -0.227108 2.008044 -2.305864
v -0.232588 2.058694 -2.361502
v -0.672596 2.008044 -2.217250
v -0.688825 2.058694 -2.270751
v -1.092236 2.008044 -2.043430
v -1.118591 2.058694 -2.092736
v -1.469902 2.008044 -1.791081
v -1.505370 2.058694 -1.834298
v -1.791081 2.008044 -1.469902
v -1.834298 2.058694 -1.505370
v -2.043430 2.008044 -1.092236
v -2.092736 2.058694 -1.118591
v -2.217251 2.008044 -0.672596
v -2.270751 2.058694 -0.688825
v -2.305864 2.008044 -0.227108
v -2.361502 2.058694 -0.232588
v -2.305864 2.008044 0.227108
v -2.361502 2.058694 0.232588
v -2.217250 2.008044 0.672596
v -2.270751 2.058694 0.688825
v -2.043430 2.008044 1.092236
v -2.092736 2.058694 1.118591
v -1.791081 2.008044 1.469902
v -1.834298 2.058694 1.505370
v -1.469902 2.008044 1.791081
v -1.505370 2.058694 1.834298
v -1.092236 2.008044 2.043430
v -1.118591 2.058694 2.092736
v -0.672596 2.008044 2.217251
v -0.688825 2.058694 2.270751
v -0.227108 2.008044 2.305864
v -0.232588 2.058694 2.361502
v 0.227108 2.008044 2.305864
v 0.232588 2.058694 2.361502
v 0.672596 2.008044 2.217250
v 0.688825 2.058694 2.270751
v 1.092236 2.008044 2.043430
v 1.118591 2.058694 2.092736
v 1.469902 2.008044 1.791081
v 1.505370 2.058694 1.834298
v 1.791081 2.008044 1.469902
v 1.834298 2.058694 1.505370
v 2.043430 2.008044 1.092236
v 2.092736 2.058694 1.118591
v 2.217251 2.008044 0.672596
v 2.270751 2.058694 0.688825
v 2.361502 2.058694 0.232588
v 2.305864 2.008044 0.227108
v 1.379950 17.941309 -0.135913
v 1.332931 17.991959 -0.131282
v 1.326919 17.941309 -0.402516
v 1.281707 17.991959 -0.388802
v 1.222896 17.941309 -0.653651
v 1.181228 17.991959 -0.631379
v 1.071877 17.941309 -0.879667
v 1.035355 17.991959 -0.849694
v 0.879667 17.941309 -1.071877
v 0.849694 17.991959 -1.035355
v 0.653651 17.941309 -1.222896
v 0.631379 17.991959 -1.181228
v 0.402516 17.941309 -1.326919
v 0.388802 17.991959 -1.281707
v 0.135913 17.941309 -1.379949
v 0.131282 17.991959 -1.332931
v -0.135913 17.941309 -1.379950
v -0.131282 17.991959 -1.332931
v -0.402516 17.941309 -1.326919
v -0.388802 17.991959 -1.281707
v -0.653651 17.941309 -1.222896
v -0.631379 17.991959 -1.181228
v -0.879667 17.941309 -1.071877
v -0.849694 17.991959 -1.035355
v -1.071877 17.941309 -0.879667
v -1.035355 17.991959 -0.849694
v -1.222896 17.941309 -0.653651
v -1.181228 17.991959 -0.631379
v -1.326919 17.941309 -0.402516
v -1.281707 17.991959 -0.388802
v -1.379949 17.941309 -0.135913
v -1.332931 17.991959 -0.131282
v -1.379950 17.941309 0.135913
v -1.332931 17.991959 0.131282
v -1.326919 17.941309 0.402516
v -1.281707 17.991959 0.388802
v -1.222896 17.941309 0.653651
v -1.181228 17.991959 0.631379
v -1.071877 17.941309 0.879667
v -1.035355 17.991959 0.849694
v -0.879667 17.941309 1.071877
v -0.849694 17.991959 1.035355
v -0.653651 17.941309 1.222896
v -0.631379 17.991959 1.181228
v -0.402516 17.941309 1.326919
v -0.388802 17.991959 1.281707
v -0.135913 17.941309 1.379949
v -0.131282 17.991959 1.332931
v 0.135913 17.941309 1.379950
v 0.131282 17.991959 1.332931
v 0.402516 17.941309 1.326919
v 0.388802 17.991959 1.281707
v 0.653651 17.941309 1.222896
v 0.631379 17.991959 1.181228
v 0.879667 17.941309 1.071877
v 0.849694 17.991959 1.035355
v 1.071877 17.941309 0.879667
v 1.035355 17.991959 0.849694
v 1.222896 17.941309 0.653651
v 1.181228 17.991959 0.631379
v 1.326919 17.941309 0.402516
v 1.281707 17.991959 0.388802
v 1.332931 17.991959 0.131282
v 1.379950 17.941313 0.135913
v 2.328420 2.718661 0.229329
v 2.328420 2.718661 -0.229329
v 1.561308 2.000458 0.153775
v 1.561308 2.000458 -0.153775
v 2.238940 2.718661 -0.679175
v 1.501307 2.000457 -0.455417
v 2.063419 2.718661 -1.102920
v 1.383613 2.000458 -0.739556
v 1.808602 2.718661 -1.484281
v 1.212747 2.000458 -0.995275
v 1.484281 2.718661 -1.808602
v 0.995275 2.000458 -1.212747
v 1.102920 2.718661 -2.063419
v 0.739556 2.000458 -1.383613
v 0.679175 2.718661 -2.238940
v 0.455417 2.000458 -1.501307
v 0.229329 2.718661 -2.328420
v 0.153775 2.000458 -1.561308
v -0.229329 2.718661 -2.328420
v -0.153775 2.000458 -1.561308
v -0.679175 2.718661 -2.238940
v -0.455417 2.000458 -1.501307
v -1.102920 2.718661 -2.063419
v -0.739556 2.000458 -1.383613
v -1.484281 2.718661 -1.808602
v -0.995276 2.000458 -1.212747
v -1.808602 2.718661 -1.484281
v -1.212747 2.000458 -0.995275
v -2.063419 2.718661 -1.102920
v -1.383613 2.000458 -0.739556
v -2.238940 2.718661 -0.679175
v -1.501307 2.000458 -0.455417
v -2.328420 2.718661 -0.229329
v -1.561308 2.000458 -0.153775
v -2.328420 2.718661 0.229329
v -1.561308 2.000458 0.153775
v -2.238940 2.718661 0.679175
v -1.501307 2.000458 0.455417
v -2.063419 2.718661 1.102920
v -1.383613 2.000458 0.739556
v -1.808602 2.718661 1.484281
v -1.212747 2.000458 0.995275
v -1.484281 2.718661 1.808602
v -0.995275 2.000458 1.212747
v -1.102920 2.718661 2.063419
v -0.739556 2.000458 1.383613
v -0.679175 2.718661 2.238940
v -0.455417 2.000458 1.501307
v -0.229329 2.718661 2.328420
v -0.153775 2.000458 1.561308
v 0.229329 2.718661 2.328420
v 0.153775 2.000458 1.561308
v 0.679175 2.718661 2.238940
v 0.455417 2.000458 1.501307
v 1.102920 2.718661 2.063419
v 0.739556 2.000458 1.383613
v 1.484281 2.718661 1.808602
v 0.995275 2.000458 1.212747
v 1.808602 2.718661 1.484281
v 1.212747 2.000458 0.995275
v 2.063419 2.718661 1.102920
v 1.383613 2.000458 0.739556
v 2.238940 2.718661 0.679175
v 1.501307 2.000458 0.455417
v 1.428440 17.281343 0.140689
v 0.897365 17.999542 0.088383
v 1.428440 17.281343 -0.140689
v 0.897364 17.999542 -0.088383
v 1.373546 17.281343 -0.416661
v 0.862879 17.999542 -0.261752
v 1.265867 17.281343 -0.676620
v 0.795234 17.999542 -0.425062
v 1.109542 17.281343 -0.910578
v 0.697029 17.999542 -0.572037
v 0.910578 17.281343 -1.109542
v 0.572037 17.999542 -0.697029
v 0.676620 17.281343 -1.265867
v 0.425062 17.999542 -0.795234
v 0.416661 17.281343 -1.373546
v 0.261752 17.999542 -0.862879
v 0.140689 17.281343 -1.428440
v 0.088383 17.999542 -0.897364
v -0.140689 17.281343 -1.428440
v -0.088383 17.999542 -0.897365
v -0.416661 17.281343 -1.373546
v -0.261752 17.999542 -0.862879
v -0.676620 17.281343 -1.265867
v -0.425062 17.999542 -0.795234
v -0.910578 17.281343 -1.109542
v -0.572037 17.999542 -0.697029
v -1.109542 17.281343 -0.910578
v -0.697029 17.999542 -0.572037
v -1.265867 17.281343 -0.676620
v -0.795234 17.999542 -0.425062
v -1.373546 17.281343 -0.416661
v -0.862879 17.999542 -0.261752
v -1.428440 17.281343 -0.140689
v -0.897364 17.999542 -0.088383
v -1.428440 17.281343 0.140689
v -0.897364 17.999542 0.088383
v -1.373546 17.281343 0.416661
v -0.862879 17.999542 0.261752
v -1.265867 17.281343 0.676620
v -0.795234 17.999542 0.425061
v -1.109542 17.281343 0.910578
v -0.697029 17.999542 0.572037
v -0.910578 17.281343 1.109542
v -0.572037 17.999542 0.697029
v -0.676620 17.281343 1.265867
v -0.425062 17.999542 0.795234
v -0.416661 17.281343 1.373546
v -0.261752 17.999542 0.862879
v -0.140689 17.281343 1.428440
v -0.088383 17.999542 0.897364
v 0.140689 17.281343 1.428440
v 0.088383 17.999542 0.897365
v 0.416661 17.281343 1.373546
v 0.261752 17.999542 0.862879
v 0.676620 17.281343 1.265867
v 0.425062 17.999542 0.795234
v 0.910578 17.281343 1.109542
v 0.572037 17.999542 0.697029
v 1.109542 17.281343 0.910578
v 0.697029 17.999542 0.572037
v 1.265867 17.281343 0.676620
v 0.795234 17.999542 0.425062
v 1.373546 17.281343 0.416661
v 0.862879 17.999542 0.261752
vn 0.9969 0.0619 -0.0490
vn 0.9873 0.0619 -0.1464
vn 0.9682 0.0619 -0.2426
vn 0.9398 0.0619 -0.3362
vn 0.9022 0.0619 -0.4268
vn 0.8561 0.0619 -0.5131
vn 0.8016 0.0619 -0.5946
vn 0.7396 0.0619 -0.6702
vn 0.6702 0.0619 -0.7396
vn 0.5946 0.0619 -0.8016
vn 0.5131 0.0619 -0.8561
vn 0.4268 0.0619 -0.9022
vn 0.3362 0.0619 -0.9398
vn 0.2426 0.0619 -0.9682
vn 0.1464 0.0619 -0.9873
vn 0.0490 0.0619 -0.9969
vn -0.0490 0.0619 -0.9969
vn -0.1464 0.0619 -0.9873
vn -0.2426 0.0619 -0.9682
vn -0.3362 0.0619 -0.9398
vn -0.4268 0.0619 -0.9022
vn -0.5131 0.0619 -0.8561
vn -0.5946 0.0619 -0.8016
vn -0.6702 0.0619 -0.7396
vn -0.7396 0.0619 -0.6702
vn -0.8016 0.0619 -0.5946
vn -0.8561 0.0619 -0.5131
vn -0.9022 0.0619 -0.4268
vn -0.9398 0.0619 -0.3362
vn -0.9682 0.0619 -0.2426
vn -0.9873 0.0619 -0.1464
vn -0.9969 0.0619 -0.0490
vn -0.9969 0.0619 0.0490
vn -0.9873 0.0619 0.1464
vn -0.9682 0.0619 0.2426
vn -0.9398 0.0619 0.3362
vn -0.9022 0.0619 0.4268
vn -0.8561 0.0619 0.5131
vn -0.8016 0.0619 0.5946
vn -0.7396 0.0619 0.6702
vn -0.6702 0.0619 0.7396
vn -0.5946 0.0619 0.8016
vn -0.5131 0.0619 0.8561
vn -0.4268 0.0619 0.9022
vn -0.3362 0.0619 0.9398
vn -0.2426 0.0619 0.9682
vn -0.1464 0.0619 0.9873
vn -0.0490 0.0619 0.9969
vn 0.0490 0.0619 0.9969
vn 0.1464 0.0619 0.9873
vn 0.2426 0.0619 0.9682
vn 0.3362 0.0619 0.9398
vn 0.4268 0.0619 0.9022
vn 0.5131 0.0619 0.8561
vn 0.5946 0.0619 0.8016
vn 0.6702 0.0619 0.7396
vn 0.7396 0.0619 0.6702
vn 0.8016 0.0619 0.5946
vn 0.8561 0.0619 0.5131
vn 0.9022 0.0619 0.4268
vn 0.9398 0.0619 0.3362
vn 0.9682 0.0619 0.2426
vn 0.9873 0.0619 0.1464
vn 0.9969 0.0619 0.0490
vn 0.0210 -0.9998 0.0002
vn 0.0206 -0.9998 -0.0043
vn 0.1952 -0.9803 -0.0301
vn 0.1974 -0.9803 -0.0085
vn 0.9822 -0.1813 -0.0483
vn 0.9728 -0.1813 -0.1443
vn 0.9886 0.0339 -0.1466
vn 0.9982 0.0339 -0.0491
vn 0.0207 -0.9998 -0.0039
vn 0.0194 -0.9998 -0.0082
vn 0.1856 -0.9803 -0.0676
vn 0.1919 -0.9803 -0.0469
vn 0.9540 -0.1813 -0.2390
vn 0.9260 -0.1813 -0.3313
vn 0.9410 0.0339 -0.3367
vn 0.9695 0.0339 -0.2429
vn 0.0195 -0.9998 -0.0079
vn 0.0174 -0.9998 -0.0118
vn 0.1688 -0.9803 -0.1026
vn 0.1791 -0.9803 -0.0834
vn 0.8890 -0.1813 -0.4205
vn 0.8435 -0.1813 -0.5056
vn 0.8573 0.0339 -0.5138
vn 0.9035 0.0339 -0.4273
vn 0.0176 -0.9998 -0.0115
vn 0.0148 -0.9998 -0.0150
vn 0.1456 -0.9803 -0.1335
vn 0.1594 -0.9803 -0.1167
vn 0.7899 -0.1813 -0.5859
vn 0.7287 -0.1813 -0.6604
vn 0.7406 0.0339 -0.6711
vn 0.8027 0.0339 -0.5954
vn 0.0150 -0.9998 -0.0148
vn 0.0115 -0.9998 -0.0176
vn 0.1167 -0.9803 -0.1594
vn 0.1335 -0.9803 -0.1456
vn 0.6604 -0.1813 -0.7287
vn 0.5859 -0.1813 -0.7899
vn 0.5954 0.0339 -0.8027
vn 0.6711 0.0339 -0.7406
vn 0.0118 -0.9998 -0.0174
vn 0.0079 -0.9998 -0.0195
vn 0.0834 -0.9803 -0.1791
vn 0.1026 -0.9803 -0.1688
vn 0.5056 -0.1813 -0.8435
vn 0.4205 -0.1813 -0.8890
vn 0.4273 0.0339 -0.9035
vn 0.5138 0.0339 -0.8573
vn 0.0082 -0.9998 -0.0194
vn 0.0039 -0.9998 -0.0207
vn 0.0469 -0.9803 -0.1919
vn 0.0676 -0.9803 -0.1856
vn 0.3313 -0.1813 -0.9260
vn 0.2390 -0.1813 -0.9540
vn 0.2429 0.0339 -0.9695
vn 0.3367 0.0339 -0.9410
vn 0.0043 -0.9998 -0.0206
vn -0.0002 -0.9998 -0.0210
vn 0.0085 -0.9803 -0.1974
vn 0.0301 -0.9803 -0.1952
vn 0.1443 -0.1813 -0.9728
vn 0.0483 -0.1813 -0.9822
vn 0.0491 0.0339 -0.9982
vn 0.1466 0.0339 -0.9886
vn 0.0002 -0.9998 -0.0210
vn -0.0043 -0.9998 -0.0206
vn -0.0301 -0.9803 -0.1952
vn -0.0085 -0.9803 -0.1974
vn -0.0483 -0.1813 -0.9822
vn -0.1443 -0.1813 -0.9728
vn -0.1466 0.0339 -0.9886
vn -0.0491 0.0339 -0.9982
vn -0.0039 -0.9998 -0.0207
vn -0.0082 -0.9998 -0.0194
vn -0.0676 -0.9803 -0.1856
vn -0.0469 -0.9803 -0.1919
vn -0.2390 -0.1813 -0.9540
vn -0.3313 -0.1813 -0.9260
vn -0.3367 0.0339 -0.9410
vn -0.2429 0.0339 -0.9695
vn -0.0079 -0.9998 -0.0195
vn -0.0118 -0.9998 -0.0174
vn -0.1026 -0.9803 -0.1688
vn -0.0834 -0.9803 -0.1791
vn -0.4205 -0.1813 -0.8890
vn -0.5056 -0.1813 -0.8435
vn -0.5138 0.0339 -0.8573
vn -0.4273 0.0339 -0.9035
vn -0.0115 -0.9998 -0.0176
vn -0.0150 -0.9998 -0.0148
vn -0.1335 -0.9803 -0.1456
vn -0.1167 -0.9803 -0.1594
vn -0.5859 -0.1813 -0.7899
vn -0.6604 -0.1813 -0.7287
vn -0.6711 0.0339 -0.7406
vn -0.5954 0.0339 -0.8027
vn -0.0148 -0.9998 -0.0150
vn -0.0176 -0.9998 -0.0115
vn -0.1594 -0.9803 -0.1167
vn -0.1456 -0.9803 -0.1335
vn -0.7287 -0.1813 -0.6604
vn -0.7899 -0.1813 -0.5859
vn -0.8027 0.0339 -0.5954
vn -0.7406 0.0339 -0.6711
vn -0.0174 -0.9998 -0.0118
vn -0.0195 -0.9998 -0.0079
vn -0.1791 -0.9803 -0.0834
vn -0.1688 -0.9803 -0.1026
vn -0.8435 -0.1813 -0.5056
vn -0.8890 -0.1813 -0.4205
vn -0.9035 0.0339 -0.4273
vn -0.8573 0.0339 -0.5138
vn -0.0194 -0.9998 -0.0082
vn -0.0207 -0.9998 -0.0039
vn -0.1919 -0.9803 -0.0469
vn -0.1856 -0.9803 -0.0676
vn -0.9260 -0.1813 -0.3313
vn -0.9540 -0.1813 -0.2390
vn -0.9695 0.0339 -0.2429
vn -0.9410 0.0339 -0.3367
vn -0.0206 -0.9998 -0.0043
vn -0.0210 -0.9998 0.0002
vn -0.1974 -0.9803 -0.0085
vn -0.1952 -0.9803 -0.0301
vn -0.9728 -0.1813 -0.1443
vn -0.9822 -0.1813 -0.0483
vn -0.9982 0.0339 -0.0491
vn -0.9886 0.0339 -0.1466
vn -0.0210 -0.9998 -0.0002
vn -0.0206 -0.9998 0.0043
vn -0.1952 -0.9803 0.0301
vn -0.1974 -0.9803 0.0085
vn -0.9822 -0.1813 0.0483
vn -0.9728 -0.1813 0.1443
vn -0.9886 0.0339 0.1466
vn -0.9982 0.0339 0.0491
vn -0.0207 -0.9998 0.0039
vn -0.0194 -0.9998 0.0082
vn -0.1856 -0.9803 0.0676
vn -0.1919 -0.9803 0.0469
vn -0.9540 -0.1813 0.2390
vn -0.9260 -0.1813 0.3313
vn -0.9410 0.0339 0.3367
vn -0.9695 0.0339 0.2429
vn -0.0195 -0.9998 0.0079
vn -0.0174 -0.9998 0.0118
vn -0.1688 -0.9803 0.1026
vn -0.1791 -0.9803 0.0834
vn -0.8890 -0.1813 0.4205
vn -0.8435 -0.1813 0.5056
vn -0.8573 0.0339 0.5138
vn -0.9035 0.0339 0.4273
vn -0.0176 -0.9998 0.0115
vn -0.0148 -0.9998 0.0150
vn -0.1456 -0.9803 0.1335
vn -0.1594 -0.9803 0.1167
vn -0.7899 -0.1813 0.5859
vn -0.7287 -0.1813 0.6604
vn -0.7406 0.0339 0.6711
vn -0.8027 0.0339 0.5954
vn -0.0150 -0.9998 0.0148
vn -0.0115 -0.9998 0.0176
vn -0.1167 -0.9803 0.1594
vn -0.1335 -0.9803 0.1456
vn -0.6604 -0.1813 0.7287
vn -0.5859 -0.1813 0.7899
vn -0.5954 0.0339 0.8027
vn -0.6711 0.0339 0.7406
vn -0.0118 -0.9998 0.0174
vn -0.0079 -0.9998 0.0195
vn -0.0834 -0.9803 0.1791
vn -0.1026 -0.9803 0.1688
vn -0.5056 -0.1813 0.8435
vn -0.4205 -0.1813 0.8890
vn -0.4273 0.0339 0.9035
vn -0.5138 0.0339 0.8573
vn -0.0082 -0.9998 0.0194
vn -0.0039 -0.9998 0.0207
vn -0.0469 -0.9803 0.1919
vn -0.0676 -0.9803 0.1856
vn -0.3313 -0.1813 0.9260
vn -0.2390 -0.1813 0.9540
vn -0.2429 0.0339 0.9695
vn -0.3367 0.0339 0.9410
vn -0.0043 -0.9998 0.0206
vn 0.0002 -0.9998 0.0210
vn -0.0085 -0.9803 0.1974
vn -0.0301 -0.9803 0.1952
vn -0.1443 -0.1813 0.9728
vn -0.0483 -0.1813 0.9822
vn -0.0491 0.0339 0.9982
vn -0.1466 0.0339 0.9886
vn -0.0002 -0.9998 0.0210
vn 0.0043 -0.9998 0.0206
vn 0.0301 -0.9803 0.1952
vn 0.0085 -0.9803 0.1974
vn 0.0483 -0.1813 0.9822
vn 0.1443 -0.1813 0.9728
vn 0.1466 0.0339 0.9886
vn 0.0491 0.0339 0.9982
vn 0.0039 -0.9998 0.0207
vn 0.0082 -0.9998 0.0194
vn 0.0676 -0.9803 0.1856
vn 0.0469 -0.9803 0.1919
vn 0.2390 -0.1813 0.9540
vn 0.3313 -0.1813 0.9260
vn 0.3367 0.0339 0.9410
vn 0.2429 0.0339 0.9695
vn 0.0079 -0.9998 0.0195
vn 0.0118 -0.9998 0.0174
vn 0.1026 -0.9803 0.1688
vn 0.0834 -0.9803 0.1791
vn 0.4205 -0.1813 0.8890
vn 0.5056 -0.1813 0.8435
vn 0.5138 0.0339 0.8573
vn 0.4273 0.0339 0.9035
vn 0.0115 -0.9998 0.0176
vn 0.0150 -0.9998 0.0148
vn 0.1335 -0.9803 0.1456
vn 0.1167 -0.9803 0.1594
vn 0.5859 -0.1813 0.7899
vn 0.6604 -0.1813 0.7287
vn 0.6711 0.0339 0.7406
vn 0.5954 0.0339 0.8027
vn 0.0148 -0.9998 0.0150
vn 0.0176 -0.9998 0.0115
vn 0.1594 -0.9803 0.1167
vn 0.1456 -0.9803 0.1335
vn 0.7287 -0.1813 0.6604
vn 0.7899 -0.1813 0.5859
vn 0.8027 0.0339 0.5954
vn 0.7406 0.0339 0.6711
vn 0.0174 -0.9998 0.0118
vn 0.0195 -0.9998 0.0079
vn 0.1791 -0.9803 0.0834
vn 0.1688 -0.9803 0.1026
vn 0.8435 -0.1813 0.5056
vn 0.8890 -0.1813 0.4205
vn 0.9035 0.0339 0.4273
vn 0.8573 0.0339 0.5138
vn 0.0194 -0.9998 0.0082
vn 0.0207 -0.9998 0.0039
vn 0.1919 -0.9803 0.0469
vn 0.1856 -0.9803 0.0676
vn 0.9260 -0.1813 0.3313
vn 0.9540 -0.1813 0.2390
vn 0.9695 0.0339 0.2429
vn 0.9410 0.0339 0.3367
vn 0.9982 0.0339 0.0491
vn 0.9886 0.0339 0.1466
vn 0.9728 -0.1813 0.1443
vn 0.9822 -0.1813 0.0483
vn 0.1974 -0.9803 0.0085
vn 0.1952 -0.9803 0.0301
vn 0.0206 -0.9998 0.0043
vn 0.0210 -0.9998 -0.0002
vn 0.9948 0.0898 -0.0489
vn 0.9852 0.0898 -0.1461
vn 0.9453 0.2947 -0.1402
vn 0.9544 0.2947 -0.0469
vn 0.2717 0.9623 -0.0117
vn 0.2688 0.9623 -0.0415
vn 0.0346 0.9994 -0.0072
vn 0.0353 0.9994 0.0003
vn 0.9661 0.0898 -0.2420
vn 0.9378 0.0898 -0.3355
vn 0.8998 0.2947 -0.3219
vn 0.9270 0.2947 -0.2322
vn 0.2642 0.9623 -0.0645
vn 0.2556 0.9623 -0.0931
vn 0.0325 0.9994 -0.0138
vn 0.0347 0.9994 -0.0066
vn 0.9003 0.0898 -0.4259
vn 0.8543 0.0898 -0.5120
vn 0.8197 0.2947 -0.4912
vn 0.8639 0.2947 -0.4086
vn 0.2465 0.9623 -0.1148
vn 0.2325 0.9623 -0.1412
vn 0.0292 0.9994 -0.0198
vn 0.0327 0.9994 -0.0133
vn 0.7999 0.0898 -0.5933
vn 0.7380 0.0898 -0.6688
vn 0.7081 0.2947 -0.6417
vn 0.7675 0.2947 -0.5693
vn 0.2194 0.9623 -0.1607
vn 0.2004 0.9623 -0.1838
vn 0.0248 0.9994 -0.0251
vn 0.0295 0.9994 -0.0194
vn 0.6688 0.0898 -0.7380
vn 0.5933 0.0898 -0.7999
vn 0.5693 0.2947 -0.7675
vn 0.6417 0.2947 -0.7081
vn 0.1838 0.9623 -0.2005
vn 0.1607 0.9623 -0.2194
vn 0.0194 0.9994 -0.0295
vn 0.0252 0.9994 -0.0248
vn 0.5120 0.0898 -0.8543
vn 0.4259 0.0898 -0.9003
vn 0.4086 0.2947 -0.8638
vn 0.4913 0.2947 -0.8196
vn 0.1412 0.9623 -0.2325
vn 0.1149 0.9623 -0.2466
vn 0.0133 0.9994 -0.0327
vn 0.0198 0.9994 -0.0292
vn 0.3355 0.0898 -0.9378
vn 0.2420 0.0898 -0.9661
vn 0.2322 0.2947 -0.9269
vn 0.3219 0.2947 -0.8997
vn 0.0931 0.9623 -0.2556
vn 0.0645 0.9623 -0.2642
vn 0.0066 0.9994 -0.0347
vn 0.0138 0.9994 -0.0325
vn 0.1461 0.0898 -0.9852
vn 0.0489 0.0898 -0.9948
vn 0.0469 0.2947 -0.9544
vn 0.1402 0.2947 -0.9453
vn 0.0415 0.9623 -0.2688
vn 0.0118 0.9623 -0.2717
vn -0.0003 0.9994 -0.0353
vn 0.0072 0.9994 -0.0346
vn -0.0489 0.0898 -0.9948
vn -0.1461 0.0898 -0.9852
vn -0.1402 0.2947 -0.9453
vn -0.0469 0.2947 -0.9544
vn -0.0118 0.9623 -0.2717
vn -0.0415 0.9623 -0.2688
vn -0.0072 0.9994 -0.0346
vn 0.0003 0.9994 -0.0353
vn -0.2420 0.0898 -0.9661
vn -0.3355 0.0898 -0.9378
vn -0.3219 0.2947 -0.8997
vn -0.2322 0.2947 -0.9269
vn -0.0645 0.9623 -0.2642
vn -0.0931 0.9623 -0.2556
vn -0.0138 0.9994 -0.0325
vn -0.0066 0.9994 -0.0347
vn -0.4259 0.0898 -0.9003
vn -0.5120 0.0898 -0.8543
vn -0.4913 0.2947 -0.8197
vn -0.4086 0.2947 -0.8638
vn -0.1149 0.9623 -0.2466
vn -0.1412 0.9623 -0.2325
vn -0.0198 0.9994 -0.0292
vn -0.0133 0.9994 -0.0327
vn -0.5933 0.0898 -0.7999
vn -0.6688 0.0898 -0.7380
vn -0.6417 0.2947 -0.7081
vn -0.5693 0.2947 -0.7675
vn -0.1607 0.9623 -0.2194
vn -0.1838 0.9623 -0.2005
vn -0.0252 0.9994 -0.0248
vn -0.0194 0.9994 -0.0295
vn -0.7380 0.0898 -0.6688
vn -0.7999 0.0898 -0.5933
vn -0.7675 0.2947 -0.5693
vn -0.7081 0.2947 -0.6417
vn -0.2004 0.9623 -0.1838
vn -0.2194 0.9623 -0.1607
vn -0.0295 0.9994 -0.0194
vn -0.0248 0.9994 -0.0251
vn -0.8543 0.0898 -0.5120
vn -0.9003 0.0898 -0.4259
vn -0.8639 0.2947 -0.4086
vn -0.8197 0.2947 -0.4912
vn -0.2324 0.9623 -0.1412
vn -0.2465 0.9623 -0.1148
vn -0.0327 0.9994 -0.0133
vn -0.0292 0.9994 -0.0198
vn -0.9378 0.0898 -0.3355
vn -0.9661 0.0898 -0.2420
vn -0.9270 0.2947 -0.2322
vn -0.8998 0.2947 -0.3219
vn -0.2555 0.9623 -0.0931
vn -0.2643 0.9623 -0.0645
vn -0.0347 0.9994 -0.0066
vn -0.0325 0.9994 -0.0138
vn -0.9852 0.0898 -0.1461
vn -0.9948 0.0898 -0.0489
vn -0.9544 0.2947 -0.0469
vn -0.9453 0.2947 -0.1402
vn -0.2688 0.9623 -0.0415
vn -0.2717 0.9623 -0.0117
vn -0.0353 0.9994 0.0003
vn -0.0346 0.9994 -0.0072
vn -0.9948 0.0898 0.0489
vn -0.9852 0.0898 0.1461
vn -0.9453 0.2947 0.1402
vn -0.9544 0.2947 0.0469
vn -0.2717 0.9623 0.0117
vn -0.2688 0.9623 0.0415
vn -0.0346 0.9994 0.0072
vn -0.0353 0.9994 -0.0003
vn -0.9661 0.0898 0.2420
vn -0.9378 0.0898 0.3355
vn -0.8998 0.2947 0.3219
vn -0.9270 0.2947 0.2322
vn -0.2642 0.9623 0.0645
vn -0.2556 0.9623 0.0931
vn -0.0325 0.9994 0.0138
vn -0.0347 0.9994 0.0066
vn -0.9003 0.0898 0.4259
vn -0.8543 0.0898 0.5120
vn -0.8197 0.2947 0.4912
vn -0.8639 0.2947 0.4086
vn -0.2465 0.9623 0.1148
vn -0.2325 0.9623 0.1412
vn -0.0292 0.9994 0.0198
vn -0.0327 0.9994 0.0133
vn -0.7999 0.0898 0.5933
vn -0.7380 0.0898 0.6688
vn -0.7081 0.2947 0.6417
vn -0.7675 0.2947 0.5693
vn -0.2194 0.9623 0.1607
vn -0.2004 0.9623 0.1838
vn -0.0248 0.9994 0.0251
vn -0.0295 0.9994 0.0194
vn -0.6688 0.0898 0.7380
vn -0.5933 0.0898 0.7999
vn -0.5693 0.2947 0.7675
vn -0.6417 0.2947 0.7081
vn -0.1838 0.9623 0.2005
vn -0.1607 0.9623 0.2194
vn -0.0194 0.9994 0.0295
vn -0.0252 0.9994 0.0248
vn -0.5120 0.0898 0.8543
vn -0.4259 0.0898 0.9003
vn -0.4086 0.2947 0.8638
vn -0.4913 0.2947 0.8196
vn -0.1412 0.9623 0.2325
vn -0.1149 0.9623 0.2466
vn -0.0133 0.9994 0.0327
vn -0.0198 0.9994 0.0292
vn -0.3355 0.0898 0.9378
vn -0.2420 0.0898 0.9661
vn -0.2322 0.2947 0.9269
vn -0.3219 0.2947 0.8997
vn -0.0931 0.9623 0.2556
vn -0.0645 0.9623 0.2642
vn -0.0066 0.9994 0.0347
vn -0.0138 0.9994 0.0325
vn -0.1461 0.0898 0.9852
vn -0.0489 0.0898 0.9948
vn -0.0469 0.2947 0.9544
vn -0.1402 0.2947 0.9453
vn -0.0415 0.9623 0.2688
vn -0.0118 0.9623 0.2717
vn 0.0003 0.9994 0.0353
vn -0.0072 0.9994 0.0346
vn 0.0489 0.0898 0.9948
vn 0.1461 0.0898 0.9852
vn 0.1402 0.2947 0.9453
vn 0.0469 0.2947 0.9544
vn 0.0118 0.9623 0.2717
vn 0.0415 0.9623 0.2688
vn 0.0072 0.9994 0.0346
vn -0.0003 0.9994 0.0353
vn 0.2420 0.0898 0.9661
vn 0.3355 0.0898 0.9378
vn 0.3219 0.2947 0.8997
vn 0.2322 0.2947 0.9269
vn 0.0645 0.9623 0.2642
vn 0.0931 0.9623 0.2556
vn 0.0138 0.9994 0.0325
vn 0.0066 0.9994 0.0347
vn 0.4259 0.0898 0.9003
vn 0.5120 0.0898 0.8543
vn 0.4913 0.2947 0.8197
vn 0.4086 0.2947 0.8638
vn 0.1149 0.9623 0.2466
vn 0.1412 0.9623 0.2325
vn 0.0198 0.9994 0.0292
vn 0.0133 0.9994 0.0327
vn 0.5933 0.0898 0.7999
vn 0.6688 0.0898 0.7380
vn 0.6417 0.2947 0.7081
vn 0.5693 0.2947 0.7675
vn 0.1607 0.9623 0.2194
vn 0.1838 0.9623 0.2005
vn 0.0252 0.9994 0.0248
vn 0.0194 0.9994 0.0295
vn 0.7380 0.0898 0.6688
vn 0.7999 0.0898 0.5933
vn 0.7675 0.2947 0.5693
vn 0.7081 0.2947 0.6417
vn 0.2004 0.9623 0.1838
vn 0.2194 0.9623 0.1607
vn 0.0295 0.9994 0.0194
vn 0.0248 0.9994 0.0251
vn 0.8543 0.0898 0.5120
vn 0.9003 0.0898 0.4259
vn 0.8639 0.2947 0.4086
vn 0.8197 0.2947 0.4912
vn 0.2324 0.9623 0.1412
vn 0.2465 0.9623 0.1148
vn 0.0327 0.9994 0.0133
vn 0.0292 0.9994 0.0198
vn 0.9378 0.0898 0.3355
vn 0.9661 0.0898 0.2420
vn 0.9270 0.2947 0.2322
vn 0.8998 0.2947 0.3219
vn 0.2555 0.9623 0.0931
vn 0.2643 0.9623 0.0645
vn 0.0347 0.9994 0.0066
vn 0.0325 0.9994 0.0138
vn 0.0353 0.9994 -0.0003
vn 0.0346 0.9994 0.0072
vn 0.2688 0.9623 0.0415
vn 0.2718 0.9623 0.0118
vn 0.9544 0.2947 0.0469
vn 0.9452 0.2947 0.1402
vn 0.9852 0.0898 0.1461
vn 0.9948 0.0898 0.0489
vn 0.9876 0.0573 0.1465
vn 0.9972 0.0573 0.0490
vn 0.9969 0.0614 0.0490
vn 0.9873 0.0614 0.1464
vn 0.9972 0.0573 -0.0490
vn 0.9876 0.0573 -0.1465
vn 0.9873 0.0614 -0.1464
vn 0.9969 0.0614 -0.0490
vn 0.0003 -1.0000 -0.0000
vn 0.0036 -1.0000 -0.0016
vn 0.0033 -1.0000 0.0023
vn 0.0033 -1.0000 -0.0023
vn 0.0036 -1.0000 0.0016
vn 0.9684 0.0573 -0.2426
vn 0.9400 0.0573 -0.3363
vn 0.9398 0.0614 -0.3362
vn 0.9682 0.0614 -0.2426
vn 0.0003 -1.0000 -0.0001
vn 0.0028 -1.0000 -0.0029
vn 0.0039 -1.0000 0.0008
vn 0.9025 0.0573 -0.4269
vn 0.8563 0.0573 -0.5132
vn 0.8561 0.0614 -0.5131
vn 0.9023 0.0614 -0.4268
vn 0.0022 -1.0000 -0.0033
vn 0.0040 -1.0000 0.0001
vn 0.8019 0.0573 -0.5948
vn 0.7398 0.0573 -0.6704
vn 0.7396 0.0614 -0.6703
vn 0.8017 0.0614 -0.5946
vn 0.0002 -1.0000 -0.0002
vn 0.0015 -1.0000 -0.0037
vn 0.0039 -1.0000 -0.0007
vn 0.6704 0.0573 -0.7398
vn 0.5948 0.0573 -0.8019
vn 0.5946 0.0614 -0.8017
vn 0.6703 0.0614 -0.7396
vn 0.0007 -1.0000 -0.0039
vn 0.0037 -1.0000 -0.0015
vn 0.5132 0.0573 -0.8563
vn 0.4269 0.0573 -0.9025
vn 0.4268 0.0614 -0.9023
vn 0.5131 0.0614 -0.8561
vn 0.0001 -1.0000 -0.0003
vn -0.0001 -1.0000 -0.0040
vn 0.0033 -1.0000 -0.0022
vn 0.3363 0.0573 -0.9400
vn 0.2426 0.0573 -0.9684
vn 0.2426 0.0614 -0.9682
vn 0.3362 0.0614 -0.9398
vn -0.0008 -1.0000 -0.0039
vn 0.0029 -1.0000 -0.0028
vn 0.1465 0.0573 -0.9876
vn 0.0490 0.0573 -0.9972
vn 0.0490 0.0614 -0.9969
vn 0.1464 0.0614 -0.9873
vn -0.0000 -1.0000 -0.0003
vn -0.0016 -1.0000 -0.0036
vn 0.0023 -1.0000 -0.0033
vn -0.0490 0.0573 -0.9972
vn -0.1465 0.0573 -0.9876
vn -0.1464 0.0614 -0.9873
vn -0.0490 0.0614 -0.9969
vn -0.0023 -1.0000 -0.0033
vn 0.0016 -1.0000 -0.0036
vn -0.2426 0.0573 -0.9684
vn -0.3363 0.0573 -0.9400
vn -0.3362 0.0614 -0.9398
vn -0.2426 0.0614 -0.9682
vn -0.0001 -1.0000 -0.0003
vn -0.0029 -1.0000 -0.0028
vn 0.0008 -1.0000 -0.0039
vn -0.4269 0.0573 -0.9025
vn -0.5132 0.0573 -0.8563
vn -0.5131 0.0614 -0.8561
vn -0.4268 0.0614 -0.9023
vn -0.0033 -1.0000 -0.0022
vn 0.0001 -1.0000 -0.0040
vn -0.5948 0.0573 -0.8019
vn -0.6704 0.0573 -0.7398
vn -0.6703 0.0614 -0.7396
vn -0.5946 0.0614 -0.8017
vn -0.0002 -1.0000 -0.0002
vn -0.0037 -1.0000 -0.0015
vn -0.0007 -1.0000 -0.0039
vn -0.7398 0.0573 -0.6704
vn -0.8019 0.0573 -0.5948
vn -0.8017 0.0614 -0.5946
vn -0.7396 0.0614 -0.6703
vn -0.0039 -1.0000 -0.0007
vn -0.0015 -1.0000 -0.0037
vn -0.8563 0.0573 -0.5132
vn -0.9025 0.0573 -0.4269
vn -0.9023 0.0614 -0.4268
vn -0.8561 0.0614 -0.5131
vn -0.0003 -1.0000 -0.0001
vn -0.0040 -1.0000 0.0001
vn -0.0021 -1.0000 -0.0033
vn -0.9400 0.0573 -0.3363
vn -0.9684 0.0573 -0.2426
vn -0.9682 0.0614 -0.2426
vn -0.9398 0.0614 -0.3362
vn -0.0039 -1.0000 0.0008
vn -0.0028 -1.0000 -0.0029
vn -0.9876 0.0573 -0.1465
vn -0.9972 0.0573 -0.0490
vn -0.9969 0.0614 -0.0490
vn -0.9873 0.0614 -0.1464
vn -0.0003 -1.0000 -0.0000
vn -0.0036 -1.0000 0.0016
vn -0.0033 -1.0000 -0.0023
vn -0.9972 0.0573 0.0490
vn -0.9876 0.0573 0.1465
vn -0.9873 0.0614 0.1464
vn -0.9969 0.0614 0.0490
vn -0.0033 -1.0000 0.0023
vn -0.0036 -1.0000 -0.0016
vn -0.9684 0.0573 0.2426
vn -0.9400 0.0573 0.3363
vn -0.9398 0.0614 0.3362
vn -0.9682 0.0614 0.2426
vn -0.0003 -1.0000 0.0001
vn -0.0028 -1.0000 0.0029
vn -0.0039 -1.0000 -0.0008
vn -0.9025 0.0573 0.4269
vn -0.8563 0.0573 0.5132
vn -0.8561 0.0614 0.5131
vn -0.9023 0.0614 0.4268
vn -0.0022 -1.0000 0.0033
vn -0.0040 -1.0000 -0.0001
vn -0.8019 0.0573 0.5948
vn -0.7398 0.0573 0.6704
vn -0.7396 0.0614 0.6703
vn -0.8017 0.0614 0.5946
vn -0.0002 -1.0000 0.0002
vn -0.0015 -1.0000 0.0037
vn -0.0039 -1.0000 0.0007
vn -0.6704 0.0573 0.7398
vn -0.5948 0.0573 0.8019
vn -0.5946 0.0614 0.8017
vn -0.6703 0.0614 0.7396
vn -0.0007 -1.0000 0.0039
vn -0.0037 -1.0000 0.0015
vn -0.5132 0.0573 0.8563
vn -0.4269 0.0573 0.9025
vn -0.4268 0.0614 0.9023
vn -0.5131 0.0614 0.8561
vn -0.0001 -1.0000 0.0003
vn 0.0001 -1.0000 0.0040
vn -0.0033 -1.0000 0.0022
vn -0.3363 0.0573 0.9400
vn -0.2426 0.0573 0.9684
vn -0.2426 0.0614 0.9682
vn -0.3362 0.0614 0.9398
vn 0.0008 -1.0000 0.0039
vn -0.0029 -1.0000 0.0028
vn -0.1465 0.0573 0.9876
vn -0.0490 0.0573 0.9972
vn -0.0490 0.0614 0.9969
vn -0.1464 0.0614 0.9873
vn -0.0000 -1.0000 0.0003
vn 0.0016 -1.0000 0.0036
vn -0.0023 -1.0000 0.0033
vn 0.0490 0.0573 0.9972
vn 0.1465 0.0573 0.9876
vn 0.1464 0.0614 0.9873
vn 0.0490 0.0614 0.9969
vn 0.0023 -1.0000 0.0033
vn -0.0016 -1.0000 0.0036
vn 0.2426 0.0573 0.9684
vn 0.3363 0.0573 0.9400
vn 0.3362 0.0614 0.9398
vn 0.2426 0.0614 0.9682
vn 0.0001 -1.0000 0.0003
vn 0.0029 -1.0000 0.0028
vn -0.0008 -1.0000 0.0039
vn 0.4269 0.0573 0.9025
vn 0.5132 0.0573 0.8563
vn 0.5131 0.0614 0.8561
vn 0.4268 0.0614 0.9023
vn 0.0033 -1.0000 0.0022
vn -0.0001 -1.0000 0.0040
vn 0.5948 0.0573 0.8019
vn 0.6704 0.0573 0.7398
vn 0.6703 0.0614 0.7396
vn 0.5946 0.0614 0.8017
vn 0.0002 -1.0000 0.0002
vn 0.0037 -1.0000 0.0015
vn 0.0007 -1.0000 0.0039
vn 0.7398 0.0573 0.6704
vn 0.8019 0.0573 0.5948
vn 0.8017 0.0614 0.5946
vn 0.7396 0.0614 0.6703
vn 0.0039 -1.0000 0.0007
vn 0.0015 -1.0000 0.0037
vn 0.8563 0.0573 0.5132
vn 0.9025 0.0573 0.4269
vn 0.9023 0.0614 0.4268
vn 0.8561 0.0614 0.5131
vn 0.0003 -1.0000 0.0001
vn 0.0040 -1.0000 -0.0001
vn 0.0021 -1.0000 0.0033
vn 0.9400 0.0573 0.3363
vn 0.9684 0.0573 0.2426
vn 0.9682 0.0614 0.2426
vn 0.9398 0.0614 0.3362
vn 0.0039 -1.0000 -0.0008
vn 0.0028 -1.0000 0.0029
vn 0.9873 0.0624 0.1464
vn 0.9968 0.0624 0.0490
vn 0.9966 0.0665 0.0490
vn 0.9870 0.0665 0.1464
vn 0.0005 1.0000 -0.0000
vn 0.0056 1.0000 0.0039
vn 0.0063 1.0000 -0.0027
vn 0.9968 0.0624 -0.0490
vn 0.9873 0.0624 -0.1464
vn 0.9870 0.0665 -0.1464
vn 0.9966 0.0665 -0.0490
vn 0.0063 1.0000 0.0027
vn 0.0056 1.0000 -0.0039
vn 0.9681 0.0624 -0.2425
vn 0.9397 0.0624 -0.3362
vn 0.9395 0.0665 -0.3361
vn 0.9679 0.0665 -0.2425
vn 0.0005 1.0000 -0.0001
vn 0.0067 1.0000 0.0014
vn 0.0048 1.0000 -0.0049
vn 0.9022 0.0624 -0.4268
vn 0.8561 0.0624 -0.5131
vn 0.8558 0.0665 -0.5129
vn 0.9020 0.0665 -0.4266
vn 0.0004 1.0000 -0.0002
vn 0.0069 1.0000 0.0001
vn 0.0037 1.0000 -0.0058
vn 0.8016 0.0624 -0.5946
vn 0.7395 0.0624 -0.6702
vn 0.7393 0.0665 -0.6700
vn 0.8014 0.0665 -0.5944
vn 0.0004 1.0000 -0.0003
vn 0.0067 1.0000 -0.0012
vn 0.0025 1.0000 -0.0064
vn 0.6702 0.0624 -0.7395
vn 0.5946 0.0624 -0.8016
vn 0.5944 0.0665 -0.8014
vn 0.6700 0.0665 -0.7393
vn 0.0003 1.0000 -0.0004
vn 0.0064 1.0000 -0.0025
vn 0.0012 1.0000 -0.0067
vn 0.5131 0.0624 -0.8561
vn 0.4268 0.0624 -0.9022
vn 0.4266 0.0665 -0.9020
vn 0.5129 0.0665 -0.8559
vn 0.0002 1.0000 -0.0004
vn 0.0058 1.0000 -0.0037
vn -0.0001 1.0000 -0.0069
vn 0.3362 0.0624 -0.9397
vn 0.2425 0.0624 -0.9681
vn 0.2425 0.0665 -0.9679
vn 0.3361 0.0665 -0.9395
vn 0.0001 1.0000 -0.0005
vn 0.0049 1.0000 -0.0048
vn -0.0015 1.0000 -0.0067
vn 0.1464 0.0624 -0.9873
vn 0.0490 0.0624 -0.9968
vn 0.0490 0.0665 -0.9966
vn 0.1464 0.0665 -0.9870
vn 0.0039 1.0000 -0.0056
vn -0.0027 1.0000 -0.0063
vn -0.0490 0.0624 -0.9968
vn -0.1464 0.0624 -0.9873
vn -0.1464 0.0665 -0.9870
vn -0.0490 0.0665 -0.9966
vn -0.0001 1.0000 -0.0005
vn 0.0027 1.0000 -0.0063
vn -0.0039 1.0000 -0.0056
vn -0.2425 0.0624 -0.9681
vn -0.3362 0.0624 -0.9397
vn -0.3361 0.0665 -0.9395
vn -0.2425 0.0665 -0.9679
vn 0.0014 1.0000 -0.0067
vn -0.0049 1.0000 -0.0048
vn -0.4268 0.0624 -0.9022
vn -0.5131 0.0624 -0.8561
vn -0.5129 0.0665 -0.8558
vn -0.4266 0.0665 -0.9020
vn -0.0002 1.0000 -0.0004
vn 0.0001 1.0000 -0.0069
vn -0.0058 1.0000 -0.0037
vn -0.5946 0.0624 -0.8016
vn -0.6702 0.0624 -0.7395
vn -0.6700 0.0665 -0.7393
vn -0.5944 0.0665 -0.8014
vn -0.0003 1.0000 -0.0004
vn -0.0012 1.0000 -0.0067
vn -0.0064 1.0000 -0.0025
vn -0.7395 0.0624 -0.6702
vn -0.8016 0.0624 -0.5946
vn -0.8014 0.0665 -0.5944
vn -0.7393 0.0665 -0.6700
vn -0.0004 1.0000 -0.0003
vn -0.0025 1.0000 -0.0064
vn -0.0067 1.0000 -0.0012
vn -0.8561 0.0624 -0.5131
vn -0.9022 0.0624 -0.4268
vn -0.9020 0.0665 -0.4266
vn -0.8558 0.0665 -0.5129
vn -0.0004 1.0000 -0.0002
vn -0.0037 1.0000 -0.0058
vn -0.0069 1.0000 0.0001
vn -0.9397 0.0624 -0.3362
vn -0.9681 0.0624 -0.2425
vn -0.9679 0.0665 -0.2425
vn -0.9395 0.0665 -0.3361
vn -0.0005 1.0000 -0.0001
vn -0.0048 1.0000 -0.0049
vn -0.0067 1.0000 0.0014
vn -0.9873 0.0624 -0.1464
vn -0.9968 0.0624 -0.0490
vn -0.9966 0.0665 -0.0490
vn -0.9870 0.0665 -0.1464
vn -0.0005 1.0000 -0.0000
vn -0.0056 1.0000 -0.0039
vn -0.0063 1.0000 0.0027
vn -0.9968 0.0624 0.0490
vn -0.9873 0.0624 0.1464
vn -0.9870 0.0665 0.1464
vn -0.9966 0.0665 0.0490
vn -0.0063 1.0000 -0.0027
vn -0.0056 1.0000 0.0039
vn -0.9681 0.0624 0.2425
vn -0.9397 0.0624 0.3362
vn -0.9395 0.0665 0.3361
vn -0.9679 0.0665 0.2425
vn -0.0005 1.0000 0.0001
vn -0.0067 1.0000 -0.0014
vn -0.0048 1.0000 0.0049
vn -0.9022 0.0624 0.4268
vn -0.8561 0.0624 0.5131
vn -0.8558 0.0665 0.5129
vn -0.9020 0.0665 0.4266
vn -0.0004 1.0000 0.0002
vn -0.0069 1.0000 -0.0001
vn -0.0037 1.0000 0.0058
vn -0.8016 0.0624 0.5946
vn -0.7395 0.0624 0.6702
vn -0.7393 0.0665 0.6700
vn -0.8014 0.0665 0.5944
vn -0.0004 1.0000 0.0003
vn -0.0067 1.0000 0.0012
vn -0.0025 1.0000 0.0064
vn -0.6702 0.0624 0.7395
vn -0.5946 0.0624 0.8016
vn -0.5944 0.0665 0.8014
vn -0.6700 0.0665 0.7393
vn -0.0003 1.0000 0.0004
vn -0.0064 1.0000 0.0025
vn -0.0012 1.0000 0.0067
vn -0.5131 0.0624 0.8561
vn -0.4268 0.0624 0.9022
vn -0.4266 0.0665 0.9020
vn -0.5129 0.0665 0.8559
vn -0.0002 1.0000 0.0004
vn -0.0058 1.0000 0.0037
vn 0.0001 1.0000 0.0069
vn -0.3362 0.0624 0.9397
vn -0.2425 0.0624 0.9681
vn -0.2425 0.0665 0.9679
vn -0.3361 0.0665 0.9395
vn -0.0001 1.0000 0.0005
vn -0.0049 1.0000 0.0048
vn 0.0015 1.0000 0.0067
vn -0.1464 0.0624 0.9873
vn -0.0490 0.0624 0.9968
vn -0.0490 0.0665 0.9966
vn -0.1464 0.0665 0.9870
vn -0.0000 1.0000 0.0005
vn -0.0039 1.0000 0.0056
vn 0.0027 1.0000 0.0063
vn 0.0490 0.0624 0.9968
vn 0.1464 0.0624 0.9873
vn 0.1464 0.0665 0.9870
vn 0.0490 0.0665 0.9966
vn -0.0027 1.0000 0.0063
vn 0.0039 1.0000 0.0056
vn 0.2425 0.0624 0.9681
vn 0.3362 0.0624 0.9397
vn 0.3361 0.0665 0.9395
vn 0.2425 0.0665 0.9679
vn 0.0001 1.0000 0.0005
vn -0.0014 1.0000 0.0067
vn 0.0049 1.0000 0.0048
vn 0.4268 0.0624 0.9022
vn 0.5131 0.0624 0.8561
vn 0.5129 0.0665 0.8558
vn 0.4266 0.0665 0.9020
vn 0.0002 1.0000 0.0004
vn -0.0001 1.0000 0.0069
vn 0.0058 1.0000 0.0037
vn 0.5946 0.0624 0.8016
vn 0.6702 0.0624 0.7395
vn 0.6700 0.0665 0.7393
vn 0.5944 0.0665 0.8014
vn 0.0003 1.0000 0.0004
vn 0.0012 1.0000 0.0067
vn 0.0064 1.0000 0.0025
vn 0.7395 0.0624 0.6702
vn 0.8016 0.0624 0.5946
vn 0.8014 0.0665 0.5944
vn 0.7393 0.0665 0.6700
vn 0.0004 1.0000 0.0003
vn 0.0025 1.0000 0.0064
vn 0.0067 1.0000 0.0012
vn 0.8561 0.0624 0.5131
vn 0.9022 0.0624 0.4268
vn 0.9020 0.0665 0.4266
vn 0.8558 0.0665 0.5129
vn 0.0004 1.0000 0.0002
vn 0.0037 1.0000 0.0058
vn 0.0069 1.0000 -0.0001
vn 0.9397 0.0624 0.3362
vn 0.9681 0.0624 0.2425
vn 0.9679 0.0665 0.2425
vn 0.9395 0.0665 0.3361
vn 0.0005 1.0000 0.0002
vn 0.0048 1.0000 0.0049
vn 0.0067 1.0000 -0.0014
s 0
usemtl stripe_white
f 531//529 1077//529 2197//529 1109//529
f 1077//530 532//530 1110//530 2197//530
f 2197//530 1110//530 564//530 1111//530
f 1109//529 2197//529 1111//529 563//529
f 532//531 1078//531 2198//531 1110//531
f 1078//532 533//532 1112//532 2198//532
f 2198//532 1112//532 565//532 1113//532
f 1110//531 2198//531 1113//531 564//531
f 533//533 1079//533 2199//533 1112//533
f 1079//534 534//534 1114//534 2199//534
f 2199//534 1114//534 566//534 1115//534
f 1112//533 2199//533 1115//533 565//533
f 534//535 1080//535 2200//535 1114//535
f 1080//536 535//536 1116//536 2200//536
f 2200//536 1116//536 567//536 1117//536
f 1114//535 2200//535 1117//535 566//535
f 535//537 1081//537 2201//537 1116//537
f 1081//538 536//538 1118//538 2201//538
f 2201//538 1118//538 568//538 1119//538
f 1116//537 2201//537 1119//537 567//537
f 536//539 1082//539 2202//539 1118//539
f 1082//540 537//540 1120//540 2202//540
f 2202//540 1120//540 569//540 1121//540
f 1118//539 2202//539 1121//539 568//539
f 537//541 1083//541 2203//541 1120//541
f 1083//542 538//542 1122//542 2203//542
f 2203//542 1122//542 570//542 1123//542
f 1120//541 2203//541 1123//541 569//541
f 538//543 1084//543 2204//543 1122//543
f 1084//544 539//544 1124//544 2204//544
f 2204//544 1124//544 571//544 1125//544
f 1122//543 2204//543 1125//543 570//543
f 539//545 1085//545 2205//545 1124//545
f 1085//546 540//546 1126//546 2205//546
f 2205//546 1126//546 572//546 1127//546
f 1124//545 2205//545 1127//545 571//545
f 540//547 1086//547 2206//547 1126//547
f 1086//548 541//548 1128//548 2206//548
f 2206//548 1128//548 573//548 1129//548
f 1126//547 2206//547 1129//547 572//547
f 541//549 1087//549 2207//549 1128//549
f 1087//550 542//550 1130//550 2207//550
f 2207//550 1130//550 574//550 1131//550
f 1128//549 2207//549 1131//549 573//549
f 542//551 1088//551 2208//551 1130//551
f 1088//552 543//552 1132//552 2208//552
f 2208//552 1132//552 575//552 1133//552
f 1130//551 2208//551 1133//551 574//551
f 543//553 1089//553 2209//553 1132//553
f 1089//554 544//554 1134//554 2209//554
f 2209//554 1134//554 576//554 1135//554
f 1132//553 2209//553 1135//553 575//553
f 544//555 1090//555 2210//555 1134//555
f 1090//556 545//556 1136//556 2210//556
f 2210//556 1136//556 577//556 1137//556
f 1134//555 2210//555 1137//555 576//555
f 545//557 1091//557 2211//557 1136//557
f 1091//558 546//558 1138//558 2211//558
f 2211//558 1138//558 578//558 1139//558
f 1136//557 2211//557 1139//557 577//557
f 546//559 1092//559 2212//559 1138//559
f 1092//560 547//560 1140//560 2212//560
f 2212//560 1140//560 579//560 1141//560
f 1138//559 2212//559 1141//559 578//559
f 547//561 1093//561 2213//561 1140//561
f 1093//562 548//562 1142//562 2213//562
f 2213//562 1142//562 580//562 1143//562
f 1140//561 2213//561 1143//561 579//561
f 548//563 1094//563 2214//563 1142//563
f 1094//564 549//564 1144//564 2214//564
f 2214//564 1144//564 581//564 1145//564
f 1142//563 2214//563 1145//563 580//563
f 549//565 1095//565 2215//565 1144//565
f 1095//566 550//566 1146//566 2215//566
f 2215//566 1146//566 582//566 1147//566
f 1144//565 2215//565 1147//565 581//565
f 550//567 1096//567 2216//567 1146//567
f 1096//568 551//568 1148//568 2216//568
f 2216//568 1148//568 583//568 1149//568
f 1146//567 2216//567 1149//567 582//567
f 551//569 1097//569 2217//569 1148//569
f 1097//570 552//570 1150//570 2217//570
f 2217//570 1150//570 584//570 1151//570
f 1148//569 2217//569 1151//569 583//569
f 552//571 1098//571 2218//571 1150//571
f 1098//572 553//572 1152//572 2218//572
f 2218//572 1152//572 585//572 1153//572
f 1150//571 2218//571 1153//571 584//571
f 553//573 1099//573 2219//573 1152//573
f 1099//574 554//574 1154//574 2219//574
f 2219//574 1154//574 586//574 1155//574
f 1152//573 2219//573 1155//573 585//573
f 554//575 1100//575 2220//575 1154//575
f 1100//576 555//576 1156//576 2220//576
f 2220//576 1156//576 587//576 1157//576
f 1154//575 2220//575 1157//575 586//575
f 555//577 1101//577 2221//577 1156//577
f 1101//578 556//578 1158//578 2221//578
f 2221//578 1158//578 588//578 1159//578
f 1156//577 2221//577 1159//577 587//577
f 556//579 1102//579 2222//579 1158//579
f 1102//580 557//580 1160//580 2222//580
f 2222//580 1160//580 589//580 1161//580
f 1158//579 2222//579 1161//579 588//579
f 557//581 1103//581 2223//581 1160//581
f 1103//582 558//582 1162//582 2223//582
f 2223//582 1162//582 590//582 1163//582
f 1160//581 2223//581 1163//581 589//581
f 558//583 1104//583 2224//583 1162//583
f 1104//584 559//584 1164//584 2224//584
f 2224//584 1164//584 591//584 1165//584
f 1162//583 2224//583 1165//583 590//583
f 559//585 1105//585 2225//585 1164//585
f 1105//586 560//586 1166//586 2225//586
f 2225//586 1166//586 592//586 1167//586
f 1164//585 2225//585 1167//585 591//585
f 560//587 1106//587 2226//587 1166//587
f 1106//588 561//588 1168//588 2226//588
f 2226//588 1168//588 593//588 1169//588
f 1166//587 2226//587 1169//587 592//587
f 561//589 1107//589 2227//589 1168//589
f 1107//590 562//590 1170//590 2227//590
f 2227//590 1170//590 594//590 1171//590
f 1168//589 2227//589 1171//589 593//589
f 562//591 1108//591 2228//591 1170//591
f 1108//592 531//592 1109//592 2228//592
f 2228//592 1109//592 563//592 1172//592
f 1170//591 2228//591 1172//591 594//591
f 627//529 1239//529 2293//529 1301//529
f 1239//530 628//530 1302//530 2293//530
f 2293//530 1302//530 660//530 1303//530
f 1301//529 2293//529 1303//529 659//529
f 628//531 1241//531 2294//531 1302//531
f 1241//532 629//532 1304//532 2294//532
f 2294//532 1304//532 661//532 1305//532
f 1302//531 2294//531 1305//531 660//531
f 629//533 1243//533 2295//533 1304//533
f 1243//534 630//534 1306//534 2295//534
f 2295//534 1306//534 662//534 1307//534
f 1304//533 2295//533 1307//533 661//533
f 630//535 1245//535 2296//535 1306//535
f 1245//536 631//536 1308//536 2296//536
f 2296//536 1308//536 663//536 1309//536
f 1306//535 2296//535 1309//535 662//535
f 631//537 1247//537 2297//537 1308//537
f 1247//538 632//538 1310//538 2297//538
f 2297//538 1310//538 664//538 1311//538
f 1308//537 2297//537 1311//537 663//537
f 632//539 1249//539 2298//539 1310//539
f 1249//540 633//540 1312//540 2298//540
f 2298//540 1312//540 665//540 1313//540
f 1310//539 2298//539 1313//539 664//539
f 633//541 1251//541 2299//541 1312//541
f 1251//542 634//542 1314//542 2299//542
f 2299//542 1314//542 666//542 1315//542
f 1312//541 2299//541 1315//541 665//541
f 634//543 1253//543 2300//543 1314//543
f 1253//544 635//544 1316//544 2300//544
f 2300//544 1316//544 667//544 1317//544
f 1314//543 2300//543 1317//543 666//543
f 635//545 1255//545 2301//545 1316//545
f 1255//546 636//546 1318//546 2301//546
f 2301//546 1318//546 668//546 1319//546
f 1316//545 2301//545 1319//545 667//545
f 636//547 1257//547 2302//547 1318//547
f 1257//548 637//548 1320//548 2302//548
f 2302//548 1320//548 669//548 1321//548
f 1318//547 2302//547 1321//547 668//547
f 637//549 1259//549 2303//549 1320//549
f 1259//550 638//550 1322//550 2303//550
f 2303//550 1322//550 670//550 1323//550
f 1320//549 2303//549 1323//549 669//549
f 638//551 1261//551 2304//551 1322//551
f 1261//552 639//552 1324//552 2304//552
f 2304//552 1324//552 671//552 1325//552
f 1322//551 2304//551 1325//551 670//551
f 639//553 1263//553 2305//553 1324//553
f 1263//554 640//554 1326//554 2305//554
f 2305//554 1326//554 672//554 1327//554
f 1324//553 2305//553 1327//553 671//553
f 640//555 1265//555 2306//555 1326//555
f 1265//556 641//556 1328//556 2306//556
f 2306//556 1328//556 673//556 1329//556
f 1326//555 2306//555 1329//555 672//555
f 641//557 1267//557 2307//557 1328//557
f 1267//558 642//558 1330//558 2307//558
f 2307//558 1330//558 674//558 1331//558
f 1328//557 2307//557 1331//557 673//557
f 642//559 1269//559 2308//559 1330//559
f 1269//560 643//560 1332//560 2308//560
f 2308//560 1332//560 675//560 1333//560
f 1330//559 2308//559 1333//559 674//559
f 643//561 1271//561 2309//561 1332//561
f 1271//562 644//562 1334//562 2309//562
f 2309//562 1334//562 676//562 1335//562
f 1332//561 2309//561 1335//561 675//561
f 644//563 1273//563 2310//563 1334//563
f 1273//564 645//564 1336//564 2310//564
f 2310//564 1336//564 677//564 1337//564
f 1334//563 2310//563 1337//563 676//563
f 645//565 1275//565 2311//565 1336//565
f 1275//566 646//566 1338//566 2311//566
f 2311//566 1338//566 678//566 1339//566
f 1336//565 2311//565 1339//565 677//565
f 646//567 1277//567 2312//567 1338//567
f 1277//568 647//568 1340//568 2312//568
f 2312//568 1340//568 679//568 1341//568
f 1338//567 2312//567 1341//567 678//567
f 647//569 1279//569 2313//569 1340//569
f 1279//570 648//570 1342//570 2313//570
f 2313//570 1342//570 680//570 1343//570
f 1340//569 2313//569 1343//569 679//569
f 648//571 1281//571 2314//571 1342//571
f 1281//572 649//572 1344//572 2314//572
f 2314//572 1344//572 681//572 1345//572
f 1342//571 2314//571 1345//571 680//571
f 649//573 1283//573 2315//573 1344//573
f 1283//574 650//574 1346//574 2315//574
f 2315//574 1346//574 682//574 1347//574
f 1344//573 2315//573 1347//573 681//573
f 650//575 1285//575 2316//575 1346//575
f 1285//576 651//576 1348//576 2316//576
f 2316//576 1348//576 683//576 1349//576
f 1346//575 2316//575 1349//575 682//575
f 651//577 1287//577 2317//577 1348//577
f 1287//578 652//578 1350//578 2317//578
f 2317//578 1350//578 684//578 1351//578
f 1348//577 2317//577 1351//577 683//577
f 652//579 1289//579 2318//579 1350//579
f 1289//580 653//580 1352//580 2318//580
f 2318//580 1352//580 685//580 1353//580
f 1350//579 2318//579 1353//579 684//579
f 653//581 1291//581 2319//581 1352//581
f 1291//582 654//582 1354//582 2319//582
f 2319//582 1354//582 686//582 1355//582
f 1352//581 2319//581 1355//581 685//581
f 654//583 1293//583 2320//583 1354//583
f 1293//584 655//584 1356//584 2320//584
f 2320//584 1356//584 687//584 1357//584
f 1354//583 2320//583 1357//583 686//583
f 655//585 1295//585 2321//585 1356//585
f 1295//586 656//586 1358//586 2321//586
f 2321//586 1358//586 688//586 1359//586
f 1356//585 2321//585 1359//585 687//585
f 656//587 1297//587 2322//587 1358//587
f 1297//588 657//588 1360//588 2322//588
f 2322//588 1360//588 689//588 1361//588
f 1358//587 2322//587 1361//587 688//587
f 657//589 1299//589 2323//589 1360//589
f 1299//590 658//590 1362//590 2323//590
f 2323//590 1362//590 690//590 1363//590
f 1360//589 2323//589 1363//589 689//589
f 658//591 1300//591 2324//591 1362//591
f 1300//592 627//592 1301//592 2324//592
f 2324//592 1301//592 659//592 1364//592
f 1362//591 2324//591 1364//591 690//591
f 659//529 1303//529 2325//529 1365//529
f 1303//530 660//530 1366//530 2325//530
f 2325//530 1366//530 692//530 1367//530
f 1365//529 2325//529 1367//529 691//529
f 660//531 1305//531 2326//531 1366//531
f 1305//532 661//532 1368//532 2326//532
f 2326//532 1368//532 693//532 1369//532
f 1366//531 2326//531 1369//531 692//531
f 661//533 1307//533 2327//533 1368//533
f 1307//534 662//534 1370//534 2327//534
f 2327//534 1370//534 694//534 1371//534
f 1368//533 2327//533 1371//533 693//533
f 662//535 1309//535 2328//535 1370//535
f 1309//536 663//536 1372//536 2328//536
f 2328//536 1372//536 695//536 1373//536
f 1370//535 2328//535 1373//535 694//535
f 663//537 1311//537 2329//537 1372//537
f 1311//538 664//538 1374//538 2329//538
f 2329//538 1374//538 696//538 1375//538
f 1372//537 2329//537 1375//537 695//537
f 664//539 1313//539 2330//539 1374//539
f 1313//540 665//540 1376//540 2330//540
f 2330//540 1376//540 697//540 1377//540
f 1374//539 2330//539 1377//539 696//539
f 665//541 1315//541 2331//541 1376//541
f 1315//542 666//542 1378//542 2331//542
f 2331//542 1378//542 698//542 1379//542
f 1376//541 2331//541 1379//541 697//541
f 666//543 1317//543 2332//543 1378//543
f 1317//544 667//544 1380//544 2332//544
f 2332//544 1380//544 699//544 1381//544
f 1378//543 2332//543 1381//543 698//543
f 667//545 1319//545 2333//545 1380//545
f 1319//546 668//546 1382//546 2333//546
f 2333//546 1382//546 700//546 1383//546
f 1380//545 2333//545 1383//545 699//545
f 668//547 1321//547 2334//547 1382//547
f 1321//548 669//548 1384//548 2334//548
f 2334//548 1384//548 701//548 1385//548
f 1382//547 2334//547 1385//547 700//547
f 669//549 1323//549 2335//549 1384//549
f 1323//550 670//550 1386//550 2335//550
f 2335//550 1386//550 702//550 1387//550
f 1384//549 2335//549 1387//549 701//549
f 670//551 1325//551 2336//551 1386//551
f 1325//552 671//552 1388//552 2336//552
f 2336//552 1388//552 703//552 1389//552
f 1386//551 2336//551 1389//551 702//551
f 671//553 1327//553 2337//553 1388//553
f 1327//554 672//554 1390//554 2337//554
f 2337//554 1390//554 704//554 1391//554
f 1388//553 2337//553 1391//553 703//553
f 672//555 1329//555 2338//555 1390//555
f 1329//556 673//556 1392//556 2338//556
f 2338//556 1392//556 705//556 1393//556
f 1390//555 2338//555 1393//555 704//555
f 673//557 1331//557 2339//557 1392//557
f 1331//558 674//558 1394//558 2339//558
f 2339//558 1394//558 706//558 1395//558
f 1392//557 2339//557 1395//557 705//557
f 674//559 1333//559 2340//559 1394//559
f 1333//560 675//560 1396//560 2340//560
f 2340//560 1396//560 707//560 1397//560
f 1394//559 2340//559 1397//559 706//559
f 675//561 1335//561 2341//561 1396//561
f 1335//562 676//562 1398//562 2341//562
f 2341//562 1398//562 708//562 1399//562
f 1396//561 2341//561 1399//561 707//561
f 676//563 1337//563 2342//563 1398//563
f 1337//564 677//564 1400//564 2342//564
f 2342//564 1400//564 709//564 1401//564
f 1398//563 2342//563 1401//563 708//563
f 677//565 1339//565 2343//565 1400//565
f 1339//566 678//566 1402//566 2343//566
f 2343//566 1402//566 710//566 1403//566
f 1400//565 2343//565 1403//565 709//565
f 678//567 1341//567 2344//567 1402//567
f 1341//568 679//568 1404//568 2344//568
f 2344//568 1404//568 711//568 1405//568
f 1402//567 2344//567 1405//567 710//567
f 679//569 1343//569 2345//569 1404//569
f 1343//570 680//570 1406//570 2345//570
f 2345//570 1406//570 712//570 1407//570
f 1404//569 2345//569 1407//569 711//569
f 680//571 1345//571 2346//571 1406//571
f 1345//572 681//572 1408//572 2346//572
f 2346//572 1408//572 713//572 1409//572
f 1406//571 2346//571 1409//571 712//571
f 681//573 1347//573 2347//573 1408//573
f 1347//574 682//574 1410//574 2347//574
f 2347//574 1410//574 714//574 1411//574
f 1408//573 2347//573 1411//573 713//573
f 682//575 1349//575 2348//575 1410//575
f 1349//576 683//576 1412//576 2348//576
f 2348//576 1412//576 715//576 1413//576
f 1410//575 2348//575 1413//575 714//575
f 683//577 1351//577 2349//577 1412//577
f 1351//578 684//578 1414//578 2349//578
f 2349//578 1414//578 716//578 1415//578
f 1412//577 2349//577 1415//577 715//577
f 684//579 1353//579 2350//579 1414//579
f 1353//580 685//580 1416//580 2350//580
f 2350//580 1416//580 717//580 1417//580
f 1414//579 2350//579 1417//579 716//579
f 685//581 1355//581 2351//581 1416//581
f 1355//582 686//582 1418//582 2351//582
f 2351//582 1418//582 718//582 1419//582
f 1416//581 2351//581 1419//581 717//581
f 686//583 1357//583 2352//583 1418//583
f 1357//584 687//584 1420//584 2352//584
f 2352//584 1420//584 719//584 1421//584
f 1418//583 2352//583 1421//583 718//583
f 687//585 1359//585 2353//585 1420//585
f 1359//586 688//586 1422//586 2353//586
f 2353//586 1422//586 720//586 1423//586
f 1420//585 2353//585 1423//585 719//585
f 688//587 1361//587 2354//587 1422//587
f 1361//588 689//588 1424//588 2354//588
f 2354//588 1424//588 721//588 1425//588
f 1422//587 2354//587 1425//587 720//587
f 689//589 1363//589 2355//589 1424//589
f 1363//590 690//590 1426//590 2355//590
f 2355//590 1426//590 722//590 1427//590
f 1424//589 2355//589 1427//589 721//589
f 690//591 1364//591 2356//591 1426//591
f 1364//592 659//592 1365//592 2356//592
f 2356//592 1365//592 691//592 1428//592
f 1426//591 2356//591 1428//591 722//591
f 755//529 1495//529 2421//529 1557//529
f 1495//530 756//530 1558//530 2421//530
f 2421//530 1558//530 788//530 1559//530
f 1557//529 2421//529 1559//529 787//529
f 756//531 1497//531 2422//531 1558//531
f 1497//532 757//532 1560//532 2422//532
f 2422//532 1560//532 789//532 1561//532
f 1558//531 2422//531 1561//531 788//531
f 757//533 1499//533 2423//533 1560//533
f 1499//534 758//534 1562//534 2423//534
f 2423//534 1562//534 790//534 1563//534
f 1560//533 2423//533 1563//533 789//533
f 758//535 1501//535 2424//535 1562//535
f 1501//536 759//536 1564//536 2424//536
f 2424//536 1564//536 791//536 1565//536
f 1562//535 2424//535 1565//535 790//535
f 759//537 1503//537 2425//537 1564//537
f 1503//538 760//538 1566//538 2425//538
f 2425//538 1566//538 792//538 1567//538
f 1564//537 2425//537 1567//537 791//537
f 760//539 1505//539 2426//539 1566//539
f 1505//540 761//540 1568//540 2426//540
f 2426//540 1568//540 793//540 1569//540
f 1566//539 2426//539 1569//539 792//539
f 761//541 1507//541 2427//541 1568//541
f 1507//542 762//542 1570//542 2427//542
f 2427//542 1570//542 794//542 1571//542
f 1568//541 2427//541 1571//541 793//541
f 762//543 1509//543 2428//543 1570//543
f 1509//544 763//544 1572//544 2428//544
f 2428//544 1572//544 795//544 1573//544
f 1570//543 2428//543 1573//543 794//543
f 763//545 1511//545 2429//545 1572//545
f 1511//546 764//546 1574//546 2429//546
f 2429//546 1574//546 796//546 1575//546
f 1572//545 2429//545 1575//545 795//545
f 764//547 1513//547 2430//547 1574//547
f 1513//548 765//548 1576//548 2430//548
f 2430//548 1576//548 797//548 1577//548
f 1574//547 2430//547 1577//547 796//547
f 765//549 1515//549 2431//549 1576//549
f 1515//550 766//550 1578//550 2431//550
f 2431//550 1578//550 798//550 1579//550
f 1576//549 2431//549 1579//549 797//549
f 766//551 1517//551 2432//551 1578//551
f 1517//552 767//552 1580//552 2432//552
f 2432//552 1580//552 799//552 1581//552
f 1578//551 2432//551 1581//551 798//551
f 767//553 1519//553 2433//553 1580//553
f 1519//554 768//554 1582//554 2433//554
f 2433//554 1582//554 800//554 1583//554
f 1580//553 2433//553 1583//553 799//553
f 768//555 1521//555 2434//555 1582//555
f 1521//556 769//556 1584//556 2434//556
f 2434//556 1584//556 801//556 1585//556
f 1582//555 2434//555 1585//555 800//555
f 769//557 1523//557 2435//557 1584//557
f 1523//558 770//558 1586//558 2435//558
f 2435//558 1586//558 802//558 1587//558
f 1584//557 2435//557 1587//557 801//557
f 770//559 1525//559 2436//559 1586//559
f 1525//560 771//560 1588//560 2436//560
f 2436//560 1588//560 803//560 1589//560
f 1586//559 2436//559 1589//559 802//559
f 771//561 1527//561 2437//561 1588//561
f 1527//562 772//562 1590//562 2437//562
f 2437//562 1590//562 804//562 1591//562
f 1588//561 2437//561 1591//561 803//561
f 772//563 1529//563 2438//563 1590//563
f 1529//564 773//564 1592//564 2438//564
f 2438//564 1592//564 805//564 1593//564
f 1590//563 2438//563 1593//563 804//563
f 773//565 1531//565 2439//565 1592//565
f 1531//566 774//566 1594//566 2439//566
f 2439//566 1594//566 806//566 1595//566
f 1592//565 2439//565 1595//565 805//565
f 774//567 1533//567 2440//567 1594//567
f 1533//568 775//568 1596//568 2440//568
f 2440//568 1596//568 807//568 1597//568
f 1594//567 2440//567 1597//567 806//567
f 775//569 1535//569 2441//569 1596//569
f 1535//570 776//570 1598//570 2441//570
f 2441//570 1598//570 808//570 1599//570
f 1596//569 2441//569 1599//569 807//569
f 776//571 1537//571 2442//571 1598//571
f 1537//572 777//572 1600//572 2442//572
f 2442//572 1600//572 809//572 1601//572
f 1598//571 2442//571 1601//571 808//571
f 777//573 1539//573 2443//573 1600//573
f 1539//574 778//574 1602//574 2443//574
f 2443//574 1602//574 810//574 1603//574
f 1600//573 2443//573 1603//573 809//573
f 778//575 1541//575 2444//575 1602//575
f 1541//576 779//576 1604//576 2444//576
f 2444//576 1604//576 811//576 1605//576
f 1602//575 2444//575 1605//575 810//575
f 779//577 1543//577 2445//577 1604//577
f 1543//578 780//578 1606//578 2445//578
f 2445//578 1606//578 812//578 1607//578
f 1604//577 2445//577 1607//577 811//577
f 780//579 1545//579 2446//579 1606//579
f 1545//580 781//580 1608//580 2446//580
f 2446//580 1608//580 813//580 1609//580
f 1606//579 2446//579 1609//579 812//579
f 781//581 1547//581 2447//581 1608//581
f 1547//582 782//582 1610//582 2447//582
f 2447//582 1610//582 814//582 1611//582
f 1608//581 2447//581 1611//581 813//581
f 782//583 1549//583 2448//583 1610//583
f 1549//584 783//584 1612//584 2448//584
f 2448//584 1612//584 815//584 1613//584
f 1610//583 2448//583 1613//583 814//583
f 783//585 1551//585 2449//585 1612//585
f 1551//586 784//586 1614//586 2449//586
f 2449//586 1614//586 816//586 1615//586
f 1612//585 2449//585 1615//585 815//585
f 784//587 1553//587 2450//587 1614//587
f 1553//588 785//588 1616//588 2450//588
f 2450//588 1616//588 817//588 1617//588
f 1614//587 2450//587 1617//587 816//587
f 785//589 1555//589 2451//589 1616//589
f 1555//590 786//590 1618//590 2451//590
f 2451//590 1618//590 818//590 1619//590
f 1616//589 2451//589 1619//589 817//589
f 786//591 1556//591 2452//591 1618//591
f 1556//592 755//592 1557//592 2452//592
f 2452//592 1557//592 787//592 1620//592
f 1618//591 2452//591 1620//591 818//591
f 787//529 1559//529 2453//529 1621//529
f 1559//530 788//530 1622//530 2453//530
f 2453//530 1622//530 820//530 1623//530
f 1621//529 2453//529 1623//529 819//529
f 788//531 1561//531 2454//531 1622//531
f 1561//532 789//532 1624//532 2454//532
f 2454//532 1624//532 821//532 1625//532
f 1622//531 2454//531 1625//531 820//531
f 789//533 1563//533 2455//533 1624//533
f 1563//534 790//534 1626//534 2455//534
f 2455//534 1626//534 822//534 1627//534
f 1624//533 2455//533 1627//533 821//533
f 790//535 1565//535 2456//535 1626//535
f 1565//536 791//536 1628//536 2456//536
f 2456//536 1628//536 823//536 1629//536
f 1626//535 2456//535 1629//535 822//535
f 791//537 1567//537 2457//537 1628//537
f 1567//538 792//538 1630//538 2457//538
f 2457//538 1630//538 824//538 1631//538
f 1628//537 2457//537 1631//537 823//537
f 792//539 1569//539 2458//539 1630//539
f 1569//540 793//540 1632//540 2458//540
f 2458//540 1632//540 825//540 1633//540
f 1630//539 2458//539 1633//539 824//539
f 793//541 1571//541 2459//541 1632//541
f 1571//542 794//542 1634//542 2459//542
f 2459//542 1634//542 826//542 1635//542
f 1632//541 2459//541 1635//541 825//541
f 794//543 1573//543 2460//543 1634//543
f 1573//544 795//544 1636//544 2460//544
f 2460//544 1636//544 827//544 1637//544
f 1634//543 2460//543 1637//543 826//543
f 795//545 1575//545 2461//545 1636//545
f 1575//546 796//546 1638//546 2461//546
f 2461//546 1638//546 828//546 1639//546
f 1636//545 2461//545 1639//545 827//545
f 796//547 1577//547 2462//547 1638//547
f 1577//548 797//548 1640//548 2462//548
f 2462//548 1640//548 829//548 1641//548
f 1638//547 2462//547 1641//547 828//547
f 797//549 1579//549 2463//549 1640//549
f 1579//550 798//550 1642//550 2463//550
f 2463//550 1642//550 830//550 1643//550
f 1640//549 2463//549 1643//549 829//549
f 798//551 1581//551 2464//551 1642//551
f 1581//552 799//552 1644//552 2464//552
f 2464//552 1644//552 831//552 1645//552
f 1642//551 2464//551 1645//551 830//551
f 799//553 1583//553 2465//553 1644//553
f 1583//554 800//554 1646//554 2465//554
f 2465//554 1646//554 832//554 1647//554
f 1644//553 2465//553 1647//553 831//553
f 800//555 1585//555 2466//555 1646//555
f 1585//556 801//556 1648//556 2466//556
f 2466//556 1648//556 833//556 1649//556
f 1646//555 2466//555 1649//555 832//555
f 801//557 1587//557 2467//557 1648//557
f 1587//558 802//558 1650//558 2467//558
f 2467//558 1650//558 834//558 1651//558
f 1648//557 2467//557 1651//557 833//557
f 802//559 1589//559 2468//559 1650//559
f 1589//560 803//560 1652//560 2468//560
f 2468//560 1652//560 835//560 1653//560
f 1650//559 2468//559 1653//559 834//559
f 803//561 1591//561 2469//561 1652//561
f 1591//562 804//562 1654//562 2469//562
f 2469//562 1654//562 836//562 1655//562
f 1652//561 2469//561 1655//561 835//561
f 804//563 1593//563 2470//563 1654//563
f 1593//564 805//564 1656//564 2470//564
f 2470//564 1656//564 837//564 1657//564
f 1654//563 2470//563 1657//563 836//563
f 805//565 1595//565 2471//565 1656//565
f 1595//566 806//566 1658//566 2471//566
f 2471//566 1658//566 838//566 1659//566
f 1656//565 2471//565 1659//565 837//565
f 806//567 1597//567 2472//567 1658//567
f 1597//568 807//568 1660//568 2472//568
f 2472//568 1660//568 839//568 1661//568
f 1658//567 2472//567 1661//567 838//567
f 807//569 1599//569 2473//569 1660//569
f 1599//570 808//570 1662//570 2473//570
f 2473//570 1662//570 840//570 1663//570
f 1660//569 2473//569 1663//569 839//569
f 808//571 1601//571 2474//571 1662//571
f 1601//572 809//572 1664//572 2474//572
f 2474//572 1664//572 841//572 1665//572
f 1662//571 2474//571 1665//571 840//571
f 809//573 1603//573 2475//573 1664//573
f 1603//574 810//574 1666//574 2475//574
f 2475//574 1666//574 842//574 1667//574
f 1664//573 2475//573 1667//573 841//573
f 810//575 1605//575 2476//575 1666//575
f 1605//576 811//576 1668//576 2476//576
f 2476//576 1668//576 843//576 1669//576
f 1666//575 2476//575 1669//575 842//575
f 811//577 1607//577 2477//577 1668//577
f 1607//578 812//578 1670//578 2477//578
f 2477//578 1670//578 844//578 1671//578
f 1668//577 2477//577 1671//577 843//577
f 812//579 1609//579 2478//579 1670//579
f 1609//580 813//580 1672//580 2478//580
f 2478//580 1672//580 845//580 1673//580
f 1670//579 2478//579 1673//579 844//579
f 813//581 1611//581 2479//581 1672//581
f 1611//582 814//582 1674//582 2479//582
f 2479//582 1674//582 846//582 1675//582
f 1672//581 2479//581 1675//581 845//581
f 814//583 1613//583 2480//583 1674//583
f 1613//584 815//584 1676//584 2480//584
f 2480//584 1676//584 847//584 1677//584
f 1674//583 2480//583 1677//583 846//583
f 815//585 1615//585 2481//585 1676//585
f 1615//586 816//586 1678//586 2481//586
f 2481//586 1678//586 848//586 1679//586
f 1676//585 2481//585 1679//585 847//585
f 816//587 1617//587 2482//587 1678//587
f 1617//588 817//588 1680//588 2482//588
f 2482//588 1680//588 849//588 1681//588
f 1678//587 2482//587 1681//587 848//587
f 817//589 1619//589 2483//589 1680//589
f 1619//590 818//590 1682//590 2483//590
f 2483//590 1682//590 850//590 1683//590
f 1680//589 2483//589 1683//589 849//589
f 818//591 1620//591 2484//591 1682//591
f 1620//592 787//592 1621//592 2484//592
f 2484//592 1621//592 819//592 1684//592
f 1682//591 2484//591 1684//591 850//591
f 886//593 1750//593 2517//593 1749//593
f 1750//594 888//594 1751//594 2517//594
f 2517//595 1751//595 890//595 1752//595
f 1749//596 2517//596 1752//596 887//596
f 887//597 1752//597 2518//597 1753//597
f 1752//598 890//598 1754//598 2518//598
f 2518//599 1754//599 889//599 1755//599
f 1753//600 2518//600 1755//600 885//600
f 888//601 1756//601 2519//601 1751//601
f 1756//602 891//602 1757//602 2519//602
f 2519//603 1757//603 893//603 1758//603
f 1751//604 2519//604 1758//604 890//604
f 890//605 1758//605 2520//605 1754//605
f 1758//606 893//606 1759//606 2520//606
f 2520//607 1759//607 892//607 1760//607
f 1754//608 2520//608 1760//608 889//608
f 891//609 1761//609 2521//609 1757//609
f 1761//610 894//610 1762//610 2521//610
f 2521//611 1762//611 896//611 1763//611
f 1757//612 2521//612 1763//612 893//612
f 893//613 1763//613 2522//613 1759//613
f 1763//614 896//614 1764//614 2522//614
f 2522//615 1764//615 895//615 1765//615
f 1759//616 2522//616 1765//616 892//616
f 894//617 1766//617 2523//617 1762//617
f 1766//618 897//618 1767//618 2523//618
f 2523//619 1767//619 899//619 1768//619
f 1762//620 2523//620 1768//620 896//620
f 896//621 1768//621 2524//621 1764//621
f 1768//622 899//622 1769//622 2524//622
f 2524//623 1769//623 898//623 1770//623
f 1764//624 2524//624 1770//624 895//624
f 897//625 1771//625 2525//625 1767//625
f 1771//626 900//626 1772//626 2525//626
f 2525//627 1772//627 902//627 1773//627
f 1767//628 2525//628 1773//628 899//628
f 899//629 1773//629 2526//629 1769//629
f 1773//630 902//630 1774//630 2526//630
f 2526//631 1774//631 901//631 1775//631
f 1769//632 2526//632 1775//632 898//632
f 900//633 1776//633 2527//633 1772//633
f 1776//634 903//634 1777//634 2527//634
f 2527//635 1777//635 905//635 1778//635
f 1772//636 2527//636 1778//636 902//636
f 902//637 1778//637 2528//637 1774//637
f 1778//638 905//638 1779//638 2528//638
f 2528//639 1779//639 904//639 1780//639
f 1774//640 2528//640 1780//640 901//640
f 903//641 1781//641 2529//641 1777//641
f 1781//642 906//642 1782//642 2529//642
f 2529//643 1782//643 908//643 1783//643
f 1777//644 2529//644 1783//644 905//644
f 905//645 1783//645 2530//645 1779//645
f 1783//646 908//646 1784//646 2530//646
f 2530//647 1784//647 907//647 1785//647
f 1779//648 2530//648 1785//648 904//648
f 906//649 1786//649 2531//649 1782//649
f 1786//650 909//650 1787//650 2531//650
f 2531//651 1787//651 911//651 1788//651
f 1782//652 2531//652 1788//652 908//652
f 908//653 1788//653 2532//653 1784//653
f 1788//654 911//654 1789//654 2532//654
f 2532//655 1789//655 910//655 1790//655
f 1784//656 2532//656 1790//656 907//656
f 909//657 1791//657 2533//657 1787//657
f 1791//658 912//658 1792//658 2533//658
f 2533//659 1792//659 914//659 1793//659
f 1787//660 2533//660 1793//660 911//660
f 911//661 1793//661 2534//661 1789//661
f 1793//662 914//662 1794//662 2534//662
f 2534//663 1794//663 913//663 1795//663
f 1789//664 2534//664 1795//664 910//664
f 912//665 1796//665 2535//665 1792//665
f 1796//666 915//666 1797//666 2535//666
f 2535//667 1797//667 917//667 1798//667
f 1792//668 2535//668 1798//668 914//668
f 914//669 1798//669 2536//669 1794//669
f 1798//670 917//670 1799//670 2536//670
f 2536//671 1799//671 916//671 1800//671
f 1794//672 2536//672 1800//672 913//672
f 915//673 1801//673 2537//673 1797//673
f 1801//674 918//674 1802//674 2537//674
f 2537//675 1802//675 920//675 1803//675
f 1797//676 2537//676 1803//676 917//676
f 917//677 1803//677 2538//677 1799//677
f 1803//678 920//678 1804//678 2538//678
f 2538//679 1804//679 919//679 1805//679
f 1799//680 2538//680 1805//680 916//680
f 918//681 1806//681 2539//681 1802//681
f 1806//682 921//682 1807//682 2539//682
f 2539//683 1807//683 923//683 1808//683
f 1802//684 2539//684 1808//684 920//684
f 920//685 1808//685 2540//685 1804//685
f 1808//686 923//686 1809//686 2540//686
f 2540//687 1809//687 922//687 1810//687
f 1804//688 2540//688 1810//688 919//688
f 921//689 1811//689 2541//689 1807//689
f 1811//690 924//690 1812//690 2541//690
f 2541//691 1812//691 926//691 1813//691
f 1807//692 2541//692 1813//692 923//692
f 923//693 1813//693 2542//693 1809//693
f 1813//694 926//694 1814//694 2542//694
f 2542//695 1814//695 925//695 1815//695
f 1809//696 2542//696 1815//696 922//696
f 924//697 1816//697 2543//697 1812//697
f 1816//698 927//698 1817//698 2543//698
f 2543//699 1817//699 929//699 1818//699
f 1812//700 2543//700 1818//700 926//700
f 926//701 1818//701 2544//701 1814//701
f 1818//702 929//702 1819//702 2544//702
f 2544//703 1819//703 928//703 1820//703
f 1814//704 2544//704 1820//704 925//704
f 927//705 1821//705 2545//705 1817//705
f 1821//706 930//706 1822//706 2545//706
f 2545//707 1822//707 932//707 1823//707
f 1817//708 2545//708 1823//708 929//708
f 929//709 1823//709 2546//709 1819//709
f 1823//710 932//710 1824//710 2546//710
f 2546//711 1824//711 931//711 1825//711
f 1819//712 2546//712 1825//712 928//712
f 930//713 1826//713 2547//713 1822//713
f 1826//714 933//714 1827//714 2547//714
f 2547//715 1827//715 935//715 1828//715
f 1822//716 2547//716 1828//716 932//716
f 932//717 1828//717 2548//717 1824//717
f 1828//718 935//718 1829//718 2548//718
f 2548//719 1829//719 934//719 1830//719
f 1824//720 2548//720 1830//720 931//720
f 933//721 1831//721 2549//721 1827//721
f 1831//722 936//722 1832//722 2549//722
f 2549//723 1832//723 938//723 1833//723
f 1827//724 2549//724 1833//724 935//724
f 935//725 1833//725 2550//725 1829//725
f 1833//726 938//726 1834//726 2550//726
f 2550//727 1834//727 937//727 1835//727
f 1829//728 2550//728 1835//728 934//728
f 936//729 1836//729 2551//729 1832//729
f 1836//730 939//730 1837//730 2551//730
f 2551//731 1837//731 941//731 1838//731
f 1832//732 2551//732 1838//732 938//732
f 938//733 1838//733 2552//733 1834//733
f 1838//734 941//734 1839//734 2552//734
f 2552//735 1839//735 940//735 1840//735
f 1834//736 2552//736 1840//736 937//736
f 939//737 1841//737 2553//737 1837//737
f 1841//738 942//738 1842//738 2553//738
f 2553//739 1842//739 944//739 1843//739
f 1837//740 2553//740 1843//740 941//740
f 941//741 1843//741 2554//741 1839//741
f 1843//742 944//742 1844//742 2554//742
f 2554//743 1844//743 943//743 1845//743
f 1839//744 2554//744 1845//744 940//744
f 942//745 1846//745 2555//745 1842//745
f 1846//746 945//746 1847//746 2555//746
f 2555//747 1847//747 947//747 1848//747
f 1842//748 2555//748 1848//748 944//748
f 944//749 1848//749 2556//749 1844//749
f 1848//750 947//750 1849//750 2556//750
f 2556//751 1849//751 946//751 1850//751
f 1844//752 2556//752 1850//752 943//752
f 945//753 1851//753 2557//753 1847//753
f 1851//754 948//754 1852//754 2557//754
f 2557//755 1852//755 950//755 1853//755
f 1847//756 2557//756 1853//756 947//756
f 947//757 1853//757 2558//757 1849//757
f 1853//758 950//758 1854//758 2558//758
f 2558//759 1854//759 949//759 1855//759
f 1849//760 2558//760 1855//760 946//760
f 948//761 1856//761 2559//761 1852//761
f 1856//762 951//762 1857//762 2559//762
f 2559//763 1857//763 953//763 1858//763
f 1852//764 2559//764 1858//764 950//764
f 950//765 1858//765 2560//765 1854//765
f 1858//766 953//766 1859//766 2560//766
f 2560//767 1859//767 952//767 1860//767
f 1854//768 2560//768 1860//768 949//768
f 951//769 1861//769 2561//769 1857//769
f 1861//770 954//770 1862//770 2561//770
f 2561//771 1862//771 956//771 1863//771
f 1857//772 2561//772 1863//772 953//772
f 953//773 1863//773 2562//773 1859//773
f 1863//774 956//774 1864//774 2562//774
f 2562//775 1864//775 955//775 1865//775
f 1859//776 2562//776 1865//776 952//776
f 954//777 1866//777 2563//777 1862//777
f 1866//778 957//778 1867//778 2563//778
f 2563//779 1867//779 959//779 1868//779
f 1862//780 2563//780 1868//780 956//780
f 956//781 1868//781 2564//781 1864//781
f 1868//782 959//782 1869//782 2564//782
f 2564//783 1869//783 958//783 1870//783
f 1864//784 2564//784 1870//784 955//784
f 957//785 1871//785 2565//785 1867//785
f 1871//786 960//786 1872//786 2565//786
f 2565//787 1872//787 962//787 1873//787
f 1867//788 2565//788 1873//788 959//788
f 959//789 1873//789 2566//789 1869//789
f 1873//790 962//790 1874//790 2566//790
f 2566//791 1874//791 961//791 1875//791
f 1869//792 2566//792 1875//792 958//792
f 960//793 1876//793 2567//793 1872//793
f 1876//794 963//794 1877//794 2567//794
f 2567//795 1877//795 965//795 1878//795
f 1872//796 2567//796 1878//796 962//796
f 962//797 1878//797 2568//797 1874//797
f 1878//798 965//798 1879//798 2568//798
f 2568//799 1879//799 964//799 1880//799
f 1874//800 2568//800 1880//800 961//800
f 963//801 1881//801 2569//801 1877//801
f 1881//802 966//802 1882//802 2569//802
f 2569//803 1882//803 968//803 1883//803
f 1877//804 2569//804 1883//804 965//804
f 965//805 1883//805 2570//805 1879//805
f 1883//806 968//806 1884//806 2570//806
f 2570//807 1884//807 967//807 1885//807
f 1879//808 2570//808 1885//808 964//808
f 966//809 1886//809 2571//809 1882//809
f 1886//810 969//810 1887//810 2571//810
f 2571//811 1887//811 971//811 1888//811
f 1882//812 2571//812 1888//812 968//812
f 968//813 1888//813 2572//813 1884//813
f 1888//814 971//814 1889//814 2572//814
f 2572//815 1889//815 970//815 1890//815
f 1884//816 2572//816 1890//816 967//816
f 969//817 1891//817 2573//817 1887//817
f 1891//818 972//818 1892//818 2573//818
f 2573//819 1892//819 974//819 1893//819
f 1887//820 2573//820 1893//820 971//820
f 971//821 1893//821 2574//821 1889//821
f 1893//822 974//822 1894//822 2574//822
f 2574//823 1894//823 973//823 1895//823
f 1889//824 2574//824 1895//824 970//824
f 972//825 1896//825 2575//825 1892//825
f 1896//826 975//826 1897//826 2575//826
f 2575//827 1897//827 977//827 1898//827
f 1892//828 2575//828 1898//828 974//828
f 974//829 1898//829 2576//829 1894//829
f 1898//830 977//830 1899//830 2576//830
f 2576//831 1899//831 976//831 1900//831
f 1894//832 2576//832 1900//832 973//832
f 975//833 1901//833 2577//833 1897//833
f 1901//834 978//834 1902//834 2577//834
f 2577//835 1902//835 980//835 1903//835
f 1897//836 2577//836 1903//836 977//836
f 977//837 1903//837 2578//837 1899//837
f 1903//838 980//838 1904//838 2578//838
f 2578//839 1904//839 979//839 1905//839
f 1899//840 2578//840 1905//840 976//840
f 885//841 1906//841 2579//841 1753//841
f 1906//842 979//842 1904//842 2579//842
f 2579//843 1904//843 980//843 1907//843
f 1753//844 2579//844 1907//844 887//844
f 887//845 1907//845 2580//845 1749//845
f 1907//846 980//846 1902//846 2580//846
f 2580//847 1902//847 978//847 1908//847
f 1749//848 2580//848 1908//848 886//848
f 979//1105 1906//1105 2645//1105 2069//1105
f 1906//1106 885//1106 2070//1106 2645//1106
f 2645//1107 2070//1107 531//1107 1108//1107
f 2069//1108 2645//1108 1108//1108 562//1108
f 885//1109 1755//1109 2646//1109 2070//1109
f 1755//1110 889//1110 2071//1110 2646//1110
f 2646//1111 2071//1111 532//1111 1077//1111
f 2070//1112 2646//1112 1077//1112 531//1112
f 883//1113 2073//1113 2647//1113 2072//1113
f 886//1114 1908//1114 2647//1114 2073//1114
f 978//1115 2072//1115 2647//1115 1908//1115
f 883//1113 2074//1113 2648//1113 2073//1113
f 888//1116 1750//1116 2648//1116 2074//1116
f 886//1117 2073//1117 2648//1117 1750//1117
f 889//1118 1760//1118 2649//1118 2071//1118
f 1760//1119 892//1119 2075//1119 2649//1119
f 2649//1120 2075//1120 533//1120 1078//1120
f 2071//1121 2649//1121 1078//1121 532//1121
f 883//1122 2076//1122 2650//1122 2074//1122
f 891//1123 1756//1123 2650//1123 2076//1123
f 888//1124 2074//1124 2650//1124 1756//1124
f 892//1125 1765//1125 2651//1125 2075//1125
f 1765//1126 895//1126 2077//1126 2651//1126
f 2651//1127 2077//1127 534//1127 1079//1127
f 2075//1128 2651//1128 1079//1128 533//1128
f 883//1122 2078//1122 2652//1122 2076//1122
f 894//1129 1761//1129 2652//1129 2078//1129
f 891//1130 2076//1130 2652//1130 1761//1130
f 895//1131 1770//1131 2653//1131 2077//1131
f 1770//1132 898//1132 2079//1132 2653//1132
f 2653//1133 2079//1133 535//1133 1080//1133
f 2077//1134 2653//1134 1080//1134 534//1134
f 883//1135 2080//1135 2654//1135 2078//1135
f 897//1136 1766//1136 2654//1136 2080//1136
f 894//1137 2078//1137 2654//1137 1766//1137
f 898//1138 1775//1138 2655//1138 2079//1138
f 1775//1139 901//1139 2081//1139 2655//1139
f 2655//1140 2081//1140 536//1140 1081//1140
f 2079//1141 2655//1141 1081//1141 535//1141
f 883//1135 2082//1135 2656//1135 2080//1135
f 900//1142 1771//1142 2656//1142 2082//1142
f 897//1143 2080//1143 2656//1143 1771//1143
f 901//1144 1780//1144 2657//1144 2081//1144
f 1780//1145 904//1145 2083//1145 2657//1145
f 2657//1146 2083//1146 537//1146 1082//1146
f 2081//1147 2657//1147 1082//1147 536//1147
f 883//1148 2084//1148 2658//1148 2082//1148
f 903//1149 1776//1149 2658//1149 2084//1149
f 900//1150 2082//1150 2658//1150 1776//1150
f 904//1151 1785//1151 2659//1151 2083//1151
f 1785//1152 907//1152 2085//1152 2659//1152
f 2659//1153 2085//1153 538//1153 1083//1153
f 2083//1154 2659//1154 1083//1154 537//1154
f 883//1148 2086//1148 2660//1148 2084//1148
f 906//1155 1781//1155 2660//1155 2086//1155
f 903//1156 2084//1156 2660//1156 1781//1156
f 907//1157 1790//1157 2661//1157 2085//1157
f 1790//1158 910//1158 2087//1158 2661//1158
f 2661//1159 2087//1159 539//1159 1084//1159
f 2085//1160 2661//1160 1084//1160 538//1160
f 883//1161 2088//1161 2662//1161 2086//1161
f 909//1162 1786//1162 2662//1162 2088//1162
f 906//1163 2086//1163 2662//1163 1786//1163
f 910//1164 1795//1164 2663//1164 2087//1164
f 1795//1165 913//1165 2089//1165 2663//1165
f 2663//1166 2089//1166 540//1166 1085//1166
f 2087//1167 2663//1167 1085//1167 539//1167
f 883//1161 2090//1161 2664//1161 2088//1161
f 912//1168 1791//1168 2664//1168 2090//1168
f 909//1169 2088//1169 2664//1169 1791//1169
f 913//1170 1800//1170 2665//1170 2089//1170
f 1800//1171 916//1171 2091//1171 2665//1171
f 2665//1172 2091//1172 541//1172 1086//1172
f 2089//1173 2665//1173 1086//1173 540//1173
f 883//1174 2092//1174 2666//1174 2090//1174
f 915//1175 1796//1175 2666//1175 2092//1175
f 912//1176 2090//1176 2666//1176 1796//1176
f 916//1177 1805//1177 2667//1177 2091//1177
f 1805//1178 919//1178 2093//1178 2667//1178
f 2667//1179 2093//1179 542//1179 1087//1179
f 2091//1180 2667//1180 1087//1180 541//1180
f 883//1174 2094//1174 2668//1174 2092//1174
f 918//1181 1801//1181 2668//1181 2094//1181
f 915//1182 2092//1182 2668//1182 1801//1182
f 919//1183 1810//1183 2669//1183 2093//1183
f 1810//1184 922//1184 2095//1184 2669//1184
f 2669//1185 2095//1185 543//1185 1088//1185
f 2093//1186 2669//1186 1088//1186 542//1186
f 883//1187 2096//1187 2670//1187 2094//1187
f 921//1188 1806//1188 2670//1188 2096//1188
f 918//1189 2094//1189 2670//1189 1806//1189
f 922//1190 1815//1190 2671//1190 2095//1190
f 1815//1191 925//1191 2097//1191 2671//1191
f 2671//1192 2097//1192 544//1192 1089//1192
f 2095//1193 2671//1193 1089//1193 543//1193
f 883//1187 2098//1187 2672//1187 2096//1187
f 924//1194 1811//1194 2672//1194 2098//1194
f 921//1195 2096//1195 2672//1195 1811//1195
f 925//1196 1820//1196 2673//1196 2097//1196
f 1820//1197 928//1197 2099//1197 2673//1197
f 2673//1198 2099//1198 545//1198 1090//1198
f 2097//1199 2673//1199 1090//1199 544//1199
f 883//1200 2100//1200 2674//1200 2098//1200
f 927//1201 1816//1201 2674//1201 2100//1201
f 924//1202 2098//1202 2674//1202 1816//1202
f 928//1203 1825//1203 2675//1203 2099//1203
f 1825//1204 931//1204 2101//1204 2675//1204
f 2675//1205 2101//1205 546//1205 1091//1205
f 2099//1206 2675//1206 1091//1206 545//1206
f 883//1200 2102//1200 2676//1200 2100//1200
f 930//1207 1821//1207 2676//1207 2102//1207
f 927//1208 2100//1208 2676//1208 1821//1208
f 931//1209 1830//1209 2677//1209 2101//1209
f 1830//1210 934//1210 2103//1210 2677//1210
f 2677//1211 2103//1211 547//1211 1092//1211
f 2101//1212 2677//1212 1092//1212 546//1212
f 883//1213 2104//1213 2678//1213 2102//1213
f 933//1214 1826//1214 2678//1214 2104//1214
f 930//1215 2102//1215 2678//1215 1826//1215
f 934//1216 1835//1216 2679//1216 2103//1216
f 1835//1217 937//1217 2105//1217 2679//1217
f 2679//1218 2105//1218 548//1218 1093//1218
f 2103//1219 2679//1219 1093//1219 547//1219
f 883//1213 2106//1213 2680//1213 2104//1213
f 936//1220 1831//1220 2680//1220 2106//1220
f 933//1221 2104//1221 2680//1221 1831//1221
f 937//1222 1840//1222 2681//1222 2105//1222
f 1840//1223 940//1223 2107//1223 2681//1223
f 2681//1224 2107//1224 549//1224 1094//1224
f 2105//1225 2681//1225 1094//1225 548//1225
f 883//1226 2108//1226 2682//1226 2106//1226
f 939//1227 1836//1227 2682//1227 2108//1227
f 936//1228 2106//1228 2682//1228 1836//1228
f 940//1229 1845//1229 2683//1229 2107//1229
f 1845//1230 943//1230 2109//1230 2683//1230
f 2683//1231 2109//1231 550//1231 1095//1231
f 2107//1232 2683//1232 1095//1232 549//1232
f 883//1226 2110//1226 2684//1226 2108//1226
f 942//1233 1841//1233 2684//1233 2110//1233
f 939//1234 2108//1234 2684//1234 1841//1234
f 943//1235 1850//1235 2685//1235 2109//1235
f 1850//1236 946//1236 2111//1236 2685//1236
f 2685//1237 2111//1237 551//1237 1096//1237
f 2109//1238 2685//1238 1096//1238 550//1238
f 883//1239 2112//1239 2686//1239 2110//1239
f 945//1240 1846//1240 2686//1240 2112//1240
f 942//1241 2110//1241 2686//1241 1846//1241
f 946//1242 1855//1242 2687//1242 2111//1242
f 1855//1243 949//1243 2113//1243 2687//1243
f 2687//1244 2113//1244 552//1244 1097//1244
f 2111//1245 2687//1245 1097//1245 551//1245
f 883//1239 2114//1239 2688//1239 2112//1239
f 948//1246 1851//1246 2688//1246 2114//1246
f 945//1247 2112//1247 2688//1247 1851//1247
f 949//1248 1860//1248 2689//1248 2113//1248
f 1860//1249 952//1249 2115//1249 2689//1249
f 2689//1250 2115//1250 553//1250 1098//1250
f 2113//1251 2689//1251 1098//1251 552//1251
f 883//1252 2116//1252 2690//1252 2114//1252
f 951//1253 1856//1253 2690//1253 2116//1253
f 948//1254 2114//1254 2690//1254 1856//1254
f 952//1255 1865//1255 2691//1255 2115//1255
f 1865//1256 955//1256 2117//1256 2691//1256
f 2691//1257 2117//1257 554//1257 1099//1257
f 2115//1258 2691//1258 1099//1258 553//1258
f 883//1252 2118//1252 2692//1252 2116//1252
f 954//1259 1861//1259 2692//1259 2118//1259
f 951//1260 2116//1260 2692//1260 1861//1260
f 955//1261 1870//1261 2693//1261 2117//1261
f 1870//1262 958//1262 2119//1262 2693//1262
f 2693//1263 2119//1263 555//1263 1100//1263
f 2117//1264 2693//1264 1100//1264 554//1264
f 883//1265 2120//1265 2694//1265 2118//1265
f 957//1266 1866//1266 2694//1266 2120//1266
f 954//1267 2118//1267 2694//1267 1866//1267
f 958//1268 1875//1268 2695//1268 2119//1268
f 1875//1269 961//1269 2121//1269 2695//1269
f 2695//1270 2121//1270 556//1270 1101//1270
f 2119//1271 2695//1271 1101//1271 555//1271
f 883//1265 2122//1265 2696//1265 2120//1265
f 960//1272 1871//1272 2696//1272 2122//1272
f 957//1273 2120//1273 2696//1273 1871//1273
f 961//1274 1880//1274 2697//1274 2121//1274
f 1880//1275 964//1275 2123//1275 2697//1275
f 2697//1276 2123//1276 557//1276 1102//1276
f 2121//1277 2697//1277 1102//1277 556//1277
f 883//1278 2124//1278 2698//1278 2122//1278
f 963//1279 1876//1279 2698//1279 2124//1279
f 960//1280 2122//1280 2698//1280 1876//1280
f 964//1281 1885//1281 2699//1281 2123//1281
f 1885//1282 967//1282 2125//1282 2699//1282
f 2699//1283 2125//1283 558//1283 1103//1283
f 2123//1284 2699//1284 1103//1284 557//1284
f 883//1278 2126//1278 2700//1278 2124//1278
f 966//1285 1881//1285 2700//1285 2126//1285
f 963//1286 2124//1286 2700//1286 1881//1286
f 967//1287 1890//1287 2701//1287 2125//1287
f 1890//1288 970//1288 2127//1288 2701//1288
f 2701//1289 2127//1289 559//1289 1104//1289
f 2125//1290 2701//1290 1104//1290 558//1290
f 883//1291 2128//1291 2702//1291 2126//1291
f 969//1292 1886//1292 2702//1292 2128//1292
f 966//1293 2126//1293 2702//1293 1886//1293
f 970//1294 1895//1294 2703//1294 2127//1294
f 1895//1295 973//1295 2129//1295 2703//1295
f 2703//1296 2129//1296 560//1296 1105//1296
f 2127//1297 2703//1297 1105//1297 559//1297
f 883//1291 2130//1291 2704//1291 2128//1291
f 972//1298 1891//1298 2704//1298 2130//1298
f 969//1299 2128//1299 2704//1299 1891//1299
f 973//1300 1900//1300 2705//1300 2129//1300
f 1900//1301 976//1301 2131//1301 2705//1301
f 2705//1302 2131//1302 561//1302 1106//1302
f 2129//1303 2705//1303 1106//1303 560//1303
f 883//1304 2132//1304 2706//1304 2130//1304
f 975//1305 1896//1305 2706//1305 2132//1305
f 972//1306 2130//1306 2706//1306 1896//1306
f 976//1307 1905//1307 2707//1307 2131//1307
f 1905//1308 979//1308 2069//1308 2707//1308
f 2707//1309 2069//1309 562//1309 1107//1309
f 2131//1310 2707//1310 1107//1310 561//1310
f 883//1304 2072//1304 2708//1304 2132//1304
f 978//1311 1901//1311 2708//1311 2072//1311
f 975//1312 2132//1312 2708//1312 1901//1312
usemtl stripe_white
f 563//529 1111//529 2229//529 1173//529
f 1111//530 564//530 1174//530 2229//530
f 2229//530 1174//530 596//530 1175//530
f 1173//529 2229//529 1175//529 595//529
f 564//531 1113//531 2230//531 1174//531
f 1113//532 565//532 1176//532 2230//532
f 2230//532 1176//532 597//532 1177//532
f 1174//531 2230//531 1177//531 596//531
f 565//533 1115//533 2231//533 1176//533
f 1115//534 566//534 1178//534 2231//534
f 2231//534 1178//534 598//534 1179//534
f 1176//533 2231//533 1179//533 597//533
f 566//535 1117//535 2232//535 1178//535
f 1117//536 567//536 1180//536 2232//536
f 2232//536 1180//536 599//536 1181//536
f 1178//535 2232//535 1181//535 598//535
f 567//537 1119//537 2233//537 1180//537
f 1119//538 568//538 1182//538 2233//538
f 2233//538 1182//538 600//538 1183//538
f 1180//537 2233//537 1183//537 599//537
f 568//539 1121//539 2234//539 1182//539
f 1121//540 569//540 1184//540 2234//540
f 2234//540 1184//540 601//540 1185//540
f 1182//539 2234//539 1185//539 600//539
f 569//541 1123//541 2235//541 1184//541
f 1123//542 570//542 1186//542 2235//542
f 2235//542 1186//542 602//542 1187//542
f 1184//541 2235//541 1187//541 601//541
f 570//543 1125//543 2236//543 1186//543
f 1125//544 571//544 1188//544 2236//544
f 2236//544 1188//544 603//544 1189//544
f 1186//543 2236//543 1189//543 602//543
f 571//545 1127//545 2237//545 1188//545
f 1127//546 572//546 1190//546 2237//546
f 2237//546 1190//546 604//546 1191//546
f 1188//545 2237//545 1191//545 603//545
f 572//547 1129//547 2238//547 1190//547
f 1129//548 573//548 1192//548 2238//548
f 2238//548 1192//548 605//548 1193//548
f 1190//547 2238//547 1193//547 604//547
f 573//549 1131//549 2239//549 1192//549
f 1131//550 574//550 1194//550 2239//550
f 2239//550 1194//550 606//550 1195//550
f 1192//549 2239//549 1195//549 605//549
f 574//551 1133//551 2240//551 1194//551
f 1133//552 575//552 1196//552 2240//552
f 2240//552 1196//552 607//552 1197//552
f 1194//551 2240//551 1197//551 606//551
f 575//553 1135//553 2241//553 1196//553
f 1135//554 576//554 1198//554 2241//554
f 2241//554 1198//554 608//554 1199//554
f 1196//553 2241//553 1199//553 607//553
f 576//555 1137//555 2242//555 1198//555
f 1137//556 577//556 1200//556 2242//556
f 2242//556 1200//556 609//556 1201//556
f 1198//555 2242//555 1201//555 608//555
f 577//557 1139//557 2243//557 1200//557
f 1139//558 578//558 1202//558 2243//558
f 2243//558 1202//558 610//558 1203//558
f 1200//557 2243//557 1203//557 609//557
f 578//559 1141//559 2244//559 1202//559
f 1141//560 579//560 1204//560 2244//560
f 2244//560 1204//560 611//560 1205//560
f 1202//559 2244//559 1205//559 610//559
f 579//561 1143//561 2245//561 1204//561
f 1143//562 580//562 1206//562 2245//562
f 2245//562 1206//562 612//562 1207//562
f 1204//561 2245//561 1207//561 611//561
f 580//563 1145//563 2246//563 1206//563
f 1145//564 581//564 1208//564 2246//564
f 2246//564 1208//564 613//564 1209//564
f 1206//563 2246//563 1209//563 612//563
f 581//565 1147//565 2247//565 1208//565
f 1147//566 582//566 1210//566 2247//566
f 2247//566 1210//566 614//566 1211//566
f 1208//565 2247//565 1211//565 613//565
f 582//567 1149//567 2248//567 1210//567
f 1149//568 583//568 1212//568 2248//568
f 2248//568 1212//568 615//568 1213//568
f 1210//567 2248//567 1213//567 614//567
f 583//569 1151//569 2249//569 1212//569
f 1151//570 584//570 1214//570 2249//570
f 2249//570 1214//570 616//570 1215//570
f 1212//569 2249//569 1215//569 615//569
f 584//571 1153//571 2250//571 1214//571
f 1153//572 585//572 1216//572 2250//572
f 2250//572 1216//572 617//572 1217//572
f 1214//571 2250//571 1217//571 616//571
f 585//573 1155//573 2251//573 1216//573
f 1155//574 586//574 1218//574 2251//574
f 2251//574 1218//574 618//574 1219//574
f 1216//573 2251//573 1219//573 617//573
f 586//575 1157//575 2252//575 1218//575
f 1157//576 587//576 1220//576 2252//576
f 2252//576 1220//576 619//576 1221//576
f 1218//575 2252//575 1221//575 618//575
f 587//577 1159//577 2253//577 1220//577
f 1159//578 588//578 1222//578 2253//578
f 2253//578 1222//578 620//578 1223//578
f 1220//577 2253//577 1223//577 619//577
f 588//579 1161//579 2254//579 1222//579
f 1161//580 589//580 1224//580 2254//580
f 2254//580 1224//580 621//580 1225//580
f 1222//579 2254//579 1225//579 620//579
f 589//581 1163//581 2255//581 1224//581
f 1163//582 590//582 1226//582 2255//582
f 2255//582 1226//582 622//582 1227//582
f 1224//581 2255//581 1227//581 621//581
f 590//583 1165//583 2256//583 1226//583
f 1165//584 591//584 1228//584 2256//584
f 2256//584 1228//584 623//584 1229//584
f 1226//583 2256//583 1229//583 622//583
f 591//585 1167//585 2257//585 1228//585
f 1167//586 592//586 1230//586 2257//586
f 2257//586 1230//586 624//586 1231//586
f 1228//585 2257//585 1231//585 623//585
f 592//587 1169//587 2258//587 1230//587
f 1169//588 593//588 1232//588 2258//588
f 2258//588 1232//588 625//588 1233//588
f 1230//587 2258//587 1233//587 624//587
f 593//589 1171//589 2259//589 1232//589
f 1171//590 594//590 1234//590 2259//590
f 2259//590 1234//590 626//590 1235//590
f 1232//589 2259//589 1235//589 625//589
f 594//591 1172//591 2260//591 1234//591
f 1172//592 563//592 1173//592 2260//592
f 2260//592 1173//592 595//592 1236//592
f 1234//591 2260//591 1236//591 626//591
f 595//529 1175//529 2261//529 1237//529
f 1175//530 596//530 1238//530 2261//530
f 2261//530 1238//530 628//530 1239//530
f 1237//529 2261//529 1239//529 627//529
f 596//531 1177//531 2262//531 1238//531
f 1177//532 597//532 1240//532 2262//532
f 2262//532 1240//532 629//532 1241//532
f 1238//531 2262//531 1241//531 628//531
f 597//533 1179//533 2263//533 1240//533
f 1179//534 598//534 1242//534 2263//534
f 2263//534 1242//534 630//534 1243//534
f 1240//533 2263//533 1243//533 629//533
f 598//535 1181//535 2264//535 1242//535
f 1181//536 599//536 1244//536 2264//536
f 2264//536 1244//536 631//536 1245//536
f 1242//535 2264//535 1245//535 630//535
f 599//537 1183//537 2265//537 1244//537
f 1183//538 600//538 1246//538 2265//538
f 2265//538 1246//538 632//538 1247//538
f 1244//537 2265//537 1247//537 631//537
f 600//539 1185//539 2266//539 1246//539
f 1185//540 601//540 1248//540 2266//540
f 2266//540 1248//540 633//540 1249//540
f 1246//539 2266//539 1249//539 632//539
f 601//541 1187//541 2267//541 1248//541
f 1187//542 602//542 1250//542 2267//542
f 2267//542 1250//542 634//542 1251//542
f 1248//541 2267//541 1251//541 633//541
f 602//543 1189//543 2268//543 1250//543
f 1189//544 603//544 1252//544 2268//544
f 2268//544 1252//544 635//544 1253//544
f 1250//543 2268//543 1253//543 634//543
f 603//545 1191//545 2269//545 1252//545
f 1191//546 604//546 1254//546 2269//546
f 2269//546 1254//546 636//546 1255//546
f 1252//545 2269//545 1255//545 635//545
f 604//547 1193//547 2270//547 1254//547
f 1193//548 605//548 1256//548 2270//548
f 2270//548 1256//548 637//548 1257//548
f 1254//547 2270//547 1257//547 636//547
f 605//549 1195//549 2271//549 1256//549
f 1195//550 606//550 1258//550 2271//550
f 2271//550 1258//550 638//550 1259//550
f 1256//549 2271//549 1259//549 637//549
f 606//551 1197//551 2272//551 1258//551
f 1197//552 607//552 1260//552 2272//552
f 2272//552 1260//552 639//552 1261//552
f 1258//551 2272//551 1261//551 638//551
f 607//553 1199//553 2273//553 1260//553
f 1199//554 608//554 1262//554 2273//554
f 2273//554 1262//554 640//554 1263//554
f 1260//553 2273//553 1263//553 639//553
f 608//555 1201//555 2274//555 1262//555
f 1201//556 609//556 1264//556 2274//556
f 2274//556 1264//556 641//556 1265//556
f 1262//555 2274//555 1265//555 640//555
f 609//557 1203//557 2275//557 1264//557
f 1203//558 610//558 1266//558 2275//558
f 2275//558 1266//558 642//558 1267//558
f 1264//557 2275//557 1267//557 641//557
f 610//559 1205//559 2276//559 1266//559
f 1205//560 611//560 1268//560 2276//560
f 2276//560 1268//560 643//560 1269//560
f 1266//559 2276//559 1269//559 642//559
f 611//561 1207//561 2277//561 1268//561
f 1207//562 612//562 1270//562 2277//562
f 2277//562 1270//562 644//562 1271//562
f 1268//561 2277//561 1271//561 643//561
f 612//563 1209//563 2278//563 1270//563
f 1209//564 613//564 1272//564 2278//564
f 2278//564 1272//564 645//564 1273//564
f 1270//563 2278//563 1273//563 644//563
f 613//565 1211//565 2279//565 1272//565
f 1211//566 614//566 1274//566 2279//566
f 2279//566 1274//566 646//566 1275//566
f 1272//565 2279//565 1275//565 645//565
f 614//567 1213//567 2280//567 1274//567
f 1213//568 615//568 1276//568 2280//568
f 2280//568 1276//568 647//568 1277//568
f 1274//567 2280//567 1277//567 646//567
f 615//569 1215//569 2281//569 1276//569
f 1215//570 616//570 1278//570 2281//570
f 2281//570 1278//570 648//570 1279//570
f 1276//569 2281//569 1279//569 647//569
f 616//571 1217//571 2282//571 1278//571
f 1217//572 617//572 1280//572 2282//572
f 2282//572 1280//572 649//572 1281//572
f 1278//571 2282//571 1281//571 648//571
f 617//573 1219//573 2283//573 1280//573
f 1219//574 618//574 1282//574 2283//574
f 2283//574 1282//574 650//574 1283//574
f 1280//573 2283//573 1283//573 649//573
f 618//575 1221//575 2284//575 1282//575
f 1221//576 619//576 1284//576 2284//576
f 2284//576 1284//576 651//576 1285//576
f 1282//575 2284//575 1285//575 650//575
f 619//577 1223//577 2285//577 1284//577
f 1223//578 620//578 1286//578 2285//578
f 2285//578 1286//578 652//578 1287//578
f 1284//577 2285//577 1287//577 651//577
f 620//579 1225//579 2286//579 1286//579
f 1225//580 621//580 1288//580 2286//580
f 2286//580 1288//580 653//580 1289//580
f 1286//579 2286//579 1289//579 652//579
f 621//581 1227//581 2287//581 1288//581
f 1227//582 622//582 1290//582 2287//582
f 2287//582 1290//582 654//582 1291//582
f 1288//581 2287//581 1291//581 653//581
f 622//583 1229//583 2288//583 1290//583
f 1229//584 623//584 1292//584 2288//584
f 2288//584 1292//584 655//584 1293//584
f 1290//583 2288//583 1293//583 654//583
f 623//585 1231//585 2289//585 1292//585
f 1231//586 624//586 1294//586 2289//586
f 2289//586 1294//586 656//586 1295//586
f 1292//585 2289//585 1295//585 655//585
f 624//587 1233//587 2290//587 1294//587
f 1233//588 625//588 1296//588 2290//588
f 2290//588 1296//588 657//588 1297//588
f 1294//587 2290//587 1297//587 656//587
f 625//589 1235//589 2291//589 1296//589
f 1235//590 626//590 1298//590 2291//590
f 2291//590 1298//590 658//590 1299//590
f 1296//589 2291//589 1299//589 657//589
f 626//591 1236//591 2292//591 1298//591
f 1236//592 595//592 1237//592 2292//592
f 2292//592 1237//592 627//592 1300//592
f 1298//591 2292//591 1300//591 658//591
f 691//529 1367//529 2357//529 1429//529
f 1367//530 692//530 1430//530 2357//530
f 2357//530 1430//530 724//530 1431//530
f 1429//529 2357//529 1431//529 723//529
f 692//531 1369//531 2358//531 1430//531
f 1369//532 693//532 1432//532 2358//532
f 2358//532 1432//532 725//532 1433//532
f 1430//531 2358//531 1433//531 724//531
f 693//533 1371//533 2359//533 1432//533
f 1371//534 694//534 1434//534 2359//534
f 2359//534 1434//534 726//534 1435//534
f 1432//533 2359//533 1435//533 725//533
f 694//535 1373//535 2360//535 1434//535
f 1373//536 695//536 1436//536 2360//536
f 2360//536 1436//536 727//536 1437//536
f 1434//535 2360//535 1437//535 726//535
f 695//537 1375//537 2361//537 1436//537
f 1375//538 696//538 1438//538 2361//538
f 2361//538 1438//538 728//538 1439//538
f 1436//537 2361//537 1439//537 727//537
f 696//539 1377//539 2362//539 1438//539
f 1377//540 697//540 1440//540 2362//540
f 2362//540 1440//540 729//540 1441//540
f 1438//539 2362//539 1441//539 728//539
f 697//541 1379//541 2363//541 1440//541
f 1379//542 698//542 1442//542 2363//542
f 2363//542 1442//542 730//542 1443//542
f 1440//541 2363//541 1443//541 729//541
f 698//543 1381//543 2364//543 1442//543
f 1381//544 699//544 1444//544 2364//544
f 2364//544 1444//544 731//544 1445//544
f 1442//543 2364//543 1445//543 730//543
f 699//545 1383//545 2365//545 1444//545
f 1383//546 700//546 1446//546 2365//546
f 2365//546 1446//546 732//546 1447//546
f 1444//545 2365//545 1447//545 731//545
f 700//547 1385//547 2366//547 1446//547
f 1385//548 701//548 1448//548 2366//548
f 2366//548 1448//548 733//548 1449//548
f 1446//547 2366//547 1449//547 732//547
f 701//549 1387//549 2367//549 1448//549
f 1387//550 702//550 1450//550 2367//550
f 2367//550 1450//550 734//550 1451//550
f 1448//549 2367//549 1451//549 733//549
f 702//551 1389//551 2368//551 1450//551
f 1389//552 703//552 1452//552 2368//552
f 2368//552 1452//552 735//552 1453//552
f 1450//551 2368//551 1453//551 734//551
f 703//553 1391//553 2369//553 1452//553
f 1391//554 704//554 1454//554 2369//554
f 2369//554 1454//554 736//554 1455//554
f 1452//553 2369//553 1455//553 735//553
f 704//555 1393//555 2370//555 1454//555
f 1393//556 705//556 1456//556 2370//556
f 2370//556 1456//556 737//556 1457//556
f 1454//555 2370//555 1457//555 736//555
f 705//557 1395//557 2371//557 1456//557
f 1395//558 706//558 1458//558 2371//558
f 2371//558 1458//558 738//558 1459//558
f 1456//557 2371//557 1459//557 737//557
f 706//559 1397//559 2372//559 1458//559
f 1397//560 707//560 1460//560 2372//560
f 2372//560 1460//560 739//560 1461//560
f 1458//559 2372//559 1461//559 738//559
f 707//561 1399//561 2373//561 1460//561
f 1399//562 708//562 1462//562 2373//562
f 2373//562 1462//562 740//562 1463//562
f 1460//561 2373//561 1463//561 739//561
f 708//563 1401//563 2374//563 1462//563
f 1401//564 709//564 1464//564 2374//564
f 2374//564 1464//564 741//564 1465//564
f 1462//563 2374//563 1465//563 740//563
f 709//565 1403//565 2375//565 1464//565
f 1403//566 710//566 1466//566 2375//566
f 2375//566 1466//566 742//566 1467//566
f 1464//565 2375//565 1467//565 741//565
f 710//567 1405//567 2376//567 1466//567
f 1405//568 711//568 1468//568 2376//568
f 2376//568 1468//568 743//568 1469//568
f 1466//567 2376//567 1469//567 742//567
f 711//569 1407//569 2377//569 1468//569
f 1407//570 712//570 1470//570 2377//570
f 2377//570 1470//570 744//570 1471//570
f 1468//569 2377//569 1471//569 743//569
f 712//571 1409//571 2378//571 1470//571
f 1409//572 713//572 1472//572 2378//572
f 2378//572 1472//572 745//572 1473//572
f 1470//571 2378//571 1473//571 744//571
f 713//573 1411//573 2379//573 1472//573
f 1411//574 714//574 1474//574 2379//574
f 2379//574 1474//574 746//574 1475//574
f 1472//573 2379//573 1475//573 745//573
f 714//575 1413//575 2380//575 1474//575
f 1413//576 715//576 1476//576 2380//576
f 2380//576 1476//576 747//576 1477//576
f 1474//575 2380//575 1477//575 746//575
f 715//577 1415//577 2381//577 1476//577
f 1415//578 716//578 1478//578 2381//578
f 2381//578 1478//578 748//578 1479//578
f 1476//577 2381//577 1479//577 747//577
f 716//579 1417//579 2382//579 1478//579
f 1417//580 717//580 1480//580 2382//580
f 2382//580 1480//580 749//580 1481//580
f 1478//579 2382//579 1481//579 748//579
f 717//581 1419//581 2383//581 1480//581
f 1419//582 718//582 1482//582 2383//582
f 2383//582 1482//582 750//582 1483//582
f 1480//581 2383//581 1483//581 749//581
f 718//583 1421//583 2384//583 1482//583
f 1421//584 719//584 1484//584 2384//584
f 2384//584 1484//584 751//584 1485//584
f 1482//583 2384//583 1485//583 750//583
f 719//585 1423//585 2385//585 1484//585
f 1423//586 720//586 1486//586 2385//586
f 2385//586 1486//586 752//586 1487//586
f 1484//585 2385//585 1487//585 751//585
f 720//587 1425//587 2386//587 1486//587
f 1425//588 721//588 1488//588 2386//588
f 2386//588 1488//588 753//588 1489//588
f 1486//587 2386//587 1489//587 752//587
f 721//589 1427//589 2387//589 1488//589
f 1427//590 722//590 1490//590 2387//590
f 2387//590 1490//590 754//590 1491//590
f 1488//589 2387//589 1491//589 753//589
f 722//591 1428//591 2388//591 1490//591
f 1428//592 691//592 1429//592 2388//592
f 2388//592 1429//592 723//592 1492//592
f 1490//591 2388//591 1492//591 754//591
f 723//529 1431//529 2389//529 1493//529
f 1431//530 724//530 1494//530 2389//530
f 2389//530 1494//530 756//530 1495//530
f 1493//529 2389//529 1495//529 755//529
f 724//531 1433//531 2390//531 1494//531
f 1433//532 725//532 1496//532 2390//532
f 2390//532 1496//532 757//532 1497//532
f 1494//531 2390//531 1497//531 756//531
f 725//533 1435//533 2391//533 1496//533
f 1435//534 726//534 1498//534 2391//534
f 2391//534 1498//534 758//534 1499//534
f 1496//533 2391//533 1499//533 757//533
f 726//535 1437//535 2392//535 1498//535
f 1437//536 727//536 1500//536 2392//536
f 2392//536 1500//536 759//536 1501//536
f 1498//535 2392//535 1501//535 758//535
f 727//537 1439//537 2393//537 1500//537
f 1439//538 728//538 1502//538 2393//538
f 2393//538 1502//538 760//538 1503//538
f 1500//537 2393//537 1503//537 759//537
f 728//539 1441//539 2394//539 1502//539
f 1441//540 729//540 1504//540 2394//540
f 2394//540 1504//540 761//540 1505//540
f 1502//539 2394//539 1505//539 760//539
f 729//541 1443//541 2395//541 1504//541
f 1443//542 730//542 1506//542 2395//542
f 2395//542 1506//542 762//542 1507//542
f 1504//541 2395//541 1507//541 761//541
f 730//543 1445//543 2396//543 1506//543
f 1445//544 731//544 1508//544 2396//544
f 2396//544 1508//544 763//544 1509//544
f 1506//543 2396//543 1509//543 762//543
f 731//545 1447//545 2397//545 1508//545
f 1447//546 732//546 1510//546 2397//546
f 2397//546 1510//546 764//546 1511//546
f 1508//545 2397//545 1511//545 763//545
f 732//547 1449//547 2398//547 1510//547
f 1449//548 733//548 1512//548 2398//548
f 2398//548 1512//548 765//548 1513//548
f 1510//547 2398//547 1513//547 764//547
f 733//549 1451//549 2399//549 1512//549
f 1451//550 734//550 1514//550 2399//550
f 2399//550 1514//550 766//550 1515//550
f 1512//549 2399//549 1515//549 765//549
f 734//551 1453//551 2400//551 1514//551
f 1453//552 735//552 1516//552 2400//552
f 2400//552 1516//552 767//552 1517//552
f 1514//551 2400//551 1517//551 766//551
f 735//553 1455//553 2401//553 1516//553
f 1455//554 736//554 1518//554 2401//554
f 2401//554 1518//554 768//554 1519//554
f 1516//553 2401//553 1519//553 767//553
f 736//555 1457//555 2402//555 1518//555
f 1457//556 737//556 1520//556 2402//556
f 2402//556 1520//556 769//556 1521//556
f 1518//555 2402//555 1521//555 768//555
f 737//557 1459//557 2403//557 1520//557
f 1459//558 738//558 1522//558 2403//558
f 2403//558 1522//558 770//558 1523//558
f 1520//557 2403//557 1523//557 769//557
f 738//559 1461//559 2404//559 1522//559
f 1461//560 739//560 1524//560 2404//560
f 2404//560 1524//560 771//560 1525//560
f 1522//559 2404//559 1525//559 770//559
f 739//561 1463//561 2405//561 1524//561
f 1463//562 740//562 1526//562 2405//562
f 2405//562 1526//562 772//562 1527//562
f 1524//561 2405//561 1527//561 771//561
f 740//563 1465//563 2406//563 1526//563
f 1465//564 741//564 1528//564 2406//564
f 2406//564 1528//564 773//564 1529//564
f 1526//563 2406//563 1529//563 772//563
f 741//565 1467//565 2407//565 1528//565
f 1467//566 742//566 1530//566 2407//566
f 2407//566 1530//566 774//566 1531//566
f 1528//565 2407//565 1531//565 773//565
f 742//567 1469//567 2408//567 1530//567
f 1469//568 743//568 1532//568 2408//568
f 2408//568 1532//568 775//568 1533//568
f 1530//567 2408//567 1533//567 774//567
f 743//569 1471//569 2409//569 1532//569
f 1471//570 744//570 1534//570 2409//570
f 2409//570 1534//570 776//570 1535//570
f 1532//569 2409//569 1535//569 775//569
f 744//571 1473//571 2410//571 1534//571
f 1473//572 745//572 1536//572 2410//572
f 2410//572 1536//572 777//572 1537//572
f 1534//571 2410//571 1537//571 776//571
f 745//573 1475//573 2411//573 1536//573
f 1475//574 746//574 1538//574 2411//574
f 2411//574 1538//574 778//574 1539//574
f 1536//573 2411//573 1539//573 777//573
f 746//575 1477//575 2412//575 1538//575
f 1477//576 747//576 1540//576 2412//576
f 2412//576 1540//576 779//576 1541//576
f 1538//575 2412//575 1541//575 778//575
f 747//577 1479//577 2413//577 1540//577
f 1479//578 748//578 1542//578 2413//578
f 2413//578 1542//578 780//578 1543//578
f 1540//577 2413//577 1543//577 779//577
f 748//579 1481//579 2414//579 1542//579
f 1481//580 749//580 1544//580 2414//580
f 2414//580 1544//580 781//580 1545//580
f 1542//579 2414//579 1545//579 780//579
f 749//581 1483//581 2415//581 1544//581
f 1483//582 750//582 1546//582 2415//582
f 2415//582 1546//582 782//582 1547//582
f 1544//581 2415//581 1547//581 781//581
f 750//583 1485//583 2416//583 1546//583
f 1485//584 751//584 1548//584 2416//584
f 2416//584 1548//584 783//584 1549//584
f 1546//583 2416//583 1549//583 782//583
f 751//585 1487//585 2417//585 1548//585
f 1487//586 752//586 1550//586 2417//586
f 2417//586 1550//586 784//586 1551//586
f 1548//585 2417//585 1551//585 783//585
f 752//587 1489//587 2418//587 1550//587
f 1489//588 753//588 1552//588 2418//588
f 2418//588 1552//588 785//588 1553//588
f 1550//587 2418//587 1553//587 784//587
f 753//589 1491//589 2419//589 1552//589
f 1491//590 754//590 1554//590 2419//590
f 2419//590 1554//590 786//590 1555//590
f 1552//589 2419//589 1555//589 785//589
f 754//591 1492//591 2420//591 1554//591
f 1492//592 723//592 1493//592 2420//592
f 2420//592 1493//592 755//592 1556//592
f 1554//591 2420//591 1556//591 786//591
f 819//529 1623//529 2485//529 1685//529
f 1623//530 820//530 1686//530 2485//530
f 2485//530 1686//530 852//530 1687//530
f 1685//529 2485//529 1687//529 851//529
f 820//531 1625//531 2486//531 1686//531
f 1625//532 821//532 1688//532 2486//532
f 2486//532 1688//532 853//532 1689//532
f 1686//531 2486//531 1689//531 852//531
f 821//533 1627//533 2487//533 1688//533
f 1627//534 822//534 1690//534 2487//534
f 2487//534 1690//534 854//534 1691//534
f 1688//533 2487//533 1691//533 853//533
f 822//535 1629//535 2488//535 1690//535
f 1629//536 823//536 1692//536 2488//536
f 2488//536 1692//536 855//536 1693//536
f 1690//535 2488//535 1693//535 854//535
f 823//537 1631//537 2489//537 1692//537
f 1631//538 824//538 1694//538 2489//538
f 2489//538 1694//538 856//538 1695//538
f 1692//537 2489//537 1695//537 855//537
f 824//539 1633//539 2490//539 1694//539
f 1633//540 825//540 1696//540 2490//540
f 2490//540 1696//540 857//540 1697//540
f 1694//539 2490//539 1697//539 856//539
f 825//541 1635//541 2491//541 1696//541
f 1635//542 826//542 1698//542 2491//542
f 2491//542 1698//542 858//542 1699//542
f 1696//541 2491//541 1699//541 857//541
f 826//543 1637//543 2492//543 1698//543
f 1637//544 827//544 1700//544 2492//544
f 2492//544 1700//544 859//544 1701//544
f 1698//543 2492//543 1701//543 858//543
f 827//545 1639//545 2493//545 1700//545
f 1639//546 828//546 1702//546 2493//546
f 2493//546 1702//546 860//546 1703//546
f 1700//545 2493//545 1703//545 859//545
f 828//547 1641//547 2494//547 1702//547
f 1641//548 829//548 1704//548 2494//548
f 2494//548 1704//548 861//548 1705//548
f 1702//547 2494//547 1705//547 860//547
f 829//549 1643//549 2495//549 1704//549
f 1643//550 830//550 1706//550 2495//550
f 2495//550 1706//550 862//550 1707//550
f 1704//549 2495//549 1707//549 861//549
f 830//551 1645//551 2496//551 1706//551
f 1645//552 831//552 1708//552 2496//552
f 2496//552 1708//552 863//552 1709//552
f 1706//551 2496//551 1709//551 862//551
f 831//553 1647//553 2497//553 1708//553
f 1647//554 832//554 1710//554 2497//554
f 2497//554 1710//554 864//554 1711//554
f 1708//553 2497//553 1711//553 863//553
f 832//555 1649//555 2498//555 1710//555
f 1649//556 833//556 1712//556 2498//556
f 2498//556 1712//556 865//556 1713//556
f 1710//555 2498//555 1713//555 864//555
f 833//557 1651//557 2499//557 1712//557
f 1651//558 834//558 1714//558 2499//558
f 2499//558 1714//558 866//558 1715//558
f 1712//557 2499//557 1715//557 865//557
f 834//559 1653//559 2500//559 1714//559
f 1653//560 835//560 1716//560 2500//560
f 2500//560 1716//560 867//560 1717//560
f 1714//559 2500//559 1717//559 866//559
f 835//561 1655//561 2501//561 1716//561
f 1655//562 836//562 1718//562 2501//562
f 2501//562 1718//562 868//562 1719//562
f 1716//561 2501//561 1719//561 867//561
f 836//563 1657//563 2502//563 1718//563
f 1657//564 837//564 1720//564 2502//564
f 2502//564 1720//564 869//564 1721//564
f 1718//563 2502//563 1721//563 868//563
f 837//565 1659//565 2503//565 1720//565
f 1659//566 838//566 1722//566 2503//566
f 2503//566 1722//566 870//566 1723//566
f 1720//565 2503//565 1723//565 869//565
f 838//567 1661//567 2504//567 1722//567
f 1661//568 839//568 1724//568 2504//568
f 2504//568 1724//568 871//568 1725//568
f 1722//567 2504//567 1725//567 870//567
f 839//569 1663//569 2505//569 1724//569
f 1663//570 840//570 1726//570 2505//570
f 2505//570 1726//570 872//570 1727//570
f 1724//569 2505//569 1727//569 871//569
f 840//571 1665//571 2506//571 1726//571
f 1665//572 841//572 1728//572 2506//572
f 2506//572 1728//572 873//572 1729//572
f 1726//571 2506//571 1729//571 872//571
f 841//573 1667//573 2507//573 1728//573
f 1667//574 842//574 1730//574 2507//574
f 2507//574 1730//574 874//574 1731//574
f 1728//573 2507//573 1731//573 873//573
f 842//575 1669//575 2508//575 1730//575
f 1669//576 843//576 1732//576 2508//576
f 2508//576 1732//576 875//576 1733//576
f 1730//575 2508//575 1733//575 874//575
f 843//577 1671//577 2509//577 1732//577
f 1671//578 844//578 1734//578 2509//578
f 2509//578 1734//578 876//578 1735//578
f 1732//577 2509//577 1735//577 875//577
f 844//579 1673//579 2510//579 1734//579
f 1673//580 845//580 1736//580 2510//580
f 2510//580 1736//580 877//580 1737//580
f 1734//579 2510//579 1737//579 876//579
f 845//581 1675//581 2511//581 1736//581
f 1675//582 846//582 1738//582 2511//582
f 2511//582 1738//582 878//582 1739//582
f 1736//581 2511//581 1739//581 877//581
f 846//583 1677//583 2512//583 1738//583
f 1677//584 847//584 1740//584 2512//584
f 2512//584 1740//584 879//584 1741//584
f 1738//583 2512//583 1741//583 878//583
f 847//585 1679//585 2513//585 1740//585
f 1679//586 848//586 1742//586 2513//586
f 2513//586 1742//586 880//586 1743//586
f 1740//585 2513//585 1743//585 879//585
f 848//587 1681//587 2514//587 1742//587
f 1681//588 849//588 1744//588 2514//588
f 2514//588 1744//588 881//588 1745//588
f 1742//587 2514//587 1745//587 880//587
f 849//589 1683//589 2515//589 1744//589
f 1683//590 850//590 1746//590 2515//590
f 2515//590 1746//590 882//590 1747//590
f 1744//589 2515//589 1747//589 881//589
f 850//591 1684//591 2516//591 1746//591
f 1684//592 819//592 1685//592 2516//592
f 2516//592 1685//592 851//592 1748//592
f 1746//591 2516//591 1748//591 882//591
f 982//849 1910//849 2581//849 1909//849
f 1910//850 984//850 1911//850 2581//850
f 2581//851 1911//851 986//851 1912//851
f 1909//852 2581//852 1912//852 983//852
f 983//853 1912//853 2582//853 1913//853
f 1912//854 986//854 1914//854 2582//854
f 2582//855 1914//855 985//855 1915//855
f 1913//856 2582//856 1915//856 981//856
f 984//857 1916//857 2583//857 1911//857
f 1916//858 987//858 1917//858 2583//858
f 2583//859 1917//859 989//859 1918//859
f 1911//860 2583//860 1918//860 986//860
f 986//861 1918//861 2584//861 1914//861
f 1918//862 989//862 1919//862 2584//862
f 2584//863 1919//863 988//863 1920//863
f 1914//864 2584//864 1920//864 985//864
f 987//865 1921//865 2585//865 1917//865
f 1921//866 990//866 1922//866 2585//866
f 2585//867 1922//867 992//867 1923//867
f 1917//868 2585//868 1923//868 989//868
f 989//869 1923//869 2586//869 1919//869
f 1923//870 992//870 1924//870 2586//870
f 2586//871 1924//871 991//871 1925//871
f 1919//872 2586//872 1925//872 988//872
f 990//873 1926//873 2587//873 1922//873
f 1926//874 993//874 1927//874 2587//874
f 2587//875 1927//875 995//875 1928//875
f 1922//876 2587//876 1928//876 992//876
f 992//877 1928//877 2588//877 1924//877
f 1928//878 995//878 1929//878 2588//878
f 2588//879 1929//879 994//879 1930//879
f 1924//880 2588//880 1930//880 991//880
f 993//881 1931//881 2589//881 1927//881
f 1931//882 996//882 1932//882 2589//882
f 2589//883 1932//883 998//883 1933//883
f 1927//884 2589//884 1933//884 995//884
f 995//885 1933//885 2590//885 1929//885
f 1933//886 998//886 1934//886 2590//886
f 2590//887 1934//887 997//887 1935//887
f 1929//888 2590//888 1935//888 994//888
f 996//889 1936//889 2591//889 1932//889
f 1936//890 999//890 1937//890 2591//890
f 2591//891 1937//891 1001//891 1938//891
f 1932//892 2591//892 1938//892 998//892
f 998//893 1938//893 2592//893 1934//893
f 1938//894 1001//894 1939//894 2592//894
f 2592//895 1939//895 1000//895 1940//895
f 1934//896 2592//896 1940//896 997//896
f 999//897 1941//897 2593//897 1937//897
f 1941//898 1002//898 1942//898 2593//898
f 2593//899 1942//899 1004//899 1943//899
f 1937//900 2593//900 1943//900 1001//900
f 1001//901 1943//901 2594//901 1939//901
f 1943//902 1004//902 1944//902 2594//902
f 2594//903 1944//903 1003//903 1945//903
f 1939//904 2594//904 1945//904 1000//904
f 1002//905 1946//905 2595//905 1942//905
f 1946//906 1005//906 1947//906 2595//906
f 2595//907 1947//907 1007//907 1948//907
f 1942//908 2595//908 1948//908 1004//908
f 1004//909 1948//909 2596//909 1944//909
f 1948//910 1007//910 1949//910 2596//910
f 2596//911 1949//911 1006//911 1950//911
f 1944//912 2596//912 1950//912 1003//912
f 1005//913 1951//913 2597//913 1947//913
f 1951//914 1008//914 1952//914 2597//914
f 2597//915 1952//915 1010//915 1953//915
f 1947//916 2597//916 1953//916 1007//916
f 1007//917 1953//917 2598//917 1949//917
f 1953//918 1010//918 1954//918 2598//918
f 2598//919 1954//919 1009//919 1955//919
f 1949//920 2598//920 1955//920 1006//920
f 1008//921 1956//921 2599//921 1952//921
f 1956//922 1011//922 1957//922 2599//922
f 2599//923 1957//923 1013//923 1958//923
f 1952//924 2599//924 1958//924 1010//924
f 1010//925 1958//925 2600//925 1954//925
f 1958//926 1013//926 1959//926 2600//926
f 2600//927 1959//927 1012//927 1960//927
f 1954//928 2600//928 1960//928 1009//928
f 1011//929 1961//929 2601//929 1957//929
f 1961//930 1014//930 1962//930 2601//930
f 2601//931 1962//931 1016//931 1963//931
f 1957//932 2601//932 1963//932 1013//932
f 1013//933 1963//933 2602//933 1959//933
f 1963//934 1016//934 1964//934 2602//934
f 2602//935 1964//935 1015//935 1965//935
f 1959//936 2602//936 1965//936 1012//936
f 1014//937 1966//937 2603//937 1962//937
f 1966//938 1017//938 1967//938 2603//938
f 2603//939 1967//939 1019//939 1968//939
f 1962//940 2603//940 1968//940 1016//940
f 1016//941 1968//941 2604//941 1964//941
f 1968//942 1019//942 1969//942 2604//942
f 2604//943 1969//943 1018//943 1970//943
f 1964//944 2604//944 1970//944 1015//944
f 1017//945 1971//945 2605//945 1967//945
f 1971//946 1020//946 1972//946 2605//946
f 2605//947 1972//947 1022//947 1973//947
f 1967//948 2605//948 1973//948 1019//948
f 1019//949 1973//949 2606//949 1969//949
f 1973//950 1022//950 1974//950 2606//950
f 2606//951 1974//951 1021//951 1975//951
f 1969//952 2606//952 1975//952 1018//952
f 1020//953 1976//953 2607//953 1972//953
f 1976//954 1023//954 1977//954 2607//954
f 2607//955 1977//955 1025//955 1978//955
f 1972//956 2607//956 1978//956 1022//956
f 1022//957 1978//957 2608//957 1974//957
f 1978//958 1025//958 1979//958 2608//958
f 2608//959 1979//959 1024//959 1980//959
f 1974//960 2608//960 1980//960 1021//960
f 1023//961 1981//961 2609//961 1977//961
f 1981//962 1026//962 1982//962 2609//962
f 2609//963 1982//963 1028//963 1983//963
f 1977//964 2609//964 1983//964 1025//964
f 1025//965 1983//965 2610//965 1979//965
f 1983//966 1028//966 1984//966 2610//966
f 2610//967 1984//967 1027//967 1985//967
f 1979//968 2610//968 1985//968 1024//968
f 1026//969 1986//969 2611//969 1982//969
f 1986//970 1029//970 1987//970 2611//970
f 2611//971 1987//971 1031//971 1988//971
f 1982//972 2611//972 1988//972 1028//972
f 1028//973 1988//973 2612//973 1984//973
f 1988//974 1031//974 1989//974 2612//974
f 2612//975 1989//975 1030//975 1990//975
f 1984//976 2612//976 1990//976 1027//976
f 1029//977 1991//977 2613//977 1987//977
f 1991//978 1032//978 1992//978 2613//978
f 2613//979 1992//979 1034//979 1993//979
f 1987//980 2613//980 1993//980 1031//980
f 1031//981 1993//981 2614//981 1989//981
f 1993//982 1034//982 1994//982 2614//982
f 2614//983 1994//983 1033//983 1995//983
f 1989//984 2614//984 1995//984 1030//984
f 1032//985 1996//985 2615//985 1992//985
f 1996//986 1035//986 1997//986 2615//986
f 2615//987 1997//987 1037//987 1998//987
f 1992//988 2615//988 1998//988 1034//988
f 1034//989 1998//989 2616//989 1994//989
f 1998//990 1037//990 1999//990 2616//990
f 2616//991 1999//991 1036//991 2000//991
f 1994//992 2616//992 2000//992 1033//992
f 1035//993 2001//993 2617//993 1997//993
f 2001//994 1038//994 2002//994 2617//994
f 2617//995 2002//995 1040//995 2003//995
f 1997//996 2617//996 2003//996 1037//996
f 1037//997 2003//997 2618//997 1999//997
f 2003//998 1040//998 2004//998 2618//998
f 2618//999 2004//999 1039//999 2005//999
f 1999//1000 2618//1000 2005//1000 1036//1000
f 1038//1001 2006//1001 2619//1001 2002//1001
f 2006//1002 1041//1002 2007//1002 2619//1002
f 2619//1003 2007//1003 1043//1003 2008//1003
f 2002//1004 2619//1004 2008//1004 1040//1004
f 1040//1005 2008//1005 2620//1005 2004//1005
f 2008//1006 1043//1006 2009//1006 2620//1006
f 2620//1007 2009//1007 1042//1007 2010//1007
f 2004//1008 2620//1008 2010//1008 1039//1008
f 1041//1009 2011//1009 2621//1009 2007//1009
f 2011//1010 1044//1010 2012//1010 2621//1010
f 2621//1011 2012//1011 1046//1011 2013//1011
f 2007//1012 2621//1012 2013//1012 1043//1012
f 1043//1013 2013//1013 2622//1013 2009//1013
f 2013//1014 1046//1014 2014//1014 2622//1014
f 2622//1015 2014//1015 1045//1015 2015//1015
f 2009//1016 2622//1016 2015//1016 1042//1016
f 1044//1017 2016//1017 2623//1017 2012//1017
f 2016//1018 1047//1018 2017//1018 2623//1018
f 2623//1019 2017//1019 1049//1019 2018//1019
f 2012//1020 2623//1020 2018//1020 1046//1020
f 1046//1021 2018//1021 2624//1021 2014//1021
f 2018//1022 1049//1022 2019//1022 2624//1022
f 2624//1023 2019//1023 1048//1023 2020//1023
f 2014//1024 2624//1024 2020//1024 1045//1024
f 1047//1025 2021//1025 2625//1025 2017//1025
f 2021//1026 1050//1026 2022//1026 2625//1026
f 2625//1027 2022//1027 1052//1027 2023//1027
f 2017//1028 2625//1028 2023//1028 1049//1028
f 1049//1029 2023//1029 2626//1029 2019//1029
f 2023//1030 1052//1030 2024//1030 2626//1030
f 2626//1031 2024//1031 1051//1031 2025//1031
f 2019//1032 2626//1032 2025//1032 1048//1032
f 1050//1033 2026//1033 2627//1033 2022//1033
f 2026//1034 1053//1034 2027//1034 2627//1034
f 2627//1035 2027//1035 1055//1035 2028//1035
f 2022//1036 2627//1036 2028//1036 1052//1036
f 1052//1037 2028//1037 2628//1037 2024//1037
f 2028//1038 1055//1038 2029//1038 2628//1038
f 2628//1039 2029//1039 1054//1039 2030//1039
f 2024//1040 2628//1040 2030//1040 1051//1040
f 1053//1041 2031//1041 2629//1041 2027//1041
f 2031//1042 1056//1042 2032//1042 2629//1042
f 2629//1043 2032//1043 1058//1043 2033//1043
f 2027//1044 2629//1044 2033//1044 1055//1044
f 1055//1045 2033//1045 2630//1045 2029//1045
f 2033//1046 1058//1046 2034//1046 2630//1046
f 2630//1047 2034//1047 1057//1047 2035//1047
f 2029//1048 2630//1048 2035//1048 1054//1048
f 1056//1049 2036//1049 2631//1049 2032//1049
f 2036//1050 1059//1050 2037//1050 2631//1050
f 2631//1051 2037//1051 1061//1051 2038//1051
f 2032//1052 2631//1052 2038//1052 1058//1052
f 1058//1053 2038//1053 2632//1053 2034//1053
f 2038//1054 1061//1054 2039//1054 2632//1054
f 2632//1055 2039//1055 1060//1055 2040//1055
f 2034//1056 2632//1056 2040//1056 1057//1056
f 1059//1057 2041//1057 2633//1057 2037//1057
f 2041//1058 1062//1058 2042//1058 2633//1058
f 2633//1059 2042//1059 1064//1059 2043//1059
f 2037//1060 2633//1060 2043//1060 1061//1060
f 1061//1061 2043//1061 2634//1061 2039//1061
f 2043//1062 1064//1062 2044//1062 2634//1062
f 2634//1063 2044//1063 1063//1063 2045//1063
f 2039//1064 2634//1064 2045//1064 1060//1064
f 1062//1065 2046//1065 2635//1065 2042//1065
f 2046//1066 1065//1066 2047//1066 2635//1066
f 2635//1067 2047//1067 1067//1067 2048//1067
f 2042//1068 2635//1068 2048//1068 1064//1068
f 1064//1069 2048//1069 2636//1069 2044//1069
f 2048//1070 1067//1070 2049//1070 2636//1070
f 2636//1071 2049//1071 1066//1071 2050//1071
f 2044//1072 2636//1072 2050//1072 1063//1072
f 1065//1073 2051//1073 2637//1073 2047//1073
f 2051//1074 1068//1074 2052//1074 2637//1074
f 2637//1075 2052//1075 1070//1075 2053//1075
f 2047//1076 2637//1076 2053//1076 1067//1076
f 1067//1077 2053//1077 2638//1077 2049//1077
f 2053//1078 1070//1078 2054//1078 2638//1078
f 2638//1079 2054//1079 1069//1079 2055//1079
f 2049//1080 2638//1080 2055//1080 1066//1080
f 1068//1081 2056//1081 2639//1081 2052//1081
f 2056//1082 1071//1082 2057//1082 2639//1082
f 2639//1083 2057//1083 1073//1083 2058//1083
f 2052//1084 2639//1084 2058//1084 1070//1084
f 1070//1085 2058//1085 2640//1085 2054//1085
f 2058//1086 1073//1086 2059//1086 2640//1086
f 2640//1087 2059//1087 1072//1087 2060//1087
f 2054//1088 2640//1088 2060//1088 1069//1088
f 1071//1089 2061//1089 2641//1089 2057//1089
f 2061//1090 1074//1090 2062//1090 2641//1090
f 2641//1091 2062//1091 1076//1091 2063//1091
f 2057//1092 2641//1092 2063//1092 1073//1092
f 1073//1093 2063//1093 2642//1093 2059//1093
f 2063//1094 1076//1094 2064//1094 2642//1094
f 2642//1095 2064//1095 1075//1095 2065//1095
f 2059//1096 2642//1096 2065//1096 1072//1096
f 981//1097 2066//1097 2643//1097 1913//1097
f 2066//1098 1075//1098 2064//1098 2643//1098
f 2643//1099 2064//1099 1076//1099 2067//1099
f 1913//1100 2643//1100 2067//1100 983//1100
f 983//1101 2067//1101 2644//1101 1909//1101
f 2067//1102 1076//1102 2062//1102 2644//1102
f 2644//1103 2062//1103 1074//1103 2068//1103
f 1909//1104 2644//1104 2068//1104 982//1104
f 882//1313 1748//1313 2709//1313 2133//1313
f 1748//1314 851//1314 2134//1314 2709//1314
f 2709//1315 2134//1315 982//1315 2068//1315
f 2133//1316 2709//1316 2068//1316 1074//1316
f 884//1317 2136//1317 2710//1317 2135//1317
f 1075//1318 2066//1318 2710//1318 2136//1318
f 981//1319 2135//1319 2710//1319 2066//1319
f 851//1320 1687//1320 2711//1320 2134//1320
f 1687//1321 852//1321 2137//1321 2711//1321
f 2711//1322 2137//1322 984//1322 1910//1322
f 2134//1323 2711//1323 1910//1323 982//1323
f 884//1317 2135//1317 2712//1317 2138//1317
f 981//1324 1915//1324 2712//1324 2135//1324
f 985//1325 2138//1325 2712//1325 1915//1325
f 852//1326 1689//1326 2713//1326 2137//1326
f 1689//1327 853//1327 2139//1327 2713//1327
f 2713//1328 2139//1328 987//1328 1916//1328
f 2137//1329 2713//1329 1916//1329 984//1329
f 884//1330 2138//1330 2714//1330 2140//1330
f 985//1331 1920//1331 2714//1331 2138//1331
f 988//1332 2140//1332 2714//1332 1920//1332
f 853//1333 1691//1333 2715//1333 2139//1333
f 1691//1334 854//1334 2141//1334 2715//1334
f 2715//1335 2141//1335 990//1335 1921//1335
f 2139//1336 2715//1336 1921//1336 987//1336
f 884//1337 2140//1337 2716//1337 2142//1337
f 988//1338 1925//1338 2716//1338 2140//1338
f 991//1339 2142//1339 2716//1339 1925//1339
f 854//1340 1693//1340 2717//1340 2141//1340
f 1693//1341 855//1341 2143//1341 2717//1341
f 2717//1342 2143//1342 993//1342 1926//1342
f 2141//1343 2717//1343 1926//1343 990//1343
f 884//1344 2142//1344 2718//1344 2144//1344
f 991//1345 1930//1345 2718//1345 2142//1345
f 994//1346 2144//1346 2718//1346 1930//1346
f 855//1347 1695//1347 2719//1347 2143//1347
f 1695//1348 856//1348 2145//1348 2719//1348
f 2719//1349 2145//1349 996//1349 1931//1349
f 2143//1350 2719//1350 1931//1350 993//1350
f 884//1351 2144//1351 2720//1351 2146//1351
f 994//1352 1935//1352 2720//1352 2144//1352
f 997//1353 2146//1353 2720//1353 1935//1353
f 856//1354 1697//1354 2721//1354 2145//1354
f 1697//1355 857//1355 2147//1355 2721//1355
f 2721//1356 2147//1356 999//1356 1936//1356
f 2145//1357 2721//1357 1936//1357 996//1357
f 884//1358 2146//1358 2722//1358 2148//1358
f 997//1359 1940//1359 2722//1359 2146//1359
f 1000//1360 2148//1360 2722//1360 1940//1360
f 857//1361 1699//1361 2723//1361 2147//1361
f 1699//1362 858//1362 2149//1362 2723//1362
f 2723//1363 2149//1363 1002//1363 1941//1363
f 2147//1364 2723//1364 1941//1364 999//1364
f 884//1365 2148//1365 2724//1365 2150//1365
f 1000//1366 1945//1366 2724//1366 2148//1366
f 1003//1367 2150//1367 2724//1367 1945//1367
f 858//1368 1701//1368 2725//1368 2149//1368
f 1701//1369 859//1369 2151//1369 2725//1369
f 2725//1370 2151//1370 1005//1370 1946//1370
f 2149//1371 2725//1371 1946//1371 1002//1371
f 884//1365 2150//1365 2726//1365 2152//1365
f 1003//1372 1950//1372 2726//1372 2150//1372
f 1006//1373 2152//1373 2726//1373 1950//1373
f 859//1374 1703//1374 2727//1374 2151//1374
f 1703//1375 860//1375 2153//1375 2727//1375
f 2727//1376 2153//1376 1008//1376 1951//1376
f 2151//1377 2727//1377 1951//1377 1005//1377
f 884//1378 2152//1378 2728//1378 2154//1378
f 1006//1379 1955//1379 2728//1379 2152//1379
f 1009//1380 2154//1380 2728//1380 1955//1380
f 860//1381 1705//1381 2729//1381 2153//1381
f 1705//1382 861//1382 2155//1382 2729//1382
f 2729//1383 2155//1383 1011//1383 1956//1383
f 2153//1384 2729//1384 1956//1384 1008//1384
f 884//1378 2154//1378 2730//1378 2156//1378
f 1009//1385 1960//1385 2730//1385 2154//1385
f 1012//1386 2156//1386 2730//1386 1960//1386
f 861//1387 1707//1387 2731//1387 2155//1387
f 1707//1388 862//1388 2157//1388 2731//1388
f 2731//1389 2157//1389 1014//1389 1961//1389
f 2155//1390 2731//1390 1961//1390 1011//1390
f 884//1391 2156//1391 2732//1391 2158//1391
f 1012//1392 1965//1392 2732//1392 2156//1392
f 1015//1393 2158//1393 2732//1393 1965//1393
f 862//1394 1709//1394 2733//1394 2157//1394
f 1709//1395 863//1395 2159//1395 2733//1395
f 2733//1396 2159//1396 1017//1396 1966//1396
f 2157//1397 2733//1397 1966//1397 1014//1397
f 884//1398 2158//1398 2734//1398 2160//1398
f 1015//1399 1970//1399 2734//1399 2158//1399
f 1018//1400 2160//1400 2734//1400 1970//1400
f 863//1401 1711//1401 2735//1401 2159//1401
f 1711//1402 864//1402 2161//1402 2735//1402
f 2735//1403 2161//1403 1020//1403 1971//1403
f 2159//1404 2735//1404 1971//1404 1017//1404
f 884//1405 2160//1405 2736//1405 2162//1405
f 1018//1406 1975//1406 2736//1406 2160//1406
f 1021//1407 2162//1407 2736//1407 1975//1407
f 864//1408 1713//1408 2737//1408 2161//1408
f 1713//1409 865//1409 2163//1409 2737//1409
f 2737//1410 2163//1410 1023//1410 1976//1410
f 2161//1411 2737//1411 1976//1411 1020//1411
f 884//1412 2162//1412 2738//1412 2164//1412
f 1021//1413 1980//1413 2738//1413 2162//1413
f 1024//1414 2164//1414 2738//1414 1980//1414
f 865//1415 1715//1415 2739//1415 2163//1415
f 1715//1416 866//1416 2165//1416 2739//1416
f 2739//1417 2165//1417 1026//1417 1981//1417
f 2163//1418 2739//1418 1981//1418 1023//1418
f 884//1419 2164//1419 2740//1419 2166//1419
f 1024//1420 1985//1420 2740//1420 2164//1420
f 1027//1421 2166//1421 2740//1421 1985//1421
f 866//1422 1717//1422 2741//1422 2165//1422
f 1717//1423 867//1423 2167//1423 2741//1423
f 2741//1424 2167//1424 1029//1424 1986//1424
f 2165//1425 2741//1425 1986//1425 1026//1425
f 884//1426 2166//1426 2742//1426 2168//1426
f 1027//1427 1990//1427 2742//1427 2166//1427
f 1030//1428 2168//1428 2742//1428 1990//1428
f 867//1429 1719//1429 2743//1429 2167//1429
f 1719//1430 868//1430 2169//1430 2743//1430
f 2743//1431 2169//1431 1032//1431 1991//1431
f 2167//1432 2743//1432 1991//1432 1029//1432
f 884//1426 2168//1426 2744//1426 2170//1426
f 1030//1433 1995//1433 2744//1433 2168//1433
f 1033//1434 2170//1434 2744//1434 1995//1434
f 868//1435 1721//1435 2745//1435 2169//1435
f 1721//1436 869//1436 2171//1436 2745//1436
f 2745//1437 2171//1437 1035//1437 1996//1437
f 2169//1438 2745//1438 1996//1438 1032//1438
f 884//1439 2170//1439 2746//1439 2172//1439
f 1033//1440 2000//1440 2746//1440 2170//1440
f 1036//1441 2172//1441 2746//1441 2000//1441
f 869//1442 1723//1442 2747//1442 2171//1442
f 1723//1443 870//1443 2173//1443 2747//1443
f 2747//1444 2173//1444 1038//1444 2001//1444
f 2171//1445 2747//1445 2001//1445 1035//1445
f 884//1446 2172//1446 2748//1446 2174//1446
f 1036//1447 2005//1447 2748//1447 2172//1447
f 1039//1448 2174//1448 2748//1448 2005//1448
f 870//1449 1725//1449 2749//1449 2173//1449
f 1725//1450 871//1450 2175//1450 2749//1450
f 2749//1451 2175//1451 1041//1451 2006//1451
f 2173//1452 2749//1452 2006//1452 1038//1452
f 884//1453 2174//1453 2750//1453 2176//1453
f 1039//1454 2010//1454 2750//1454 2174//1454
f 1042//1455 2176//1455 2750//1455 2010//1455
f 871//1456 1727//1456 2751//1456 2175//1456
f 1727//1457 872//1457 2177//1457 2751//1457
f 2751//1458 2177//1458 1044//1458 2011//1458
f 2175//1459 2751//1459 2011//1459 1041//1459
f 884//1460 2176//1460 2752//1460 2178//1460
f 1042//1461 2015//1461 2752//1461 2176//1461
f 1045//1462 2178//1462 2752//1462 2015//1462
f 872//1463 1729//1463 2753//1463 2177//1463
f 1729//1464 873//1464 2179//1464 2753//1464
f 2753//1465 2179//1465 1047//1465 2016//1465
f 2177//1466 2753//1466 2016//1466 1044//1466
f 884//1467 2178//1467 2754//1467 2180//1467
f 1045//1468 2020//1468 2754//1468 2178//1468
f 1048//1469 2180//1469 2754//1469 2020//1469
f 873//1470 1731//1470 2755//1470 2179//1470
f 1731//1471 874//1471 2181//1471 2755//1471
f 2755//1472 2181//1472 1050//1472 2021//1472
f 2179//1473 2755//1473 2021//1473 1047//1473
f 884//1474 2180//1474 2756//1474 2182//1474
f 1048//1475 2025//1475 2756//1475 2180//1475
f 1051//1476 2182//1476 2756//1476 2025//1476
f 874//1477 1733//1477 2757//1477 2181//1477
f 1733//1478 875//1478 2183//1478 2757//1478
f 2757//1479 2183//1479 1053//1479 2026//1479
f 2181//1480 2757//1480 2026//1480 1050//1480
f 884//1481 2182//1481 2758//1481 2184//1481
f 1051//1482 2030//1482 2758//1482 2182//1482
f 1054//1483 2184//1483 2758//1483 2030//1483
f 875//1484 1735//1484 2759//1484 2183//1484
f 1735//1485 876//1485 2185//1485 2759//1485
f 2759//1486 2185//1486 1056//1486 2031//1486
f 2183//1487 2759//1487 2031//1487 1053//1487
f 884//1481 2184//1481 2760//1481 2186//1481
f 1054//1488 2035//1488 2760//1488 2184//1488
f 1057//1489 2186//1489 2760//1489 2035//1489
f 876//1490 1737//1490 2761//1490 2185//1490
f 1737//1491 877//1491 2187//1491 2761//1491
f 2761//1492 2187//1492 1059//1492 2036//1492
f 2185//1493 2761//1493 2036//1493 1056//1493
f 884//1494 2186//1494 2762//1494 2188//1494
f 1057//1495 2040//1495 2762//1495 2186//1495
f 1060//1496 2188//1496 2762//1496 2040//1496
f 877//1497 1739//1497 2763//1497 2187//1497
f 1739//1498 878//1498 2189//1498 2763//1498
f 2763//1499 2189//1499 1062//1499 2041//1499
f 2187//1500 2763//1500 2041//1500 1059//1500
f 884//1501 2188//1501 2764//1501 2190//1501
f 1060//1502 2045//1502 2764//1502 2188//1502
f 1063//1503 2190//1503 2764//1503 2045//1503
f 878//1504 1741//1504 2765//1504 2189//1504
f 1741//1505 879//1505 2191//1505 2765//1505
f 2765//1506 2191//1506 1065//1506 2046//1506
f 2189//1507 2765//1507 2046//1507 1062//1507
f 884//1508 2190//1508 2766//1508 2192//1508
f 1063//1509 2050//1509 2766//1509 2190//1509
f 1066//1510 2192//1510 2766//1510 2050//1510
f 879//1511 1743//1511 2767//1511 2191//1511
f 1743//1512 880//1512 2193//1512 2767//1512
f 2767//1513 2193//1513 1068//1513 2051//1513
f 2191//1514 2767//1514 2051//1514 1065//1514
f 884//1515 2192//1515 2768//1515 2194//1515
f 1066//1516 2055//1516 2768//1516 2192//1516
f 1069//1517 2194//1517 2768//1517 2055//1517
f 880//1518 1745//1518 2769//1518 2193//1518
f 1745//1519 881//1519 2195//1519 2769//1519
f 2769//1520 2195//1520 1071//1520 2056//1520
f 2193//1521 2769//1521 2056//1521 1068//1521
f 884//1522 2194//1522 2770//1522 2196//1522
f 1069//1523 2060//1523 2770//1523 2194//1523
f 1072//1524 2196//1524 2770//1524 2060//1524
f 881//1525 1747//1525 2771//1525 2195//1525
f 1747//1526 882//1526 2133//1526 2771//1526
f 2771//1527 2133//1527 1074//1527 2061//1527
f 2195//1528 2771//1528 2061//1528 1071//1528
f 884//1529 2196//1529 2772//1529 2136//1529
f 1072//1530 2065//1530 2772//1530 2196//1530
f 1075//1531 2136//1531 2772//1531 2065//1531
o gallery
v -0.000000 18.000000 -1.949684
v 0.000000 18.049999 -2.000000
v -0.000000 18.014645 -1.985263
v 0.000000 18.599998 -1.949684
v 0.000000 18.549999 -2.000000
v 0.000000 18.585354 -1.985263
v 0.433846 18.000000 -1.900801
v 0.445042 18.049999 -1.949856
v 0.441763 18.014645 -1.935488
v 0.433846 18.599998 -1.900801
v 0.445042 18.549999 -1.949856
v 0.441763 18.585354 -1.935488
v 0.845936 18.000000 -1.756604
v 0.867768 18.049999 -1.801938
v 0.861373 18.014645 -1.788660
v 0.845936 18.599998 -1.756604
v 0.867768 18.549999 -1.801938
v 0.861373 18.585354 -1.788660
v 1.215608 18.000000 -1.524324
v 1.246980 18.049999 -1.563663
v 1.237791 18.014645 -1.552141
v 1.215608 18.599998 -1.524324
v 1.246980 18.549999 -1.563663
v 1.237791 18.585354 -1.552141
v 1.524324 18.000000 -1.215608
v 1.563663 18.049999 -1.246980
v 1.552141 18.014645 -1.237791
v 1.524324 18.599998 -1.215608
v 1.563663 18.549999 -1.246980
v 1.552141 18.585354 -1.237791
v 1.756604 18.000000 -0.845936
v 1.801938 18.049999 -0.867768
v 1.788660 18.014645 -0.861373
v 1.756604 18.599998 -0.845936
v 1.801938 18.549999 -0.867768
v 1.788660 18.585354 -0.861373
v 1.900801 18.000000 -0.433846
v 1.949856 18.049999 -0.445042
v 1.935488 18.014645 -0.441763
v 1.900801 18.599998 -0.433846
v 1.949856 18.549999 -0.445042
v 1.935488 18.585354 -0.441763
v 1.949684 18.000000 -0.000000
v 2.000000 18.049999 0.000000
v 1.985263 18.014645 -0.000000
v 1.949684 18.599998 0.000000
v 2.000000 18.549999 0.000000
v 1.985263 18.585354 0.000000
v 1.900801 18.000000 0.433846
v 1.949856 18.049999 0.445042
v 1.935488 18.014645 0.441763
v 1.900801 18.599998 0.433846
v 1.949856 18.549999 0.445042
v 1.935488 18.585354 0.441763
v 1.756604 18.000000 0.845936
v 1.801938 18.049999 0.867768
v 1.788660 18.014645 0.861373
v 1.756604 18.599998 0.845936
v 1.801938 18.549999 0.867768
v 1.788660 18.585354 0.861373
v 1.524324 18.000000 1.215608
v 1.563663 18.049999 1.246980
v 1.552141 18.014645 1.237791
v 1.524324 18.599998 1.215608
v 1.563663 18.549999 1.246980
v 1.552141 18.585354 1.237791
v 1.215608 18.000000 1.524324
v 1.246980 18.049999 1.563663
v 1.237791 18.014645 1.552141
v 1.215608 18.599998 1.524324
v 1.246980 18.549999 1.563663
v 1.237791 18.585354 1.552141
v 0.845936 18.000000 1.756604
v 0.867768 18.049999 1.801938
v 0.861373 18.014645 1.788660
v 0.845936 18.599998 1.756604
v 0.867768 18.549999 1.801938
v 0.861373 18.585354 1.788660
v 0.433846 18.000000 1.900801
v 0.445042 18.049999 1.949856
v 0.441763 18.014645 1.935488
v 0.433846 18.599998 1.900801
v 0.445042 18.549999 1.949856
v 0.441763 18.585354 1.935488
v 0.000000 18.000000 1.949684
v 0.000000 18.049999 2.000000
v 0.000000 18.014645 1.985263
v -0.000000 18.599998 1.949684
v 0.000000 18.549999 2.000000
v -0.000000 18.585354 1.985263
v -0.433846 18.000000 1.900801
v -0.445042 18.049999 1.949856
v -0.441763 18.014645 1.935488
v -0.433846 18.599998 1.900801
v -0.445042 18.549999 1.949856
v -0.441763 18.585354 1.935488
v -0.845936 18.000000 1.756604
v -0.867768 18.049999 1.801938
v -0.861373 18.014645 1.788660
v -0.845936 18.599998 1.756604
v -0.867768 18.549999 1.801938
v -0.861373 18.585354 1.788660
v -1.215608 18.000000 1.524324
v -1.246980 18.049999 1.563663
v -1.237791 18.014645 1.552141
v -1.215608 18.599998 1.524324
v -1.246980 18.549999 1.563663
v -1.237791 18.585354 1.552141
v -1.524324 18.000000 1.215608
v -1.563663 18.049999 1.246980
v -1.552141 18.014645 1.237791
v -1.524324 18.599998 1.215608
v -1.563663 18.549999 1.246980
v -1.552141 18.585354 1.237791
v -1.756604 18.000000 0.845936
v -1.801938 18.049999 0.867768
v -1.788660 18.014645 0.861373
v -1.756604 18.599998 0.845936
v -1.801938 18.549999 0.867768
v -1.788660 18.585354 0.861373
v -1.900801 18.000000 0.433846
v -1.949856 18.049999 0.445042
v -1.935488 18.014645 0.441763
v -1.900801 18.599998 0.433846
v -1.949856 18.549999 0.445042
v -1.935488 18.585354 0.441763
v -1.949684 18.000000 0.000000
v -2.000000 18.049999 0.000000
v -1.985263 18.014645 0.000000
v -1.949684 18.599998 -0.000000
v -2.000000 18.549999 0.000000
v -1.985263 18.585354 -0.000000
v -1.900801 18.000000 -0.433846
v -1.949856 18.049999 -0.445042
v -1.935488 18.014645 -0.441763
v -1.900801 18.599998 -0.433846
v -1.949856 18.549999 -0.445042
v -1.935488 18.585354 -0.441763
v -1.756604 18.000000 -0.845936
v -1.801938 18.049999 -0.867768
v -1.788660 18.014645 -0.861373
v -1.756604 18.599998 -0.845936
v -1.801938 18.549999 -0.867768
v -1.788660 18.585354 -0.861373
v -1.524324 18.000000 -1.215608
v -1.563663 18.049999 -1.246980
v -1.552141 18.014645 -1.237791
v -1.524324 18.599998 -1.215608
v -1.563663 18.549999 -1.246980
v -1.552141 18.585354 -1.237791
v -1.215608 18.000000 -1.524324
v -1.246980 18.049999 -1.563663
v -1.237791 18.014645 -1.552141
v -1.215608 18.599998 -1.524324
v -1.246980 18.549999 -1.563663
v -1.237791 18.585354 -1.552141
v -0.845936 18.000000 -1.756604
v -0.867768 18.049999 -1.801938
v -0.861373 18.014645 -1.788660
v -0.845936 18.599998 -1.756604
v -0.867768 18.549999 -1.801938
v -0.861373 18.585354 -1.788660
v -0.433846 18.000000 -1.900801
v -0.445042 18.049999 -1.949856
v -0.441763 18.014645 -1.935488
v -0.433846 18.599998 -1.900801
v -0.445042 18.549999 -1.949856
v -0.441763 18.585354 -1.935488
vn 0.1034 -0.3827 -0.9181
vn 0.0428 -0.9239 -0.3803
vn 0.1034 0.3827 -0.9181
vn 0.0428 0.9239 -0.3803
vn 0.3051 -0.3827 -0.8720
vn 0.1264 -0.9239 -0.3612
vn 0.3051 0.3827 -0.8720
vn 0.1264 0.9239 -0.3612
vn 0.4915 -0.3827 -0.7823
vn 0.2036 -0.9239 -0.3240
vn 0.4915 0.3827 -0.7823
vn 0.2036 0.9239 -0.3240
vn 0.6533 -0.3827 -0.6533
vn 0.2706 -0.9239 -0.2706
vn 0.6533 0.3827 -0.6533
vn 0.2706 0.9239 -0.2706
vn 0.7823 -0.3827 -0.4915
vn 0.3240 -0.9239 -0.2036
vn 0.7823 0.3827 -0.4915
vn 0.3240 0.9239 -0.2036
vn 0.8720 -0.3827 -0.3051
vn 0.3612 -0.9239 -0.1264
vn 0.8720 0.3827 -0.3051
vn 0.3612 0.9239 -0.1264
vn 0.9181 -0.3827 -0.1034
vn 0.3803 -0.9239 -0.0428
vn 0.9181 0.3827 -0.1034
vn 0.3803 0.9239 -0.0428
vn 0.9181 -0.3827 0.1034
vn 0.3803 -0.9239 0.0428
vn 0.9181 0.3827 0.1034
vn 0.3803 0.9239 0.0428
vn 0.8720 -0.3827 0.3051
vn 0.3612 -0.9239 0.1264
vn 0.8720 0.3827 0.3051
vn 0.3612 0.9239 0.1264
vn 0.7823 -0.3827 0.4915
vn 0.3240 -0.9239 0.2036
vn 0.7823 0.3827 0.4915
vn 0.3240 0.9239 0.2036
vn 0.6533 -0.3827 0.6533
vn 0.2706 -0.9239 0.2706
vn 0.6533 0.3827 0.6533
vn 0.2706 0.9239 0.2706
vn 0.4915 -0.3827 0.7823
vn 0.2036 -0.9239 0.3240
vn 0.4915 0.3827 0.7823
vn 0.2036 0.9239 0.3240
vn 0.3051 -0.3827 0.8720
vn 0.1264 -0.9239 0.3612
vn 0.3051 0.3827 0.8720
vn 0.1264 0.9239 0.3612
vn 0.1034 -0.3827 0.9181
vn 0.0428 -0.9239 0.3803
vn 0.1034 0.3827 0.9181
vn 0.0428 0.9239 0.3803
vn -0.1034 -0.3827 0.9181
vn -0.0428 -0.9239 0.3803
vn -0.1034 0.3827 0.9181
vn -0.0428 0.9239 0.3803
vn -0.3051 -0.3827 0.8720
vn -0.1264 -0.9239 0.3612
vn -0.3051 0.3827 0.8720
vn -0.1264 0.9239 0.3612
vn -0.4915 -0.3827 0.7823
vn -0.2036 -0.9239 0.3240
vn -0.4915 0.3827 0.7823
vn -0.2036 0.9239 0.3240
vn -0.6533 -0.3827 0.6533
vn -0.2706 -0.9239 0.2706
vn -0.6533 0.3827 0.6533
vn -0.2706 0.9239 0.2706
vn -0.7823 -0.3827 0.4915
vn -0.3240 -0.9239 0.2036
vn -0.7823 0.3827 0.4915
vn -0.3240 0.9239 0.2036
vn -0.8720 -0.3827 0.3051
vn -0.3612 -0.9239 0.1264
vn -0.8720 0.3827 0.3051
vn -0.3612 0.9239 0.1264
vn -0.9181 -0.3827 0.1034
vn -0.3803 -0.9239 0.0428
vn -0.9181 0.3827 0.1034
vn -0.3803 0.9239 0.0428
vn -0.9181 -0.3827 -0.1034
vn -0.3803 -0.9239 -0.0428
vn -0.9181 0.3827 -0.1034
vn -0.3803 0.9239 -0.0428
vn -0.8720 -0.3827 -0.3051
vn -0.3612 -0.9239 -0.1264
vn -0.8720 0.3827 -0.3051
vn -0.3612 0.9239 -0.1264
vn -0.7823 -0.3827 -0.4915
vn -0.3240 -0.9239 -0.2036
vn -0.7823 0.3827 -0.4915
vn -0.3240 0.9239 -0.2036
vn -0.6533 -0.3827 -0.6533
vn -0.2706 -0.9239 -0.2706
vn -0.6533 0.3827 -0.6533
vn -0.2706 0.9239 -0.2706
vn -0.4915 -0.3827 -0.7823
vn -0.2036 -0.9239 -0.3240
vn -0.4915 0.3827 -0.7823
vn -0.2036 0.9239 -0.3240
vn -0.3051 -0.3827 -0.8720
vn -0.1264 -0.9239 -0.3612
vn -0.3051 0.3827 -0.8720
vn -0.1264 0.9239 -0.3612
vn -0.1034 -0.3827 -0.9181
vn -0.0428 -0.9239 -0.3803
vn -0.1034 0.3827 -0.9181
vn -0.0428 0.9239 -0.3803
vn -0.0000 -1.0000 -0.0000
vn 0.1120 -0.0000 -0.9937
vn -0.1120 -0.0000 -0.9937
vn -0.0000 1.0000 -0.0000
vn 0.3303 -0.0000 -0.9439
vn 0.5320 -0.0000 -0.8467
vn 0.7071 -0.0000 -0.7071
vn 0.8467 -0.0000 -0.5320
vn 0.9439 -0.0000 -0.3303
vn 0.9937 -0.0000 -0.1120
vn 0.9937 -0.0000 0.1120
vn 0.9439 -0.0000 0.3303
vn 0.8467 -0.0000 0.5320
vn 0.7071 -0.0000 0.7071
vn 0.5320 -0.0000 0.8467
vn 0.3303 -0.0000 0.9439
vn 0.1120 -0.0000 0.9937
vn -0.1120 -0.0000 0.9937
vn -0.3303 -0.0000 0.9439
vn -0.5320 -0.0000 0.8467
vn -0.7071 -0.0000 0.7071
vn -0.8467 -0.0000 0.5320
vn -0.9439 -0.0000 0.3303
vn -0.9937 -0.0000 0.1120
vn -0.9937 -0.0000 -0.1120
vn -0.9439 -0.0000 -0.3303
vn -0.8467 -0.0000 -0.5320
vn -0.7071 -0.0000 -0.7071
vn -0.5320 -0.0000 -0.8467
vn -0.3303 -0.0000 -0.9439
s 0
usemtl metal
f 2774//1532 2780//1532 2781//1532 2775//1532
f 2775//1533 2781//1533 2779//1533 2773//1533
f 2783//1534 2777//1534 2778//1534 2784//1534
f 2784//1535 2778//1535 2776//1535 2782//1535
f 2780//1536 2786//1536 2787//1536 2781//1536
f 2781//1537 2787//1537 2785//1537 2779//1537
f 2789//1538 2783//1538 2784//1538 2790//1538
f 2790//1539 2784//1539 2782//1539 2788//1539
f 2786//1540 2792//1540 2793//1540 2787//1540
f 2787//1541 2793//1541 2791//1541 2785//1541
f 2795//1542 2789//1542 2790//1542 2796//1542
f 2796//1543 2790//1543 2788//1543 2794//1543
f 2792//1544 2798//1544 2799//1544 2793//1544
f 2793//1545 2799//1545 2797//1545 2791//1545
f 2801//1546 2795//1546 2796//1546 2802//1546
f 2802//1547 2796//1547 2794//1547 2800//1547
f 2798//1548 2804//1548 2805//1548 2799//1548
f 2799//1549 2805//1549 2803//1549 2797//1549
f 2807//1550 2801//1550 2802//1550 2808//1550
f 2808//1551 2802//1551 2800//1551 2806//1551
f 2804//1552 2810//1552 2811//1552 2805//1552
f 2805//1553 2811//1553 2809//1553 2803//1553
f 2813//1554 2807//1554 2808//1554 2814//1554
f 2814//1555 2808//1555 2806//1555 2812//1555
f 2810//1556 2816//1556 2817//1556 2811//1556
f 2811//1557 2817//1557 2815//1557 2809//1557
f 2819//1558 2813//1558 2814//1558 2820//1558
f 2820//1559 2814//1559 2812//1559 2818//1559
f 2816//1560 2822//1560 2823//1560 2817//1560
f 2817//1561 2823//1561 2821//1561 2815//1561
f 2825//1562 2819//1562 2820//1562 2826//1562
f 2826//1563 2820//1563 2818//1563 2824//1563
f 2822//1564 2828//1564 2829//1564 2823//1564
f 2823//1565 2829//1565 2827//1565 2821//1565
f 2831//1566 2825//1566 2826//1566 2832//1566
f 2832//1567 2826//1567 2824//1567 2830//1567
f 2828//1568 2834//1568 2835//1568 2829//1568
f 2829//1569 2835//1569 2833//1569 2827//1569
f 2837//1570 2831//1570 2832//1570 2838//1570
f 2838//1571 2832//1571 2830//1571 2836//1571
f 2834//1572 2840//1572 2841//1572 2835//1572
f 2835//1573 2841//1573 2839//1573 2833//1573
f 2843//1574 2837//1574 2838//1574 2844//1574
f 2844//1575 2838//1575 2836//1575 2842//1575
f 2840//1576 2846//1576 2847//1576 2841//1576
f 2841//1577 2847//1577 2845//1577 2839//1577
f 2849//1578 2843//1578 2844//1578 2850//1578
f 2850//1579 2844//1579 2842//1579 2848//1579
f 2846//1580 2852//1580 2853//1580 2847//1580
f 2847//1581 2853//1581 2851//1581 2845//1581
f 2855//1582 2849//1582 2850//1582 2856//1582
f 2856//1583 2850//1583 2848//1583 2854//1583
f 2852//1584 2858//1584 2859//1584 2853//1584
f 2853//1585 2859//1585 2857//1585 2851//1585
f 2861//1586 2855//1586 2856//1586 2862//1586
f 2862//1587 2856//1587 2854//1587 2860//1587
f 2858//1588 2864//1588 2865//1588 2859//1588
f 2859//1589 2865//1589 2863//1589 2857//1589
f 2867//1590 2861//1590 2862//1590 2868//1590
f 2868//1591 2862//1591 2860//1591 2866//1591
f 2864//1592 2870//1592 2871//1592 2865//1592
f 2865//1593 2871//1593 2869//1593 2863//1593
f 2873//1594 2867//1594 2868//1594 2874//1594
f 2874//1595 2868//1595 2866//1595 2872//1595
f 2870//1596 2876//1596 2877//1596 2871//1596
f 2871//1597 2877//1597 2875//1597 2869//1597
f 2879//1598 2873//1598 2874//1598 2880//1598
f 2880//1599 2874//1599 2872//1599 2878//1599
f 2876//1600 2882//1600 2883//1600 2877//1600
f 2877//1601 2883//1601 2881//1601 2875//1601
f 2885//1602 2879//1602 2880//1602 2886//1602
f 2886//1603 2880//1603 2878//1603 2884//1603
f 2882//1604 2888//1604 2889//1604 2883//1604
f 2883//1605 2889//1605 2887//1605 2881//1605
f 2891//1606 2885//1606 2886//1606 2892//1606
f 2892//1607 2886//1607 2884//1607 2890//1607
f 2888//1608 2894//1608 2895//1608 2889//1608
f 2889//1609 2895//1609 2893//1609 2887//1609
f 2897//1610 2891//1610 2892//1610 2898//1610
f 2898//1611 2892//1611 2890//1611 2896//1611
f 2894//1612 2900//1612 2901//1612 2895//1612
f 2895//1613 2901//1613 2899//1613 2893//1613
f 2903//1614 2897//1614 2898//1614 2904//1614
f 2904//1615 2898//1615 2896//1615 2902//1615
f 2900//1616 2906//1616 2907//1616 2901//1616
f 2901//1617 2907//1617 2905//1617 2899//1617
f 2909//1618 2903//1618 2904//1618 2910//1618
f 2910//1619 2904//1619 2902//1619 2908//1619
f 2906//1620 2912//1620 2913//1620 2907//1620
f 2907//1621 2913//1621 2911//1621 2905//1621
f 2915//1622 2909//1622 2910//1622 2916//1622
f 2916//1623 2910//1623 2908//1623 2914//1623
f 2912//1624 2918//1624 2919//1624 2913//1624
f 2913//1625 2919//1625 2917//1625 2911//1625
f 2921//1626 2915//1626 2916//1626 2922//1626
f 2922//1627 2916//1627 2914//1627 2920//1627
f 2918//1628 2924//1628 2925//1628 2919//1628
f 2919//1629 2925//1629 2923//1629 2917//1629
f 2927//1630 2921//1630 2922//1630 2928//1630
f 2928//1631 2922//1631 2920//1631 2926//1631
f 2924//1632 2930//1632 2931//1632 2925//1632
f 2925//1633 2931//1633 2929//1633 2923//1633
f 2933//1634 2927//1634 2928//1634 2934//1634
f 2934//1635 2928//1635 2926//1635 2932//1635
f 2930//1636 2936//1636 2937//1636 2931//1636
f 2931//1637 2937//1637 2935//1637 2929//1637
f 2939//1638 2933//1638 2934//1638 2940//1638
f 2940//1639 2934//1639 2932//1639 2938//1639
f 2936//1640 2774//1640 2775//1640 2937//1640
f 2937//1641 2775//1641 2773//1641 2935//1641
f 2777//1642 2939//1642 2940//1642 2778//1642
f 2778//1643 2940//1643 2938//1643 2776//1643
f 2773//1644 2779//1644 2785//1644 2791//1644 2797//1644 2803//1644 2809//1644 2815//1644 2821//1644 2827//1644 2833//1644 2839//1644 2845//1644 2851//1644 2857//1644 2863//1644 2869//1644 2875//1644 2881//1644 2887//1644 2893//1644 2899//1644 2905//1644 2911//1644 2917//1644 2923//1644 2929//1644 2935//1644
f 2774//1645 2777//1645 2783//1645 2780//1645
f 2936//1646 2939//1646 2777//1646 2774//1646
f 2782//1647 2776//1647 2938//1647 2932//1647 2926//1647 2920//1647 2914//1647 2908//1647 2902//1647 2896//1647 2890//1647 2884//1647 2878//1647 2872//1647 2866//1647 2860//1647 2854//1647 2848//1647 2842//1647 2836//1647 2830//1647 2824//1647 2818//1647 2812//1647 2806//1647 2800//1647 2794//1647 2788//1647
f 2780//1648 2783//1648 2789//1648 2786//1648
f 2786//1649 2789//1649 2795//1649 2792//1649
f 2792//1650 2795//1650 2801//1650 2798//1650
f 2798//1651 2801//1651 2807//1651 2804//1651
f 2804//1652 2807//1652 2813//1652 2810//1652
f 2810//1653 2813//1653 2819//1653 2816//1653
f 2816//1654 2819//1654 2825//1654 2822//1654
f 2822//1655 2825//1655 2831//1655 2828//1655
f 2828//1656 2831//1656 2837//1656 2834//1656
f 2834//1657 2837//1657 2843//1657 2840//1657
f 2840//1658 2843//1658 2849//1658 2846//1658
f 2846//1659 2849//1659 2855//1659 2852//1659
f 2852//1660 2855//1660 2861//1660 2858//1660
f 2858//1661 2861//1661 2867//1661 2864//1661
f 2864//1662 2867//1662 2873//1662 2870//1662
f 2870//1663 2873//1663 2879//1663 2876//1663
f 2876//1664 2879//1664 2885//1664 2882//1664
f 2882//1665 2885//1665 2891//1665 2888//1665
f 2888//1666 2891//1666 2897//1666 2894//1666
f 2894//1667 2897//1667 2903//1667 2900//1667
f 2900//1668 2903//1668 2909//1668 2906//1668
f 2906//1669 2909//1669 2915//1669 2912//1669
f 2912//1670 2915//1670 2921//1670 2918//1670
f 2918//1671 2921//1671 2927//1671 2924//1671
f 2924//1672 2927//1672 2933//1672 2930//1672
f 2930//1673 2933//1673 2939//1673 2936//1673
o lantern
v 0.000000 18.699999 -1.259501
v 0.000000 18.740000 -1.300000
v 0.000000 18.711716 -1.288138
v 0.000000 21.100000 -1.259501
v 0.000000 21.059999 -1.300000
v 0.000000 21.088284 -1.288138
v 0.389207 18.699999 -1.197857
v 0.401722 18.740000 -1.236373
v 0.398057 18.711716 -1.225092
v 0.389207 21.100000 -1.197857
v 0.401722 21.059999 -1.236373
v 0.398057 21.088284 -1.225092
v 0.740316 18.699999 -1.018958
v 0.764121 18.740000 -1.051722
v 0.757149 18.711716 -1.042126
v 0.740316 21.100000 -1.018958
v 0.764121 21.059999 -1.051722
v 0.757149 21.088284 -1.042126
v 1.018958 18.699999 -0.740316
v 1.051722 18.740000 -0.764121
v 1.042126 18.711716 -0.757149
v 1.018958 21.100000 -0.740316
v 1.051722 21.059999 -0.764121
v 1.042126 21.088284 -0.757149
v 1.197857 18.699999 -0.389207
v 1.236373 18.740000 -0.401722
v 1.225092 18.711716 -0.398057
v 1.197857 21.100000 -0.389207
v 1.236373 21.059999 -0.401722
v 1.225092 21.088284 -0.398057
v 1.259501 18.699999 0.000000
v 1.300000 18.740000 0.000000
v 1.288138 18.711716 0.000000
v 1.259501 21.100000 0.000000
v 1.300000 21.059999 0.000000
v 1.288138 21.088284 0.000000
v 1.197857 18.699999 0.389207
v 1.236373 18.740000 0.401722
v 1.225092 18.711716 0.398057
v 1.197857 21.100000 0.389207
v 1.236373 21.059999 0.401722
v 1.225092 21.088284 0.398057
v 1.018958 18.699999 0.740316
v 1.051722 18.740000 0.764121
v 1.042126 18.711716 0.757149
v 1.018958 21.100000 0.740316
v 1.051722 21.059999 0.764121
v 1.042126 21.088284 0.757149
v 0.740316 18.699999 1.018958
v 0.764121 18.740000 1.051722
v 0.757149 18.711716 1.042126
v 0.740316 21.100000 1.018958
v 0.764121 21.059999 1.051722
v 0.757149 21.088284 1.042126
v 0.389207 18.699999 1.197857
v 0.401722 18.740000 1.236373
v 0.398057 18.711716 1.225092
v 0.389207 21.100000 1.197857
v 0.401722 21.059999 1.236373
v 0.398057 21.088284 1.225092
v 0.000000 18.699999 1.259501
v 0.000000 18.740000 1.300000
v 0.000000 18.711716 1.288138
v 0.000000 21.100000 1.259501
v 0.000000 21.059999 1.300000
v 0.000000 21.088284 1.288138
v -0.389207 18.699999 1.197857
v -0.401722 18.740000 1.236373
v -0.398057 18.711716 1.225092
v -0.389207 21.100000 1.197857
v -0.401722 21.059999 1.236373
v -0.398057 21.088284 1.225092
v -0.740316 18.699999 1.018958
v -0.764121 18.740000 1.051722
v -0.757149 18.711716 1.042126
v -0.740316 21.100000 1.018958
v -0.764121 21.059999 1.051722
v -0.757149 21.088284 1.042126
v -1.018958 18.699999 0.740316
v -1.051722 18.740000 0.764121
v -1.042126 18.711716 0.757149
v -1.018958 21.100000 0.740316
v -1.051722 21.059999 0.764121
v -1.042126 21.088284 0.757149
v -1.197857 18.699999 0.389207
v -1.236373 18.740000 0.401722
v -1.225092 18.711716 0.398057
v -1.197857 21.100000 0.389207
v -1.236373 21.059999 0.401722
v -1.225092 21.088284 0.398057
v -1.259501 18.699999 0.000000
v -1.300000 18.740000 0.000000
v -1.288138 18.711716 0.000000
v -1.259501 21.100000 0.000000
v -1.300000 21.059999 0.000000
v -1.288138 21.088284 0.000000
v -1.197857 18.699999 -0.389207
v -1.236373 18.740000 -0.401722
v -1.225092 18.711716 -0.398057
v -1.197857 21.100000 -0.389207
v -1.236373 21.059999 -0.401722
v -1.225092 21.088284 -0.398057
v -1.018958 18.699999 -0.740316
v -1.051722 18.740000 -0.764121
v -1.042126 18.711716 -0.757149
v -1.018958 21.100000 -0.740316
v -1.051722 21.059999 -0.764121
v -1.042126 21.088284 -0.757149
v -0.740316 18.699999 -1.018958
v -0.764121 18.740000 -1.051722
v -0.757149 18.711716 -1.042126
v -0.740316 21.100000 -1.018958
v -0.764121 21.059999 -1.051722
v -0.757149 21.088284 -1.042126
v -0.389207 18.699999 -1.197857
v -0.401722 18.740000 -1.236373
v -0.398057 18.711716 -1.225092
v -0.389207 21.100000 -1.197857
v -0.401722 21.059999 -1.236373
v -0.398057 21.088284 -1.225092
vn 0.1445 -0.3827 -0.9125
vn 0.0599 -0.9239 -0.3780
vn 0.1445 0.3827 -0.9125
vn 0.0599 0.9239 -0.3780
vn 0.4194 -0.3827 -0.8232
vn 0.1737 -0.9239 -0.3410
vn 0.4194 0.3827 -0.8232
vn 0.1737 0.9239 -0.3410
vn 0.6533 -0.3827 -0.6533
vn 0.2706 -0.9239 -0.2706
vn 0.6533 0.3827 -0.6533
vn 0.2706 0.9239 -0.2706
vn 0.8232 -0.3827 -0.4194
vn 0.3410 -0.9239 -0.1737
vn 0.8232 0.3827 -0.4194
vn 0.3410 0.9239 -0.1737
vn 0.9125 -0.3827 -0.1445
vn 0.3780 -0.9239 -0.0599
vn 0.9125 0.3827 -0.1445
vn 0.3780 0.9239 -0.0599
vn 0.9125 -0.3827 0.1445
vn 0.3780 -0.9239 0.0599
vn 0.9125 0.3827 0.1445
vn 0.3780 0.9239 0.0599
vn 0.8232 -0.3827 0.4194
vn 0.3410 -0.9239 0.1737
vn 0.8232 0.3827 0.4194
vn 0.3410 0.9239 0.1737
vn 0.6533 -0.3827 0.6533
vn 0.2706 -0.9239 0.2706
vn 0.6533 0.3827 0.6533
vn 0.2706 0.9239 0.2706
vn 0.4194 -0.3827 0.8232
vn 0.1737 -0.9239 0.3410
vn 0.4194 0.3827 0.8232
vn 0.1737 0.9239 0.3410
vn 0.1445 -0.3827 0.9125
vn 0.0599 -0.9239 0.3780
vn 0.1445 0.3827 0.9125
vn 0.0599 0.9239 0.3780
vn -0.1445 -0.3827 0.9125
vn -0.0599 -0.9239 0.3780
vn -0.1445 0.3827 0.9125
vn -0.0599 0.9239 0.3780
vn -0.4194 -0.3827 0.8232
vn -0.1737 -0.9239 0.3410
vn -0.4194 0.3827 0.8232
vn -0.1737 0.9239 0.3410
vn -0.6533 -0.3827 0.6533
vn -0.2706 -0.9239 0.2706
vn -0.6533 0.3827 0.6533
vn -0.2706 0.9239 0.2706
vn -0.8232 -0.3827 0.4194
vn -0.3410 -0.9239 0.1737
vn -0.8232 0.3827 0.4194
vn -0.3410 0.9239 0.1737
vn -0.9125 -0.3827 0.1445
vn -0.3780 -0.9239 0.0599
vn -0.9125 0.3827 0.1445
vn -0.3780 0.9239 0.0599
vn -0.9125 -0.3827 -0.1445
vn -0.3780 -0.9239 -0.0599
vn -0.9125 0.3827 -0.1445
vn -0.3780 0.9239 -0.0599
vn -0.8232 -0.3827 -0.4194
vn -0.3410 -0.9239 -0.1737
vn -0.8232 0.3827 -0.4194
vn -0.3410 0.9239 -0.1737
vn -0.6533 -0.3827 -0.6533
vn -0.2706 -0.9239 -0.2706
vn -0.6533 0.3827 -0.6533
vn -0.2706 0.9239 -0.2706
vn -0.4194 -0.3827 -0.8232
vn -0.1737 -0.9239 -0.3410
vn -0.4194 0.3827 -0.8232
vn -0.1737 0.9239 -0.3410
vn -0.1445 -0.3827 -0.9125
vn -0.0599 -0.9239 -0.3780
vn -0.1445 0.3827 -0.9125
vn -0.0599 0.9239 -0.3780
vn -0.0000 -1.0000 -0.0000
vn 0.1564 -0.0000 -0.9877
vn -0.1564 -0.0000 -0.9877
vn -0.0000 1.0000 -0.0000
vn 0.4540 -0.0000 -0.8910
vn 0.7071 -0.0000 -0.7071
vn 0.8910 -0.0000 -0.4540
vn 0.9877 -0.0000 -0.1564
vn 0.9877 -0.0000 0.1564
vn 0.8910 -0.0000 0.4540
vn 0.7071 -0.0000 0.7071
vn 0.4540 -0.0000 0.8910
vn 0.1564 -0.0000 0.9877
vn -0.1564 -0.0000 0.9877
vn -0.4540 -0.0000 0.8910
vn -0.7071 -0.0000 0.7071
vn -0.8910 -0.0000 0.4540
vn -0.9877 -0.0000 0.1564
vn -0.9877 -0.0000 -0.1564
vn -0.8910 -0.0000 -0.4540
vn -0.7071 -0.0000 -0.7071
vn -0.4540 -0.0000 -0.8910
s 0
usemtl glass
f 2942//1674 2948//1674 2949//1674 2943//1674
f 2943//1675 2949//1675 2947//1675 2941//1675
f 2951//1676 2945//1676 2946//1676 2952//1676
f 2952//1677 2946//1677 2944//1677 2950//1677
f 2948//1678 2954//1678 2955//1678 2949//1678
f 2949//1679 2955//1679 2953//1679 2947//1679
f 2957//1680 2951//1680 2952//1680 2958//1680
f 2958//1681 2952//1681 2950//1681 2956//1681
f 2954//1682 2960//1682 2961//1682 2955//1682
f 2955//1683 2961//1683 2959//1683 2953//1683
f 2963//1684 2957//1684 2958//1684 2964//1684
f 2964//1685 2958//1685 2956//1685 2962//1685
f 2960//1686 2966//1686 2967//1686 2961//1686
f 2961//1687 2967//1687 2965//1687 2959//1687
f 2969//1688 2963//1688 2964//1688 2970//1688
f 2970//1689 2964//1689 2962//1689 2968//1689
f 2966//1690 2972//1690 2973//1690 2967//1690
f 2967//1691 2973//1691 2971//1691 2965//1691
f 2975//1692 2969//1692 2970//1692 2976//1692
f 2976//1693 2970//1693 2968//1693 2974//1693
f 2972//1694 2978//1694 2979//1694 2973//1694
f 2973//1695 2979//1695 2977//1695 2971//1695
f 2981//1696 2975//1696 2976//1696 2982//1696
f 2982//1697 2976//1697 2974//1697 2980//1697
f 2978//1698 2984//1698 2985//1698 2979//1698
f 2979//1699 2985//1699 2983//1699 2977//1699
f 2987//1700 2981//1700 2982//1700 2988//1700
f 2988//1701 2982//1701 2980//1701 2986//1701
f 2984//1702 2990//1702 2991//1702 2985//1702
f 2985//1703 2991//1703 2989//1703 2983//1703
f 2993//1704 2987//1704 2988//1704 2994//1704
f 2994//1705 2988//1705 2986//1705 2992//1705
f 2990//1706 2996//1706 2997//1706 2991//1706
f 2991//1707 2997//1707 2995//1707 2989//1707
f 2999//1708 2993//1708 2994//1708 3000//1708
f 3000//1709 2994//1709 2992//1709 2998//1709
f 2996//1710 3002//1710 3003//1710 2997//1710
f 2997//1711 3003//1711 3001//1711 2995//1711
f 3005//1712 2999//1712 3000//1712 3006//1712
f 3006//1713 3000//1713 2998//1713 3004//1713
f 3002//1714 3008//1714 3009//1714 3003//1714
f 3003//1715 3009//1715 3007//1715 3001//1715
f 3011//1716 3005//1716 3006//1716 3012//1716
f 3012//1717 3006//1717 3004//1717 3010//1717
f 3008//1718 3014//1718 3015//1718 3009//1718
f 3009//1719 3015//1719 3013//1719 3007//1719
f 3017//1720 3011//1720 3012//1720 3018//1720
f 3018//1721 3012//1721 3010//1721 3016//1721
f 3014//1722 3020//1722 3021//1722 3015//1722
f 3015//1723 3021//1723 3019//1723 3013//1723
f 3023//1724 3017//1724 3018//1724 3024//1724
f 3024//1725 3018//1725 3016//1725 3022//1725
f 3020//1726 3026//1726 3027//1726 3021//1726
f 3021//1727 3027//1727 3025//1727 3019//1727
f 3029//1728 3023//1728 3024//1728 3030//1728
f 3030//1729 3024//1729 3022//1729 3028//1729
f 3026//1730 3032//1730 3033//1730 3027//1730
f 3027//1731 3033//1731 3031//1731 3025//1731
f 3035//1732 3029//1732 3030//1732 3036//1732
f 3036//1733 3030//1733 3028//1733 3034//1733
f 3032//1734 3038//1734 3039//1734 3033//1734
f 3033//1735 3039//1735 3037//1735 3031//1735
f 3041//1736 3035//1736 3036//1736 3042//1736
f 3042//1737 3036//1737 3034//1737 3040//1737
f 3038//1738 3044//1738 3045//1738 3039//1738
f 3039//1739 3045//1739 3043//1739 3037//1739
f 3047//1740 3041//1740 3042//1740 3048//1740
f 3048//1741 3042//1741 3040//1741 3046//1741
f 3044//1742 3050//1742 3051//1742 3045//1742
f 3045//1743 3051//1743 3049//1743 3043//1743
f 3053//1744 3047//1744 3048//1744 3054//1744
f 3054//1745 3048//1745 3046//1745 3052//1745
f 3050//1746 3056//1746 3057//1746 3051//1746
f 3051//1747 3057//1747 3055//1747 3049//1747
f 3059//1748 3053//1748 3054//1748 3060//1748
f 3060//1749 3054//1749 3052//1749 3058//1749
f 3056//1750 2942//1750 2943//1750 3057//1750
f 3057//1751 2943//1751 2941//1751 3055//1751
f 2945//1752 3059//1752 3060//1752 2946//1752
f 2946//1753 3060//1753 3058//1753 2944//1753
f 2941//1754 2947//1754 2953//1754 2959//1754 2965//1754 2971//1754 2977//1754 2983//1754 2989//1754 2995//1754 3001//1754 3007//1754 3013//1754 3019//1754 3025//1754 3031//1754 3037//1754 3043//1754 3049//1754 3055//1754
f 2942//1755 2945//1755 2951//1755 2948//1755
f 3056//1756 3059//1756 2945//1756 2942//1756
f 2950//1757 2944//1757 3058//1757 3052//1757 3046//1757 3040//1757 3034//1757 3028//1757 3022//1757 3016//1757 3010//1757 3004//1757 2998//1757 2992//1757 2986//1757 2980//1757 2974//1757 2968//1757 2962//1757 2956//1757
f 2948//1758 2951//1758 2957//1758 2954//1758
f 2954//1759 2957//1759 2963//1759 2960//1759
f 2960//1760 2963//1760 2969//1760 2966//1760
f 2966//1761 2969//1761 2975//1761 2972//1761
f 2972//1762 2975//1762 2981//1762 2978//1762
f 2978//1763 2981//1763 2987//1763 2984//1763
f 2984//1764 2987//1764 2993//1764 2990//1764
f 2990//1765 2993//1765 2999//1765 2996//1765
f 2996//1766 2999//1766 3005//1766 3002//1766
f 3002//1767 3005//1767 3011//1767 3008//1767
f 3008//1768 3011//1768 3017//1768 3014//1768
f 3014//1769 3017//1769 3023//1769 3020//1769
f 3020//1770 3023//1770 3029//1770 3026//1770
f 3026//1771 3029//1771 3035//1771 3032//1771
f 3032//1772 3035//1772 3041//1772 3038//1772
f 3038//1773 3041//1773 3047//1773 3044//1773
f 3044//1774 3047//1774 3053//1774 3050//1774
f 3050//1775 3053//1775 3059//1775 3056//1775
o roof
v -0.000000 22.179125 -0.000000
v 0.000000 21.002008 -1.204725
v 0.000000 21.202114 -1.266616
v 0.000000 21.009924 -1.458015
v 0.311806 21.002008 -1.163675
v 0.327824 21.202114 -1.223457
v 0.377362 21.009924 -1.408335
v 0.602363 21.002008 -1.043322
v 0.633308 21.202114 -1.096921
v 0.729008 21.009924 -1.262678
v 0.851869 21.002008 -0.851869
v 0.895633 21.202114 -0.895632
v 1.030972 21.009924 -1.030972
v 1.043322 21.002008 -0.602363
v 1.096921 21.202114 -0.633308
v 1.262678 21.009924 -0.729008
v 1.163675 21.002008 -0.311806
v 1.223457 21.202114 -0.327824
v 1.408335 21.009924 -0.377362
v 1.204725 21.002008 0.000000
v 1.266616 21.202114 0.000000
v 1.458015 21.009924 0.000000
v 1.163675 21.002008 0.311806
v 1.223457 21.202114 0.327824
v 1.408335 21.009924 0.377362
v 1.043322 21.002008 0.602363
v 1.096921 21.202114 0.633308
v 1.262678 21.009924 0.729008
v 0.851869 21.002008 0.851869
v 0.895632 21.202114 0.895633
v 1.030972 21.009924 1.030972
v 0.602363 21.002008 1.043322
v 0.633308 21.202114 1.096921
v 0.729008 21.009924 1.262678
v 0.311806 21.002008 1.163675
v 0.327824 21.202114 1.223457
v 0.377362 21.009924 1.408335
v -0.000000 21.002008 1.204725
v 0.000000 21.202114 1.266616
v 0.000000 21.009924 1.458015
v -0.311806 21.002008 1.163675
v -0.327824 21.202114 1.223457
v -0.377362 21.009924 1.408335
v -0.602363 21.002008 1.043322
v -0.633308 21.202114 1.096921
v -0.729008 21.009924 1.262678
v -0.851869 21.002008 0.851869
v -0.895633 21.202114 0.895632
v -1.030972 21.009924 1.030972
v -1.043322 21.002008 0.602363
v -1.096921 21.202114 0.633308
v -1.262678 21.009924 0.729008
v -1.163675 21.002008 0.311806
v -1.223457 21.202114 0.327824
v -1.408335 21.009924 0.377362
v -1.204725 21.002008 -0.000000
v -1.266616 21.202114 0.000000
v -1.458015 21.009924 0.000000
v -1.163675 21.002008 -0.311806
v -1.223457 21.202114 -0.327824
v -1.408335 21.009924 -0.377362
v -1.043322 21.002008 -0.602363
v -1.096921 21.202114 -0.633308
v -1.262678 21.009924 -0.729008
v -0.851869 21.002008 -0.851869
v -0.895632 21.202114 -0.895633
v -1.030972 21.009924 -1.030972
v -0.602363 21.002008 -1.043322
v -0.633308 21.202114 -1.096921
v -0.729008 21.009924 -1.262678
v -0.311806 21.002008 -1.163675
v -0.327824 21.202114 -1.223457
v -0.377362 21.009924 -1.408335
v -0.000000 21.039799 -1.434339
v 0.167117 21.189405 -1.269379
v 0.371234 21.039799 -1.385465
v 0.190307 21.009924 -1.445524
v -0.000000 21.004507 -1.414545
v 0.366111 21.004507 -1.366346
v 0.139296 21.001568 -1.058059
v 0.489962 21.189405 -1.182873
v 0.717170 21.039799 -1.242174
v 0.557952 21.009924 -1.347014
v 0.707273 21.004507 -1.225032
v 0.408396 21.001568 -0.985954
v 0.779417 21.189405 -1.015756
v 1.014231 21.039799 -1.014231
v 0.887573 21.009924 -1.156707
v 1.000235 21.004507 -1.000235
v 0.649664 21.001568 -0.846658
v 1.015756 21.189405 -0.779417
v 1.242174 21.039799 -0.717170
v 1.156707 21.009924 -0.887573
v 1.225032 21.004507 -0.707273
v 0.846658 21.001568 -0.649663
v 1.182873 21.189405 -0.489962
v 1.385465 21.039799 -0.371234
v 1.347014 21.009924 -0.557951
v 1.366346 21.004507 -0.366111
v 0.985954 21.001568 -0.408396
v 1.269379 21.189405 -0.167117
v 1.434339 21.039799 0.000000
v 1.445524 21.009924 -0.190307
v 1.414546 21.004507 -0.000000
v 1.058059 21.001568 -0.139296
v 1.269379 21.189405 0.167117
v 1.385465 21.039799 0.371234
v 1.445524 21.009924 0.190307
v 1.366346 21.004507 0.366111
v 1.058059 21.001568 0.139296
v 1.182873 21.189405 0.489962
v 1.242174 21.039799 0.717170
v 1.347014 21.009924 0.557952
v 1.225032 21.004507 0.707273
v 0.985954 21.001568 0.408396
v 1.015756 21.189405 0.779417
v 1.014231 21.039799 1.014231
v 1.156707 21.009924 0.887573
v 1.000235 21.004507 1.000235
v 0.846658 21.001568 0.649664
v 0.779417 21.189405 1.015756
v 0.717170 21.039799 1.242174
v 0.887573 21.009924 1.156707
v 0.707273 21.004507 1.225032
v 0.649663 21.001568 0.846658
v 0.489962 21.189405 1.182873
v 0.371234 21.039799 1.385465
v 0.557951 21.009924 1.347014
v 0.366111 21.004507 1.366346
v 0.408396 21.001568 0.985954
v 0.167117 21.189405 1.269379
v -0.000000 21.039799 1.434339
v 0.190307 21.009924 1.445524
v 0.000000 21.004507 1.414546
v 0.139296 21.001568 1.058059
v -0.167117 21.189405 1.269379
v -0.371234 21.039799 1.385465
v -0.190307 21.009924 1.445524
v -0.366111 21.004507 1.366346
v -0.139296 21.001568 1.058059
v -0.489962 21.189405 1.182873
v -0.717170 21.039799 1.242174
v -0.557952 21.009924 1.347014
v -0.707273 21.004507 1.225032
v -0.408396 21.001568 0.985954
v -0.779417 21.189405 1.015756
v -1.014231 21.039799 1.014231
v -0.887573 21.009924 1.156707
v -1.000235 21.004507 1.000235
v -0.649664 21.001568 0.846658
v -1.015756 21.189405 0.779417
v -1.242174 21.039799 0.717170
v -1.156707 21.009924 0.887573
v -1.225032 21.004507 0.707273
v -0.846658 21.001568 0.649663
v -1.182873 21.189405 0.489962
v -1.385465 21.039799 0.371234
v -1.347014 21.009924 0.557951
v -1.366346 21.004507 0.366111
v -0.985954 21.001568 0.408396
v -1.269379 21.189405 0.167117
v -1.434339 21.039799 -0.000000
v -1.445524 21.009924 0.190307
v -1.414546 21.004507 0.000000
v -1.058059 21.001568 0.139296
v -1.269379 21.189405 -0.167117
v -1.385465 21.039799 -0.371234
v -1.445524 21.009924 -0.190307
v -1.366346 21.004507 -0.366111
v -1.058059 21.001568 -0.139296
v -1.182873 21.189405 -0.489962
v -1.242174 21.039799 -0.717170
v -1.347014 21.009924 -0.557952
v -1.225032 21.004507 -0.707273
v -0.985954 21.001568 -0.408396
v -1.015756 21.189405 -0.779417
v -1.014231 21.039799 -1.014231
v -1.156707 21.009924 -0.887573
v -1.000235 21.004507 -1.000235
v -0.846658 21.001568 -0.649664
v -0.779417 21.189405 -1.015756
v -0.717170 21.039799 -1.242174
v -0.887573 21.009924 -1.156707
v -0.707273 21.004507 -1.225032
v -0.649663 21.001568 -0.846658
v -0.489962 21.189405 -1.182873
v -0.371234 21.039799 -1.385465
v -0.557951 21.009924 -1.347014
v -0.366111 21.004507 -1.366346
v -0.408396 21.001568 -0.985954
v -0.167117 21.189405 -1.269379
v -0.190307 21.009924 -1.445524
v -0.139296 21.001568 -1.058059
v 0.000000 21.578800 -0.856213
v 0.221604 21.578800 -0.827038
v -0.221604 21.578800 -0.827039
v 0.428107 21.578800 -0.741503
v 0.605434 21.578802 -0.605434
v 0.741503 21.578802 -0.428107
v 0.827039 21.578802 -0.221604
v 0.856213 21.578802 0.000000
v 0.827038 21.578802 0.221604
v 0.741503 21.578802 0.428107
v 0.605434 21.578802 0.605434
v 0.428107 21.578802 0.741503
v 0.221604 21.578802 0.827039
v -0.000000 21.578802 0.856213
v -0.221604 21.578802 0.827038
v -0.428107 21.578802 0.741503
v -0.605434 21.578802 0.605434
v -0.741503 21.578802 0.428107
v -0.827039 21.578802 0.221604
v -0.856213 21.578802 -0.000000
v -0.827038 21.578802 -0.221604
v -0.741503 21.578802 -0.428107
v -0.605434 21.578802 -0.605434
v -0.428107 21.578802 -0.741503
v 0.187441 21.038210 -1.423752
v 0.183189 21.004463 -1.391461
v 0.549548 21.038210 -1.326726
v 0.537084 21.004463 -1.296635
v 0.874205 21.038210 -1.139286
v 0.854377 21.004463 -1.113446
v 1.139286 21.038210 -0.874205
v 1.113446 21.004463 -0.854377
v 1.326726 21.038210 -0.549548
v 1.296635 21.004463 -0.537084
v 1.423753 21.038210 -0.187441
v 1.391461 21.004463 -0.183189
v 1.423752 21.038210 0.187441
v 1.391461 21.004463 0.183189
v 1.326726 21.038210 0.549548
v 1.296635 21.004463 0.537084
v 1.139286 21.038210 0.874205
v 1.113446 21.004463 0.854377
v 0.874205 21.038210 1.139286
v 0.854377 21.004463 1.113446
v 0.549548 21.038210 1.326726
v 0.537084 21.004463 1.296635
v 0.187441 21.038210 1.423753
v 0.183189 21.004463 1.391461
v -0.187441 21.038210 1.423752
v -0.183189 21.004463 1.391461
v -0.549548 21.038210 1.326726
v -0.537084 21.004463 1.296635
v -0.874205 21.038210 1.139286
v -0.854377 21.004463 1.113446
v -1.139286 21.038210 0.874205
v -1.113446 21.004463 0.854377
v -1.326726 21.038210 0.549548
v -1.296635 21.004463 0.537084
v -1.423753 21.038210 0.187441
v -1.391461 21.004463 0.183189
v -1.423752 21.038210 -0.187441
v -1.391461 21.004463 -0.183189
v -1.326726 21.038210 -0.549548
v -1.296635 21.004463 -0.537084
v -1.139286 21.038210 -0.874205
v -1.113446 21.004463 -0.854377
v -0.874205 21.038210 -1.139286
v -0.854377 21.004463 -1.113446
v -0.549548 21.038210 -1.326726
v -0.537084 21.004463 -1.296635
v -0.187441 21.038210 -1.423753
v -0.183189 21.004463 -1.391461
v -0.000000 21.000200 -0.000000
v 0.127418 21.473219 -0.967839
v -0.127418 21.473219 -0.967839
v 0.373572 21.473219 -0.901882
v 0.594267 21.473219 -0.774464
v 0.774464 21.473219 -0.594267
v 0.901882 21.473219 -0.373572
v 0.967839 21.473219 -0.127418
v 0.967839 21.473219 0.127418
v 0.901882 21.473219 0.373572
v 0.774464 21.473219 0.594267
v 0.594267 21.473219 0.774464
v 0.373572 21.473219 0.901882
v 0.127418 21.473219 0.967839
v -0.127418 21.473219 0.967839
v -0.373572 21.473219 0.901882
v -0.594267 21.473219 0.774464
v -0.774464 21.473219 0.594267
v -0.901882 21.473219 0.373572
v -0.967839 21.473219 0.127418
v -0.967839 21.473219 -0.127418
v -0.901882 21.473219 -0.373572
v -0.774464 21.473219 -0.594267
v -0.594267 21.473219 -0.774464
v -0.373572 21.473219 -0.901882
vn 0.0443 0.7173 -0.6954
vn 0.1372 0.7173 -0.6831
vn 0.1545 0.6165 -0.7721
vn 0.0506 0.6165 -0.7857
vn 0.0104 -0.9939 -0.1101
vn 0.0185 -0.9939 -0.1090
vn -0.0010 -0.9999 -0.0102
vn 0.0036 -0.9999 -0.0096
vn 0.2227 0.7173 -0.6602
vn 0.3093 0.7173 -0.6243
vn 0.3491 0.6165 -0.7058
vn 0.2522 0.6165 -0.7459
vn 0.0385 -0.9939 -0.1037
vn 0.0461 -0.9939 -0.1005
vn 0.0017 -0.9999 -0.0101
vn 0.0059 -0.9999 -0.0084
vn 0.3860 0.7173 -0.5801
vn 0.4604 0.7173 -0.5230
vn 0.5198 0.6165 -0.5914
vn 0.4367 0.6165 -0.6552
vn 0.0640 -0.9939 -0.0902
vn 0.0705 -0.9939 -0.0852
vn 0.0043 -0.9999 -0.0093
vn 0.0079 -0.9999 -0.0066
vn 0.5230 0.7173 -0.4604
vn 0.5801 0.7173 -0.3860
vn 0.6552 0.6165 -0.4367
vn 0.5914 0.6165 -0.5198
vn 0.0852 -0.9939 -0.0705
vn 0.0902 -0.9939 -0.0640
vn 0.0066 -0.9999 -0.0079
vn 0.0093 -0.9999 -0.0043
vn 0.6243 0.7173 -0.3094
vn 0.6602 0.7173 -0.2227
vn 0.7459 0.6165 -0.2522
vn 0.7058 0.6165 -0.3491
vn 0.1005 -0.9939 -0.0461
vn 0.1037 -0.9939 -0.0385
vn 0.0084 -0.9999 -0.0059
vn 0.0101 -0.9999 -0.0017
vn 0.6831 0.7173 -0.1372
vn 0.6954 0.7173 -0.0443
vn 0.7857 0.6165 -0.0506
vn 0.7721 0.6165 -0.1545
vn 0.1090 -0.9939 -0.0185
vn 0.1101 -0.9939 -0.0104
vn 0.0096 -0.9999 -0.0036
vn 0.0102 -0.9999 0.0010
vn 0.6954 0.7173 0.0443
vn 0.6831 0.7173 0.1372
vn 0.7721 0.6165 0.1545
vn 0.7857 0.6165 0.0506
vn 0.1101 -0.9939 0.0104
vn 0.1090 -0.9939 0.0185
vn 0.0102 -0.9999 -0.0010
vn 0.0096 -0.9999 0.0036
vn 0.6602 0.7173 0.2227
vn 0.6243 0.7173 0.3093
vn 0.7058 0.6165 0.3491
vn 0.7459 0.6165 0.2522
vn 0.1037 -0.9939 0.0385
vn 0.1005 -0.9939 0.0461
vn 0.0101 -0.9999 0.0017
vn 0.0084 -0.9999 0.0059
vn 0.5801 0.7173 0.3860
vn 0.5230 0.7173 0.4604
vn 0.5914 0.6165 0.5198
vn 0.6552 0.6165 0.4367
vn 0.0902 -0.9939 0.0640
vn 0.0852 -0.9939 0.0705
vn 0.0093 -0.9999 0.0043
vn 0.0066 -0.9999 0.0079
vn 0.4604 0.7173 0.5230
vn 0.3860 0.7173 0.5801
vn 0.4367 0.6165 0.6552
vn 0.5198 0.6165 0.5914
vn 0.0705 -0.9939 0.0852
vn 0.0640 -0.9939 0.0902
vn 0.0079 -0.9999 0.0066
vn 0.0043 -0.9999 0.0093
vn 0.3094 0.7173 0.6243
vn 0.2227 0.7173 0.6602
vn 0.2522 0.6165 0.7459
vn 0.3491 0.6165 0.7058
vn 0.0461 -0.9939 0.1005
vn 0.0385 -0.9939 0.1037
vn 0.0059 -0.9999 0.0084
vn 0.0017 -0.9999 0.0101
vn 0.1372 0.7173 0.6831
vn 0.0443 0.7173 0.6954
vn 0.0506 0.6165 0.7857
vn 0.1545 0.6165 0.7721
vn 0.0185 -0.9939 0.1090
vn 0.0104 -0.9939 0.1101
vn 0.0036 -0.9999 0.0096
vn -0.0010 -0.9999 0.0102
vn -0.0443 0.7173 0.6954
vn -0.1372 0.7173 0.6831
vn -0.1545 0.6165 0.7721
vn -0.0506 0.6165 0.7857
vn -0.0104 -0.9939 0.1101
vn -0.0185 -0.9939 0.1090
vn 0.0010 -0.9999 0.0102
vn -0.0036 -0.9999 0.0096
vn -0.2227 0.7173 0.6602
vn -0.3093 0.7173 0.6243
vn -0.3491 0.6165 0.7058
vn -0.2522 0.6165 0.7459
vn -0.0385 -0.9939 0.1037
vn -0.0461 -0.9939 0.1005
vn -0.0017 -0.9999 0.0101
vn -0.0059 -0.9999 0.0084
vn -0.3860 0.7173 0.5801
vn -0.4604 0.7173 0.5230
vn -0.5198 0.6165 0.5914
vn -0.4367 0.6165 0.6552
vn -0.0640 -0.9939 0.0902
vn -0.0705 -0.9939 0.0852
vn -0.0043 -0.9999 0.0093
vn -0.0079 -0.9999 0.0066
vn -0.5230 0.7173 0.4604
vn -0.5801 0.7173 0.3860
vn -0.6552 0.6165 0.4367
vn -0.5914 0.6165 0.5198
vn -0.0852 -0.9939 0.0705
vn -0.0902 -0.9939 0.0640
vn -0.0066 -0.9999 0.0079
vn -0.0093 -0.9999 0.0043
vn -0.6243 0.7173 0.3094
vn -0.6602 0.7173 0.2227
vn -0.7459 0.6165 0.2522
vn -0.7058 0.6165 0.3491
vn -0.1005 -0.9939 0.0461
vn -0.1037 -0.9939 0.0385
vn -0.0084 -0.9999 0.0059
vn -0.0101 -0.9999 0.0017
vn -0.6831 0.7173 0.1372
vn -0.6954 0.7173 0.0443
vn -0.7857 0.6165 0.0506
vn -0.7721 0.6165 0.1545
vn -0.1090 -0.9939 0.0185
vn -0.1101 -0.9939 0.0104
vn -0.0096 -0.9999 0.0036
vn -0.0102 -0.9999 -0.0010
vn -0.6954 0.7173 -0.0443
vn -0.6831 0.7173 -0.1372
vn -0.7721 0.6165 -0.1545
vn -0.7857 0.6165 -0.0506
vn -0.1101 -0.9939 -0.0104
vn -0.1090 -0.9939 -0.0185
vn -0.0102 -0.9999 0.0010
vn -0.0096 -0.9999 -0.0036
vn -0.6602 0.7173 -0.2227
vn -0.6243 0.7173 -0.3093
vn -0.7058 0.6165 -0.3491
vn -0.7459 0.6165 -0.2522
vn -0.1037 -0.9939 -0.0385
vn -0.1005 -0.9939 -0.0461
vn -0.0101 -0.9999 -0.0017
vn -0.0084 -0.9999 -0.0059
vn -0.5801 0.7173 -0.3860
vn -0.5230 0.7173 -0.4604
vn -0.5914 0.6165 -0.5198
vn -0.6552 0.6165 -0.4367
vn -0.0902 -0.9939 -0.0640
vn -0.0852 -0.9939 -0.0705
vn -0.0093 -0.9999 -0.0043
vn -0.0066 -0.9999 -0.0079
vn -0.4604 0.7173 -0.5230
vn -0.3860 0.7173 -0.5801
vn -0.4367 0.6165 -0.6552
vn -0.5198 0.6165 -0.5914
vn -0.0705 -0.9939 -0.0852
vn -0.0640 -0.9939 -0.0902
vn -0.0079 -0.9999 -0.0066
vn -0.0043 -0.9999 -0.0093
vn -0.3094 0.7173 -0.6243
vn -0.2227 0.7173 -0.6602
vn -0.2522 0.6165 -0.7459
vn -0.3491 0.6165 -0.7058
vn -0.0461 -0.9939 -0.1005
vn -0.0385 -0.9939 -0.1037
vn -0.0059 -0.9999 -0.0084
vn -0.0017 -0.9999 -0.0101
vn -0.1372 0.7173 -0.6831
vn -0.0443 0.7173 -0.6954
vn -0.0506 0.6165 -0.7857
vn -0.1545 0.6165 -0.7721
vn -0.0185 -0.9939 -0.1090
vn -0.0104 -0.9939 -0.1101
vn -0.0036 -0.9999 -0.0096
vn 0.0010 -0.9999 -0.0102
vn -0.0000 -1.0000 -0.0015
vn 0.0004 -1.0000 -0.0014
vn 0.0008 -1.0000 -0.0013
vn 0.0011 -1.0000 -0.0011
vn 0.0013 -1.0000 -0.0008
vn 0.0014 -1.0000 -0.0004
vn 0.0015 -1.0000 -0.0000
vn 0.0014 -1.0000 0.0004
vn 0.0013 -1.0000 0.0008
vn 0.0011 -1.0000 0.0011
vn 0.0008 -1.0000 0.0013
vn 0.0004 -1.0000 0.0014
vn -0.0000 -1.0000 0.0015
vn -0.0004 -1.0000 0.0014
vn -0.0008 -1.0000 0.0013
vn -0.0011 -1.0000 0.0011
vn -0.0013 -1.0000 0.0008
vn -0.0014 -1.0000 0.0004
vn -0.0015 -1.0000 -0.0000
vn -0.0014 -1.0000 -0.0004
vn -0.0013 -1.0000 -0.0008
vn -0.0011 -1.0000 -0.0011
vn -0.0008 -1.0000 -0.0013
vn -0.0004 -1.0000 -0.0014
vn 0.0310 0.7336 -0.6789
vn 0.0765 0.8103 -0.5810
vn 0.1458 0.7336 -0.6638
vn -0.1458 0.7336 -0.6638
vn -0.0765 0.8103 -0.5810
vn -0.0310 0.7336 -0.6789
vn 0.2056 0.7336 -0.6477
vn 0.2242 0.8103 -0.5414
vn 0.3126 0.7336 -0.6034
vn 0.3663 0.7336 -0.5724
vn 0.3567 0.8103 -0.4649
vn 0.4581 0.7336 -0.5019
vn 0.5019 0.7336 -0.4581
vn 0.4649 0.8103 -0.3567
vn 0.5724 0.7336 -0.3663
vn 0.6034 0.7336 -0.3126
vn 0.5414 0.8103 -0.2242
vn 0.6477 0.7336 -0.2056
vn 0.6638 0.7336 -0.1458
vn 0.5810 0.8103 -0.0765
vn 0.6789 0.7336 -0.0310
vn 0.6789 0.7336 0.0310
vn 0.5810 0.8103 0.0765
vn 0.6638 0.7336 0.1458
vn 0.6477 0.7336 0.2056
vn 0.5414 0.8103 0.2242
vn 0.6034 0.7336 0.3126
vn 0.5724 0.7336 0.3663
vn 0.4649 0.8103 0.3567
vn 0.5019 0.7336 0.4581
vn 0.4581 0.7336 0.5019
vn 0.3567 0.8103 0.4649
vn 0.3663 0.7336 0.5724
vn 0.3126 0.7336 0.6034
vn 0.2242 0.8103 0.5414
vn 0.2056 0.7336 0.6477
vn 0.1458 0.7336 0.6638
vn 0.0765 0.8103 0.5810
vn 0.0310 0.7336 0.6789
vn -0.0310 0.7336 0.6789
vn -0.0765 0.8103 0.5810
vn -0.1458 0.7336 0.6638
vn -0.2056 0.7336 0.6477
vn -0.2242 0.8103 0.5414
vn -0.3126 0.7336 0.6034
vn -0.3663 0.7336 0.5724
vn -0.3567 0.8103 0.4649
vn -0.4581 0.7336 0.5019
vn -0.5019 0.7336 0.4581
vn -0.4649 0.8103 0.3567
vn -0.5724 0.7336 0.3663
vn -0.6034 0.7336 0.3126
vn -0.5414 0.8103 0.2242
vn -0.6477 0.7336 0.2056
vn -0.6638 0.7336 0.1458
vn -0.5810 0.8103 0.0765
vn -0.6789 0.7336 0.0310
vn -0.6789 0.7336 -0.0310
vn -0.5810 0.8103 -0.0765
vn -0.6638 0.7336 -0.1458
vn -0.6477 0.7336 -0.2056
vn -0.5414 0.8103 -0.2242
vn -0.6034 0.7336 -0.3126
vn -0.5724 0.7336 -0.3663
vn -0.4649 0.8103 -0.3567
vn -0.5019 0.7336 -0.4581
vn -0.4581 0.7336 -0.5019
vn -0.3567 0.8103 -0.4649
vn -0.3663 0.7336 -0.5724
vn -0.3126 0.7336 -0.6034
vn -0.2242 0.8103 -0.5414
vn -0.2056 0.7336 -0.6477
s 0
usemtl roof_dark
f 3063//1776 3135//1776 3278//1776 3134//1776
f 3135//1777 3066//1777 3136//1777 3278//1777
f 3278//1778 3136//1778 3067//1778 3137//1778
f 3134//1779 3278//1779 3137//1779 3064//1779
f 3064//1780 3137//1780 3279//1780 3138//1780
f 3137//1781 3067//1781 3139//1781 3279//1781
f 3279//1782 3139//1782 3065//1782 3140//1782
f 3138//1783 3279//1783 3140//1783 3062//1783
f 3066//1784 3141//1784 3280//1784 3136//1784
f 3141//1785 3069//1785 3142//1785 3280//1785
f 3280//1786 3142//1786 3070//1786 3143//1786
f 3136//1787 3280//1787 3143//1787 3067//1787
f 3067//1788 3143//1788 3281//1788 3139//1788
f 3143//1789 3070//1789 3144//1789 3281//1789
f 3281//1790 3144//1790 3068//1790 3145//1790
f 3139//1791 3281//1791 3145//1791 3065//1791
f 3069//1792 3146//1792 3282//1792 3142//1792
f 3146//1793 3072//1793 3147//1793 3282//1793
f 3282//1794 3147//1794 3073//1794 3148//1794
f 3142//1795 3282//1795 3148//1795 3070//1795
f 3070//1796 3148//1796 3283//1796 3144//1796
f 3148//1797 3073//1797 3149//1797 3283//1797
f 3283//1798 3149//1798 3071//1798 3150//1798
f 3144//1799 3283//1799 3150//1799 3068//1799
f 3072//1800 3151//1800 3284//1800 3147//1800
f 3151//1801 3075//1801 3152//1801 3284//1801
f 3284//1802 3152//1802 3076//1802 3153//1802
f 3147//1803 3284//1803 3153//1803 3073//1803
f 3073//1804 3153//1804 3285//1804 3149//1804
f 3153//1805 3076//1805 3154//1805 3285//1805
f 3285//1806 3154//1806 3074//1806 3155//1806
f 3149//1807 3285//1807 3155//1807 3071//1807
f 3075//1808 3156//1808 3286//1808 3152//1808
f 3156//1809 3078//1809 3157//1809 3286//1809
f 3286//1810 3157//1810 3079//1810 3158//1810
f 3152//1811 3286//1811 3158//1811 3076//1811
f 3076//1812 3158//1812 3287//1812 3154//1812
f 3158//1813 3079//1813 3159//1813 3287//1813
f 3287//1814 3159//1814 3077//1814 3160//1814
f 3154//1815 3287//1815 3160//1815 3074//1815
f 3078//1816 3161//1816 3288//1816 3157//1816
f 3161//1817 3081//1817 3162//1817 3288//1817
f 3288//1818 3162//1818 3082//1818 3163//1818
f 3157//1819 3288//1819 3163//1819 3079//1819
f 3079//1820 3163//1820 3289//1820 3159//1820
f 3163//1821 3082//1821 3164//1821 3289//1821
f 3289//1822 3164//1822 3080//1822 3165//1822
f 3159//1823 3289//1823 3165//1823 3077//1823
f 3081//1824 3166//1824 3290//1824 3162//1824
f 3166//1825 3084//1825 3167//1825 3290//1825
f 3290//1826 3167//1826 3085//1826 3168//1826
f 3162//1827 3290//1827 3168//1827 3082//1827
f 3082//1828 3168//1828 3291//1828 3164//1828
f 3168//1829 3085//1829 3169//1829 3291//1829
f 3291//1830 3169//1830 3083//1830 3170//1830
f 3164//1831 3291//1831 3170//1831 3080//1831
f 3084//1832 3171//1832 3292//1832 3167//1832
f 3171//1833 3087//1833 3172//1833 3292//1833
f 3292//1834 3172//1834 3088//1834 3173//1834
f 3167//1835 3292//1835 3173//1835 3085//1835
f 3085//1836 3173//1836 3293//1836 3169//1836
f 3173//1837 3088//1837 3174//1837 3293//1837
f 3293//1838 3174//1838 3086//1838 3175//1838
f 3169//1839 3293//1839 3175//1839 3083//1839
f 3087//1840 3176//1840 3294//1840 3172//1840
f 3176//1841 3090//1841 3177//1841 3294//1841
f 3294//1842 3177//1842 3091//1842 3178//1842
f 3172//1843 3294//1843 3178//1843 3088//1843
f 3088//1844 3178//1844 3295//1844 3174//1844
f 3178//1845 3091//1845 3179//1845 3295//1845
f 3295//1846 3179//1846 3089//1846 3180//1846
f 3174//1847 3295//1847 3180//1847 3086//1847
f 3090//1848 3181//1848 3296//1848 3177//1848
f 3181//1849 3093//1849 3182//1849 3296//1849
f 3296//1850 3182//1850 3094//1850 3183//1850
f 3177//1851 3296//1851 3183//1851 3091//1851
f 3091//1852 3183//1852 3297//1852 3179//1852
f 3183//1853 3094//1853 3184//1853 3297//1853
f 3297//1854 3184//1854 3092//1854 3185//1854
f 3179//1855 3297//1855 3185//1855 3089//1855
f 3093//1856 3186//1856 3298//1856 3182//1856
f 3186//1857 3096//1857 3187//1857 3298//1857
f 3298//1858 3187//1858 3097//1858 3188//1858
f 3182//1859 3298//1859 3188//1859 3094//1859
f 3094//1860 3188//1860 3299//1860 3184//1860
f 3188//1861 3097//1861 3189//1861 3299//1861
f 3299//1862 3189//1862 3095//1862 3190//1862
f 3184//1863 3299//1863 3190//1863 3092//1863
f 3096//1864 3191//1864 3300//1864 3187//1864
f 3191//1865 3099//1865 3192//1865 3300//1865
f 3300//1866 3192//1866 3100//1866 3193//1866
f 3187//1867 3300//1867 3193//1867 3097//1867
f 3097//1868 3193//1868 3301//1868 3189//1868
f 3193//1869 3100//1869 3194//1869 3301//1869
f 3301//1870 3194//1870 3098//1870 3195//1870
f 3189//1871 3301//1871 3195//1871 3095//1871
f 3099//1872 3196//1872 3302//1872 3192//1872
f 3196//1873 3102//1873 3197//1873 3302//1873
f 3302//1874 3197//1874 3103//1874 3198//1874
f 3192//1875 3302//1875 3198//1875 3100//1875
f 3100//1876 3198//1876 3303//1876 3194//1876
f 3198//1877 3103//1877 3199//1877 3303//1877
f 3303//1878 3199//1878 3101//1878 3200//1878
f 3194//1879 3303//1879 3200//1879 3098//1879
f 3102//1880 3201//1880 3304//1880 3197//1880
f 3201//1881 3105//1881 3202//1881 3304//1881
f 3304//1882 3202//1882 3106//1882 3203//1882
f 3197//1883 3304//1883 3203//1883 3103//1883
f 3103//1884 3203//1884 3305//1884 3199//1884
f 3203//1885 3106//1885 3204//1885 3305//1885
f 3305//1886 3204//1886 3104//1886 3205//1886
f 3199//1887 3305//1887 3205//1887 3101//1887
f 3105//1888 3206//1888 3306//1888 3202//1888
f 3206//1889 3108//1889 3207//1889 3306//1889
f 3306//1890 3207//1890 3109//1890 3208//1890
f 3202//1891 3306//1891 3208//1891 3106//1891
f 3106//1892 3208//1892 3307//1892 3204//1892
f 3208//1893 3109//1893 3209//1893 3307//1893
f 3307//1894 3209//1894 3107//1894 3210//1894
f 3204//1895 3307//1895 3210//1895 3104//1895
f 3108//1896 3211//1896 3308//1896 3207//1896
f 3211//1897 3111//1897 3212//1897 3308//1897
f 3308//1898 3212//1898 3112//1898 3213//1898
f 3207//1899 3308//1899 3213//1899 3109//1899
f 3109//1900 3213//1900 3309//1900 3209//1900
f 3213//1901 3112//1901 3214//1901 3309//1901
f 3309//1902 3214//1902 3110//1902 3215//1902
f 3209//1903 3309//1903 3215//1903 3107//1903
f 3111//1904 3216//1904 3310//1904 3212//1904
f 3216//1905 3114//1905 3217//1905 3310//1905
f 3310//1906 3217//1906 3115//1906 3218//1906
f 3212//1907 3310//1907 3218//1907 3112//1907
f 3112//1908 3218//1908 3311//1908 3214//1908
f 3218//1909 3115//1909 3219//1909 3311//1909
f 3311//1910 3219//1910 3113//1910 3220//1910
f 3214//1911 3311//1911 3220//1911 3110//1911
f 3114//1912 3221//1912 3312//1912 3217//1912
f 3221//1913 3117//1913 3222//1913 3312//1913
f 3312//1914 3222//1914 3118//1914 3223//1914
f 3217//1915 3312//1915 3223//1915 3115//1915
f 3115//1916 3223//1916 3313//1916 3219//1916
f 3223//1917 3118//1917 3224//1917 3313//1917
f 3313//1918 3224//1918 3116//1918 3225//1918
f 3219//1919 3313//1919 3225//1919 3113//1919
f 3117//1920 3226//1920 3314//1920 3222//1920
f 3226//1921 3120//1921 3227//1921 3314//1921
f 3314//1922 3227//1922 3121//1922 3228//1922
f 3222//1923 3314//1923 3228//1923 3118//1923
f 3118//1924 3228//1924 3315//1924 3224//1924
f 3228//1925 3121//1925 3229//1925 3315//1925
f 3315//1926 3229//1926 3119//1926 3230//1926
f 3224//1927 3315//1927 3230//1927 3116//1927
f 3120//1928 3231//1928 3316//1928 3227//1928
f 3231//1929 3123//1929 3232//1929 3316//1929
f 3316//1930 3232//1930 3124//1930 3233//1930
f 3227//1931 3316//1931 3233//1931 3121//1931
f 3121//1932 3233//1932 3317//1932 3229//1932
f 3233//1933 3124//1933 3234//1933 3317//1933
f 3317//1934 3234//1934 3122//1934 3235//1934
f 3229//1935 3317//1935 3235//1935 3119//1935
f 3123//1936 3236//1936 3318//1936 3232//1936
f 3236//1937 3126//1937 3237//1937 3318//1937
f 3318//1938 3237//1938 3127//1938 3238//1938
f 3232//1939 3318//1939 3238//1939 3124//1939
f 3124//1940 3238//1940 3319//1940 3234//1940
f 3238//1941 3127//1941 3239//1941 3319//1941
f 3319//1942 3239//1942 3125//1942 3240//1942
f 3234//1943 3319//1943 3240//1943 3122//1943
f 3126//1944 3241//1944 3320//1944 3237//1944
f 3241//1945 3129//1945 3242//1945 3320//1945
f 3320//1946 3242//1946 3130//1946 3243//1946
f 3237//1947 3320//1947 3243//1947 3127//1947
f 3127//1948 3243//1948 3321//1948 3239//1948
f 3243//1949 3130//1949 3244//1949 3321//1949
f 3321//1950 3244//1950 3128//1950 3245//1950
f 3239//1951 3321//1951 3245//1951 3125//1951
f 3129//1952 3246//1952 3322//1952 3242//1952
f 3246//1953 3132//1953 3247//1953 3322//1953
f 3322//1954 3247//1954 3133//1954 3248//1954
f 3242//1955 3322//1955 3248//1955 3130//1955
f 3130//1956 3248//1956 3323//1956 3244//1956
f 3248//1957 3133//1957 3249//1957 3323//1957
f 3323//1958 3249//1958 3131//1958 3250//1958
f 3244//1959 3323//1959 3250//1959 3128//1959
f 3132//1960 3251//1960 3324//1960 3247//1960
f 3251//1961 3063//1961 3134//1961 3324//1961
f 3324//1962 3134//1962 3064//1962 3252//1962
f 3247//1963 3324//1963 3252//1963 3133//1963
f 3133//1964 3252//1964 3325//1964 3249//1964
f 3252//1965 3064//1965 3138//1965 3325//1965
f 3325//1966 3138//1966 3062//1966 3253//1966
f 3249//1967 3325//1967 3253//1967 3131//1967
f 3062//1968 3140//1968 3326//1968 3253//1968
f 3065//1969 3145//1969 3326//1969 3140//1969
f 3068//1970 3150//1970 3326//1970 3145//1970
f 3071//1971 3155//1971 3326//1971 3150//1971
f 3074//1972 3160//1972 3326//1972 3155//1972
f 3077//1973 3165//1973 3326//1973 3160//1973
f 3080//1974 3170//1974 3326//1974 3165//1974
f 3083//1975 3175//1975 3326//1975 3170//1975
f 3086//1976 3180//1976 3326//1976 3175//1976
f 3089//1977 3185//1977 3326//1977 3180//1977
f 3092//1978 3190//1978 3326//1978 3185//1978
f 3095//1979 3195//1979 3326//1979 3190//1979
f 3098//1980 3200//1980 3326//1980 3195//1980
f 3101//1981 3205//1981 3326//1981 3200//1981
f 3104//1982 3210//1982 3326//1982 3205//1982
f 3107//1983 3215//1983 3326//1983 3210//1983
f 3110//1984 3220//1984 3326//1984 3215//1984
f 3113//1985 3225//1985 3326//1985 3220//1985
f 3116//1986 3230//1986 3326//1986 3225//1986
f 3119//1987 3235//1987 3326//1987 3230//1987
f 3122//1988 3240//1988 3326//1988 3235//1988
f 3125//1989 3245//1989 3326//1989 3240//1989
f 3128//1990 3250//1990 3326//1990 3245//1990
f 3131//1991 3253//1991 3326//1991 3250//1991
f 3063//1992 3254//1992 3327//1992 3135//1992
f 3061//1993 3255//1993 3327//1993 3254//1993
f 3066//1994 3135//1994 3327//1994 3255//1994
f 3132//1995 3256//1995 3328//1995 3251//1995
f 3061//1996 3254//1996 3328//1996 3256//1996
f 3063//1997 3251//1997 3328//1997 3254//1997
f 3066//1998 3255//1998 3329//1998 3141//1998
f 3061//1999 3257//1999 3329//1999 3255//1999
f 3069//2000 3141//2000 3329//2000 3257//2000
f 3069//2001 3257//2001 3330//2001 3146//2001
f 3061//2002 3258//2002 3330//2002 3257//2002
f 3072//2003 3146//2003 3330//2003 3258//2003
f 3072//2004 3258//2004 3331//2004 3151//2004
f 3061//2005 3259//2005 3331//2005 3258//2005
f 3075//2006 3151//2006 3331//2006 3259//2006
f 3075//2007 3259//2007 3332//2007 3156//2007
f 3061//2008 3260//2008 3332//2008 3259//2008
f 3078//2009 3156//2009 3332//2009 3260//2009
f 3078//2010 3260//2010 3333//2010 3161//2010
f 3061//2011 3261//2011 3333//2011 3260//2011
f 3081//2012 3161//2012 3333//2012 3261//2012
f 3081//2013 3261//2013 3334//2013 3166//2013
f 3061//2014 3262//2014 3334//2014 3261//2014
f 3084//2015 3166//2015 3334//2015 3262//2015
f 3084//2016 3262//2016 3335//2016 3171//2016
f 3061//2017 3263//2017 3335//2017 3262//2017
f 3087//2018 3171//2018 3335//2018 3263//2018
f 3087//2019 3263//2019 3336//2019 3176//2019
f 3061//2020 3264//2020 3336//2020 3263//2020
f 3090//2021 3176//2021 3336//2021 3264//2021
f 3090//2022 3264//2022 3337//2022 3181//2022
f 3061//2023 3265//2023 3337//2023 3264//2023
f 3093//2024 3181//2024 3337//2024 3265//2024
f 3093//2025 3265//2025 3338//2025 3186//2025
f 3061//2026 3266//2026 3338//2026 3265//2026
f 3096//2027 3186//2027 3338//2027 3266//2027
f 3096//2028 3266//2028 3339//2028 3191//2028
f 3061//2029 3267//2029 3339//2029 3266//2029
f 3099//2030 3191//2030 3339//2030 3267//2030
f 3099//2031 3267//2031 3340//2031 3196//2031
f 3061//2032 3268//2032 3340//2032 3267//2032
f 3102//2033 3196//2033 3340//2033 3268//2033
f 3102//2034 3268//2034 3341//2034 3201//2034
f 3061//2035 3269//2035 3341//2035 3268//2035
f 3105//2036 3201//2036 3341//2036 3269//2036
f 3105//2037 3269//2037 3342//2037 3206//2037
f 3061//2038 3270//2038 3342//2038 3269//2038
f 3108//2039 3206//2039 3342//2039 3270//2039
f 3108//2040 3270//2040 3343//2040 3211//2040
f 3061//2041 3271//2041 3343//2041 3270//2041
f 3111//2042 3211//2042 3343//2042 3271//2042
f 3111//2043 3271//2043 3344//2043 3216//2043
f 3061//2044 3272//2044 3344//2044 3271//2044
f 3114//2045 3216//2045 3344//2045 3272//2045
f 3114//2046 3272//2046 3345//2046 3221//2046
f 3061//2047 3273//2047 3345//2047 3272//2047
f 3117//2048 3221//2048 3345//2048 3273//2048
f 3117//2049 3273//2049 3346//2049 3226//2049
f 3061//2050 3274//2050 3346//2050 3273//2050
f 3120//2051 3226//2051 3346//2051 3274//2051
f 3120//2052 3274//2052 3347//2052 3231//2052
f 3061//2053 3275//2053 3347//2053 3274//2053
f 3123//2054 3231//2054 3347//2054 3275//2054
f 3123//2055 3275//2055 3348//2055 3236//2055
f 3061//2056 3276//2056 3348//2056 3275//2056
f 3126//2057 3236//2057 3348//2057 3276//2057
f 3126//2058 3276//2058 3349//2058 3241//2058
f 3061//2059 3277//2059 3349//2059 3276//2059
f 3129//2060 3241//2060 3349//2060 3277//2060
f 3129//2061 3277//2061 3350//2061 3246//2061
f 3061//2062 3256//2062 3350//2062 3277//2062
f 3132//2063 3246//2063 3350//2063 3256//2063
o door
v -0.264000 2.150000 2.386400
v -0.264000 2.178000 2.390000
v -0.275000 2.178000 2.386400
v -0.264000 2.158201 2.388946
v -0.270351 2.161834 2.388479
v -0.271778 2.178000 2.388946
v -0.271778 2.158201 2.386400
v -0.264000 3.522000 2.390000
v -0.264000 3.550000 2.386400
v -0.275000 3.522000 2.386400
v -0.264000 3.541799 2.388946
v -0.270351 3.538166 2.388479
v -0.271778 3.541799 2.386400
v -0.271778 3.522000 2.388946
v -0.264000 2.150000 2.213600
v -0.275000 2.178000 2.213600
v -0.264000 2.178000 2.210000
v -0.271778 2.158201 2.213600
v -0.270351 2.161834 2.211521
v -0.271778 2.178000 2.211054
v -0.264000 2.158201 2.211054
v -0.264000 3.550000 2.213600
v -0.264000 3.522000 2.210000
v -0.275000 3.522000 2.213600
v -0.264000 3.541799 2.211054
v -0.270351 3.538166 2.211521
v -0.271778 3.522000 2.211054
v -0.271778 3.541799 2.213600
v 0.264000 2.150000 2.386400
v 0.275000 2.178000 2.386400
v 0.264000 2.178000 2.390000
v 0.271778 2.158201 2.386400
v 0.270351 2.161834 2.388479
v 0.271778 2.178000 2.388946
v 0.264000 2.158201 2.388946
v 0.264000 3.550000 2.386400
v 0.264000 3.522000 2.390000
v 0.275000 3.522000 2.386400
v 0.264000 3.541799 2.388946
v 0.270351 3.538166 2.388479
v 0.271778 3.522000 2.388946
v 0.271778 3.541799 2.386400
v 0.264000 2.150000 2.213600
v 0.264000 2.178000 2.210000
v 0.275000 2.178000 2.213600
v 0.264000 2.158201 2.211054
v 0.270351 2.161834 2.211521
v 0.271778 2.178000 2.211054
v 0.271778 2.158201 2.213600
v 0.264000 3.550000 2.213600
v 0.275000 3.522000 2.213600
v 0.264000 3.522000 2.210000
v 0.271778 3.541799 2.213600
v 0.270351 3.538166 2.211521
v 0.271778 3.522000 2.211054
v 0.264000 3.541799 2.211054
vn -0.2950 -0.3167 0.9015
vn -0.1188 -0.0467 0.9918
vn -0.6635 -0.0954 0.7421
vn -0.1188 0.0467 0.9918
vn -0.2950 0.3167 0.9015
vn -0.6635 0.0954 0.7421
vn -0.2950 -0.3167 -0.9015
vn -0.6635 -0.0954 -0.7421
vn -0.1188 -0.0467 -0.9918
vn -0.2950 0.3167 -0.9015
vn -0.1188 0.0467 -0.9918
vn -0.6635 0.0954 -0.7421
vn 0.2950 -0.3167 0.9015
vn 0.6635 -0.0954 0.7421
vn 0.1188 -0.0467 0.9918
vn 0.2950 0.3167 0.9015
vn 0.1188 0.0467 0.9918
vn 0.6635 0.0954 0.7421
vn 0.2950 -0.3167 -0.9015
vn 0.1188 -0.0467 -0.9918
vn 0.6635 -0.0954 -0.7421
vn 0.2950 0.3167 -0.9015
vn 0.6635 0.0954 -0.7421
vn 0.1188 0.0467 -0.9918
vn -0.7256 -0.6882 -0.0000
vn -0.9870 -0.1606 -0.0000
vn -0.1343 -0.0000 0.9909
vn -0.6200 -0.0000 0.7846
vn -0.7256 0.6882 -0.0000
vn -0.9870 0.1606 -0.0000
vn -0.1343 -0.0000 -0.9909
vn -0.6200 -0.0000 -0.7846
vn -0.0000 -0.2964 -0.9550
vn -0.0000 -0.0532 -0.9986
vn -0.0000 0.2964 -0.9550
vn -0.0000 0.0532 -0.9986
vn 0.6200 -0.0000 -0.7846
vn 0.1343 -0.0000 -0.9909
vn 0.7256 -0.6882 -0.0000
vn 0.9870 -0.1606 -0.0000
vn 0.7256 0.6882 -0.0000
vn 0.9870 0.1606 -0.0000
vn 0.1343 -0.0000 0.9909
vn 0.6200 -0.0000 0.7846
vn -0.0000 -0.2964 0.9550
vn -0.0000 -0.0532 0.9986
vn -0.0000 0.2964 0.9550
vn -0.0000 0.0532 0.9986
vn -0.0000 -1.0000 -0.0000
vn -1.0000 -0.0000 -0.0000
vn -0.0000 -0.0000 1.0000
vn -0.0000 1.0000 -0.0000
vn -0.0000 -0.0000 -1.0000
vn 1.0000 -0.0000 -0.0000
s 0
usemtl metal
f 3351//2064 3354//2064 3355//2064 3357//2064
f 3352//2065 3356//2065 3355//2065 3354//2065
f 3353//2066 3357//2066 3355//2066 3356//2066
f 3358//2067 3361//2067 3362//2067 3364//2067
f 3359//2068 3363//2068 3362//2068 3361//2068
f 3360//2069 3364//2069 3362//2069 3363//2069
f 3365//2070 3368//2070 3369//2070 3371//2070
f 3366//2071 3370//2071 3369//2071 3368//2071
f 3367//2072 3371//2072 3369//2072 3370//2072
f 3372//2073 3375//2073 3376//2073 3378//2073
f 3373//2074 3377//2074 3376//2074 3375//2074
f 3374//2075 3378//2075 3376//2075 3377//2075
f 3379//2076 3382//2076 3383//2076 3385//2076
f 3380//2077 3384//2077 3383//2077 3382//2077
f 3381//2078 3385//2078 3383//2078 3384//2078
f 3386//2079 3389//2079 3390//2079 3392//2079
f 3387//2080 3391//2080 3390//2080 3389//2080
f 3388//2081 3392//2081 3390//2081 3391//2081
f 3393//2082 3396//2082 3397//2082 3399//2082
f 3394//2083 3398//2083 3397//2083 3396//2083
f 3395//2084 3399//2084 3397//2084 3398//2084
f 3400//2085 3403//2085 3404//2085 3406//2085
f 3401//2086 3405//2086 3404//2086 3403//2086
f 3402//2087 3406//2087 3404//2087 3405//2087
f 3365//2088 3351//2088 3357//2088 3368//2088
f 3368//2089 3357//2089 3353//2089 3366//2089
f 3352//2090 3358//2090 3364//2090 3356//2090
f 3356//2091 3364//2091 3360//2091 3353//2091
f 3359//2092 3372//2092 3378//2092 3363//2092
f 3363//2093 3378//2093 3374//2093 3360//2093
f 3373//2094 3367//2094 3370//2094 3377//2094
f 3377//2095 3370//2095 3366//2095 3374//2095
f 3393//2096 3365//2096 3371//2096 3396//2096
f 3396//2097 3371//2097 3367//2097 3394//2097
f 3372//2098 3400//2098 3406//2098 3375//2098
f 3375//2099 3406//2099 3402//2099 3373//2099
f 3401//2100 3395//2100 3398//2100 3405//2100
f 3405//2101 3398//2101 3394//2101 3402//2101
f 3379//2102 3393//2102 3399//2102 3382//2102
f 3382//2103 3399//2103 3395//2103 3380//2103
f 3400//2104 3386//2104 3392//2104 3403//2104
f 3403//2105 3392//2105 3388//2105 3401//2105
f 3387//2106 3381//2106 3384//2106 3391//2106
f 3391//2107 3384//2107 3380//2107 3388//2107
f 3351//2108 3379//2108 3385//2108 3354//2108
f 3354//2109 3385//2109 3381//2109 3352//2109
f 3386//2110 3359//2110 3361//2110 3389//2110
f 3389//2111 3361//2111 3358//2111 3387//2111
f 3365//2112 3393//2112 3379//2112 3351//2112
f 3353//2113 3360//2113 3374//2113 3366//2113
f 3381//2114 3387//2114 3358//2114 3352//2114
f 3400//2115 3372//2115 3359//2115 3386//2115
f 3367//2116 3373//2116 3402//2116 3394//2116
f 3395//2117 3401//2117 3388//2117 3380//2117
