# Blender 5.1.2
# www.blender.org
o base
v 0.000000 0.001054 -2.387591
v 0.000000 0.047903 -2.960085
v -0.000000 0.005212 -2.922617
v -0.000000 0.238946 -2.387591
v 0.000000 0.192097 -2.960085
v -0.000000 0.234788 -2.922617
v 0.617954 0.001054 -2.306236
v 0.766126 0.047903 -2.859222
v 0.756429 0.005212 -2.823032
v 0.617954 0.238946 -2.306236
v 0.766126 0.192097 -2.859222
v 0.756429 0.234788 -2.823031
v 1.193796 0.001054 -2.067714
v 1.480042 0.047903 -2.563508
v 1.461309 0.005212 -2.531060
v 1.193796 0.238946 -2.067714
v 1.480042 0.192097 -2.563508
v 1.461309 0.234788 -2.531060
v 1.688282 0.001054 -1.688282
v 2.093096 0.047903 -2.093096
v 2.066602 0.005212 -2.066602
v 1.688282 0.238946 -1.688282
v 2.093096 0.192097 -2.093096
v 2.066602 0.234788 -2.066602
v 2.067714 0.001054 -1.193796
v 2.563508 0.047903 -1.480042
v 2.531060 0.005212 -1.461309
v 2.067714 0.238946 -1.193796
v 2.563508 0.192097 -1.480042
v 2.531060 0.234788 -1.461309
v 2.306236 0.001054 -0.617954
v 2.859222 0.047903 -0.766126
v 2.823031 0.005212 -0.756429
v 2.306236 0.238946 -0.617954
v 2.859222 0.192097 -0.766126
v 2.823032 0.234788 -0.756429
v 2.387591 0.001054 0.000000
v 2.960085 0.047903 0.000000
v 2.922617 0.005212 0.000000
v 2.387591 0.238946 -0.000000
v 2.960085 0.192097 0.000000
v 2.922617 0.234788 0.000000
v 2.306236 0.001054 0.617954
v 2.859222 0.047903 0.766126
v 2.823032 0.005212 0.756429
v 2.306236 0.238946 0.617954
v 2.859222 0.192097 0.766126
v 2.823031 0.234788 0.756429
v 2.067714 0.001054 1.193796
v 2.563508 0.047903 1.480042
v 2.531060 0.005212 1.461309
v 2.067714 0.238946 1.193796
v 2.563508 0.192097 1.480042
v 2.531060 0.234788 1.461309
v 1.688282 0.001054 1.688282
v 2.093096 0.047903 2.093096
v 2.066602 0.005212 2.066602
v 1.688282 0.238946 1.688282
v 2.093096 0.192097 2.093096
v 2.066602 0.234788 2.066602
v 1.193796 0.001054 2.067714
v 1.480042 0.047903 2.563508
v 1.461309 0.005212 2.531060
v 1.193796 0.238946 2.067714
v 1.480042 0.192097 2.563508
v 1.461309 0.234788 2.531060
v 0.617954 0.001054 2.306236
v 0.766126 0.047903 2.859222
v 0.756429 0.005212 2.823031
v 0.617954 0.238946 2.306236
v 0.766126 0.192097 2.859222
v 0.756429 0.234788 2.823032
v -0.000000 0.001054 2.387591
v 0.000000 0.047903 2.960085
v -0.000000 0.005212 2.922617
v 0.000000 0.238946 2.387591
v 0.000000 0.192097 2.960085
v -0.000000 0.234788 2.922617
v -0.617954 0.001054 2.306236
v -0.766126 0.047903 2.859222
v -0.756429 0.005212 2.823032
v -0.617954 0.238946 2.306236
v -0.766126 0.192097 2.859222
v -0.756429 0.234788 2.823031
v -1.193796 0.001054 2.067714
v -1.480042 0.047903 2.563508
v -1.461309 0.005212 2.531060
v -1.193796 0.238946 2.067714
v -1.480042 0.192097 2.563508
v -1.461309 0.234788 2.531060
v -1.688282 0.001054 1.688282
v -2.093096 0.047903 2.093096
v -2.066602 0.005212 2.066602
v -1.688282 0.238946 1.688282
v -2.093096 0.192097 2.093096
v -2.066602 0.234788 2.066602
v -2.067714 0.001054 1.193796
v -2.563508 0.047903 1.480042
v -2.531060 0.005212 1.461309
v -2.067714 0.238946 1.193796
v -2.563508 0.192097 1.480042
v -2.531060 0.234788 1.461309
v -2.306236 0.001054 0.617954
v -2.859222 0.047903 0.766126
v -2.823031 0.005212 0.756429
v -2.306236 0.238946 0.617954
v -2.859222 0.192097 0.766126
v -2.823032 0.234788 0.756429
v -2.387591 0.001054 -0.000000
v -2.960085 0.047903 0.000000
v -2.922617 0.005212 -0.000000
v -2.387591 0.238946 0.000000
v -2.960085 0.192097 0.000000
v -2.922617 0.234788 -0.000000
v -2.306236 0.001054 -0.617954
v -2.859222 0.047903 -0.766126
v -2.823032 0.005212 -0.756429
v -2.306236 0.238946 -0.617954
v -2.859222 0.192097 -0.766126
v -2.823031 0.234788 -0.756429
v -2.067714 0.001054 -1.193796
v -2.563508 0.047903 -1.480042
v -2.531060 0.005212 -1.461309
v -2.067714 0.238946 -1.193796
v -2.563508 0.192097 -1.480042
v -2.531060 0.234788 -1.461309
v -1.688282 0.001054 -1.688282
v -2.093096 0.047903 -2.093096
v -2.066602 0.005212 -2.066602
v -1.688282 0.238946 -1.688282
v -2.093096 0.192097 -2.093096
v -2.066602 0.234788 -2.066602
v -1.193796 0.001054 -2.067714
v -1.480042 0.047903 -2.563508
v -1.461309 0.005212 -2.531060
v -1.193796 0.238946 -2.067714
v -1.480042 0.192097 -2.563508
v -1.461309 0.234788 -2.531060
v -0.617954 0.001054 -2.306236
v -0.766126 0.047903 -2.859222
v -0.756429 0.005212 -2.823031
v -0.617954 0.238946 -2.306236
v -0.766126 0.192097 -2.859222
v -0.756429 0.234788 -2.823032
v -0.000000 0.013621 -2.946639
v 0.386364 0.047903 -2.934724
v 0.762646 0.013621 -2.846235
v 0.381473 0.005212 -2.897578
v 0.000000 0.002367 -2.814463
v 0.728437 0.002367 -2.718562
v 0.275906 0.000823 -2.095715
v 0.762646 0.226379 -2.846235
v 0.386364 0.192097 -2.934724
v -0.000000 0.226379 -2.946639
v 0.381473 0.234788 -2.897578
v 0.728437 0.237633 -2.718562
v -0.000000 0.237633 -2.814463
v 0.275906 0.239177 -2.095715
v 1.132761 0.047903 -2.734727
v 1.473320 0.013621 -2.551864
v 1.118423 0.005212 -2.700113
v 1.407232 0.002367 -2.437397
v 0.808916 0.000823 -1.952895
v 1.473320 0.226379 -2.551865
v 1.132761 0.192097 -2.734727
v 1.118423 0.234788 -2.700113
v 1.407231 0.237633 -2.437396
v 0.808916 0.239177 -1.952895
v 1.801963 0.047903 -2.348364
v 2.083589 0.013621 -2.083588
v 1.779155 0.005212 -2.318639
v 1.990126 0.002367 -1.990126
v 1.286799 0.000823 -1.676989
v 2.083589 0.226379 -2.083589
v 1.801963 0.192097 -2.348364
v 1.779155 0.234788 -2.318639
v 1.990126 0.237633 -1.990126
v 1.286799 0.239177 -1.676989
v 2.348364 0.047903 -1.801963
v 2.551864 0.013621 -1.473320
v 2.318639 0.005212 -1.779155
v 2.437396 0.002367 -1.407231
v 1.676989 0.000823 -1.286799
v 2.551864 0.226379 -1.473320
v 2.348364 0.192097 -1.801963
v 2.318639 0.234788 -1.779155
v 2.437396 0.237633 -1.407231
v 1.676989 0.239177 -1.286799
v 2.734728 0.047903 -1.132761
v 2.846235 0.013621 -0.762646
v 2.700113 0.005212 -1.118423
v 2.718562 0.002367 -0.728437
v 1.952895 0.000823 -0.808916
v 2.846235 0.226379 -0.762646
v 2.734727 0.192097 -1.132761
v 2.700113 0.234788 -1.118423
v 2.718563 0.237633 -0.728437
v 1.952895 0.239177 -0.808916
v 2.934724 0.047903 -0.386364
v 2.946639 0.013621 0.000000
v 2.897578 0.005212 -0.381473
v 2.814463 0.002367 0.000000
v 2.095715 0.000823 -0.275906
v 2.946639 0.226379 0.000000
v 2.934724 0.192097 -0.386364
v 2.897578 0.234788 -0.381473
v 2.814463 0.237633 -0.000000
v 2.095715 0.239177 -0.275906
v 2.934724 0.047903 0.386364
v 2.846235 0.013621 0.762646
v 2.897578 0.005212 0.381473
v 2.718562 0.002367 0.728437
v 2.095715 0.000823 0.275906
v 2.846235 0.226379 0.762646
v 2.934724 0.192097 0.386364
v 2.897578 0.234788 0.381473
v 2.718562 0.237633 0.728437
v 2.095715 0.239177 0.275906
v 2.734727 0.047903 1.132761
v 2.551864 0.013621 1.473320
v 2.700113 0.005212 1.118423
v 2.437397 0.002367 1.407232
v 1.952895 0.000823 0.808916
v 2.551865 0.226379 1.473320
v 2.734727 0.192097 1.132761
v 2.700113 0.234788 1.118423
v 2.437396 0.237633 1.407231
v 1.952895 0.239177 0.808916
v 2.348364 0.047903 1.801963
v 2.083588 0.013621 2.083589
v 2.318639 0.005212 1.779155
v 1.990126 0.002367 1.990126
v 1.676989 0.000823 1.286799
v 2.083589 0.226379 2.083589
v 2.348364 0.192097 1.801963
v 2.318639 0.234788 1.779155
v 1.990126 0.237633 1.990126
v 1.676989 0.239177 1.286799
v 1.801963 0.047903 2.348364
v 1.473320 0.013621 2.551864
v 1.779155 0.005212 2.318639
v 1.407231 0.002367 2.437396
v 1.286799 0.000823 1.676989
v 1.473320 0.226379 2.551864
v 1.801963 0.192097 2.348364
v 1.779155 0.234788 2.318639
v 1.407231 0.237633 2.437396
v 1.286799 0.239177 1.676989
v 1.132761 0.047903 2.734728
v 0.762646 0.013621 2.846235
v 1.118423 0.005212 2.700113
v 0.728437 0.002367 2.718562
v 0.808916 0.000823 1.952895
v 0.762646 0.226379 2.846235
v 1.132761 0.192097 2.734727
v 1.118423 0.234788 2.700113
v 0.728437 0.237633 2.718563
v 0.808916 0.239177 1.952895
v 0.386364 0.047903 2.934724
v -0.000000 0.013621 2.946639
v 0.381473 0.005212 2.897578
v -0.000000 0.002367 2.814463
v 0.275906 0.000823 2.095715
v -0.000000 0.226379 2.946639
v 0.386364 0.192097 2.934724
v 0.381473 0.234788 2.897578
v 0.000000 0.237633 2.814463
v 0.275906 0.239177 2.095715
v -0.386364 0.047903 2.934724
v -0.762646 0.013621 2.846235
v -0.381473 0.005212 2.897578
v -0.728437 0.002367 2.718562
v -0.275906 0.000823 2.095715
v -0.762646 0.226379 2.846235
v -0.386364 0.192097 2.934724
v -0.381473 0.234788 2.897578
v -0.728437 0.237633 2.718562
v -0.275906 0.239177 2.095715
v -1.132761 0.047903 2.734727
v -1.473320 0.013621 2.551864
v -1.118423 0.005212 2.700113
v -1.407232 0.002367 2.437397
v -0.808916 0.000823 1.952895
v -1.473320 0.226379 2.551865
v -1.132761 0.192097 2.734727
v -1.118423 0.234788 2.700113
v -1.407231 0.237633 2.437396
v -0.808916 0.239177 1.952895
v -1.801963 0.047903 2.348364
v -2.083589 0.013621 2.083588
v -1.779155 0.005212 2.318639
v -1.990126 0.002367 1.990126
v -1.286799 0.000823 1.676989
v -2.083589 0.226379 2.083589
v -1.801963 0.192097 2.348364
v -1.779155 0.234788 2.318639
v -1.990126 0.237633 1.990126
v -1.286799 0.239177 1.676989
v -2.348364 0.047903 1.801963
v -2.551864 0.013621 1.473320
v -2.318639 0.005212 1.779155
v -2.437396 0.002367 1.407231
v -1.676989 0.000823 1.286799
v -2.551864 0.226379 1.473320
v -2.348364 0.192097 1.801963
v -2.318639 0.234788 1.779155
v -2.437396 0.237633 1.407231
v -1.676989 0.239177 1.286799
v -2.734728 0.047903 1.132761
v -2.846235 0.013621 0.762646
v -2.700113 0.005212 1.118423
v -2.718562 0.002367 0.728437
v -1.952895 0.000823 0.808916
v -2.846235 0.226379 0.762646
v -2.734727 0.192097 1.132761
v -2.700113 0.234788 1.118423
v -2.718563 0.237633 0.728437
v -1.952895 0.239177 0.808916
v -2.934724 0.047903 0.386364
v -2.946639 0.013621 -0.000000
v -2.897578 0.005212 0.381473
v -2.814463 0.002367 -0.000000
v -2.095715 0.000823 0.275906
v -2.946639 0.226379 -0.000000
v -2.934724 0.192097 0.386364
v -2.897578 0.234788 0.381473
v -2.814463 0.237633 0.000000
v -2.095715 0.239177 0.275906
v -2.934724 0.047903 -0.386364
v -2.846235 0.013621 -0.762646
v -2.897578 0.005212 -0.381473
v -2.718562 0.002367 -0.728437
v -2.095715 0.000823 -0.275906
v -2.846235 0.226379 -0.762646
v -2.934724 0.192097 -0.386364
v -2.897578 0.234788 -0.381473
v -2.718562 0.237633 -0.728437
v -2.095715 0.239177 -0.275906
v -2.734727 0.047903 -1.132761
v -2.551864 0.013621 -1.473320
v -2.700113 0.005212 -1.118423
v -2.437397 0.002367 -1.407232
v -1.952895 0.000823 -0.808916
v -2.551865 0.226379 -1.473320
v -2.734727 0.192097 -1.132761
v -2.700113 0.234788 -1.118423
v -2.437396 0.237633 -1.407231
v -1.952895 0.239177 -0.808916
v -2.348364 0.047903 -1.801963
v -2.083588 0.013621 -2.083589
v -2.318639 0.005212 -1.779155
v -1.990126 0.002367 -1.990126
v -1.676989 0.000823 -1.286799
v -2.083589 0.226379 -2.083589
v -2.348364 0.192097 -1.801963
v -2.318639 0.234788 -1.779155
v -1.990126 0.237633 -1.990126
v -1.676989 0.239177 -1.286799
v -1.801963 0.047903 -2.348364
v -1.473320 0.013621 -2.551864
v -1.779155 0.005212 -2.318639
v -1.407231 0.002367 -2.437396
v -1.286799 0.000823 -1.676989
v -1.473320 0.226379 -2.551864
v -1.801963 0.192097 -2.348364
v -1.779155 0.234788 -2.318639
v -1.407231 0.237633 -2.437396
v -1.286799 0.239177 -1.676989
v -1.132761 0.047903 -2.734728
v -0.762646 0.013621 -2.846235
v -1.118423 0.005212 -2.700113
v -0.728437 0.002367 -2.718562
v -0.808916 0.000823 -1.952895
v -0.762646 0.226379 -2.846235
v -1.132761 0.192097 -2.734727
v -1.118423 0.234788 -2.700113
v -0.728437 0.237633 -2.718563
v -0.808916 0.239177 -1.952895
v -0.386364 0.047903 -2.934724
v -0.381473 0.005212 -2.897578
v -0.275906 0.000823 -2.095715
v -0.386364 0.192097 -2.934724
v -0.381473 0.234788 -2.897578
v -0.275906 0.239177 -2.095715
v 0.000000 0.120000 -2.964466
v 0.767260 0.120000 -2.863454
v -0.767260 0.120000 -2.863454
v 1.482233 0.120000 -2.567302
v 2.096194 0.120000 -2.096194
v 2.567302 0.120000 -1.482233
v 2.863454 0.120000 -0.767260
v 2.964466 0.120000 0.000000
v 2.863454 0.120000 0.767260
v 2.567302 0.120000 1.482233
v 2.096194 0.120000 2.096194
v 1.482233 0.120000 2.567302
v 0.767260 0.120000 2.863454
v -0.000000 0.120000 2.964466
v -0.767260 0.120000 2.863454
v -1.482233 0.120000 2.567302
v -2.096194 0.120000 2.096194
v -2.567302 0.120000 1.482233
v -2.863454 0.120000 0.767260
v -2.964466 0.120000 -0.000000
v -2.863454 0.120000 -0.767260
v -2.567302 0.120000 -1.482233
v -2.096194 0.120000 -2.096194
v -1.482233 0.120000 -2.567302
v 0.384609 0.013621 -2.921394
v 0.364477 0.002344 -2.768474
v 0.384609 0.226379 -2.921394
v 0.364477 0.237656 -2.768475
v 1.127616 0.013621 -2.722306
v 1.068591 0.002344 -2.579808
v 1.127616 0.226379 -2.722306
v 1.068591 0.237656 -2.579808
v 1.793778 0.013621 -2.337697
v 1.699883 0.002344 -2.215331
v 1.793778 0.226379 -2.337697
v 1.699883 0.237656 -2.215331
v 2.337697 0.013621 -1.793778
v 2.215331 0.002344 -1.699883
v 2.337697 0.226379 -1.793778
v 2.215331 0.237656 -1.699883
v 2.722306 0.013621 -1.127616
v 2.579808 0.002344 -1.068591
v 2.722306 0.226379 -1.127616
v 2.579808 0.237656 -1.068591
v 2.921394 0.013621 -0.384609
v 2.768475 0.002344 -0.364477
v 2.921394 0.226379 -0.384609
v 2.768474 0.237656 -0.364477
v 2.921394 0.013621 0.384609
v 2.768474 0.002344 0.364477
v 2.921394 0.226379 0.384609
v 2.768475 0.237656 0.364477
v 2.722306 0.013621 1.127616
v 2.579808 0.002344 1.068591
v 2.722306 0.226379 1.127616
v 2.579808 0.237656 1.068591
v 2.337697 0.013621 1.793778
v 2.215331 0.002344 1.699883
v 2.337697 0.226379 1.793778
v 2.215331 0.237656 1.699883
v 1.793778 0.013621 2.337697
v 1.699883 0.002344 2.215331
v 1.793778 0.226379 2.337697
v 1.699883 0.237656 2.215331
v 1.127616 0.013621 2.722306
v 1.068591 0.002344 2.579808
v 1.127616 0.226379 2.722306
v 1.068591 0.237656 2.579808
v 0.384609 0.013621 2.921394
v 0.364477 0.002344 2.768475
v 0.384609 0.226379 2.921394
v 0.364477 0.237656 2.768474
v -0.384609 0.013621 2.921394
v -0.364477 0.002344 2.768474
v -0.384609 0.226379 2.921394
v -0.364477 0.237656 2.768475
v -1.127616 0.013621 2.722306
v -1.068591 0.002344 2.579808
v -1.127616 0.226379 2.722306
v -1.068591 0.237656 2.579808
v -1.793778 0.013621 2.337697
v -1.699883 0.002344 2.215331
v -1.793778 0.226379 2.337697
v -1.699883 0.237656 2.215331
v -2.337697 0.013621 1.793778
v -2.215331 0.002344 1.699883
v -2.337697 0.226379 1.793778
v -2.215331 0.237656 1.699883
v -2.722306 0.013621 1.127616
v -2.579808 0.002344 1.068591
v -2.722306 0.226379 1.127616
v -2.579808 0.237656 1.068591
v -2.921394 0.013621 0.384609
v -2.768475 0.002344 0.364477
v -2.921394 0.226379 0.384609
v -2.768474 0.237656 0.364477
v -2.921394 0.013621 -0.384609
v -2.768474 0.002344 -0.364477
v -2.921394 0.226379 -0.384609
v -2.768475 0.237656 -0.364477
v -2.722306 0.013621 -1.127616
v -2.579808 0.002344 -1.068591
v -2.722306 0.226379 -1.127616
v -2.579808 0.237656 -1.068591
v -2.337697 0.013621 -1.793778
v -2.215331 0.002344 -1.699883
v -2.337697 0.226379 -1.793778
v -2.215331 0.237656 -1.699883
v -1.793778 0.013621 -2.337697
v -1.699883 0.002344 -2.215331
v -1.793778 0.226379 -2.337697
v -1.699883 0.237656 -2.215331
v -1.127616 0.013621 -2.722306
v -1.068591 0.002344 -2.579808
v -1.127616 0.226379 -2.722306
v -1.068591 0.237656 -2.579808
v -0.384609 0.013621 -2.921394
v -0.364477 0.002344 -2.768475
v -0.384609 0.226379 -2.921394
v -0.364477 0.237656 -2.768474
v 0.000000 0.000105 0.000000
v 0.386936 0.120000 -2.939068
v -0.386936 0.120000 -2.939067
v 0.000000 0.239895 -0.000000
v 1.134438 0.120000 -2.738775
v 1.804630 0.120000 -2.351839
v 2.351840 0.120000 -1.804630
v 2.738775 0.120000 -1.134438
v 2.939068 0.120000 -0.386936
v 2.939068 0.120000 0.386936
v 2.738775 0.120000 1.134438
v 2.351839 0.120000 1.804630
v 1.804630 0.120000 2.351840
v 1.134438 0.120000 2.738775
v 0.386936 0.120000 2.939068
v -0.386936 0.120000 2.939068
v -1.134438 0.120000 2.738775
v -1.804630 0.120000 2.351839
v -2.351840 0.120000 1.804630
v -2.738775 0.120000 1.134438
v -2.939068 0.120000 0.386936
v -2.939068 0.120000 -0.386936
v -2.738775 0.120000 -1.134438
v -2.351839 0.120000 -1.804630
v -1.804630 0.120000 -2.351840
v -1.134438 0.120000 -2.738775
vn 0.0654 -0.0469 -0.9968
vn 0.1948 -0.0469 -0.9797
vn 0.1845 -0.3236 -0.9280
vn 0.0620 -0.3237 -0.9441
vn 0.0184 -0.9805 -0.1954
vn 0.0329 -0.9805 -0.1935
vn -0.0020 -0.9998 -0.0221
vn 0.0077 -0.9998 -0.0208
vn 0.1948 0.0469 -0.9797
vn 0.0654 0.0469 -0.9968
vn 0.0620 0.3237 -0.9441
vn 0.1845 0.3237 -0.9280
vn 0.0329 0.9805 -0.1935
vn 0.0184 0.9805 -0.1954
vn 0.0077 0.9998 -0.0208
vn -0.0020 0.9998 -0.0221
vn 0.3212 -0.0469 -0.9459
vn 0.4417 -0.0469 -0.8959
vn 0.4184 -0.3236 -0.8486
vn 0.3042 -0.3236 -0.8959
vn 0.0683 -0.9805 -0.1840
vn 0.0818 -0.9805 -0.1784
vn 0.0038 -0.9998 -0.0219
vn 0.0128 -0.9998 -0.0181
vn 0.4417 0.0469 -0.8959
vn 0.3212 0.0469 -0.9459
vn 0.3042 0.3236 -0.8959
vn 0.4184 0.3237 -0.8486
vn 0.0818 0.9805 -0.1784
vn 0.0683 0.9805 -0.1840
vn 0.0128 0.9998 -0.0181
vn 0.0038 0.9998 -0.0219
vn 0.5550 -0.0469 -0.8305
vn 0.6585 -0.0469 -0.7511
vn 0.6238 -0.3237 -0.7114
vn 0.5257 -0.3237 -0.7867
vn 0.1136 -0.9805 -0.1601
vn 0.1252 -0.9805 -0.1512
vn 0.0093 -0.9998 -0.0202
vn 0.0171 -0.9998 -0.0142
vn 0.6585 0.0469 -0.7511
vn 0.5550 0.0469 -0.8305
vn 0.5257 0.3237 -0.7867
vn 0.6238 0.3236 -0.7114
vn 0.1252 0.9805 -0.1512
vn 0.1136 0.9805 -0.1601
vn 0.0171 0.9998 -0.0142
vn 0.0093 0.9998 -0.0202
vn 0.7511 -0.0469 -0.6585
vn 0.8305 -0.0469 -0.5550
vn 0.7867 -0.3236 -0.5257
vn 0.7114 -0.3236 -0.6238
vn 0.1512 -0.9805 -0.1252
vn 0.1601 -0.9805 -0.1136
vn 0.0142 -0.9998 -0.0171
vn 0.0202 -0.9998 -0.0093
vn 0.8305 0.0469 -0.5550
vn 0.7511 0.0469 -0.6585
vn 0.7114 0.3237 -0.6238
vn 0.7867 0.3236 -0.5257
vn 0.1601 0.9805 -0.1136
vn 0.1512 0.9805 -0.1252
vn 0.0202 0.9998 -0.0093
vn 0.0142 0.9998 -0.0171
vn 0.8959 -0.0469 -0.4417
vn 0.9459 -0.0469 -0.3212
vn 0.8959 -0.3237 -0.3042
vn 0.8486 -0.3237 -0.4184
vn 0.1784 -0.9805 -0.0818
vn 0.1840 -0.9805 -0.0683
vn 0.0181 -0.9998 -0.0128
vn 0.0219 -0.9998 -0.0038
vn 0.9459 0.0469 -0.3212
vn 0.8959 0.0469 -0.4417
vn 0.8486 0.3236 -0.4184
vn 0.8959 0.3236 -0.3042
vn 0.1840 0.9805 -0.0683
vn 0.1784 0.9805 -0.0818
vn 0.0219 0.9998 -0.0038
vn 0.0181 0.9998 -0.0128
vn 0.9797 -0.0469 -0.1948
vn 0.9968 -0.0469 -0.0654
vn 0.9441 -0.3237 -0.0620
vn 0.9280 -0.3237 -0.1845
vn 0.1935 -0.9805 -0.0329
vn 0.1954 -0.9805 -0.0184
vn 0.0208 -0.9998 -0.0077
vn 0.0221 -0.9998 0.0020
vn 0.9968 0.0469 -0.0654
vn 0.9797 0.0469 -0.1948
vn 0.9280 0.3236 -0.1845
vn 0.9441 0.3237 -0.0620
vn 0.1954 0.9805 -0.0184
vn 0.1935 0.9805 -0.0329
vn 0.0221 0.9998 0.0020
vn 0.0208 0.9998 -0.0077
vn 0.9968 -0.0469 0.0654
vn 0.9797 -0.0469 0.1948
vn 0.9280 -0.3236 0.1845
vn 0.9441 -0.3237 0.0620
vn 0.1954 -0.9805 0.0184
vn 0.1935 -0.9805 0.0329
vn 0.0221 -0.9998 -0.0020
vn 0.0208 -0.9998 0.0077
vn 0.9797 0.0469 0.1948
vn 0.9968 0.0469 0.0654
vn 0.9441 0.3237 0.0620
vn 0.9280 0.3237 0.1845
vn 0.1935 0.9805 0.0329
vn 0.1954 0.9805 0.0184
vn 0.0208 0.9998 0.0077
vn 0.0221 0.9998 -0.0020
vn 0.9459 -0.0469 0.3212
vn 0.8959 -0.0469 0.4417
vn 0.8486 -0.3236 0.4184
vn 0.8959 -0.3236 0.3042
vn 0.1840 -0.9805 0.0683
vn 0.1784 -0.9805 0.0818
vn 0.0219 -0.9998 0.0038
vn 0.0181 -0.9998 0.0128
vn 0.8959 0.0469 0.4417
vn 0.9459 0.0469 0.3212
vn 0.8959 0.3237 0.3042
vn 0.8486 0.3237 0.4184
vn 0.1784 0.9805 0.0818
vn 0.1840 0.9805 0.0683
vn 0.0181 0.9998 0.0128
vn 0.0219 0.9998 0.0038
vn 0.8305 -0.0469 0.5550
vn 0.7511 -0.0469 0.6585
vn 0.7114 -0.3237 0.6238
vn 0.7867 -0.3237 0.5257
vn 0.1601 -0.9805 0.1136
vn 0.1512 -0.9805 0.1252
vn 0.0202 -0.9998 0.0093
vn 0.0142 -0.9998 0.0171
vn 0.7511 0.0469 0.6585
vn 0.8305 0.0469 0.5550
vn 0.7867 0.3237 0.5257
vn 0.7114 0.3236 0.6238
vn 0.1512 0.9805 0.1252
vn 0.1601 0.9805 0.1136
vn 0.0142 0.9998 0.0171
vn 0.0202 0.9998 0.0093
vn 0.6585 -0.0469 0.7511
vn 0.5550 -0.0469 0.8305
vn 0.5257 -0.3236 0.7867
vn 0.6238 -0.3237 0.7114
vn 0.1252 -0.9805 0.1512
vn 0.1136 -0.9805 0.1601
vn 0.0171 -0.9998 0.0142
vn 0.0093 -0.9998 0.0202
vn 0.5550 0.0469 0.8305
vn 0.6585 0.0469 0.7511
vn 0.6238 0.3237 0.7114
vn 0.5257 0.3236 0.7867
vn 0.1136 0.9805 0.1601
vn 0.1252 0.9805 0.1512
vn 0.0093 0.9998 0.0202
vn 0.0171 0.9998 0.0142
vn 0.4417 -0.0469 0.8959
vn 0.3212 -0.0469 0.9459
vn 0.3042 -0.3236 0.8959
vn 0.4184 -0.3236 0.8486
vn 0.0818 -0.9805 0.1784
vn 0.0683 -0.9805 0.1840
vn 0.0128 -0.9998 0.0181
vn 0.0038 -0.9998 0.0219
vn 0.3212 0.0469 0.9459
vn 0.4417 0.0469 0.8959
vn 0.4184 0.3236 0.8486
vn 0.3042 0.3236 0.8959
vn 0.0683 0.9805 0.1840
vn 0.0818 0.9805 0.1784
vn 0.0038 0.9998 0.0219
vn 0.0128 0.9998 0.0181
vn 0.1948 -0.0469 0.9797
vn 0.0654 -0.0469 0.9968
vn 0.0620 -0.3237 0.9441
vn 0.1845 -0.3237 0.9280
vn 0.0329 -0.9805 0.1935
vn 0.0184 -0.9805 0.1954
vn 0.0077 -0.9998 0.0208
vn -0.0020 -0.9998 0.0221
vn 0.0654 0.0469 0.9968
vn 0.1948 0.0469 0.9797
vn 0.1845 0.3236 0.9280
vn 0.0620 0.3237 0.9441
vn 0.0184 0.9805 0.1954
vn 0.0329 0.9805 0.1935
vn -0.0020 0.9998 0.0221
vn 0.0077 0.9998 0.0208
vn -0.0654 -0.0469 0.9968
vn -0.1948 -0.0469 0.9797
vn -0.1845 -0.3236 0.9280
vn -0.0620 -0.3237 0.9441
vn -0.0184 -0.9805 0.1954
vn -0.0329 -0.9805 0.1935
vn 0.0020 -0.9998 0.0221
vn -0.0077 -0.9998 0.0208
vn -0.1948 0.0469 0.9797
vn -0.0654 0.0469 0.9968
vn -0.0620 0.3237 0.9441
vn -0.1845 0.3237 0.9280
vn -0.0329 0.9805 0.1935
vn -0.0184 0.9805 0.1954
vn -0.0077 0.9998 0.0208
vn 0.0020 0.9998 0.0221
vn -0.3212 -0.0469 0.9459
vn -0.4417 -0.0469 0.8959
vn -0.4184 -0.3236 0.8486
vn -0.3042 -0.3236 0.8959
vn -0.0683 -0.9805 0.1840
vn -0.0818 -0.9805 0.1784
vn -0.0038 -0.9998 0.0219
vn -0.0128 -0.9998 0.0181
vn -0.4417 0.0469 0.8959
vn -0.3212 0.0469 0.9459
vn -0.3042 0.3236 0.8959
vn -0.4184 0.3237 0.8486
vn -0.0818 0.9805 0.1784
vn -0.0683 0.9805 0.1840
vn -0.0128 0.9998 0.0181
vn -0.0038 0.9998 0.0219
vn -0.5550 -0.0469 0.8305
vn -0.6585 -0.0469 0.7511
vn -0.6238 -0.3237 0.7114
vn -0.5257 -0.3237 0.7867
vn -0.1136 -0.9805 0.1601
vn -0.1252 -0.9805 0.1512
vn -0.0093 -0.9998 0.0202
vn -0.0171 -0.9998 0.0142
vn -0.6585 0.0469 0.7511
vn -0.5550 0.0469 0.8305
vn -0.5257 0.3237 0.7867
vn -0.6238 0.3236 0.7114
vn -0.1252 0.9805 0.1512
vn -0.1136 0.9805 0.1601
vn -0.0171 0.9998 0.0142
vn -0.0093 0.9998 0.0202
vn -0.7511 -0.0469 0.6585
vn -0.8305 -0.0469 0.5550
vn -0.7867 -0.3236 0.5257
vn -0.7114 -0.3236 0.6238
vn -0.1512 -0.9805 0.1252
vn -0.1601 -0.9805 0.1136
vn -0.0142 -0.9998 0.0171
vn -0.0202 -0.9998 0.0093
vn -0.8305 0.0469 0.5550
vn -0.7511 0.0469 0.6585
vn -0.7114 0.3237 0.6238
vn -0.7867 0.3236 0.5257
vn -0.1601 0.9805 0.1136
vn -0.1512 0.9805 0.1252
vn -0.0202 0.9998 0.0093
vn -0.0142 0.9998 0.0171
vn -0.8959 -0.0469 0.4417
vn -0.9459 -0.0469 0.3212
vn -0.8959 -0.3237 0.3042
vn -0.8486 -0.3237 0.4184
vn -0.1784 -0.9805 0.0818
vn -0.1840 -0.9805 0.0683
vn -0.0181 -0.9998 0.0128
vn -0.0219 -0.9998 0.0038
vn -0.9459 0.0469 0.3212
vn -0.8959 0.0469 0.4417
vn -0.8486 0.3236 0.4184
vn -0.8959 0.3236 0.3042
vn -0.1840 0.9805 0.0683
vn -0.1784 0.9805 0.0818
vn -0.0219 0.9998 0.0038
vn -0.0181 0.9998 0.0128
vn -0.9797 -0.0469 0.1948
vn -0.9968 -0.0469 0.0654
vn -0.9441 -0.3237 0.0620
vn -0.9280 -0.3237 0.1845
vn -0.1935 -0.9805 0.0329
vn -0.1954 -0.9805 0.0184
vn -0.0208 -0.9998 0.0077
vn -0.0221 -0.9998 -0.0020
vn -0.9968 0.0469 0.0654
vn -0.9797 0.0469 0.1948
vn -0.9280 0.3236 0.1845
vn -0.9441 0.3237 0.0620
vn -0.1954 0.9805 0.0184
vn -0.1935 0.9805 0.0329
vn -0.0221 0.9998 -0.0020
vn -0.0208 0.9998 0.0077
vn -0.9968 -0.0469 -0.0654
vn -0.9797 -0.0469 -0.1948
vn -0.9280 -0.3236 -0.1845
vn -0.9441 -0.3237 -0.0620
vn -0.1954 -0.9805 -0.0184
vn -0.1935 -0.9805 -0.0329
vn -0.0221 -0.9998 0.0020
vn -0.0208 -0.9998 -0.0077
vn -0.9797 0.0469 -0.1948
vn -0.9968 0.0469 -0.0654
vn -0.9441 0.3237 -0.0620
vn -0.9280 0.3237 -0.1845
vn -0.1935 0.9805 -0.0329
vn -0.1954 0.9805 -0.0184
vn -0.0208 0.9998 -0.0077
vn -0.0221 0.9998 0.0020
vn -0.9459 -0.0469 -0.3212
vn -0.8959 -0.0469 -0.4417
vn -0.8486 -0.3236 -0.4184
vn -0.8959 -0.3236 -0.3042
vn -0.1840 -0.9805 -0.0683
vn -0.1784 -0.9805 -0.0818
vn -0.0219 -0.9998 -0.0038
vn -0.0181 -0.9998 -0.0128
vn -0.8959 0.0469 -0.4417
vn -0.9459 0.0469 -0.3212
vn -0.8959 0.3237 -0.3042
vn -0.8486 0.3237 -0.4184
vn -0.1784 0.9805 -0.0818
vn -0.1840 0.9805 -0.0683
vn -0.0181 0.9998 -0.0128
vn -0.0219 0.9998 -0.0038
vn -0.8305 -0.0469 -0.5550
vn -0.7511 -0.0469 -0.6585
vn -0.7114 -0.3237 -0.6238
vn -0.7867 -0.3237 -0.5257
vn -0.1601 -0.9805 -0.1136
vn -0.1512 -0.9805 -0.1252
vn -0.0202 -0.9998 -0.0093
vn -0.0142 -0.9998 -0.0171
vn -0.7511 0.0469 -0.6585
vn -0.8305 0.0469 -0.5550
vn -0.7867 0.3237 -0.5257
vn -0.7114 0.3236 -0.6238
vn -0.1512 0.9805 -0.1252
vn -0.1601 0.9805 -0.1136
vn -0.0142 0.9998 -0.0171
vn -0.0202 0.9998 -0.0093
vn -0.6585 -0.0469 -0.7511
vn -0.5550 -0.0469 -0.8305
vn -0.5257 -0.3236 -0.7867
vn -0.6238 -0.3237 -0.7114
vn -0.1252 -0.9805 -0.1512
vn -0.1136 -0.9805 -0.1601
vn -0.0171 -0.9998 -0.0142
vn -0.0093 -0.9998 -0.0202
vn -0.5550 0.0469 -0.8305
vn -0.6585 0.0469 -0.7511
vn -0.6238 0.3237 -0.7114
vn -0.5257 0.3236 -0.7867
vn -0.1136 0.9805 -0.1601
vn -0.1252 0.9805 -0.1512
vn -0.0093 0.9998 -0.0202
vn -0.0171 0.9998 -0.0142
vn -0.4417 -0.0469 -0.8959
vn -0.3212 -0.0469 -0.9459
vn -0.3042 -0.3236 -0.8959
vn -0.4184 -0.3236 -0.8486
vn -0.0818 -0.9805 -0.1784
vn -0.0683 -0.9805 -0.1840
vn -0.0128 -0.9998 -0.0181
vn -0.0038 -0.9998 -0.0219
vn -0.3212 0.0469 -0.9459
vn -0.4417 0.0469 -0.8959
vn -0.4184 0.3236 -0.8486
vn -0.3042 0.3236 -0.8959
vn -0.0683 0.9805 -0.1840
vn -0.0818 0.9805 -0.1784
vn -0.0038 0.9998 -0.0219
vn -0.0128 0.9998 -0.0181
vn -0.1948 -0.0469 -0.9797
vn -0.0654 -0.0469 -0.9968
vn -0.0620 -0.3237 -0.9441
vn -0.1845 -0.3237 -0.9280
vn -0.0329 -0.9805 -0.1935
vn -0.0184 -0.9805 -0.1954
vn -0.0077 -0.9998 -0.0208
vn 0.0020 -0.9998 -0.0221
vn -0.0654 0.0469 -0.9968
vn -0.1948 0.0469 -0.9797
vn -0.1845 0.3236 -0.9280
vn -0.0620 0.3237 -0.9441
vn -0.0184 0.9805 -0.1954
vn -0.0329 0.9805 -0.1935
vn 0.0020 0.9998 -0.0221
vn -0.0077 0.9998 -0.0208
vn -0.0000 -1.0000 -0.0033
vn 0.0009 -1.0000 -0.0032
vn 0.0017 -1.0000 -0.0029
vn 0.0023 -1.0000 -0.0023
vn 0.0029 -1.0000 -0.0017
vn 0.0032 -1.0000 -0.0009
vn 0.0033 -1.0000 -0.0000
vn 0.0032 -1.0000 0.0009
vn 0.0029 -1.0000 0.0017
vn 0.0023 -1.0000 0.0023
vn 0.0017 -1.0000 0.0029
vn 0.0009 -1.0000 0.0032
vn -0.0000 -1.0000 0.0033
vn -0.0009 -1.0000 0.0032
vn -0.0017 -1.0000 0.0029
vn -0.0023 -1.0000 0.0023
vn -0.0029 -1.0000 0.0017
vn -0.0032 -1.0000 0.0009
vn -0.0033 -1.0000 -0.0000
vn -0.0032 -1.0000 -0.0009
vn -0.0029 -1.0000 -0.0017
vn -0.0023 -1.0000 -0.0023
vn -0.0017 -1.0000 -0.0029
vn -0.0009 -1.0000 -0.0032
vn 0.0655 -0.0073 -0.9978
vn 0.0655 0.0073 -0.9978
vn 0.1950 0.0073 -0.9808
vn 0.1950 -0.0073 -0.9808
vn -0.1950 -0.0073 -0.9808
vn -0.1950 0.0073 -0.9808
vn -0.0655 0.0073 -0.9978
vn -0.0655 -0.0073 -0.9978
vn 0.0009 1.0000 -0.0032
vn -0.0000 1.0000 -0.0033
vn -0.0009 1.0000 -0.0032
vn -0.0017 1.0000 -0.0029
vn -0.0023 1.0000 -0.0023
vn -0.0029 1.0000 -0.0017
vn -0.0032 1.0000 -0.0009
vn -0.0033 1.0000 -0.0000
vn -0.0032 1.0000 0.0009
vn -0.0029 1.0000 0.0017
vn -0.0023 1.0000 0.0023
vn -0.0017 1.0000 0.0029
vn -0.0009 1.0000 0.0032
vn -0.0000 1.0000 0.0033
vn 0.0009 1.0000 0.0032
vn 0.0017 1.0000 0.0029
vn 0.0023 1.0000 0.0023
vn 0.0029 1.0000 0.0017
vn 0.0032 1.0000 0.0009
vn 0.0033 1.0000 -0.0000
vn 0.0032 1.0000 -0.0009
vn 0.0029 1.0000 -0.0017
vn 0.0023 1.0000 -0.0023
vn 0.0017 1.0000 -0.0029
vn 0.3215 -0.0073 -0.9469
vn 0.3215 0.0073 -0.9469
vn 0.4422 0.0073 -0.8969
vn 0.4422 -0.0073 -0.8969
vn 0.5556 -0.0073 -0.8314
vn 0.5556 0.0073 -0.8314
vn 0.6593 0.0073 -0.7519
vn 0.6593 -0.0073 -0.7519
vn 0.7519 -0.0073 -0.6593
vn 0.7519 0.0073 -0.6593
vn 0.8314 0.0073 -0.5556
vn 0.8314 -0.0073 -0.5556
vn 0.8969 -0.0073 -0.4422
vn 0.8969 0.0073 -0.4422
vn 0.9469 0.0073 -0.3215
vn 0.9469 -0.0073 -0.3215
vn 0.9808 -0.0073 -0.1950
vn 0.9808 0.0073 -0.1950
vn 0.9978 0.0073 -0.0655
vn 0.9978 -0.0073 -0.0655
vn 0.9978 -0.0073 0.0655
vn 0.9978 0.0073 0.0655
vn 0.9808 0.0073 0.1950
vn 0.9808 -0.0073 0.1950
vn 0.9469 -0.0073 0.3215
vn 0.9469 0.0073 0.3215
vn 0.8969 0.0073 0.4422
vn 0.8969 -0.0073 0.4422
vn 0.8314 -0.0073 0.5556
vn 0.8314 0.0073 0.5556
vn 0.7519 0.0073 0.6593
vn 0.7519 -0.0073 0.6593
vn 0.6593 -0.0073 0.7519
vn 0.6593 0.0073 0.7519
vn 0.5556 0.0073 0.8314
vn 0.5556 -0.0073 0.8314
vn 0.4422 -0.0073 0.8969
vn 0.4422 0.0073 0.8969
vn 0.3215 0.0073 0.9469
vn 0.3215 -0.0073 0.9469
vn 0.1950 -0.0073 0.9808
vn 0.1950 0.0073 0.9808
vn 0.0655 0.0073 0.9978
vn 0.0655 -0.0073 0.9978
vn -0.0655 -0.0073 0.9978
vn -0.0655 0.0073 0.9978
vn -0.1950 0.0073 0.9808
vn -0.1950 -0.0073 0.9808
vn -0.3215 -0.0073 0.9469
vn -0.3215 0.0073 0.9469
vn -0.4422 0.0073 0.8969
vn -0.4422 -0.0073 0.8969
vn -0.5556 -0.0073 0.8314
vn -0.5556 0.0073 0.8314
vn -0.6593 0.0073 0.7519
vn -0.6593 -0.0073 0.7519
vn -0.7519 -0.0073 0.6593
vn -0.7519 0.0073 0.6593
vn -0.8314 0.0073 0.5556
vn -0.8314 -0.0073 0.5556
vn -0.8969 -0.0073 0.4422
vn -0.8969 0.0073 0.4422
vn -0.9469 0.0073 0.3215
vn -0.9469 -0.0073 0.3215
vn -0.9808 -0.0073 0.1950
vn -0.9808 0.0073 0.1950
vn -0.9978 0.0073 0.0655
vn -0.9978 -0.0073 0.0655
vn -0.9978 -0.0073 -0.0655
vn -0.9978 0.0073 -0.0655
vn -0.9808 0.0073 -0.1950
vn -0.9808 -0.0073 -0.1950
vn -0.9469 -0.0073 -0.3215
vn -0.9469 0.0073 -0.3215
vn -0.8969 0.0073 -0.4422
vn -0.8969 -0.0073 -0.4422
vn -0.8314 -0.0073 -0.5556
vn -0.8314 0.0073 -0.5556
vn -0.7519 0.0073 -0.6593
vn -0.7519 -0.0073 -0.6593
vn -0.6593 -0.0073 -0.7519
vn -0.6593 0.0073 -0.7519
vn -0.5556 0.0073 -0.8314
vn -0.5556 -0.0073 -0.8314
vn -0.4422 -0.0073 -0.8969
vn -0.4422 0.0073 -0.8969
vn -0.3215 0.0073 -0.9469
vn -0.3215 -0.0073 -0.9469
s 0
usemtl stone
f 2//1 146//1 409//1 145//1
f 146//2 8//2 147//2 409//2
f 409//3 147//3 9//3 148//3
f 145//4 409//4 148//4 3//4
f 3//5 148//5 410//5 149//5
f 148//6 9//6 150//6 410//6
f 410//7 150//7 7//7 151//7
f 149//8 410//8 151//8 1//8
f 11//9 153//9 411//9 152//9
f 153//10 5//10 154//10 411//10
f 411//11 154//11 6//11 155//11
f 152//12 411//12 155//12 12//12
f 12//13 155//13 412//13 156//13
f 155//14 6//14 157//14 412//14
f 412//15 157//15 4//15 158//15
f 156//16 412//16 158//16 10//16
f 8//17 159//17 413//17 147//17
f 159//18 14//18 160//18 413//18
f 413//19 160//19 15//19 161//19
f 147//20 413//20 161//20 9//20
f 9//21 161//21 414//21 150//21
f 161//22 15//22 162//22 414//22
f 414//23 162//23 13//23 163//23
f 150//24 414//24 163//24 7//24
f 17//25 165//25 415//25 164//25
f 165//26 11//26 152//26 415//26
f 415//27 152//27 12//27 166//27
f 164//28 415//28 166//28 18//28
f 18//29 166//29 416//29 167//29
f 166//30 12//30 156//30 416//30
f 416//31 156//31 10//31 168//31
f 167//32 416//32 168//32 16//32
f 14//33 169//33 417//33 160//33
f 169//34 20//34 170//34 417//34
f 417//35 170//35 21//35 171//35
f 160//36 417//36 171//36 15//36
f 15//37 171//37 418//37 162//37
f 171//38 21//38 172//38 418//38
f 418//39 172//39 19//39 173//39
f 162//40 418//40 173//40 13//40
f 23//41 175//41 419//41 174//41
f 175//42 17//42 164//42 419//42
f 419//43 164//43 18//43 176//43
f 174//44 419//44 176//44 24//44
f 24//45 176//45 420//45 177//45
f 176//46 18//46 167//46 420//46
f 420//47 167//47 16//47 178//47
f 177//48 420//48 178//48 22//48
f 20//49 179//49 421//49 170//49
f 179//50 26//50 180//50 421//50
f 421//51 180//51 27//51 181//51
f 170//52 421//52 181//52 21//52
f 21//53 181//53 422//53 172//53
f 181//54 27//54 182//54 422//54
f 422//55 182//55 25//55 183//55
f 172//56 422//56 183//56 19//56
f 29//57 185//57 423//57 184//57
f 185//58 23//58 174//58 423//58
f 423//59 174//59 24//59 186//59
f 184//60 423//60 186//60 30//60
f 30//61 186//61 424//61 187//61
f 186//62 24//62 177//62 424//62
f 424//63 177//63 22//63 188//63
f 187//64 424//64 188//64 28//64
f 26//65 189//65 425//65 180//65
f 189//66 32//66 190//66 425//66
f 425//67 190//67 33//67 191//67
f 180//68 425//68 191//68 27//68
f 27//69 191//69 426//69 182//69
f 191//70 33//70 192//70 426//70
f 426//71 192//71 31//71 193//71
f 182//72 426//72 193//72 25//72
f 35//73 195//73 427//73 194//73
f 195//74 29//74 184//74 427//74
f 427//75 184//75 30//75 196//75
f 194//76 427//76 196//76 36//76
f 36//77 196//77 428//77 197//77
f 196//78 30//78 187//78 428//78
f 428//79 187//79 28//79 198//79
f 197//80 428//80 198//80 34//80
f 32//81 199//81 429//81 190//81
f 199//82 38//82 200//82 429//82
f 429//83 200//83 39//83 201//83
f 190//84 429//84 201//84 33//84
f 33//85 201//85 430//85 192//85
f 201//86 39//86 202//86 430//86
f 430//87 202//87 37//87 203//87
f 192//88 430//88 203//88 31//88
f 41//89 205//89 431//89 204//89
f 205//90 35//90 194//90 431//90
f 431//91 194//91 36//91 206//91
f 204//92 431//92 206//92 42//92
f 42//93 206//93 432//93 207//93
f 206//94 36//94 197//94 432//94
f 432//95 197//95 34//95 208//95
f 207//96 432//96 208//96 40//96
f 38//97 209//97 433//97 200//97
f 209//98 44//98 210//98 433//98
f 433//99 210//99 45//99 211//99
f 200//100 433//100 211//100 39//100
f 39//101 211//101 434//101 202//101
f 211//102 45//102 212//102 434//102
f 434//103 212//103 43//103 213//103
f 202//104 434//104 213//104 37//104
f 47//105 215//105 435//105 214//105
f 215//106 41//106 204//106 435//106
f 435//107 204//107 42//107 216//107
f 214//108 435//108 216//108 48//108
f 48//109 216//109 436//109 217//109
f 216//110 42//110 207//110 436//110
f 436//111 207//111 40//111 218//111
f 217//112 436//112 218//112 46//112
f 44//113 219//113 437//113 210//113
f 219//114 50//114 220//114 437//114
f 437//115 220//115 51//115 221//115
f 210//116 437//116 221//116 45//116
f 45//117 221//117 438//117 212//117
f 221//118 51//118 222//118 438//118
f 438//119 222//119 49//119 223//119
f 212//120 438//120 223//120 43//120
f 53//121 225//121 439//121 224//121
f 225//122 47//122 214//122 439//122
f 439//123 214//123 48//123 226//123
f 224//124 439//124 226//124 54//124
f 54//125 226//125 440//125 227//125
f 226//126 48//126 217//126 440//126
f 440//127 217//127 46//127 228//127
f 227//128 440//128 228//128 52//128
f 50//129 229//129 441//129 220//129
f 229//130 56//130 230//130 441//130
f 441//131 230//131 57//131 231//131
f 220//132 441//132 231//132 51//132
f 51//133 231//133 442//133 222//133
f 231//134 57//134 232//134 442//134
f 442//135 232//135 55//135 233//135
f 222//136 442//136 233//136 49//136
f 59//137 235//137 443//137 234//137
f 235//138 53//138 224//138 443//138
f 443//139 224//139 54//139 236//139
f 234//140 443//140 236//140 60//140
f 60//141 236//141 444//141 237//141
f 236//142 54//142 227//142 444//142
f 444//143 227//143 52//143 238//143
f 237//144 444//144 238//144 58//144
f 56//145 239//145 445//145 230//145
f 239//146 62//146 240//146 445//146
f 445//147 240//147 63//147 241//147
f 230//148 445//148 241//148 57//148
f 57//149 241//149 446//149 232//149
f 241//150 63//150 242//150 446//150
f 446//151 242//151 61//151 243//151
f 232//152 446//152 243//152 55//152
f 65//153 245//153 447//153 244//153
f 245//154 59//154 234//154 447//154
f 447//155 234//155 60//155 246//155
f 244//156 447//156 246//156 66//156
f 66//157 246//157 448//157 247//157
f 246//158 60//158 237//158 448//158
f 448//159 237//159 58//159 248//159
f 247//160 448//160 248//160 64//160
f 62//161 249//161 449//161 240//161
f 249//162 68//162 250//162 449//162
f 449//163 250//163 69//163 251//163
f 240//164 449//164 251//164 63//164
f 63//165 251//165 450//165 242//165
f 251//166 69//166 252//166 450//166
f 450//167 252//167 67//167 253//167
f 242//168 450//168 253//168 61//168
f 71//169 255//169 451//169 254//169
f 255//170 65//170 244//170 451//170
f 451//171 244//171 66//171 256//171
f 254//172 451//172 256//172 72//172
f 72//173 256//173 452//173 257//173
f 256//174 66//174 247//174 452//174
f 452//175 247//175 64//175 258//175
f 257//176 452//176 258//176 70//176
f 68//177 259//177 453//177 250//177
f 259//178 74//178 260//178 453//178
f 453//179 260//179 75//179 261//179
f 250//180 453//180 261//180 69//180
f 69//181 261//181 454//181 252//181
f 261//182 75//182 262//182 454//182
f 454//183 262//183 73//183 263//183
f 252//184 454//184 263//184 67//184
f 77//185 265//185 455//185 264//185
f 265//186 71//186 254//186 455//186
f 455//187 254//187 72//187 266//187
f 264//188 455//188 266//188 78//188
f 78//189 266//189 456//189 267//189
f 266//190 72//190 257//190 456//190
f 456//191 257//191 70//191 268//191
f 267//192 456//192 268//192 76//192
f 74//193 269//193 457//193 260//193
f 269//194 80//194 270//194 457//194
f 457//195 270//195 81//195 271//195
f 260//196 457//196 271//196 75//196
f 75//197 271//197 458//197 262//197
f 271//198 81//198 272//198 458//198
f 458//199 272//199 79//199 273//199
f 262//200 458//200 273//200 73//200
f 83//201 275//201 459//201 274//201
f 275//202 77//202 264//202 459//202
f 459//203 264//203 78//203 276//203
f 274//204 459//204 276//204 84//204
f 84//205 276//205 460//205 277//205
f 276//206 78//206 267//206 460//206
f 460//207 267//207 76//207 278//207
f 277//208 460//208 278//208 82//208
f 80//209 279//209 461//209 270//209
f 279//210 86//210 280//210 461//210
f 461//211 280//211 87//211 281//211
f 270//212 461//212 281//212 81//212
f 81//213 281//213 462//213 272//213
f 281//214 87//214 282//214 462//214
f 462//215 282//215 85//215 283//215
f 272//216 462//216 283//216 79//216
f 89//217 285//217 463//217 284//217
f 285//218 83//218 274//218 463//218
f 463//219 274//219 84//219 286//219
f 284//220 463//220 286//220 90//220
f 90//221 286//221 464//221 287//221
f 286//222 84//222 277//222 464//222
f 464//223 277//223 82//223 288//223
f 287//224 464//224 288//224 88//224
f 86//225 289//225 465//225 280//225
f 289//226 92//226 290//226 465//226
f 465//227 290//227 93//227 291//227
f 280//228 465//228 291//228 87//228
f 87//229 291//229 466//229 282//229
f 291//230 93//230 292//230 466//230
f 466//231 292//231 91//231 293//231
f 282//232 466//232 293//232 85//232
f 95//233 295//233 467//233 294//233
f 295//234 89//234 284//234 467//234
f 467//235 284//235 90//235 296//235
f 294//236 467//236 296//236 96//236
f 96//237 296//237 468//237 297//237
f 296//238 90//238 287//238 468//238
f 468//239 287//239 88//239 298//239
f 297//240 468//240 298//240 94//240
f 92//241 299//241 469//241 290//241
f 299//242 98//242 300//242 469//242
f 469//243 300//243 99//243 301//243
f 290//244 469//244 301//244 93//244
f 93//245 301//245 470//245 292//245
f 301//246 99//246 302//246 470//246
f 470//247 302//247 97//247 303//247
f 292//248 470//248 303//248 91//248
f 101//249 305//249 471//249 304//249
f 305//250 95//250 294//250 471//250
f 471//251 294//251 96//251 306//251
f 304//252 471//252 306//252 102//252
f 102//253 306//253 472//253 307//253
f 306//254 96//254 297//254 472//254
f 472//255 297//255 94//255 308//255
f 307//256 472//256 308//256 100//256
f 98//257 309//257 473//257 300//257
f 309//258 104//258 310//258 473//258
f 473//259 310//259 105//259 311//259
f 300//260 473//260 311//260 99//260
f 99//261 311//261 474//261 302//261
f 311//262 105//262 312//262 474//262
f 474//263 312//263 103//263 313//263
f 302//264 474//264 313//264 97//264
f 107//265 315//265 475//265 314//265
f 315//266 101//266 304//266 475//266
f 475//267 304//267 102//267 316//267
f 314//268 475//268 316//268 108//268
f 108//269 316//269 476//269 317//269
f 316//270 102//270 307//270 476//270
f 476//271 307//271 100//271 318//271
f 317//272 476//272 318//272 106//272
f 104//273 319//273 477//273 310//273
f 319//274 110//274 320//274 477//274
f 477//275 320//275 111//275 321//275
f 310//276 477//276 321//276 105//276
f 105//277 321//277 478//277 312//277
f 321//278 111//278 322//278 478//278
f 478//279 322//279 109//279 323//279
f 312//280 478//280 323//280 103//280
f 113//281 325//281 479//281 324//281
f 325//282 107//282 314//282 479//282
f 479//283 314//283 108//283 326//283
f 324//284 479//284 326//284 114//284
f 114//285 326//285 480//285 327//285
f 326//286 108//286 317//286 480//286
f 480//287 317//287 106//287 328//287
f 327//288 480//288 328//288 112//288
f 110//289 329//289 481//289 320//289
f 329//290 116//290 330//290 481//290
f 481//291 330//291 117//291 331//291
f 320//292 481//292 331//292 111//292
f 111//293 331//293 482//293 322//293
f 331//294 117//294 332//294 482//294
f 482//295 332//295 115//295 333//295
f 322//296 482//296 333//296 109//296
f 119//297 335//297 483//297 334//297
f 335//298 113//298 324//298 483//298
f 483//299 324//299 114//299 336//299
f 334//300 483//300 336//300 120//300
f 120//301 336//301 484//301 337//301
f 336//302 114//302 327//302 484//302
f 484//303 327//303 112//303 338//303
f 337//304 484//304 338//304 118//304
f 116//305 339//305 485//305 330//305
f 339//306 122//306 340//306 485//306
f 485//307 340//307 123//307 341//307
f 330//308 485//308 341//308 117//308
f 117//309 341//309 486//309 332//309
f 341//310 123//310 342//310 486//310
f 486//311 342//311 121//311 343//311
f 332//312 486//312 343//312 115//312
f 125//313 345//313 487//313 344//313
f 345//314 119//314 334//314 487//314
f 487//315 334//315 120//315 346//315
f 344//316 487//316 346//316 126//316
f 126//317 346//317 488//317 347//317
f 346//318 120//318 337//318 488//318
f 488//319 337//319 118//319 348//319
f 347//320 488//320 348//320 124//320
f 122//321 349//321 489//321 340//321
f 349//322 128//322 350//322 489//322
f 489//323 350//323 129//323 351//323
f 340//324 489//324 351//324 123//324
f 123//325 351//325 490//325 342//325
f 351//326 129//326 352//326 490//326
f 490//327 352//327 127//327 353//327
f 342//328 490//328 353//328 121//328
f 131//329 355//329 491//329 354//329
f 355//330 125//330 344//330 491//330
f 491//331 344//331 126//331 356//331
f 354//332 491//332 356//332 132//332
f 132//333 356//333 492//333 357//333
f 356//334 126//334 347//334 492//334
f 492//335 347//335 124//335 358//335
f 357//336 492//336 358//336 130//336
f 128//337 359//337 493//337 350//337
f 359//338 134//338 360//338 493//338
f 493//339 360//339 135//339 361//339
f 350//340 493//340 361//340 129//340
f 129//341 361//341 494//341 352//341
f 361//342 135//342 362//342 494//342
f 494//343 362//343 133//343 363//343
f 352//344 494//344 363//344 127//344
f 137//345 365//345 495//345 364//345
f 365//346 131//346 354//346 495//346
f 495//347 354//347 132//347 366//347
f 364//348 495//348 366//348 138//348
f 138//349 366//349 496//349 367//349
f 366//350 132//350 357//350 496//350
f 496//351 357//351 130//351 368//351
f 367//352 496//352 368//352 136//352
f 134//353 369//353 497//353 360//353
f 369//354 140//354 370//354 497//354
f 497//355 370//355 141//355 371//355
f 360//356 497//356 371//356 135//356
f 135//357 371//357 498//357 362//357
f 371//358 141//358 372//358 498//358
f 498//359 372//359 139//359 373//359
f 362//360 498//360 373//360 133//360
f 143//361 375//361 499//361 374//361
f 375//362 137//362 364//362 499//362
f 499//363 364//363 138//363 376//363
f 374//364 499//364 376//364 144//364
f 144//365 376//365 500//365 377//365
f 376//366 138//366 367//366 500//366
f 500//367 367//367 136//367 378//367
f 377//368 500//368 378//368 142//368
f 140//369 379//369 501//369 370//369
f 379//370 2//370 145//370 501//370
f 501//371 145//371 3//371 380//371
f 370//372 501//372 380//372 141//372
f 141//373 380//373 502//373 372//373
f 380//374 3//374 149//374 502//374
f 502//375 149//375 1//375 381//375
f 372//376 502//376 381//376 139//376
f 5//377 382//377 503//377 154//377
f 382//378 143//378 374//378 503//378
f 503//379 374//379 144//379 383//379
f 154//380 503//380 383//380 6//380
f 6//381 383//381 504//381 157//381
f 383//382 144//382 377//382 504//382
f 504//383 377//383 142//383 384//383
f 157//384 504//384 384//384 4//384
f 1//385 151//385 505//385 381//385
f 7//386 163//386 505//386 151//386
f 13//387 173//387 505//387 163//387
f 19//388 183//388 505//388 173//388
f 25//389 193//389 505//389 183//389
f 31//390 203//390 505//390 193//390
f 37//391 213//391 505//391 203//391
f 43//392 223//392 505//392 213//392
f 49//393 233//393 505//393 223//393
f 55//394 243//394 505//394 233//394
f 61//395 253//395 505//395 243//395
f 67//396 263//396 505//396 253//396
f 73//397 273//397 505//397 263//397
f 79//398 283//398 505//398 273//398
f 85//399 293//399 505//399 283//399
f 91//400 303//400 505//400 293//400
f 97//401 313//401 505//401 303//401
f 103//402 323//402 505//402 313//402
f 109//403 333//403 505//403 323//403
f 115//404 343//404 505//404 333//404
f 121//405 353//405 505//405 343//405
f 127//406 363//406 505//406 353//406
f 133//407 373//407 505//407 363//407
f 139//408 381//408 505//408 373//408
f 2//409 385//409 506//409 146//409
f 385//410 5//410 153//410 506//410
f 506//411 153//411 11//411 386//411
f 146//412 506//412 386//412 8//412
f 140//413 387//413 507//413 379//413
f 387//414 143//414 382//414 507//414
f 507//415 382//415 5//415 385//415
f 379//416 507//416 385//416 2//416
f 10//417 158//417 508//417 168//417
f 4//418 384//418 508//418 158//418
f 142//419 378//419 508//419 384//419
f 136//420 368//420 508//420 378//420
f 130//421 358//421 508//421 368//421
f 124//422 348//422 508//422 358//422
f 118//423 338//423 508//423 348//423
f 112//424 328//424 508//424 338//424
f 106//425 318//425 508//425 328//425
f 100//426 308//426 508//426 318//426
f 94//427 298//427 508//427 308//427
f 88//428 288//428 508//428 298//428
f 82//429 278//429 508//429 288//429
f 76//430 268//430 508//430 278//430
f 70//431 258//431 508//431 268//431
f 64//432 248//432 508//432 258//432
f 58//433 238//433 508//433 248//433
f 52//434 228//434 508//434 238//434
f 46//435 218//435 508//435 228//435
f 40//436 208//436 508//436 218//436
f 34//437 198//437 508//437 208//437
f 28//438 188//438 508//438 198//438
f 22//439 178//439 508//439 188//439
f 16//440 168//440 508//440 178//440
f 8//441 386//441 509//441 159//441
f 386//442 11//442 165//442 509//442
f 509//443 165//443 17//443 388//443
f 159//444 509//444 388//444 14//444
f 14//445 388//445 510//445 169//445
f 388//446 17//446 175//446 510//446
f 510//447 175//447 23//447 389//447
f 169//448 510//448 389//448 20//448
f 20//449 389//449 511//449 179//449
f 389//450 23//450 185//450 511//450
f 511//451 185//451 29//451 390//451
f 179//452 511//452 390//452 26//452
f 26//453 390//453 512//453 189//453
f 390//454 29//454 195//454 512//454
f 512//455 195//455 35//455 391//455
f 189//456 512//456 391//456 32//456
f 32//457 391//457 513//457 199//457
f 391//458 35//458 205//458 513//458
f 513//459 205//459 41//459 392//459
f 199//460 513//460 392//460 38//460
f 38//461 392//461 514//461 209//461
f 392//462 41//462 215//462 514//462
f 514//463 215//463 47//463 393//463
f 209//464 514//464 393//464 44//464
f 44//465 393//465 515//465 219//465
f 393//466 47//466 225//466 515//466
f 515//467 225//467 53//467 394//467
f 219//468 515//468 394//468 50//468
f 50//469 394//469 516//469 229//469
f 394//470 53//470 235//470 516//470
f 516//471 235//471 59//471 395//471
f 229//472 516//472 395//472 56//472
f 56//473 395//473 517//473 239//473
f 395//474 59//474 245//474 517//474
f 517//475 245//475 65//475 396//475
f 239//476 517//476 396//476 62//476
f 62//477 396//477 518//477 249//477
f 396//478 65//478 255//478 518//478
f 518//479 255//479 71//479 397//479
f 249//480 518//480 397//480 68//480
f 68//481 397//481 519//481 259//481
f 397//482 71//482 265//482 519//482
f 519//483 265//483 77//483 398//483
f 259//484 519//484 398//484 74//484
f 74//485 398//485 520//485 269//485
f 398//486 77//486 275//486 520//486
f 520//487 275//487 83//487 399//487
f 269//488 520//488 399//488 80//488
f 80//489 399//489 521//489 279//489
f 399//490 83//490 285//490 521//490
f 521//491 285//491 89//491 400//491
f 279//492 521//492 400//492 86//492
f 86//493 400//493 522//493 289//493
f 400//494 89//494 295//494 522//494
f 522//495 295//495 95//495 401//495
f 289//496 522//496 401//496 92//496
f 92//497 401//497 523//497 299//497
f 401//498 95//498 305//498 523//498
f 523//499 305//499 101//499 402//499
f 299//500 523//500 402//500 98//500
f 98//501 402//501 524//501 309//501
f 402//502 101//502 315//502 524//502
f 524//503 315//503 107//503 403//503
f 309//504 524//504 403//504 104//504
f 104//505 403//505 525//505 319//505
f 403//506 107//506 325//506 525//506
f 525//507 325//507 113//507 404//507
f 319//508 525//508 404//508 110//508
f 110//509 404//509 526//509 329//509
f 404//510 113//510 335//510 526//510
f 526//511 335//511 119//511 405//511
f 329//512 526//512 405//512 116//512
f 116//513 405//513 527//513 339//513
f 405//514 119//514 345//514 527//514
f 527//515 345//515 125//515 406//515
f 339//516 527//516 406//516 122//516
f 122//517 406//517 528//517 349//517
f 406//518 125//518 355//518 528//518
f 528//519 355//519 131//519 407//519
f 349//520 528//520 407//520 128//520
f 128//521 407//521 529//521 359//521
f 407//522 131//522 365//522 529//522
f 529//523 365//523 137//523 408//523
f 359//524 529//524 408//524 134//524
f 134//525 408//525 530//525 369//525
f 408//526 137//526 375//526 530//526
f 530//527 375//527 143//527 387//527
f 369//528 530//528 387//528 140//528
o tower
v 0.000000 0.240439 -1.951680
v -0.000000 0.563286 -2.214891
v 0.000000 0.242167 -2.365439
v 0.000000 2.159561 -1.125205
v 0.000000 1.836714 -1.555896
v -0.000000 2.157833 -1.374087
v 0.380754 0.240439 -1.914179
v 0.432104 0.563286 -2.172333
v 0.461474 0.242167 -2.319988
v 0.219517 2.159561 -1.103584
v 0.303540 1.836714 -1.526000
v 0.268071 2.157832 -1.347685
v 0.746876 0.240439 -1.803117
v 0.847602 0.563286 -2.046293
v 0.905215 0.242167 -2.185381
v 0.430597 2.159561 -1.039554
v 0.595416 1.836714 -1.437461
v 0.525841 2.157832 -1.269491
v 1.084295 0.240439 -1.622762
v 1.230528 0.563286 -1.841615
v 1.314168 0.242167 -1.966791
v 0.625130 2.159561 -0.935574
v 0.864410 1.836714 -1.293681
v 0.763402 2.157832 -1.142512
v 1.380046 0.240439 -1.380046
v 1.566165 0.563286 -1.566165
v 1.672618 0.242167 -1.672618
v 0.795640 2.159561 -0.795640
v 1.100185 1.836714 -1.100185
v 0.971627 2.157832 -0.971627
v 1.622763 0.240439 -1.084296
v 1.841615 0.563286 -1.230528
v 1.966791 0.242167 -1.314168
v 0.935574 2.159561 -0.625130
v 1.293681 1.836714 -0.864410
v 1.142512 2.157832 -0.763402
v 1.803117 0.240439 -0.746876
v 2.046293 0.563286 -0.847602
v 2.185381 0.242167 -0.905215
v 1.039554 2.159561 -0.430597
v 1.437461 1.836714 -0.595416
v 1.269491 2.157832 -0.525841
v 1.914179 0.240439 -0.380754
v 2.172333 0.563286 -0.432104
v 2.319988 0.242167 -0.461474
v 1.103584 2.159561 -0.219517
v 1.526000 1.836714 -0.303540
v 1.347685 2.157832 -0.268071
v 1.951680 0.240439 0.000000
v 2.214891 0.563286 0.000000
v 2.365439 0.242167 -0.000000
v 1.125205 2.159561 0.000000
v 1.555896 1.836714 0.000000
v 1.374087 2.157832 0.000000
v 1.914179 0.240439 0.380754
v 2.172333 0.563286 0.432104
v 2.319988 0.242167 0.461474
v 1.103584 2.159561 0.219517
v 1.526000 1.836714 0.303540
v 1.347685 2.157832 0.268071
v 1.803117 0.240439 0.746876
v 2.046293 0.563286 0.847602
v 2.185381 0.242167 0.905215
v 1.039554 2.159561 0.430597
v 1.437461 1.836714 0.595416
v 1.269491 2.157832 0.525841
v 1.622762 0.240439 1.084295
v 1.841615 0.563286 1.230528
v 1.966791 0.242167 1.314168
v 0.935574 2.159561 0.625130
v 1.293681 1.836714 0.864410
v 1.142512 2.157832 0.763402
v 1.380046 0.240439 1.380046
v 1.566165 0.563286 1.566165
v 1.672618 0.242167 1.672618
v 0.795640 2.159561 0.795640
v 1.100185 1.836714 1.100185
v 0.971627 2.157832 0.971627
v 1.084295 0.240439 1.622762
v 1.230528 0.563286 1.841615
v 1.314168 0.242167 1.966791
v 0.625130 2.159561 0.935574
v 0.864410 1.836714 1.293681
v 0.763402 2.157832 1.142512
v 0.746876 0.240439 1.803117
v 0.847602 0.563286 2.046293
v 0.905215 0.242167 2.185381
v 0.430597 2.159561 1.039554
v 0.595416 1.836714 1.437461
v 0.525841 2.157832 1.269491
v 0.380754 0.240439 1.914179
v 0.432104 0.563286 2.172333
v 0.461474 0.242167 2.319988
v 0.219517 2.159561 1.103584
v 0.303540 1.836714 1.526000
v 0.268071 2.157832 1.347685
v 0.000000 0.240439 1.951680
v -0.000000 0.563286 2.214891
v 0.000000 0.242167 2.365439
v -0.000000 2.159561 1.125205
v 0.000000 1.836714 1.555896
v -0.000000 2.157832 1.374087
v -0.380754 0.240439 1.914179
v -0.432104 0.563286 2.172333
v -0.461474 0.242167 2.319988
v -0.219517 2.159561 1.103584
v -0.303540 1.836714 1.526000
v -0.268071 2.157832 1.347685
v -0.746876 0.240439 1.803117
v -0.847602 0.563286 2.046293
v -0.905215 0.242167 2.185381
v -0.430597 2.159561 1.039554
v -0.595416 1.836714 1.437461
v -0.525841 2.157832 1.269491
v -1.084295 0.240439 1.622762
v -1.230528 0.563286 1.841615
v -1.314168 0.242167 1.966791
v -0.625130 2.159561 0.935574
v -0.864410 1.836714 1.293681
v -0.763402 2.157832 1.142512
v -1.380046 0.240439 1.380046
v -1.566165 0.563286 1.566165
v -1.672618 0.242167 1.672618
v -0.795640 2.159561 0.795640
v -1.100185 1.836714 1.100185
v -0.971627 2.157832 0.971627
v -1.622762 0.240439 1.084295
v -1.841615 0.563286 1.230528
v -1.966791 0.242167 1.314168
v -0.935574 2.159561 0.625130
v -1.293681 1.836714 0.864410
v -1.142512 2.157832 0.763402
v -1.803117 0.240439 0.746876
v -2.046293 0.563286 0.847602
v -2.185381 0.242167 0.905215
v -1.039554 2.159561 0.430597
v -1.437461 1.836714 0.595416
v -1.269491 2.157832 0.525841
v -1.914179 0.240439 0.380754
v -2.172333 0.563286 0.432104
v -2.319988 0.242167 0.461474
v -1.103584 2.159561 0.219517
v -1.526000 1.836714 0.303540
v -1.347685 2.157832 0.268071
v -1.951680 0.240439 0.000000
v -2.214891 0.563286 -0.000000
v -2.365439 0.242167 0.000000
v -1.125205 2.159561 -0.000000
v -1.555896 1.836714 0.000000
v -1.374087 2.157832 -0.000000
v -1.914179 0.240439 -0.380754
v -2.172333 0.563286 -0.432104
v -2.319988 0.242167 -0.461474
v -1.103584 2.159561 -0.219517
v -1.526000 1.836714 -0.303540
v -1.347685 2.157832 -0.268071
v -1.803117 0.240439 -0.746876
v -2.046293 0.563286 -0.847602
v -2.185381 0.242167 -0.905215
v -1.039554 2.159561 -0.430597
v -1.437461 1.836714 -0.595416
v -1.269491 2.157832 -0.525841
v -1.622762 0.240439 -1.084296
v -1.841615 0.563286 -1.230528
v -1.966791 0.242167 -1.314168
v -0.935574 2.159561 -0.625130
v -1.293681 1.836714 -0.864410
v -1.142512 2.157832 -0.763402
v -1.380046 0.240439 -1.380046
v -1.566165 0.563286 -1.566165
v -1.672618 0.242167 -1.672618
v -0.795640 2.159561 -0.795640
v -1.100185 1.836714 -1.100185
v -0.971627 2.157832 -0.971627
v -1.084295 0.240439 -1.622762
v -1.230528 0.563286 -1.841615
v -1.314168 0.242167 -1.966791
v -0.625130 2.159561 -0.935574
v -0.864410 1.836714 -1.293681
v -0.763402 2.157832 -1.142512
v -0.746876 0.240439 -1.803117
v -0.847602 0.563286 -2.046293
v -0.905215 0.242167 -2.185381
v -0.430597 2.159561 -1.039554
v -0.595416 1.836714 -1.437461
v -0.525841 2.157832 -1.269491
v -0.380754 0.240439 -1.914179
v -0.432104 0.563286 -2.172333
v -0.461474 0.242167 -2.319988
v -0.219517 2.159561 -1.103584
v -0.303540 1.836714 -1.526000
v -0.268071 2.157832 -1.347685
v 0.000000 0.283585 -2.354027
v 0.217096 0.563286 -2.204218
v 0.459248 0.283585 -2.308795
v 0.231853 0.242167 -2.354040
v 0.000000 0.240984 -2.290786
v 0.446910 0.240984 -2.246769
v 0.169516 0.240342 -1.721126
v 0.274208 2.116415 -1.378535
v 0.152504 1.836714 -1.548398
v 0.000000 2.116415 -1.405542
v 0.134684 2.157833 -1.367465
v 0.258395 2.159016 -1.299038
v -0.000000 2.159016 -1.324488
v 0.097689 2.159658 -0.991850
v 0.642947 0.563286 -2.119511
v 0.900847 0.283585 -2.174838
v 0.686648 0.242167 -2.263576
v 0.876646 0.240984 -2.116410
v 0.502034 0.240342 -1.654985
v 0.537878 2.116415 -1.298552
v 0.451651 1.836714 -1.488894
v 0.398875 2.157833 -1.314914
v 0.506860 2.159016 -1.223668
v 0.289312 2.159658 -0.953733
v 1.044089 0.563286 -1.953352
v 1.307827 0.283585 -1.957302
v 1.115056 0.242167 -2.086123
v 1.272692 0.240984 -1.904719
v 0.815259 0.240342 -1.525242
v 0.780877 2.116415 -1.168666
v 0.733442 1.836714 -1.372173
v 0.647738 2.157833 -1.211832
v 0.735846 2.159016 -1.101271
v 0.469817 2.159658 -0.878966
v 1.405107 0.563286 -1.712128
v 1.664549 0.283585 -1.664549
v 1.500613 0.242167 -1.828502
v 1.619830 0.240984 -1.619830
v 1.097154 0.240342 -1.336886
v 0.993869 2.116415 -0.993869
v 0.987046 1.836714 -1.202719
v 0.871708 2.157833 -1.062180
v 0.936554 2.159016 -0.936555
v 0.632267 2.159658 -0.770420
v 1.712128 0.563286 -1.405107
v 1.957302 0.283585 -1.307828
v 1.828502 0.242167 -1.500613
v 1.904719 0.240984 -1.272692
v 1.336886 0.240342 -1.097154
v 1.168666 2.116415 -0.780878
v 1.202719 1.836714 -0.987046
v 1.062180 2.157833 -0.871708
v 1.101271 2.159016 -0.735846
v 0.770420 2.159658 -0.632267
v 1.953352 0.563286 -1.044089
v 2.174838 0.283585 -0.900847
v 2.086123 0.242167 -1.115056
v 2.116410 0.240984 -0.876646
v 1.525243 0.240342 -0.815259
v 1.298552 2.116415 -0.537878
v 1.372172 1.836714 -0.733442
v 1.211832 2.157833 -0.647738
v 1.223667 2.159016 -0.506860
v 0.878966 2.159658 -0.469817
v 2.119511 0.563286 -0.642947
v 2.308795 0.283585 -0.459248
v 2.263575 0.242167 -0.686648
v 2.246769 0.240984 -0.446910
v 1.654985 0.240342 -0.502034
v 1.378535 2.116415 -0.274208
v 1.488894 1.836714 -0.451651
v 1.314914 2.157833 -0.398875
v 1.299038 2.159016 -0.258395
v 0.953733 2.159658 -0.289312
v 2.204218 0.563286 -0.217096
v 2.354027 0.283585 0.000000
v 2.354040 0.242167 -0.231853
v 2.290786 0.240984 -0.000000
v 1.721126 0.240342 -0.169516
v 1.405543 2.116415 -0.000000
v 1.548398 1.836714 -0.152504
v 1.367465 2.157833 -0.134684
v 1.324488 2.159016 -0.000000
v 0.991850 2.159658 -0.097689
v 2.204218 0.563286 0.217096
v 2.308795 0.283585 0.459248
v 2.354040 0.242167 0.231853
v 2.246769 0.240984 0.446910
v 1.721127 0.240342 0.169516
v 1.378535 2.116415 0.274208
v 1.548398 1.836714 0.152504
v 1.367465 2.157833 0.134684
v 1.299038 2.159016 0.258395
v 0.991850 2.159658 0.097689
v 2.119511 0.563286 0.642947
v 2.174838 0.283585 0.900847
v 2.263576 0.242167 0.686648
v 2.116410 0.240984 0.876646
v 1.654985 0.240342 0.502034
v 1.298552 2.116415 0.537878
v 1.488894 1.836714 0.451651
v 1.314914 2.157833 0.398875
v 1.223668 2.159016 0.506860
v 0.953734 2.159658 0.289312
v 1.953352 0.563286 1.044089
v 1.957302 0.283585 1.307827
v 2.086123 0.242167 1.115056
v 1.904719 0.240984 1.272692
v 1.525242 0.240342 0.815259
v 1.168666 2.116415 0.780877
v 1.372173 1.836714 0.733442
v 1.211832 2.157833 0.647738
v 1.101271 2.159016 0.735846
v 0.878966 2.159658 0.469817
v 1.712128 0.563286 1.405107
v 1.664549 0.283585 1.664549
v 1.828502 0.242167 1.500613
v 1.619830 0.240984 1.619830
v 1.336886 0.240342 1.097154
v 0.993869 2.116415 0.993869
v 1.202719 1.836714 0.987046
v 1.062180 2.157833 0.871708
v 0.936555 2.159016 0.936554
v 0.770420 2.159658 0.632267
v 1.405107 0.563286 1.712128
v 1.307828 0.283585 1.957302
v 1.500613 0.242167 1.828502
v 1.272692 0.240984 1.904719
v 1.097154 0.240342 1.336886
v 0.780878 2.116415 1.168666
v 0.987046 1.836714 1.202719
v 0.871708 2.157833 1.062180
v 0.735846 2.159016 1.101271
v 0.632267 2.159658 0.770420
v 1.044089 0.563286 1.953352
v 0.900847 0.283585 2.174838
v 1.115056 0.242167 2.086123
v 0.876646 0.240984 2.116410
v 0.815259 0.240342 1.525243
v 0.537878 2.116415 1.298552
v 0.733442 1.836714 1.372172
v 0.647738 2.157833 1.211832
v 0.506860 2.159016 1.223667
v 0.469817 2.159658 0.878966
v 0.642947 0.563286 2.119511
v 0.459248 0.283585 2.308795
v 0.686648 0.242167 2.263575
v 0.446910 0.240984 2.246769
v 0.502034 0.240342 1.654985
v 0.274208 2.116415 1.378535
v 0.451651 1.836714 1.488894
v 0.398875 2.157833 1.314914
v 0.258395 2.159016 1.299038
v 0.289312 2.159658 0.953734
v 0.217096 0.563286 2.204218
v -0.000000 0.283585 2.354027
v 0.231853 0.242167 2.354040
v 0.000000 0.240984 2.290786
v 0.169516 0.240342 1.721126
v 0.000000 2.116415 1.405543
v 0.152504 1.836714 1.548398
v 0.134684 2.157833 1.367465
v -0.000000 2.159016 1.324488
v 0.097689 2.159658 0.991850
v -0.217096 0.563286 2.204218
v -0.459248 0.283585 2.308795
v -0.231853 0.242167 2.354040
v -0.446910 0.240984 2.246769
v -0.169516 0.240342 1.721126
v -0.274208 2.116415 1.378535
v -0.152504 1.836714 1.548398
v -0.134684 2.157833 1.367465
v -0.258395 2.159016 1.299038
v -0.097689 2.159658 0.991850
v -0.642947 0.563286 2.119511
v -0.900847 0.283585 2.174838
v -0.686648 0.242167 2.263576
v -0.876646 0.240984 2.116410
v -0.502034 0.240342 1.654985
v -0.537878 2.116415 1.298552
v -0.451651 1.836714 1.488894
v -0.398875 2.157833 1.314914
v -0.506860 2.159016 1.223668
v -0.289312 2.159658 0.953733
v -1.044089 0.563286 1.953352
v -1.307827 0.283585 1.957302
v -1.115056 0.242167 2.086123
v -1.272692 0.240984 1.904719
v -0.815259 0.240342 1.525242
v -0.780877 2.116415 1.168666
v -0.733442 1.836714 1.372173
v -0.647738 2.157833 1.211832
v -0.735846 2.159016 1.101271
v -0.469817 2.159658 0.878966
v -1.405107 0.563286 1.712128
v -1.664549 0.283585 1.664549
v -1.500613 0.242167 1.828502
v -1.619830 0.240984 1.619830
v -1.097154 0.240342 1.336886
v -0.993869 2.116415 0.993869
v -0.987046 1.836714 1.202719
v -0.871708 2.157833 1.062180
v -0.936554 2.159016 0.936555
v -0.632267 2.159658 0.770420
v -1.712128 0.563286 1.405107
v -1.957302 0.283585 1.307828
v -1.828502 0.242167 1.500613
v -1.904719 0.240984 1.272692
v -1.336886 0.240342 1.097154
v -1.168666 2.116415 0.780878
v -1.202719 1.836714 0.987046
v -1.062180 2.157833 0.871708
v -1.101271 2.159016 0.735846
v -0.770420 2.159658 0.632267
v -1.953352 0.563286 1.044089
v -2.174838 0.283585 0.900847
v -2.086123 0.242167 1.115056
v -2.116410 0.240984 0.876646
v -1.525243 0.240342 0.815259
v -1.298552 2.116415 0.537878
v -1.372172 1.836714 0.733442
v -1.211832 2.157833 0.647738
v -1.223667 2.159016 0.506860
v -0.878966 2.159658 0.469817
v -2.119511 0.563286 0.642947
v -2.308795 0.283585 0.459248
v -2.263575 0.242167 0.686648
v -2.246769 0.240984 0.446910
v -1.654985 0.240342 0.502034
v -1.378535 2.116415 0.274208
v -1.488894 1.836714 0.451651
v -1.314914 2.157833 0.398875
v -1.299038 2.159016 0.258395
v -0.953733 2.159658 0.289312
v -2.204218 0.563286 0.217096
v -2.354027 0.283585 -0.000000
v -2.354040 0.242167 0.231853
v -2.290786 0.240984 0.000000
v -1.721126 0.240342 0.169516
v -1.405543 2.116415 0.000000
v -1.548398 1.836714 0.152504
v -1.367465 2.157833 0.134684
v -1.324488 2.159016 0.000000
v -0.991850 2.159658 0.097689
v -2.204218 0.563286 -0.217096
v -2.308795 0.283585 -0.459248
v -2.354040 0.242167 -0.231853
v -2.246769 0.240984 -0.446910
v -1.721126 0.240342 -0.169516
v -1.378535 2.116415 -0.274208
v -1.548398 1.836714 -0.152504
v -1.367465 2.157833 -0.134684
v -1.299038 2.159016 -0.258395
v -0.991850 2.159658 -0.097689
v -2.119511 0.563286 -0.642947
v -2.174838 0.283585 -0.900847
v -2.263576 0.242167 -0.686648
v -2.116410 0.240984 -0.876646
v -1.654985 0.240342 -0.502034
v -1.298552 2.116415 -0.537878
v -1.488894 1.836714 -0.451651
v -1.314914 2.157833 -0.398875
v -1.223668 2.159016 -0.506860
v -0.953733 2.159658 -0.289312
v -1.953352 0.563286 -1.044089
v -1.957302 0.283585 -1.307827
v -2.086123 0.242167 -1.115056
v -1.904719 0.240984 -1.272692
v -1.525242 0.240342 -0.815259
v -1.168666 2.116415 -0.780877
v -1.372173 1.836714 -0.733442
v -1.211832 2.157833 -0.647738
v -1.101271 2.159016 -0.735846
v -0.878966 2.159658 -0.469817
v -1.712128 0.563286 -1.405107
v -1.664549 0.283585 -1.664549
v -1.828502 0.242167 -1.500613
v -1.619830 0.240984 -1.619830
v -1.336886 0.240342 -1.097154
v -0.993869 2.116415 -0.993869
v -1.202719 1.836714 -0.987046
v -1.062180 2.157833 -0.871708
v -0.936555 2.159016 -0.936554
v -0.770420 2.159658 -0.632267
v -1.405107 0.563286 -1.712128
v -1.307828 0.283585 -1.957302
v -1.500613 0.242167 -1.828502
v -1.272692 0.240984 -1.904719
v -1.097154 0.240342 -1.336886
v -0.780878 2.116415 -1.168666
v -0.987046 1.836714 -1.202719
v -0.871708 2.157833 -1.062180
v -0.735846 2.159016 -1.101271
v -0.632267 2.159658 -0.770420
v -1.044089 0.563286 -1.953352
v -0.900847 0.283585 -2.174838
v -1.115056 0.242167 -2.086123
v -0.876646 0.240984 -2.116410
v -0.815259 0.240342 -1.525243
v -0.537878 2.116415 -1.298552
v -0.733442 1.836714 -1.372172
v -0.647738 2.157833 -1.211832
v -0.506860 2.159016 -1.223667
v -0.469817 2.159658 -0.878966
v -0.642947 0.563286 -2.119511
v -0.459248 0.283585 -2.308795
v -0.686648 0.242167 -2.263575
v -0.446910 0.240984 -2.246769
v -0.502034 0.240342 -1.654985
v -0.274208 2.116415 -1.378535
v -0.451651 1.836714 -1.488894
v -0.398875 2.157833 -1.314914
v -0.258395 2.159016 -1.299038
v -0.289312 2.159658 -0.953733
v -0.217096 0.563286 -2.204217
v -0.231853 0.242167 -2.354040
v -0.169516 0.240342 -1.721126
v -0.152504 1.836714 -1.548398
v -0.134684 2.157833 -1.367465
v -0.097689 2.159658 -0.991850
v -0.000000 1.200000 -1.887222
v 0.368179 1.200000 -1.850959
v -0.368179 1.200000 -1.850959
v 0.722209 1.200000 -1.743565
v 1.048484 1.200000 -1.569167
v 1.334467 1.200000 -1.334467
v 1.569167 1.200000 -1.048484
v 1.743565 1.200000 -0.722209
v 1.850959 1.200000 -0.368179
v 1.887222 1.200000 -0.000000
v 1.850959 1.200000 0.368179
v 1.743565 1.200000 0.722209
v 1.569167 1.200000 1.048484
v 1.334467 1.200000 1.334467
v 1.048484 1.200000 1.569167
v 0.722209 1.200000 1.743565
v 0.368179 1.200000 1.850959
v 0.000000 1.200000 1.887222
v -0.368179 1.200000 1.850959
v -0.722209 1.200000 1.743565
v -1.048484 1.200000 1.569167
v -1.334467 1.200000 1.334467
v -1.569167 1.200000 1.048484
v -1.743565 1.200000 0.722209
v -1.850959 1.200000 0.368179
v -1.887222 1.200000 0.000000
v -1.850959 1.200000 -0.368179
v -1.743565 1.200000 -0.722209
v -1.569167 1.200000 -1.048484
v -1.334467 1.200000 -1.334467
v -1.048484 1.200000 -1.569167
v -0.722209 1.200000 -1.743565
v 0.230734 0.283585 -2.342683
v 0.222767 0.240975 -2.261796
v 0.137767 2.116415 -1.398769
v 0.128798 2.159025 -1.307705
v 0.683335 0.283585 -2.252655
v 0.659741 0.240975 -2.174875
v 0.408006 2.116415 -1.345015
v 0.381443 2.159025 -1.257450
v 1.109676 0.283585 -2.076058
v 1.071362 0.240975 -2.004377
v 0.662566 2.116415 -1.239573
v 0.619431 2.159025 -1.158873
v 1.493373 0.283585 -1.819681
v 1.441811 0.240975 -1.756851
v 0.891663 2.116415 -1.086495
v 0.833613 2.159025 -1.015761
v 1.819681 0.283585 -1.493373
v 1.756851 0.240975 -1.441811
v 1.086495 2.116415 -0.891663
v 1.015761 2.159025 -0.833613
v 2.076059 0.283585 -1.109677
v 2.004377 0.240975 -1.071362
v 1.239573 2.116415 -0.662566
v 1.158873 2.159025 -0.619431
v 2.252655 0.283585 -0.683335
v 2.174876 0.240975 -0.659741
v 1.345015 2.116415 -0.408006
v 1.257450 2.159025 -0.381443
v 2.342683 0.283585 -0.230734
v 2.261796 0.240975 -0.222767
v 1.398769 2.116415 -0.137767
v 1.307705 2.159025 -0.128798
v 2.342683 0.283585 0.230734
v 2.261796 0.240975 0.222767
v 1.398769 2.116415 0.137767
v 1.307705 2.159025 0.128798
v 2.252655 0.283585 0.683335
v 2.174876 0.240975 0.659741
v 1.345015 2.116415 0.408006
v 1.257450 2.159025 0.381443
v 2.076058 0.283585 1.109676
v 2.004377 0.240975 1.071362
v 1.239573 2.116415 0.662566
v 1.158873 2.159025 0.619431
v 1.819681 0.283585 1.493373
v 1.756851 0.240975 1.441811
v 1.086495 2.116415 0.891663
v 1.015761 2.159025 0.833613
v 1.493373 0.283585 1.819681
v 1.441811 0.240975 1.756851
v 0.891663 2.116415 1.086495
v 0.833613 2.159025 1.015761
v 1.109677 0.283585 2.076059
v 1.071362 0.240975 2.004377
v 0.662566 2.116415 1.239573
v 0.619431 2.159025 1.158873
v 0.683335 0.283585 2.252655
v 0.659741 0.240975 2.174876
v 0.408006 2.116415 1.345015
v 0.381443 2.159025 1.257450
v 0.230734 0.283585 2.342683
v 0.222767 0.240975 2.261796
v 0.137767 2.116415 1.398769
v 0.128798 2.159025 1.307705
v -0.230734 0.283585 2.342683
v -0.222767 0.240975 2.261796
v -0.137767 2.116415 1.398769
v -0.128798 2.159025 1.307705
v -0.683335 0.283585 2.252655
v -0.659741 0.240975 2.174875
v -0.408006 2.116415 1.345015
v -0.381443 2.159025 1.257450
v -1.109676 0.283585 2.076058
v -1.071362 0.240975 2.004377
v -0.662566 2.116415 1.239573
v -0.619431 2.159025 1.158873
v -1.493373 0.283585 1.819681
v -1.441811 0.240975 1.756851
v -0.891663 2.116415 1.086495
v -0.833613 2.159025 1.015761
v -1.819681 0.283585 1.493373
v -1.756851 0.240975 1.441811
v -1.086495 2.116415 0.891663
v -1.015761 2.159025 0.833613
v -2.076059 0.283585 1.109677
v -2.004377 0.240975 1.071362
v -1.239573 2.116415 0.662566
v -1.158873 2.159025 0.619431
v -2.252655 0.283585 0.683335
v -2.174876 0.240975 0.659741
v -1.345015 2.116415 0.408006
v -1.257450 2.159025 0.381443
v -2.342683 0.283585 0.230734
v -2.261796 0.240975 0.222767
v -1.398769 2.116415 0.137767
v -1.307705 2.159025 0.128798
v -2.342683 0.283585 -0.230734
v -2.261795 0.240975 -0.222767
v -1.398769 2.116415 -0.137767
v -1.307705 2.159025 -0.128798
v -2.252655 0.283585 -0.683335
v -2.174875 0.240975 -0.659741
v -1.345015 2.116415 -0.408006
v -1.257450 2.159025 -0.381443
v -2.076058 0.283585 -1.109676
v -2.004377 0.240975 -1.071362
v -1.239573 2.116415 -0.662566
v -1.158873 2.159025 -0.619431
v -1.819681 0.283585 -1.493373
v -1.756851 0.240975 -1.441811
v -1.086495 2.116415 -0.891663
v -1.015761 2.159025 -0.833613
v -1.493373 0.283585 -1.819681
v -1.441811 0.240975 -1.756851
v -0.891663 2.116415 -1.086495
v -0.833613 2.159025 -1.015761
v -1.109677 0.283585 -2.076059
v -1.071362 0.240975 -2.004377
v -0.662566 2.116415 -1.239573
v -0.619431 2.159025 -1.158873
v -0.683335 0.283585 -2.252655
v -0.659741 0.240975 -2.174876
v -0.408006 2.116415 -1.345015
v -0.381443 2.159025 -1.257450
v -0.230734 0.283585 -2.342683
v -0.222767 0.240975 -2.261796
v -0.137767 2.116415 -1.398769
v -0.128798 2.159025 -1.307705
v -0.000000 0.240035 -0.000000
v 0.184979 1.200000 -1.878127
v -0.184979 1.200000 -1.878127
v 0.000000 2.159965 -0.000000
v 0.547829 1.200000 -1.805951
v 0.889627 1.200000 -1.664374
v 1.197236 1.200000 -1.458836
v 1.458836 1.200000 -1.197236
v 1.664374 1.200000 -0.889627
v 1.805951 1.200000 -0.547829
v 1.878127 1.200000 -0.184979
v 1.878127 1.200000 0.184979
v 1.805951 1.200000 0.547829
v 1.664374 1.200000 0.889627
v 1.458836 1.200000 1.197236
v 1.197236 1.200000 1.458836
v 0.889627 1.200000 1.664374
v 0.547829 1.200000 1.805951
v 0.184979 1.200000 1.878127
v -0.184979 1.200000 1.878127
v -0.547829 1.200000 1.805951
v -0.889627 1.200000 1.664374
v -1.197236 1.200000 1.458836
v -1.458836 1.200000 1.197236
v -1.664374 1.200000 0.889627
v -1.805951 1.200000 0.547829
v -1.878127 1.200000 0.184979
v -1.878127 1.200000 -0.184979
v -1.805951 1.200000 -0.547829
v -1.664374 1.200000 -0.889627
v -1.458836 1.200000 -1.197236
v -1.197236 1.200000 -1.458836
v -0.889627 1.200000 -1.664374
v -0.547829 1.200000 -1.805951
vn 0.0490 0.0595 -0.9970
vn 0.1464 0.0595 -0.9874
vn 0.1466 0.0330 -0.9886
vn 0.0491 0.0330 -0.9982
vn 0.0102 -0.9931 -0.1172
vn 0.0128 -0.9931 -0.1170
vn -0.0027 -0.9999 -0.0116
vn 0.0049 -0.9999 -0.0109
vn 0.1464 0.0643 -0.9871
vn 0.0490 0.0643 -0.9967
vn 0.0489 0.0907 -0.9947
vn 0.1461 0.0907 -0.9851
vn 0.0194 0.9840 -0.1769
vn 0.0155 0.9840 -0.1773
vn 0.0084 0.9998 -0.0185
vn -0.0046 0.9998 -0.0198
vn 0.2426 0.0595 -0.9683
vn 0.3363 0.0595 -0.9399
vn 0.3367 0.0330 -0.9410
vn 0.2429 0.0330 -0.9695
vn 0.0329 -0.9931 -0.1130
vn 0.0354 -0.9931 -0.1122
vn -0.0004 -0.9999 -0.0119
vn 0.0069 -0.9999 -0.0097
vn 0.3362 0.0643 -0.9396
vn 0.2425 0.0643 -0.9680
vn 0.2420 0.0907 -0.9660
vn 0.3355 0.0907 -0.9377
vn 0.0536 0.9840 -0.1697
vn 0.0497 0.9840 -0.1709
vn 0.0118 0.9998 -0.0166
vn -0.0006 0.9998 -0.0203
vn 0.4268 0.0595 -0.9024
vn 0.5132 0.0595 -0.8562
vn 0.5138 0.0330 -0.8573
vn 0.4274 0.0330 -0.9035
vn 0.0543 -0.9931 -0.1044
vn 0.0566 -0.9931 -0.1032
vn 0.0019 -0.9999 -0.0118
vn 0.0087 -0.9999 -0.0081
vn 0.5130 0.0643 -0.8560
vn 0.4267 0.0643 -0.9021
vn 0.4258 0.0907 -0.9003
vn 0.5120 0.0907 -0.8542
vn 0.0856 0.9840 -0.1560
vn 0.0821 0.9840 -0.1579
vn 0.0148 0.9998 -0.0139
vn 0.0033 0.9998 -0.0201
vn 0.5947 0.0595 -0.8018
vn 0.6703 0.0595 -0.7397
vn 0.6712 0.0330 -0.7406
vn 0.5954 0.0330 -0.8027
vn 0.0736 -0.9931 -0.0918
vn 0.0756 -0.9931 -0.0901
vn 0.0042 -0.9999 -0.0112
vn 0.0101 -0.9999 -0.0063
vn 0.6701 0.0643 -0.7394
vn 0.5945 0.0643 -0.8015
vn 0.5933 0.0907 -0.7999
vn 0.6688 0.0906 -0.7379
vn 0.1144 0.9840 -0.1363
vn 0.1113 0.9840 -0.1388
vn 0.0173 0.9998 -0.0108
vn 0.0072 0.9998 -0.0190
vn 0.7397 0.0595 -0.6703
vn 0.8018 0.0595 -0.5947
vn 0.8027 0.0330 -0.5954
vn 0.7406 0.0330 -0.6712
vn 0.0901 -0.9931 -0.0756
vn 0.0918 -0.9931 -0.0736
vn 0.0063 -0.9999 -0.0101
vn 0.0112 -0.9999 -0.0042
vn 0.8015 0.0643 -0.5945
vn 0.7394 0.0643 -0.6701
vn 0.7379 0.0907 -0.6688
vn 0.7999 0.0907 -0.5933
vn 0.1388 0.9840 -0.1113
vn 0.1363 0.9840 -0.1144
vn 0.0190 0.9998 -0.0072
vn 0.0108 0.9998 -0.0173
vn 0.8562 0.0595 -0.5132
vn 0.9024 0.0595 -0.4268
vn 0.9035 0.0330 -0.4274
vn 0.8573 0.0330 -0.5138
vn 0.1032 -0.9931 -0.0566
vn 0.1044 -0.9931 -0.0543
vn 0.0081 -0.9999 -0.0087
vn 0.0118 -0.9999 -0.0019
vn 0.9021 0.0643 -0.4267
vn 0.8560 0.0643 -0.5130
vn 0.8542 0.0907 -0.5120
vn 0.9003 0.0906 -0.4258
vn 0.1579 0.9840 -0.0821
vn 0.1560 0.9840 -0.0856
vn 0.0201 0.9998 -0.0033
vn 0.0139 0.9998 -0.0148
vn 0.9399 0.0595 -0.3363
vn 0.9683 0.0595 -0.2426
vn 0.9695 0.0330 -0.2429
vn 0.9410 0.0330 -0.3367
vn 0.1122 -0.9931 -0.0354
vn 0.1130 -0.9931 -0.0329
vn 0.0097 -0.9999 -0.0069
vn 0.0119 -0.9999 0.0004
vn 0.9680 0.0643 -0.2425
vn 0.9396 0.0643 -0.3362
vn 0.9377 0.0907 -0.3355
vn 0.9660 0.0907 -0.2420
vn 0.1709 0.9840 -0.0497
vn 0.1697 0.9840 -0.0536
vn 0.0203 0.9998 0.0006
vn 0.0166 0.9998 -0.0118
vn 0.9874 0.0595 -0.1464
vn 0.9970 0.0595 -0.0490
vn 0.9982 0.0330 -0.0491
vn 0.9886 0.0330 -0.1466
vn 0.1170 -0.9931 -0.0128
vn 0.1172 -0.9931 -0.0102
vn 0.0109 -0.9999 -0.0049
vn 0.0116 -0.9999 0.0027
vn 0.9967 0.0643 -0.0490
vn 0.9871 0.0643 -0.1464
vn 0.9851 0.0907 -0.1461
vn 0.9947 0.0907 -0.0489
vn 0.1773 0.9840 -0.0155
vn 0.1769 0.9840 -0.0194
vn 0.0198 0.9998 0.0046
vn 0.0185 0.9998 -0.0084
vn 0.9970 0.0595 0.0490
vn 0.9874 0.0595 0.1464
vn 0.9886 0.0330 0.1466
vn 0.9982 0.0330 0.0491
vn 0.1172 -0.9931 0.0102
vn 0.1170 -0.9931 0.0128
vn 0.0116 -0.9999 -0.0027
vn 0.0109 -0.9999 0.0049
vn 0.9871 0.0643 0.1464
vn 0.9967 0.0643 0.0490
vn 0.9947 0.0907 0.0489
vn 0.9851 0.0907 0.1461
vn 0.1769 0.9840 0.0194
vn 0.1773 0.9840 0.0155
vn 0.0185 0.9998 0.0084
vn 0.0198 0.9998 -0.0046
vn 0.9683 0.0595 0.2426
vn 0.9399 0.0595 0.3363
vn 0.9410 0.0330 0.3367
vn 0.9695 0.0330 0.2429
vn 0.1130 -0.9931 0.0329
vn 0.1122 -0.9931 0.0354
vn 0.0119 -0.9999 -0.0004
vn 0.0097 -0.9999 0.0069
vn 0.9396 0.0643 0.3362
vn 0.9680 0.0643 0.2425
vn 0.9660 0.0907 0.2420
vn 0.9377 0.0907 0.3355
vn 0.1697 0.9840 0.0536
vn 0.1709 0.9840 0.0497
vn 0.0166 0.9998 0.0118
vn 0.0203 0.9998 -0.0006
vn 0.9024 0.0595 0.4268
vn 0.8562 0.0595 0.5132
vn 0.8573 0.0330 0.5138
vn 0.9035 0.0330 0.4274
vn 0.1044 -0.9931 0.0543
vn 0.1032 -0.9931 0.0566
vn 0.0118 -0.9999 0.0019
vn 0.0081 -0.9999 0.0087
vn 0.8560 0.0643 0.5130
vn 0.9021 0.0643 0.4267
vn 0.9003 0.0906 0.4258
vn 0.8542 0.0907 0.5120
vn 0.1560 0.9840 0.0856
vn 0.1579 0.9840 0.0821
vn 0.0139 0.9998 0.0148
vn 0.0201 0.9998 0.0033
vn 0.8018 0.0595 0.5947
vn 0.7397 0.0595 0.6703
vn 0.7406 0.0330 0.6712
vn 0.8027 0.0330 0.5954
vn 0.0918 -0.9931 0.0736
vn 0.0901 -0.9931 0.0756
vn 0.0112 -0.9999 0.0042
vn 0.0063 -0.9999 0.0101
vn 0.7394 0.0643 0.6701
vn 0.8015 0.0643 0.5945
vn 0.7999 0.0907 0.5933
vn 0.7379 0.0906 0.6688
vn 0.1363 0.9840 0.1144
vn 0.1388 0.9840 0.1113
vn 0.0108 0.9998 0.0173
vn 0.0190 0.9998 0.0072
vn 0.6703 0.0595 0.7397
vn 0.5947 0.0595 0.8018
vn 0.5954 0.0330 0.8027
vn 0.6712 0.0330 0.7406
vn 0.0756 -0.9931 0.0901
vn 0.0736 -0.9931 0.0918
vn 0.0101 -0.9999 0.0063
vn 0.0042 -0.9999 0.0112
vn 0.5945 0.0643 0.8015
vn 0.6701 0.0643 0.7394
vn 0.6688 0.0906 0.7379
vn 0.5933 0.0907 0.7999
vn 0.1113 0.9840 0.1388
vn 0.1144 0.9840 0.1363
vn 0.0072 0.9998 0.0190
vn 0.0173 0.9998 0.0108
vn 0.5132 0.0595 0.8562
vn 0.4268 0.0595 0.9024
vn 0.4274 0.0330 0.9035
vn 0.5138 0.0330 0.8573
vn 0.0566 -0.9931 0.1032
vn 0.0543 -0.9931 0.1044
vn 0.0087 -0.9999 0.0081
vn 0.0019 -0.9999 0.0118
vn 0.4267 0.0643 0.9021
vn 0.5130 0.0643 0.8560
vn 0.5120 0.0907 0.8542
vn 0.4258 0.0907 0.9003
vn 0.0821 0.9840 0.1579
vn 0.0856 0.9840 0.1560
vn 0.0033 0.9998 0.0201
vn 0.0148 0.9998 0.0139
vn 0.3363 0.0595 0.9399
vn 0.2426 0.0595 0.9683
vn 0.2429 0.0330 0.9695
vn 0.3367 0.0330 0.9410
vn 0.0354 -0.9931 0.1122
vn 0.0329 -0.9931 0.1130
vn 0.0069 -0.9999 0.0097
vn -0.0004 -0.9999 0.0119
vn 0.2425 0.0643 0.9680
vn 0.3362 0.0643 0.9396
vn 0.3355 0.0906 0.9377
vn 0.2420 0.0906 0.9660
vn 0.0497 0.9840 0.1709
vn 0.0536 0.9840 0.1697
vn -0.0006 0.9998 0.0203
vn 0.0118 0.9998 0.0166
vn 0.1464 0.0595 0.9874
vn 0.0490 0.0595 0.9970
vn 0.0491 0.0330 0.9982
vn 0.1466 0.0330 0.9886
vn 0.0128 -0.9931 0.1170
vn 0.0102 -0.9931 0.1172
vn 0.0049 -0.9999 0.0109
vn -0.0027 -0.9999 0.0116
vn 0.0490 0.0643 0.9967
vn 0.1464 0.0643 0.9871
vn 0.1461 0.0907 0.9851
vn 0.0489 0.0907 0.9947
vn 0.0155 0.9840 0.1773
vn 0.0194 0.9840 0.1769
vn -0.0046 0.9998 0.0198
vn 0.0084 0.9998 0.0185
vn -0.0490 0.0595 0.9970
vn -0.1464 0.0595 0.9874
vn -0.1466 0.0330 0.9886
vn -0.0491 0.0330 0.9982
vn -0.0102 -0.9931 0.1172
vn -0.0128 -0.9931 0.1170
vn 0.0027 -0.9999 0.0116
vn -0.0049 -0.9999 0.0109
vn -0.1464 0.0643 0.9871
vn -0.0490 0.0643 0.9967
vn -0.0489 0.0907 0.9947
vn -0.1461 0.0907 0.9851
vn -0.0194 0.9840 0.1769
vn -0.0155 0.9840 0.1773
vn -0.0084 0.9998 0.0185
vn 0.0046 0.9998 0.0198
vn -0.2426 0.0595 0.9683
vn -0.3363 0.0595 0.9399
vn -0.3367 0.0330 0.9410
vn -0.2429 0.0330 0.9695
vn -0.0329 -0.9931 0.1130
vn -0.0354 -0.9931 0.1122
vn 0.0004 -0.9999 0.0119
vn -0.0069 -0.9999 0.0097
vn -0.3362 0.0643 0.9396
vn -0.2425 0.0643 0.9680
vn -0.2420 0.0907 0.9660
vn -0.3355 0.0907 0.9377
vn -0.0536 0.9840 0.1697
vn -0.0497 0.9840 0.1709
vn -0.0118 0.9998 0.0166
vn 0.0006 0.9998 0.0203
vn -0.4268 0.0595 0.9024
vn -0.5132 0.0595 0.8562
vn -0.5138 0.0330 0.8573
vn -0.4274 0.0330 0.9035
vn -0.0543 -0.9931 0.1044
vn -0.0566 -0.9931 0.1032
vn -0.0019 -0.9999 0.0118
vn -0.0087 -0.9999 0.0081
vn -0.5130 0.0643 0.8560
vn -0.4267 0.0643 0.9021
vn -0.4258 0.0907 0.9003
vn -0.5120 0.0907 0.8542
vn -0.0856 0.9840 0.1560
vn -0.0821 0.9840 0.1579
vn -0.0148 0.9998 0.0139
vn -0.0033 0.9998 0.0201
vn -0.5947 0.0595 0.8018
vn -0.6703 0.0595 0.7397
vn -0.6712 0.0330 0.7406
vn -0.5954 0.0330 0.8027
vn -0.0736 -0.9931 0.0918
vn -0.0756 -0.9931 0.0901
vn -0.0042 -0.9999 0.0112
vn -0.0101 -0.9999 0.0063
vn -0.6701 0.0643 0.7394
vn -0.5945 0.0643 0.8015
vn -0.5933 0.0907 0.7999
vn -0.6688 0.0906 0.7379
vn -0.1144 0.9840 0.1363
vn -0.1113 0.9840 0.1388
vn -0.0173 0.9998 0.0108
vn -0.0072 0.9998 0.0190
vn -0.7397 0.0595 0.6703
vn -0.8018 0.0595 0.5947
vn -0.8027 0.0330 0.5954
vn -0.7406 0.0330 0.6712
vn -0.0901 -0.9931 0.0756
vn -0.0918 -0.9931 0.0736
vn -0.0063 -0.9999 0.0101
vn -0.0112 -0.9999 0.0042
vn -0.8015 0.0643 0.5945
vn -0.7394 0.0643 0.6701
vn -0.7379 0.0907 0.6688
vn -0.7999 0.0907 0.5933
vn -0.1388 0.9840 0.1113
vn -0.1363 0.9840 0.1144
vn -0.0190 0.9998 0.0072
vn -0.0108 0.9998 0.0173
vn -0.8562 0.0595 0.5132
vn -0.9024 0.0595 0.4268
vn -0.9035 0.0330 0.4274
vn -0.8573 0.0330 0.5138
vn -0.1032 -0.9931 0.0566
vn -0.1044 -0.9931 0.0543
vn -0.0081 -0.9999 0.0087
vn -0.0118 -0.9999 0.0019
vn -0.9021 0.0643 0.4267
vn -0.8560 0.0643 0.5130
vn -0.8542 0.0907 0.5120
vn -0.9003 0.0906 0.4258
vn -0.1579 0.9840 0.0821
vn -0.1560 0.9840 0.0856
vn -0.0201 0.9998 0.0033
vn -0.0139 0.9998 0.0148
vn -0.9399 0.0595 0.3363
vn -0.9683 0.0595 0.2426
vn -0.9695 0.0330 0.2429
vn -0.9410 0.0330 0.3367
vn -0.1122 -0.9931 0.0354
vn -0.1130 -0.9931 0.0329
vn -0.0097 -0.9999 0.0069
vn -0.0119 -0.9999 -0.0004
vn -0.9680 0.0643 0.2425
vn -0.9396 0.0643 0.3362
vn -0.9377 0.0907 0.3355
vn -0.9660 0.0907 0.2420
vn -0.1709 0.9840 0.0497
vn -0.1697 0.9840 0.0536
vn -0.0203 0.9998 -0.0006
vn -0.0166 0.9998 0.0118
vn -0.9874 0.0595 0.1464
vn -0.9970 0.0595 0.0490
vn -0.9982 0.0330 0.0491
vn -0.9886 0.0330 0.1466
vn -0.1170 -0.9931 0.0128
vn -0.1172 -0.9931 0.0102
vn -0.0109 -0.9999 0.0049
vn -0.0116 -0.9999 -0.0027
vn -0.9967 0.0643 0.0490
vn -0.9871 0.0643 0.1464
vn -0.9851 0.0907 0.1461
vn -0.9947 0.0907 0.0489
vn -0.1773 0.9840 0.0155
vn -0.1769 0.9840 0.0194
vn -0.0198 0.9998 -0.0046
vn -0.0185 0.9998 0.0084
vn -0.9970 0.0595 -0.0490
vn -0.9874 0.0595 -0.1464
vn -0.9886 0.0330 -0.1466
vn -0.9982 0.0330 -0.0491
vn -0.1172 -0.9931 -0.0102
vn -0.1170 -0.9931 -0.0128
vn -0.0116 -0.9999 0.0027
vn -0.0109 -0.9999 -0.0049
vn -0.9871 0.0643 -0.1464
vn -0.9967 0.0643 -0.0490
vn -0.9947 0.0907 -0.0489
vn -0.9851 0.0907 -0.1461
vn -0.1769 0.9840 -0.0194
vn -0.1773 0.9840 -0.0155
vn -0.0185 0.9998 -0.0084
vn -0.0198 0.9998 0.0046
vn -0.9683 0.0595 -0.2426
vn -0.9399 0.0595 -0.3363
vn -0.9410 0.0330 -0.3367
vn -0.9695 0.0330 -0.2429
vn -0.1130 -0.9931 -0.0329
vn -0.1122 -0.9931 -0.0354
vn -0.0119 -0.9999 0.0004
vn -0.0097 -0.9999 -0.0069
vn -0.9396 0.0643 -0.3362
vn -0.9680 0.0643 -0.2425
vn -0.9660 0.0907 -0.2420
vn -0.9377 0.0907 -0.3355
vn -0.1697 0.9840 -0.0536
vn -0.1709 0.9840 -0.0497
vn -0.0166 0.9998 -0.0118
vn -0.0203 0.9998 0.0006
vn -0.9024 0.0595 -0.4268
vn -0.8562 0.0595 -0.5132
vn -0.8573 0.0330 -0.5138
vn -0.9035 0.0330 -0.4274
vn -0.1044 -0.9931 -0.0543
vn -0.1032 -0.9931 -0.0566
vn -0.0118 -0.9999 -0.0019
vn -0.0081 -0.9999 -0.0087
vn -0.8560 0.0643 -0.5130
vn -0.9021 0.0643 -0.4267
vn -0.9003 0.0906 -0.4258
vn -0.8542 0.0907 -0.5120
vn -0.1560 0.9840 -0.0856
vn -0.1579 0.9840 -0.0821
vn -0.0139 0.9998 -0.0148
vn -0.0201 0.9998 -0.0033
vn -0.8018 0.0595 -0.5947
vn -0.7397 0.0595 -0.6703
vn -0.7406 0.0330 -0.6712
vn -0.8027 0.0330 -0.5954
vn -0.0918 -0.9931 -0.0736
vn -0.0901 -0.9931 -0.0756
vn -0.0112 -0.9999 -0.0042
vn -0.0063 -0.9999 -0.0101
vn -0.7394 0.0643 -0.6701
vn -0.8015 0.0643 -0.5945
vn -0.7999 0.0907 -0.5933
vn -0.7379 0.0906 -0.6688
vn -0.1363 0.9840 -0.1144
vn -0.1388 0.9840 -0.1113
vn -0.0108 0.9998 -0.0173
vn -0.0190 0.9998 -0.0072
vn -0.6703 0.0595 -0.7397
vn -0.5947 0.0595 -0.8018
vn -0.5954 0.0330 -0.8027
vn -0.6712 0.0330 -0.7406
vn -0.0756 -0.9931 -0.0901
vn -0.0736 -0.9931 -0.0918
vn -0.0101 -0.9999 -0.0063
vn -0.0042 -0.9999 -0.0112
vn -0.5945 0.0643 -0.8015
vn -0.6701 0.0643 -0.7394
vn -0.6688 0.0906 -0.7379
vn -0.5933 0.0907 -0.7999
vn -0.1113 0.9840 -0.1388
vn -0.1144 0.9840 -0.1363
vn -0.0072 0.9998 -0.0190
vn -0.0173 0.9998 -0.0108
vn -0.5132 0.0595 -0.8562
vn -0.4268 0.0595 -0.9024
vn -0.4274 0.0330 -0.9035
vn -0.5138 0.0330 -0.8573
vn -0.0566 -0.9931 -0.1032
vn -0.0543 -0.9931 -0.1044
vn -0.0087 -0.9999 -0.0081
vn -0.0019 -0.9999 -0.0118
vn -0.4267 0.0643 -0.9021
vn -0.5130 0.0643 -0.8560
vn -0.5120 0.0907 -0.8542
vn -0.4258 0.0907 -0.9003
vn -0.0821 0.9840 -0.1579
vn -0.0856 0.9840 -0.1560
vn -0.0033 0.9998 -0.0201
vn -0.0148 0.9998 -0.0139
vn -0.3363 0.0595 -0.9399
vn -0.2426 0.0595 -0.9683
vn -0.2429 0.0330 -0.9695
vn -0.3367 0.0330 -0.9410
vn -0.0354 -0.9931 -0.1122
vn -0.0329 -0.9931 -0.1130
vn -0.0069 -0.9999 -0.0097
vn 0.0004 -0.9999 -0.0119
vn -0.2425 0.0643 -0.9680
vn -0.3362 0.0643 -0.9396
vn -0.3355 0.0906 -0.9377
vn -0.2420 0.0906 -0.9660
vn -0.0497 0.9840 -0.1709
vn -0.0536 0.9840 -0.1697
vn 0.0006 0.9998 -0.0203
vn -0.0118 0.9998 -0.0166
vn -0.1464 0.0595 -0.9874
vn -0.0490 0.0595 -0.9970
vn -0.0491 0.0330 -0.9982
vn -0.1466 0.0330 -0.9886
vn -0.0128 -0.9931 -0.1170
vn -0.0102 -0.9931 -0.1172
vn -0.0049 -0.9999 -0.0109
vn 0.0027 -0.9999 -0.0116
vn -0.0490 0.0643 -0.9967
vn -0.1464 0.0643 -0.9871
vn -0.1461 0.0907 -0.9851
vn -0.0489 0.0907 -0.9947
vn -0.0155 0.9840 -0.1773
vn -0.0194 0.9840 -0.1769
vn 0.0046 0.9998 -0.0198
vn -0.0084 0.9998 -0.0185
vn -0.0000 -1.0000 -0.0017
vn 0.0003 -1.0000 -0.0017
vn 0.0007 -1.0000 -0.0016
vn 0.0010 -1.0000 -0.0014
vn 0.0012 -1.0000 -0.0012
vn 0.0014 -1.0000 -0.0010
vn 0.0016 -1.0000 -0.0007
vn 0.0017 -1.0000 -0.0003
vn 0.0017 -1.0000 -0.0000
vn 0.0017 -1.0000 0.0003
vn 0.0016 -1.0000 0.0007
vn 0.0014 -1.0000 0.0010
vn 0.0012 -1.0000 0.0012
vn 0.0010 -1.0000 0.0014
vn 0.0007 -1.0000 0.0016
vn 0.0003 -1.0000 0.0017
vn -0.0000 -1.0000 0.0017
vn -0.0003 -1.0000 0.0017
vn -0.0007 -1.0000 0.0016
vn -0.0010 -1.0000 0.0014
vn -0.0012 -1.0000 0.0012
vn -0.0014 -1.0000 0.0010
vn -0.0016 -1.0000 0.0007
vn -0.0017 -1.0000 0.0003
vn -0.0017 -1.0000 -0.0000
vn -0.0017 -1.0000 -0.0003
vn -0.0016 -1.0000 -0.0007
vn -0.0014 -1.0000 -0.0010
vn -0.0012 -1.0000 -0.0012
vn -0.0010 -1.0000 -0.0014
vn -0.0007 -1.0000 -0.0016
vn -0.0003 -1.0000 -0.0017
vn 0.0490 0.0616 -0.9969
vn 0.0490 0.0622 -0.9969
vn 0.1464 0.0622 -0.9873
vn 0.1464 0.0616 -0.9873
vn -0.1464 0.0616 -0.9873
vn -0.1464 0.0622 -0.9873
vn -0.0490 0.0622 -0.9969
vn -0.0490 0.0616 -0.9969
vn 0.0006 1.0000 -0.0029
vn -0.0000 1.0000 -0.0030
vn -0.0006 1.0000 -0.0029
vn -0.0011 1.0000 -0.0028
vn -0.0017 1.0000 -0.0025
vn -0.0021 1.0000 -0.0021
vn -0.0025 1.0000 -0.0017
vn -0.0028 1.0000 -0.0011
vn -0.0029 1.0000 -0.0006
vn -0.0030 1.0000 -0.0000
vn -0.0029 1.0000 0.0006
vn -0.0028 1.0000 0.0011
vn -0.0025 1.0000 0.0017
vn -0.0021 1.0000 0.0021
vn -0.0017 1.0000 0.0025
vn -0.0011 1.0000 0.0028
vn -0.0006 1.0000 0.0029
vn -0.0000 1.0000 0.0030
vn 0.0006 1.0000 0.0029
vn 0.0011 1.0000 0.0028
vn 0.0017 1.0000 0.0025
vn 0.0021 1.0000 0.0021
vn 0.0025 1.0000 0.0017
vn 0.0028 1.0000 0.0011
vn 0.0029 1.0000 0.0006
vn 0.0030 1.0000 -0.0000
vn 0.0029 1.0000 -0.0006
vn 0.0028 1.0000 -0.0011
vn 0.0025 1.0000 -0.0017
vn 0.0021 1.0000 -0.0021
vn 0.0017 1.0000 -0.0025
vn 0.0011 1.0000 -0.0028
vn 0.2426 0.0616 -0.9682
vn 0.2425 0.0622 -0.9681
vn 0.3362 0.0622 -0.9397
vn 0.3362 0.0616 -0.9398
vn 0.4268 0.0616 -0.9023
vn 0.4268 0.0622 -0.9022
vn 0.5131 0.0622 -0.8561
vn 0.5131 0.0616 -0.8561
vn 0.5946 0.0616 -0.8017
vn 0.5946 0.0622 -0.8016
vn 0.6702 0.0622 -0.7395
vn 0.6703 0.0616 -0.7396
vn 0.7396 0.0616 -0.6703
vn 0.7395 0.0622 -0.6702
vn 0.8016 0.0622 -0.5946
vn 0.8017 0.0616 -0.5946
vn 0.8561 0.0616 -0.5131
vn 0.8561 0.0622 -0.5131
vn 0.9022 0.0622 -0.4268
vn 0.9023 0.0616 -0.4268
vn 0.9398 0.0616 -0.3362
vn 0.9397 0.0622 -0.3362
vn 0.9681 0.0622 -0.2425
vn 0.9682 0.0616 -0.2426
vn 0.9873 0.0616 -0.1464
vn 0.9873 0.0622 -0.1464
vn 0.9969 0.0622 -0.0490
vn 0.9969 0.0616 -0.0490
vn 0.9969 0.0616 0.0490
vn 0.9969 0.0622 0.0490
vn 0.9873 0.0622 0.1464
vn 0.9873 0.0616 0.1464
vn 0.9682 0.0616 0.2426
vn 0.9681 0.0622 0.2425
vn 0.9397 0.0622 0.3362
vn 0.9398 0.0616 0.3362
vn 0.9023 0.0616 0.4268
vn 0.9022 0.0622 0.4268
vn 0.8561 0.0622 0.5131
vn 0.8561 0.0616 0.5131
vn 0.8017 0.0616 0.5946
vn 0.8016 0.0622 0.5946
vn 0.7395 0.0622 0.6702
vn 0.7396 0.0616 0.6703
vn 0.6703 0.0616 0.7396
vn 0.6702 0.0622 0.7395
vn 0.5946 0.0622 0.8016
vn 0.5946 0.0616 0.8017
vn 0.5131 0.0616 0.8561
vn 0.5131 0.0622 0.8561
vn 0.4268 0.0622 0.9022
vn 0.4268 0.0616 0.9023
vn 0.3362 0.0616 0.9398
vn 0.3362 0.0622 0.9397
vn 0.2425 0.0622 0.9681
vn 0.2426 0.0616 0.9682
vn 0.1464 0.0616 0.9873
vn 0.1464 0.0622 0.9873
vn 0.0490 0.0622 0.9969
vn 0.0490 0.0616 0.9969
vn -0.0490 0.0616 0.9969
vn -0.0490 0.0622 0.9969
vn -0.1464 0.0622 0.9873
vn -0.1464 0.0616 0.9873
vn -0.2426 0.0616 0.9682
vn -0.2425 0.0622 0.9681
vn -0.3362 0.0622 0.9397
vn -0.3362 0.0616 0.9398
vn -0.4268 0.0616 0.9023
vn -0.4268 0.0622 0.9022
vn -0.5131 0.0622 0.8561
vn -0.5131 0.0616 0.8561
vn -0.5946 0.0616 0.8017
vn -0.5946 0.0622 0.8016
vn -0.6702 0.0622 0.7395
vn -0.6703 0.0616 0.7396
vn -0.7396 0.0616 0.6703
vn -0.7395 0.0622 0.6702
vn -0.8016 0.0622 0.5946
vn -0.8017 0.0616 0.5946
vn -0.8561 0.0616 0.5131
vn -0.8561 0.0622 0.5131
vn -0.9022 0.0622 0.4268
vn -0.9023 0.0616 0.4268
vn -0.9398 0.0616 0.3362
vn -0.9397 0.0622 0.3362
vn -0.9681 0.0622 0.2425
vn -0.9682 0.0616 0.2426
vn -0.9873 0.0616 0.1464
vn -0.9873 0.0622 0.1464
vn -0.9969 0.0622 0.0490
vn -0.9969 0.0616 0.0490
vn -0.9969 0.0616 -0.0490
vn -0.9969 0.0622 -0.0490
vn -0.9873 0.0622 -0.1464
vn -0.9873 0.0616 -0.1464
vn -0.9682 0.0616 -0.2426
vn -0.9681 0.0622 -0.2425
vn -0.9397 0.0622 -0.3362
vn -0.9398 0.0616 -0.3362
vn -0.9023 0.0616 -0.4268
vn -0.9022 0.0622 -0.4268
vn -0.8561 0.0622 -0.5131
vn -0.8561 0.0616 -0.5131
vn -0.8017 0.0616 -0.5946
vn -0.8016 0.0622 -0.5946
vn -0.7395 0.0622 -0.6702
vn -0.7396 0.0616 -0.6703
vn -0.6703 0.0616 -0.7396
vn -0.6702 0.0622 -0.7395
vn -0.5946 0.0622 -0.8016
vn -0.5946 0.0616 -0.8017
vn -0.5131 0.0616 -0.8561
vn -0.5131 0.0622 -0.8561
vn -0.4268 0.0622 -0.9022
vn -0.4268 0.0616 -0.9023
vn -0.3362 0.0616 -0.9398
vn -0.3362 0.0622 -0.9397
vn -0.2425 0.0622 -0.9681
vn -0.2426 0.0616 -0.9682
s 0
usemtl stripe_white
f 533//533 726//533 1076//533 727//533
f 726//534 539//534 728//534 1076//534
f 1076//535 728//535 537//535 729//535
f 727//536 1076//536 729//536 531//536
f 542//541 733//541 1078//541 734//541
f 733//542 536//542 735//542 1078//542
f 1078//543 735//543 534//543 736//543
f 734//544 1078//544 736//544 540//544
f 539//549 739//549 1080//549 728//549
f 739//550 545//550 740//550 1080//550
f 1080//551 740//551 543//551 741//551
f 728//552 1080//552 741//552 537//552
f 548//557 744//557 1082//557 745//557
f 744//558 542//558 734//558 1082//558
f 1082//559 734//559 540//559 746//559
f 745//560 1082//560 746//560 546//560
f 545//565 749//565 1084//565 740//565
f 749//566 551//566 750//566 1084//566
f 1084//567 750//567 549//567 751//567
f 740//568 1084//568 751//568 543//568
f 554//573 754//573 1086//573 755//573
f 754//574 548//574 745//574 1086//574
f 1086//575 745//575 546//575 756//575
f 755//576 1086//576 756//576 552//576
f 551//581 759//581 1088//581 750//581
f 759//582 557//582 760//582 1088//582
f 1088//583 760//583 555//583 761//583
f 750//584 1088//584 761//584 549//584
f 560//589 764//589 1090//589 765//589
f 764//590 554//590 755//590 1090//590
f 1090//591 755//591 552//591 766//591
f 765//592 1090//592 766//592 558//592
f 557//597 769//597 1092//597 760//597
f 769//598 563//598 770//598 1092//598
f 1092//599 770//599 561//599 771//599
f 760//600 1092//600 771//600 555//600
f 566//605 774//605 1094//605 775//605
f 774//606 560//606 765//606 1094//606
f 1094//607 765//607 558//607 776//607
f 775//608 1094//608 776//608 564//608
f 563//613 779//613 1096//613 770//613
f 779//614 569//614 780//614 1096//614
f 1096//615 780//615 567//615 781//615
f 770//616 1096//616 781//616 561//616
f 572//621 784//621 1098//621 785//621
f 784//622 566//622 775//622 1098//622
f 1098//623 775//623 564//623 786//623
f 785//624 1098//624 786//624 570//624
f 569//629 789//629 1100//629 780//629
f 789//630 575//630 790//630 1100//630
f 1100//631 790//631 573//631 791//631
f 780//632 1100//632 791//632 567//632
f 578//637 794//637 1102//637 795//637
f 794//638 572//638 785//638 1102//638
f 1102//639 785//639 570//639 796//639
f 795//640 1102//640 796//640 576//640
f 575//645 799//645 1104//645 790//645
f 799//646 581//646 800//646 1104//646
f 1104//647 800//647 579//647 801//647
f 790//648 1104//648 801//648 573//648
f 584//653 804//653 1106//653 805//653
f 804//654 578//654 795//654 1106//654
f 1106//655 795//655 576//655 806//655
f 805//656 1106//656 806//656 582//656
f 581//661 809//661 1108//661 800//661
f 809//662 587//662 810//662 1108//662
f 1108//663 810//663 585//663 811//663
f 800//664 1108//664 811//664 579//664
f 590//669 814//669 1110//669 815//669
f 814//670 584//670 805//670 1110//670
f 1110//671 805//671 582//671 816//671
f 815//672 1110//672 816//672 588//672
f 587//677 819//677 1112//677 810//677
f 819//678 593//678 820//678 1112//678
f 1112//679 820//679 591//679 821//679
f 810//680 1112//680 821//680 585//680
f 596//685 824//685 1114//685 825//685
f 824//686 590//686 815//686 1114//686
f 1114//687 815//687 588//687 826//687
f 825//688 1114//688 826//688 594//688
f 593//693 829//693 1116//693 820//693
f 829//694 599//694 830//694 1116//694
f 1116//695 830//695 597//695 831//695
f 820//696 1116//696 831//696 591//696
f 602//701 834//701 1118//701 835//701
f 834//702 596//702 825//702 1118//702
f 1118//703 825//703 594//703 836//703
f 835//704 1118//704 836//704 600//704
f 599//709 839//709 1120//709 830//709
f 839//710 605//710 840//710 1120//710
f 1120//711 840//711 603//711 841//711
f 830//712 1120//712 841//712 597//712
f 608//717 844//717 1122//717 845//717
f 844//718 602//718 835//718 1122//718
f 1122//719 835//719 600//719 846//719
f 845//720 1122//720 846//720 606//720
f 605//725 849//725 1124//725 840//725
f 849//726 611//726 850//726 1124//726
f 1124//727 850//727 609//727 851//727
f 840//728 1124//728 851//728 603//728
f 614//733 854//733 1126//733 855//733
f 854//734 608//734 845//734 1126//734
f 1126//735 845//735 606//735 856//735
f 855//736 1126//736 856//736 612//736
f 611//741 859//741 1128//741 850//741
f 859//742 617//742 860//742 1128//742
f 1128//743 860//743 615//743 861//743
f 850//744 1128//744 861//744 609//744
f 620//749 864//749 1130//749 865//749
f 864//750 614//750 855//750 1130//750
f 1130//751 855//751 612//751 866//751
f 865//752 1130//752 866//752 618//752
f 617//757 869//757 1132//757 860//757
f 869//758 623//758 870//758 1132//758
f 1132//759 870//759 621//759 871//759
f 860//760 1132//760 871//760 615//760
f 626//765 874//765 1134//765 875//765
f 874//766 620//766 865//766 1134//766
f 1134//767 865//767 618//767 876//767
f 875//768 1134//768 876//768 624//768
f 623//773 879//773 1136//773 870//773
f 879//774 629//774 880//774 1136//774
f 1136//775 880//775 627//775 881//775
f 870//776 1136//776 881//776 621//776
f 632//781 884//781 1138//781 885//781
f 884//782 626//782 875//782 1138//782
f 1138//783 875//783 624//783 886//783
f 885//784 1138//784 886//784 630//784
f 629//789 889//789 1140//789 880//789
f 889//790 635//790 890//790 1140//790
f 1140//791 890//791 633//791 891//791
f 880//792 1140//792 891//792 627//792
f 638//797 894//797 1142//797 895//797
f 894//798 632//798 885//798 1142//798
f 1142//799 885//799 630//799 896//799
f 895//800 1142//800 896//800 636//800
f 635//805 899//805 1144//805 890//805
f 899//806 641//806 900//806 1144//806
f 1144//807 900//807 639//807 901//807
f 890//808 1144//808 901//808 633//808
f 644//813 904//813 1146//813 905//813
f 904//814 638//814 895//814 1146//814
f 1146//815 895//815 636//815 906//815
f 905//816 1146//816 906//816 642//816
f 641//821 909//821 1148//821 900//821
f 909//822 647//822 910//822 1148//822
f 1148//823 910//823 645//823 911//823
f 900//824 1148//824 911//824 639//824
f 650//829 914//829 1150//829 915//829
f 914//830 644//830 905//830 1150//830
f 1150//831 905//831 642//831 916//831
f 915//832 1150//832 916//832 648//832
f 647//837 919//837 1152//837 910//837
f 919//838 653//838 920//838 1152//838
f 1152//839 920//839 651//839 921//839
f 910//840 1152//840 921//840 645//840
f 656//845 924//845 1154//845 925//845
f 924//846 650//846 915//846 1154//846
f 1154//847 915//847 648//847 926//847
f 925//848 1154//848 926//848 654//848
f 653//853 929//853 1156//853 920//853
f 929//854 659//854 930//854 1156//854
f 1156//855 930//855 657//855 931//855
f 920//856 1156//856 931//856 651//856
f 662//861 934//861 1158//861 935//861
f 934//862 656//862 925//862 1158//862
f 1158//863 925//863 654//863 936//863
f 935//864 1158//864 936//864 660//864
f 659//869 939//869 1160//869 930//869
f 939//870 665//870 940//870 1160//870
f 1160//871 940//871 663//871 941//871
f 930//872 1160//872 941//872 657//872
f 668//877 944//877 1162//877 945//877
f 944//878 662//878 935//878 1162//878
f 1162//879 935//879 660//879 946//879
f 945//880 1162//880 946//880 666//880
f 665//885 949//885 1164//885 940//885
f 949//886 671//886 950//886 1164//886
f 1164//887 950//887 669//887 951//887
f 940//888 1164//888 951//888 663//888
f 674//893 954//893 1166//893 955//893
f 954//894 668//894 945//894 1166//894
f 1166//895 945//895 666//895 956//895
f 955//896 1166//896 956//896 672//896
f 671//901 959//901 1168//901 950//901
f 959//902 677//902 960//902 1168//902
f 1168//903 960//903 675//903 961//903
f 950//904 1168//904 961//904 669//904
f 680//909 964//909 1170//909 965//909
f 964//910 674//910 955//910 1170//910
f 1170//911 955//911 672//911 966//911
f 965//912 1170//912 966//912 678//912
f 677//917 969//917 1172//917 960//917
f 969//918 683//918 970//918 1172//918
f 1172//919 970//919 681//919 971//919
f 960//920 1172//920 971//920 675//920
f 686//925 974//925 1174//925 975//925
f 974//926 680//926 965//926 1174//926
f 1174//927 965//927 678//927 976//927
f 975//928 1174//928 976//928 684//928
f 683//933 979//933 1176//933 970//933
f 979//934 689//934 980//934 1176//934
f 1176//935 980//935 687//935 981//935
f 970//936 1176//936 981//936 681//936
f 692//941 984//941 1178//941 985//941
f 984//942 686//942 975//942 1178//942
f 1178//943 975//943 684//943 986//943
f 985//944 1178//944 986//944 690//944
f 689//949 989//949 1180//949 980//949
f 989//950 695//950 990//950 1180//950
f 1180//951 990//951 693//951 991//951
f 980//952 1180//952 991//952 687//952
f 698//957 994//957 1182//957 995//957
f 994//958 692//958 985//958 1182//958
f 1182//959 985//959 690//959 996//959
f 995//960 1182//960 996//960 696//960
f 695//965 999//965 1184//965 990//965
f 999//966 701//966 1000//966 1184//966
f 1184//967 1000//967 699//967 1001//967
f 990//968 1184//968 1001//968 693//968
f 704//973 1004//973 1186//973 1005//973
f 1004//974 698//974 995//974 1186//974
f 1186//975 995//975 696//975 1006//975
f 1005//976 1186//976 1006//976 702//976
f 701//981 1009//981 1188//981 1000//981
f 1009//982 707//982 1010//982 1188//982
f 1188//983 1010//983 705//983 1011//983
f 1000//984 1188//984 1011//984 699//984
f 710//989 1014//989 1190//989 1015//989
f 1014//990 704//990 1005//990 1190//990
f 1190//991 1005//991 702//991 1016//991
f 1015//992 1190//992 1016//992 708//992
f 707//997 1019//997 1192//997 1010//997
f 1019//998 713//998 1020//998 1192//998
f 1192//999 1020//999 711//999 1021//999
f 1010//1000 1192//1000 1021//1000 705//1000
f 716//1005 1024//1005 1194//1005 1025//1005
f 1024//1006 710//1006 1015//1006 1194//1006
f 1194//1007 1015//1007 708//1007 1026//1007
f 1025//1008 1194//1008 1026//1008 714//1008
f 713//1013 1029//1013 1196//1013 1020//1013
f 1029//1014 719//1014 1030//1014 1196//1014
f 1196//1015 1030//1015 717//1015 1031//1015
f 1020//1016 1196//1016 1031//1016 711//1016
f 722//1021 1034//1021 1198//1021 1035//1021
f 1034//1022 716//1022 1025//1022 1198//1022
f 1198//1023 1025//1023 714//1023 1036//1023
f 1035//1024 1198//1024 1036//1024 720//1024
f 719//1029 1038//1029 1200//1029 1030//1029
f 1038//1030 533//1030 727//1030 1200//1030
f 1200//1031 727//1031 531//1031 1039//1031
f 1030//1032 1200//1032 1039//1032 717//1032
f 536//1037 1041//1037 1202//1037 735//1037
f 1041//1038 722//1038 1035//1038 1202//1038
f 1202//1039 1035//1039 720//1039 1042//1039
f 735//1040 1202//1040 1042//1040 534//1040
f 531//1041 729//1041 1203//1041 1039//1041
f 537//1042 741//1042 1203//1042 729//1042
f 543//1043 751//1043 1203//1043 741//1043
f 549//1044 761//1044 1203//1044 751//1044
f 555//1045 771//1045 1203//1045 761//1045
f 561//1046 781//1046 1203//1046 771//1046
f 567//1047 791//1047 1203//1047 781//1047
f 573//1048 801//1048 1203//1048 791//1048
f 579//1049 811//1049 1203//1049 801//1049
f 585//1050 821//1050 1203//1050 811//1050
f 591//1051 831//1051 1203//1051 821//1051
f 597//1052 841//1052 1203//1052 831//1052
f 603//1053 851//1053 1203//1053 841//1053
f 609//1054 861//1054 1203//1054 851//1054
f 615//1055 871//1055 1203//1055 861//1055
f 621//1056 881//1056 1203//1056 871//1056
f 627//1057 891//1057 1203//1057 881//1057
f 633//1058 901//1058 1203//1058 891//1058
f 639//1059 911//1059 1203//1059 901//1059
f 645//1060 921//1060 1203//1060 911//1060
f 651//1061 931//1061 1203//1061 921//1061
f 657//1062 941//1062 1203//1062 931//1062
f 663//1063 951//1063 1203//1063 941//1063
f 669//1064 961//1064 1203//1064 951//1064
f 675//1065 971//1065 1203//1065 961//1065
f 681//1066 981//1066 1203//1066 971//1066
f 687//1067 991//1067 1203//1067 981//1067
f 693//1068 1001//1068 1203//1068 991//1068
f 699//1069 1011//1069 1203//1069 1001//1069
f 705//1070 1021//1070 1203//1070 1011//1070
f 711//1071 1031//1071 1203//1071 1021//1071
f 717//1072 1039//1072 1203//1072 1031//1072
f 540//1081 736//1081 1206//1081 746//1081
f 534//1082 1042//1082 1206//1082 736//1082
f 720//1083 1036//1083 1206//1083 1042//1083
f 714//1084 1026//1084 1206//1084 1036//1084
f 708//1085 1016//1085 1206//1085 1026//1085
f 702//1086 1006//1086 1206//1086 1016//1086
f 696//1087 996//1087 1206//1087 1006//1087
f 690//1088 986//1088 1206//1088 996//1088
f 684//1089 976//1089 1206//1089 986//1089
f 678//1090 966//1090 1206//1090 976//1090
f 672//1091 956//1091 1206//1091 966//1091
f 666//1092 946//1092 1206//1092 956//1092
f 660//1093 936//1093 1206//1093 946//1093
f 654//1094 926//1094 1206//1094 936//1094
f 648//1095 916//1095 1206//1095 926//1095
f 642//1096 906//1096 1206//1096 916//1096
f 636//1097 896//1097 1206//1097 906//1097
f 630//1098 886//1098 1206//1098 896//1098
f 624//1099 876//1099 1206//1099 886//1099
f 618//1100 866//1100 1206//1100 876//1100
f 612//1101 856//1101 1206//1101 866//1101
f 606//1102 846//1102 1206//1102 856//1102
f 600//1103 836//1103 1206//1103 846//1103
f 594//1104 826//1104 1206//1104 836//1104
f 588//1105 816//1105 1206//1105 826//1105
f 582//1106 806//1106 1206//1106 816//1106
f 576//1107 796//1107 1206//1107 806//1107
f 570//1108 786//1108 1206//1108 796//1108
f 564//1109 776//1109 1206//1109 786//1109
f 558//1110 766//1110 1206//1110 776//1110
f 552//1111 756//1111 1206//1111 766//1111
f 546//1112 746//1112 1206//1112 756//1112
usemtl stripe_red
f 532//529 724//529 1075//529 723//529
f 724//530 538//530 725//530 1075//530
f 1075//531 725//531 539//531 726//531
f 723//532 1075//532 726//532 533//532
f 541//537 731//537 1077//537 730//537
f 731//538 535//538 732//538 1077//538
f 1077//539 732//539 536//539 733//539
f 730//540 1077//540 733//540 542//540
f 538//545 737//545 1079//545 725//545
f 737//546 544//546 738//546 1079//546
f 1079//547 738//547 545//547 739//547
f 725//548 1079//548 739//548 539//548
f 547//553 743//553 1081//553 742//553
f 743//554 541//554 730//554 1081//554
f 1081//555 730//555 542//555 744//555
f 742//556 1081//556 744//556 548//556
f 544//561 747//561 1083//561 738//561
f 747//562 550//562 748//562 1083//562
f 1083//563 748//563 551//563 749//563
f 738//564 1083//564 749//564 545//564
f 553//569 753//569 1085//569 752//569
f 753//570 547//570 742//570 1085//570
f 1085//571 742//571 548//571 754//571
f 752//572 1085//572 754//572 554//572
f 550//577 757//577 1087//577 748//577
f 757//578 556//578 758//578 1087//578
f 1087//579 758//579 557//579 759//579
f 748//580 1087//580 759//580 551//580
f 559//585 763//585 1089//585 762//585
f 763//586 553//586 752//586 1089//586
f 1089//587 752//587 554//587 764//587
f 762//588 1089//588 764//588 560//588
f 556//593 767//593 1091//593 758//593
f 767//594 562//594 768//594 1091//594
f 1091//595 768//595 563//595 769//595
f 758//596 1091//596 769//596 557//596
f 565//601 773//601 1093//601 772//601
f 773//602 559//602 762//602 1093//602
f 1093//603 762//603 560//603 774//603
f 772//604 1093//604 774//604 566//604
f 562//609 777//609 1095//609 768//609
f 777//610 568//610 778//610 1095//610
f 1095//611 778//611 569//611 779//611
f 768//612 1095//612 779//612 563//612
f 571//617 783//617 1097//617 782//617
f 783//618 565//618 772//618 1097//618
f 1097//619 772//619 566//619 784//619
f 782//620 1097//620 784//620 572//620
f 568//625 787//625 1099//625 778//625
f 787//626 574//626 788//626 1099//626
f 1099//627 788//627 575//627 789//627
f 778//628 1099//628 789//628 569//628
f 577//633 793//633 1101//633 792//633
f 793//634 571//634 782//634 1101//634
f 1101//635 782//635 572//635 794//635
f 792//636 1101//636 794//636 578//636
f 574//641 797//641 1103//641 788//641
f 797//642 580//642 798//642 1103//642
f 1103//643 798//643 581//643 799//643
f 788//644 1103//644 799//644 575//644
f 583//649 803//649 1105//649 802//649
f 803//650 577//650 792//650 1105//650
f 1105//651 792//651 578//651 804//651
f 802//652 1105//652 804//652 584//652
f 580//657 807//657 1107//657 798//657
f 807//658 586//658 808//658 1107//658
f 1107//659 808//659 587//659 809//659
f 798//660 1107//660 809//660 581//660
f 589//665 813//665 1109//665 812//665
f 813//666 583//666 802//666 1109//666
f 1109//667 802//667 584//667 814//667
f 812//668 1109//668 814//668 590//668
f 586//673 817//673 1111//673 808//673
f 817//674 592//674 818//674 1111//674
f 1111//675 818//675 593//675 819//675
f 808//676 1111//676 819//676 587//676
f 595//681 823//681 1113//681 822//681
f 823//682 589//682 812//682 1113//682
f 1113//683 812//683 590//683 824//683
f 822//684 1113//684 824//684 596//684
f 592//689 827//689 1115//689 818//689
f 827//690 598//690 828//690 1115//690
f 1115//691 828//691 599//691 829//691
f 818//692 1115//692 829//692 593//692
f 601//697 833//697 1117//697 832//697
f 833//698 595//698 822//698 1117//698
f 1117//699 822//699 596//699 834//699
f 832//700 1117//700 834//700 602//700
f 598//705 837//705 1119//705 828//705
f 837//706 604//706 838//706 1119//706
f 1119//707 838//707 605//707 839//707
f 828//708 1119//708 839//708 599//708
f 607//713 843//713 1121//713 842//713
f 843//714 601//714 832//714 1121//714
f 1121//715 832//715 602//715 844//715
f 842//716 1121//716 844//716 608//716
f 604//721 847//721 1123//721 838//721
f 847//722 610//722 848//722 1123//722
f 1123//723 848//723 611//723 849//723
f 838//724 1123//724 849//724 605//724
f 613//729 853//729 1125//729 852//729
f 853//730 607//730 842//730 1125//730
f 1125//731 842//731 608//731 854//731
f 852//732 1125//732 854//732 614//732
f 610//737 857//737 1127//737 848//737
f 857//738 616//738 858//738 1127//738
f 1127//739 858//739 617//739 859//739
f 848//740 1127//740 859//740 611//740
f 619//745 863//745 1129//745 862//745
f 863//746 613//746 852//746 1129//746
f 1129//747 852//747 614//747 864//747
f 862//748 1129//748 864//748 620//748
f 616//753 867//753 1131//753 858//753
f 867//754 622//754 868//754 1131//754
f 1131//755 868//755 623//755 869//755
f 858//756 1131//756 869//756 617//756
f 625//761 873//761 1133//761 872//761
f 873//762 619//762 862//762 1133//762
f 1133//763 862//763 620//763 874//763
f 872//764 1133//764 874//764 626//764
f 622//769 877//769 1135//769 868//769
f 877//770 628//770 878//770 1135//770
f 1135//771 878//771 629//771 879//771
f 868//772 1135//772 879//772 623//772
f 631//777 883//777 1137//777 882//777
f 883//778 625//778 872//778 1137//778
f 1137//779 872//779 626//779 884//779
f 882//780 1137//780 884//780 632//780
f 628//785 887//785 1139//785 878//785
f 887//786 634//786 888//786 1139//786
f 1139//787 888//787 635//787 889//787
f 878//788 1139//788 889//788 629//788
f 637//793 893//793 1141//793 892//793
f 893//794 631//794 882//794 1141//794
f 1141//795 882//795 632//795 894//795
f 892//796 1141//796 894//796 638//796
f 634//801 897//801 1143//801 888//801
f 897//802 640//802 898//802 1143//802
f 1143//803 898//803 641//803 899//803
f 888//804 1143//804 899//804 635//804
f 643//809 903//809 1145//809 902//809
f 903//810 637//810 892//810 1145//810
f 1145//811 892//811 638//811 904//811
f 902//812 1145//812 904//812 644//812
f 640//817 907//817 1147//817 898//817
f 907//818 646//818 908//818 1147//818
f 1147//819 908//819 647//819 909//819
f 898//820 1147//820 909//820 641//820
f 649//825 913//825 1149//825 912//825
f 913//826 643//826 902//826 1149//826
f 1149//827 902//827 644//827 914//827
f 912//828 1149//828 914//828 650//828
f 646//833 917//833 1151//833 908//833
f 917//834 652//834 918//834 1151//834
f 1151//835 918//835 653//835 919//835
f 908//836 1151//836 919//836 647//836
f 655//841 923//841 1153//841 922//841
f 923//842 649//842 912//842 1153//842
f 1153//843 912//843 650//843 924//843
f 922//844 1153//844 924//844 656//844
f 652//849 927//849 1155//849 918//849
f 927//850 658//850 928//850 1155//850
f 1155//851 928//851 659//851 929//851
f 918//852 1155//852 929//852 653//852
f 661//857 933//857 1157//857 932//857
f 933//858 655//858 922//858 1157//858
f 1157//859 922//859 656//859 934//859
f 932//860 1157//860 934//860 662//860
f 658//865 937//865 1159//865 928//865
f 937//866 664//866 938//866 1159//866
f 1159//867 938//867 665//867 939//867
f 928//868 1159//868 939//868 659//868
f 667//873 943//873 1161//873 942//873
f 943//874 661//874 932//874 1161//874
f 1161//875 932//875 662//875 944//875
f 942//876 1161//876 944//876 668//876
f 664//881 947//881 1163//881 938//881
f 947//882 670//882 948//882 1163//882
f 1163//883 948//883 671//883 949//883
f 938//884 1163//884 949//884 665//884
f 673//889 953//889 1165//889 952//889
f 953//890 667//890 942//890 1165//890
f 1165//891 942//891 668//891 954//891
f 952//892 1165//892 954//892 674//892
f 670//897 957//897 1167//897 948//897
f 957//898 676//898 958//898 1167//898
f 1167//899 958//899 677//899 959//899
f 948//900 1167//900 959//900 671//900
f 679//905 963//905 1169//905 962//905
f 963//906 673//906 952//906 1169//906
f 1169//907 952//907 674//907 964//907
f 962//908 1169//908 964//908 680//908
f 676//913 967//913 1171//913 958//913
f 967//914 682//914 968//914 1171//914
f 1171//915 968//915 683//915 969//915
f 958//916 1171//916 969//916 677//916
f 685//921 973//921 1173//921 972//921
f 973//922 679//922 962//922 1173//922
f 1173//923 962//923 680//923 974//923
f 972//924 1173//924 974//924 686//924
f 682//929 977//929 1175//929 968//929
f 977//930 688//930 978//930 1175//930
f 1175//931 978//931 689//931 979//931
f 968//932 1175//932 979//932 683//932
f 691//937 983//937 1177//937 982//937
f 983//938 685//938 972//938 1177//938
f 1177//939 972//939 686//939 984//939
f 982//940 1177//940 984//940 692//940
f 688//945 987//945 1179//945 978//945
f 987//946 694//946 988//946 1179//946
f 1179//947 988//947 695//947 989//947
f 978//948 1179//948 989//948 689//948
f 697//953 993//953 1181//953 992//953
f 993//954 691//954 982//954 1181//954
f 1181//955 982//955 692//955 994//955
f 992//956 1181//956 994//956 698//956
f 694//961 997//961 1183//961 988//961
f 997//962 700//962 998//962 1183//962
f 1183//963 998//963 701//963 999//963
f 988//964 1183//964 999//964 695//964
f 703//969 1003//969 1185//969 1002//969
f 1003//970 697//970 992//970 1185//970
f 1185//971 992//971 698//971 1004//971
f 1002//972 1185//972 1004//972 704//972
f 700//977 1007//977 1187//977 998//977
f 1007//978 706//978 1008//978 1187//978
f 1187//979 1008//979 707//979 1009//979
f 998//980 1187//980 1009//980 701//980
f 709//985 1013//985 1189//985 1012//985
f 1013//986 703//986 1002//986 1189//986
f 1189//987 1002//987 704//987 1014//987
f 1012//988 1189//988 1014//988 710//988
f 706//993 1017//993 1191//993 1008//993
f 1017//994 712//994 1018//994 1191//994
f 1191//995 1018//995 713//995 1019//995
f 1008//996 1191//996 1019//996 707//996
f 715//1001 1023//1001 1193//1001 1022//1001
f 1023//1002 709//1002 1012//1002 1193//1002
f 1193//1003 1012//1003 710//1003 1024//1003
f 1022//1004 1193//1004 1024//1004 716//1004
f 712//1009 1027//1009 1195//1009 1018//1009
f 1027//1010 718//1010 1028//1010 1195//1010
f 1195//1011 1028//1011 719//1011 1029//1011
f 1018//1012 1195//1012 1029//1012 713//1012
f 721//1017 1033//1017 1197//1017 1032//1017
f 1033//1018 715//1018 1022//1018 1197//1018
f 1197//1019 1022//1019 716//1019 1034//1019
f 1032//1020 1197//1020 1034//1020 722//1020
f 718//1025 1037//1025 1199//1025 1028//1025
f 1037//1026 532//1026 723//1026 1199//1026
f 1199//1027 723//1027 533//1027 1038//1027
f 1028//1028 1199//1028 1038//1028 719//1028
f 535//1033 1040//1033 1201//1033 732//1033
f 1040//1034 721//1034 1032//1034 1201//1034
f 1201//1035 1032//1035 722//1035 1041//1035
f 732//1036 1201//1036 1041//1036 536//1036
f 532//1073 1043//1073 1204//1073 724//1073
f 1043//1074 535//1074 731//1074 1204//1074
f 1204//1075 731//1075 541//1075 1044//1075
f 724//1076 1204//1076 1044//1076 538//1076
f 718//1077 1045//1077 1205//1077 1037//1077
f 1045//1078 721//1078 1040//1078 1205//1078
f 1205//1079 1040//1079 535//1079 1043//1079
f 1037//1080 1205//1080 1043//1080 532//1080
f 538//1113 1044//1113 1207//1113 737//1113
f 1044//1114 541//1114 743//1114 1207//1114
f 1207//1115 743//1115 547//1115 1046//1115
f 737//1116 1207//1116 1046//1116 544//1116
f 544//1117 1046//1117 1208//1117 747//1117
f 1046//1118 547//1118 753//1118 1208//1118
f 1208//1119 753//1119 553//1119 1047//1119
f 747//1120 1208//1120 1047//1120 550//1120
f 550//1121 1047//1121 1209//1121 757//1121
f 1047//1122 553//1122 763//1122 1209//1122
f 1209//1123 763//1123 559//1123 1048//1123
f 757//1124 1209//1124 1048//1124 556//1124
f 556//1125 1048//1125 1210//1125 767//1125
f 1048//1126 559//1126 773//1126 1210//1126
f 1210//1127 773//1127 565//1127 1049//1127
f 767//1128 1210//1128 1049//1128 562//1128
f 562//1129 1049//1129 1211//1129 777//1129
f 1049//1130 565//1130 783//1130 1211//1130
f 1211//1131 783//1131 571//1131 1050//1131
f 777//1132 1211//1132 1050//1132 568//1132
f 568//1133 1050//1133 1212//1133 787//1133
f 1050//1134 571//1134 793//1134 1212//1134
f 1212//1135 793//1135 577//1135 1051//1135
f 787//1136 1212//1136 1051//1136 574//1136
f 574//1137 1051//1137 1213//1137 797//1137
f 1051//1138 577//1138 803//1138 1213//1138
f 1213//1139 803//1139 583//1139 1052//1139
f 797//1140 1213//1140 1052//1140 580//1140
f 580//1141 1052//1141 1214//1141 807//1141
f 1052//1142 583//1142 813//1142 1214//1142
f 1214//1143 813//1143 589//1143 1053//1143
f 807//1144 1214//1144 1053//1144 586//1144
f 586//1145 1053//1145 1215//1145 817//1145
f 1053//1146 589//1146 823//1146 1215//1146
f 1215//1147 823//1147 595//1147 1054//1147
f 817//1148 1215//1148 1054//1148 592//1148
f 592//1149 1054//1149 1216//1149 827//1149
f 1054//1150 595//1150 833//1150 1216//1150
f 1216//1151 833//1151 601//1151 1055//1151
f 827//1152 1216//1152 1055//1152 598//1152
f 598//1153 1055//1153 1217//1153 837//1153
f 1055//1154 601//1154 843//1154 1217//1154
f 1217//1155 843//1155 607//1155 1056//1155
f 837//1156 1217//1156 1056//1156 604//1156
f 604//1157 1056//1157 1218//1157 847//1157
f 1056//1158 607//1158 853//1158 1218//1158
f 1218//1159 853//1159 613//1159 1057//1159
f 847//1160 1218//1160 1057//1160 610//1160
f 610//1161 1057//1161 1219//1161 857//1161
f 1057//1162 613//1162 863//1162 1219//1162
f 1219//1163 863//1163 619//1163 1058//1163
f 857//1164 1219//1164 1058//1164 616//1164
f 616//1165 1058//1165 1220//1165 867//1165
f 1058//1166 619//1166 873//1166 1220//1166
f 1220//1167 873//1167 625//1167 1059//1167
f 867//1168 1220//1168 1059//1168 622//1168
f 622//1169 1059//1169 1221//1169 877//1169
f 1059//1170 625//1170 883//1170 1221//1170
f 1221//1171 883//1171 631//1171 1060//1171
f 877//1172 1221//1172 1060//1172 628//1172
f 628//1173 1060//1173 1222//1173 887//1173
f 1060//1174 631//1174 893//1174 1222//1174
f 1222//1175 893//1175 637//1175 1061//1175
f 887//1176 1222//1176 1061//1176 634//1176
f 634//1177 1061//1177 1223//1177 897//1177
f 1061//1178 637//1178 903//1178 1223//1178
f 1223//1179 903//1179 643//1179 1062//1179
f 897//1180 1223//1180 1062//1180 640//1180
f 640//1181 1062//1181 1224//1181 907//1181
f 1062//1182 643//1182 913//1182 1224//1182
f 1224//1183 913//1183 649//1183 1063//1183
f 907//1184 1224//1184 1063//1184 646//1184
f 646//1185 1063//1185 1225//1185 917//1185
f 1063//1186 649//1186 923//1186 1225//1186
f 1225//1187 923//1187 655//1187 1064//1187
f 917//1188 1225//1188 1064//1188 652//1188
f 652//1189 1064//1189 1226//1189 927//1189
f 1064//1190 655//1190 933//1190 1226//1190
f 1226//1191 933//1191 661//1191 1065//1191
f 927//1192 1226//1192 1065//1192 658//1192
f 658//1193 1065//1193 1227//1193 937//1193
f 1065//1194 661//1194 943//1194 1227//1194
f 1227//1195 943//1195 667//1195 1066//1195
f 937//1196 1227//1196 1066//1196 664//1196
f 664//1197 1066//1197 1228//1197 947//1197
f 1066//1198 667//1198 953//1198 1228//1198
f 1228//1199 953//1199 673//1199 1067//1199
f 947//1200 1228//1200 1067//1200 670//1200
f 670//1201 1067//1201 1229//1201 957//1201
f 1067//1202 673//1202 963//1202 1229//1202
f 1229//1203 963//1203 679//1203 1068//1203
f 957//1204 1229//1204 1068//1204 676//1204
f 676//1205 1068//1205 1230//1205 967//1205
f 1068//1206 679//1206 973//1206 1230//1206
f 1230//1207 973//1207 685//1207 1069//1207
f 967//1208 1230//1208 1069//1208 682//1208
f 682//1209 1069//1209 1231//1209 977//1209
f 1069//1210 685//1210 983//1210 1231//1210
f 1231//1211 983//1211 691//1211 1070//1211
f 977//1212 1231//1212 1070//1212 688//1212
f 688//1213 1070//1213 1232//1213 987//1213
f 1070//1214 691//1214 993//1214 1232//1214
f 1232//1215 993//1215 697//1215 1071//1215
f 987//1216 1232//1216 1071//1216 694//1216
f 694//1217 1071//1217 1233//1217 997//1217
f 1071//1218 697//1218 1003//1218 1233//1218
f 1233//1219 1003//1219 703//1219 1072//1219
f 997//1220 1233//1220 1072//1220 700//1220
f 700//1221 1072//1221 1234//1221 1007//1221
f 1072//1222 703//1222 1013//1222 1234//1222
f 1234//1223 1013//1223 709//1223 1073//1223
f 1007//1224 1234//1224 1073//1224 706//1224
f 706//1225 1073//1225 1235//1225 1017//1225
f 1073//1226 709//1226 1023//1226 1235//1226
f 1235//1227 1023//1227 715//1227 1074//1227
f 1017//1228 1235//1228 1074//1228 712//1228
f 712//1229 1074//1229 1236//1229 1027//1229
f 1074//1230 715//1230 1033//1230 1236//1230
f 1236//1231 1033//1231 721//1231 1045//1231
f 1027//1232 1236//1232 1045//1232 718//1232
o gallery
v -0.000000 2.160000 -1.949684
v 0.000000 2.166000 -2.000000
v -0.000000 2.161757 -1.985263
v 0.000000 2.232000 -1.949684
v 0.000000 2.226000 -2.000000
v 0.000000 2.230242 -1.985263
v 0.433846 2.160000 -1.900801
v 0.445042 2.166000 -1.949856
v 0.441763 2.161757 -1.935488
v 0.433846 2.232000 -1.900801
v 0.445042 2.226000 -1.949856
v 0.441763 2.230242 -1.935488
v 0.845936 2.160000 -1.756604
v 0.867768 2.166000 -1.801938
v 0.861373 2.161757 -1.788660
v 0.845936 2.232000 -1.756604
v 0.867768 2.226000 -1.801938
v 0.861373 2.230242 -1.788660
v 1.215608 2.160000 -1.524324
v 1.246980 2.166000 -1.563663
v 1.237791 2.161757 -1.552141
v 1.215608 2.232000 -1.524324
v 1.246980 2.226000 -1.563663
v 1.237791 2.230242 -1.552141
v 1.524324 2.160000 -1.215608
v 1.563663 2.166000 -1.246980
v 1.552141 2.161757 -1.237791
v 1.524324 2.232000 -1.215608
v 1.563663 2.226000 -1.246980
v 1.552141 2.230242 -1.237791
v 1.756604 2.160000 -0.845936
v 1.801938 2.166000 -0.867768
v 1.788660 2.161757 -0.861373
v 1.756604 2.232000 -0.845936
v 1.801938 2.226000 -0.867768
v 1.788660 2.230242 -0.861373
v 1.900801 2.160000 -0.433846
v 1.949856 2.166000 -0.445042
v 1.935488 2.161757 -0.441763
v 1.900801 2.232000 -0.433846
v 1.949856 2.226000 -0.445042
v 1.935488 2.230242 -0.441763
v 1.949684 2.160000 -0.000000
v 2.000000 2.166000 0.000000
v 1.985263 2.161757 -0.000000
v 1.949684 2.232000 0.000000
v 2.000000 2.226000 0.000000
v 1.985263 2.230242 0.000000
v 1.900801 2.160000 0.433846
v 1.949856 2.166000 0.445042
v 1.935488 2.161757 0.441763
v 1.900801 2.232000 0.433846
v 1.949856 2.226000 0.445042
v 1.935488 2.230242 0.441763
v 1.756604 2.160000 0.845936
v 1.801938 2.166000 0.867768
v 1.788660 2.161757 0.861373
v 1.756604 2.232000 0.845936
v 1.801938 2.226000 0.867768
v 1.788660 2.230242 0.861373
v 1.524324 2.160000 1.215608
v 1.563663 2.166000 1.246980
v 1.552141 2.161757 1.237791
v 1.524324 2.232000 1.215608
v 1.563663 2.226000 1.246980
v 1.552141 2.230242 1.237791
v 1.215608 2.160000 1.524324
v 1.246980 2.166000 1.563663
v 1.237791 2.161757 1.552141
v 1.215608 2.232000 1.524324
v 1.246980 2.226000 1.563663
v 1.237791 2.230242 1.552141
v 0.845936 2.160000 1.756604
v 0.867768 2.166000 1.801938
v 0.861373 2.161757 1.788660
v 0.845936 2.232000 1.756604
v 0.867768 2.226000 1.801938
v 0.861373 2.230242 1.788660
v 0.433846 2.160000 1.900801
v 0.445042 2.166000 1.949856
v 0.441763 2.161757 1.935488
v 0.433846 2.232000 1.900801
v 0.445042 2.226000 1.949856
v 0.441763 2.230242 1.935488
v 0.000000 2.160000 1.949684
v 0.000000 2.166000 2.000000
v 0.000000 2.161757 1.985263
v -0.000000 2.232000 1.949684
v 0.000000 2.226000 2.000000
v -0.000000 2.230242 1.985263
v -0.433846 2.160000 1.900801
v -0.445042 2.166000 1.949856
v -0.441763 2.161757 1.935488
v -0.433846 2.232000 1.900801
v -0.445042 2.226000 1.949856
v -0.441763 2.230242 1.935488
v -0.845936 2.160000 1.756604
v -0.867768 2.166000 1.801938
v -0.861373 2.161757 1.788660
v -0.845936 2.232000 1.756604
v -0.867768 2.226000 1.801938
v -0.861373 2.230242 1.788660
v -1.215608 2.160000 1.524324
v -1.246980 2.166000 1.563663
v -1.237791 2.161757 1.552141
v -1.215608 2.232000 1.524324
v -1.246980 2.226000 1.563663
v -1.237791 2.230242 1.552141
v -1.524324 2.160000 1.215608
v -1.563663 2.166000 1.246980
v -1.552141 2.161757 1.237791
v -1.524324 2.232000 1.215608
v -1.563663 2.226000 1.246980
v -1.552141 2.230242 1.237791
v -1.756604 2.160000 0.845936
v -1.801938 2.166000 0.867768
v -1.788660 2.161757 0.861373
v -1.756604 2.232000 0.845936
v -1.801938 2.226000 0.867768
v -1.788660 2.230242 0.861373
v -1.900801 2.160000 0.433846
v -1.949856 2.166000 0.445042
v -1.935488 2.161757 0.441763
v -1.900801 2.232000 0.433846
v -1.949856 2.226000 0.445042
v -1.935488 2.230242 0.441763
v -1.949684 2.160000 0.000000
v -2.000000 2.166000 0.000000
v -1.985263 2.161757 0.000000
v -1.949684 2.232000 -0.000000
v -2.000000 2.226000 0.000000
v -1.985263 2.230242 -0.000000
v -1.900801 2.160000 -0.433846
v -1.949856 2.166000 -0.445042
v -1.935488 2.161757 -0.441763
v -1.900801 2.232000 -0.433846
v -1.949856 2.226000 -0.445042
v -1.935488 2.230242 -0.441763
v -1.756604 2.160000 -0.845936
v -1.801938 2.166000 -0.867768
v -1.788660 2.161757 -0.861373
v -1.756604 2.232000 -0.845936
v -1.801938 2.226000 -0.867768
v -1.788660 2.230242 -0.861373
v -1.524324 2.160000 -1.215608
v -1.563663 2.166000 -1.246980
v -1.552141 2.161757 -1.237791
v -1.524324 2.232000 -1.215608
v -1.563663 2.226000 -1.246980
v -1.552141 2.230242 -1.237791
v -1.215608 2.160000 -1.524324
v -1.246980 2.166000 -1.563663
v -1.237791 2.161757 -1.552141
v -1.215608 2.232000 -1.524324
v -1.246980 2.226000 -1.563663
v -1.237791 2.230242 -1.552141
v -0.845936 2.160000 -1.756604
v -0.867768 2.166000 -1.801938
v -0.861373 2.161757 -1.788660
v -0.845936 2.232000 -1.756604
v -0.867768 2.226000 -1.801938
v -0.861373 2.230242 -1.788660
v -0.433846 2.160000 -1.900801
v -0.445042 2.166000 -1.949856
v -0.441763 2.161757 -1.935488
v -0.433846 2.232000 -1.900801
v -0.445042 2.226000 -1.949856
v -0.441763 2.230242 -1.935488
vn 0.1034 -0.3827 -0.9181
vn 0.0428 -0.9239 -0.3803
vn 0.1034 0.3827 -0.9181
vn 0.0428 0.9239 -0.3803
vn 0.3051 -0.3827 -0.8720
vn 0.1264 -0.9239 -0.3612
vn 0.3051 0.3827 -0.8720
vn 0.1264 0.9239 -0.3612
vn 0.4915 -0.3827 -0.7823
vn 0.2036 -0.9239 -0.3240
vn 0.4915 0.3827 -0.7823
vn 0.2036 0.9239 -0.3240
vn 0.6533 -0.3827 -0.6533
vn 0.2706 -0.9239 -0.2706
vn 0.6533 0.3827 -0.6533
vn 0.2706 0.9239 -0.2706
vn 0.7823 -0.3827 -0.4915
vn 0.3240 -0.9239 -0.2036
vn 0.7823 0.3827 -0.4915
vn 0.3240 0.9239 -0.2036
vn 0.8720 -0.3827 -0.3051
vn 0.3612 -0.9239 -0.1264
vn 0.8720 0.3827 -0.3051
vn 0.3612 0.9239 -0.1264
vn 0.9181 -0.3827 -0.1034
vn 0.3803 -0.9239 -0.0428
vn 0.9181 0.3827 -0.1034
vn 0.3803 0.9239 -0.0428
vn 0.9181 -0.3827 0.1034
vn 0.3803 -0.9239 0.0428
vn 0.9181 0.3827 0.1034
vn 0.3803 0.9239 0.0428
vn 0.8720 -0.3827 0.3051
vn 0.3612 -0.9239 0.1264
vn 0.8720 0.3827 0.3051
vn 0.3612 0.9239 0.1264
vn 0.7823 -0.3827 0.4915
vn 0.3240 -0.9239 0.2036
vn 0.7823 0.3827 0.4915
vn 0.3240 0.9239 0.2036
vn 0.6533 -0.3827 0.6533
vn 0.2706 -0.9239 0.2706
vn 0.6533 0.3827 0.6533
vn 0.2706 0.9239 0.2706
vn 0.4915 -0.3827 0.7823
vn 0.2036 -0.9239 0.3240
vn 0.4915 0.3827 0.7823
vn 0.2036 0.9239 0.3240
vn 0.3051 -0.3827 0.8720
vn 0.1264 -0.9239 0.3612
vn 0.3051 0.3827 0.8720
vn 0.1264 0.9239 0.3612
vn 0.1034 -0.3827 0.9181
vn 0.0428 -0.9239 0.3803
vn 0.1034 0.3827 0.9181
vn 0.0428 0.9239 0.3803
vn -0.1034 -0.3827 0.9181
vn -0.0428 -0.9239 0.3803
vn -0.1034 0.3827 0.9181
vn -0.0428 0.9239 0.3803
vn -0.3051 -0.3827 0.8720
vn -0.1264 -0.9239 0.3612
vn -0.3051 0.3827 0.8720
vn -0.1264 0.9239 0.3612
vn -0.4915 -0.3827 0.7823
vn -0.2036 -0.9239 0.3240
vn -0.4915 0.3827 0.7823
vn -0.2036 0.9239 0.3240
vn -0.6533 -0.3827 0.6533
vn -0.2706 -0.9239 0.2706
vn -0.6533 0.3827 0.6533
vn -0.2706 0.9239 0.2706
vn -0.7823 -0.3827 0.4915
vn -0.3240 -0.9239 0.2036
vn -0.7823 0.3827 0.4915
vn -0.3240 0.9239 0.2036
vn -0.8720 -0.3827 0.3051
vn -0.3612 -0.9239 0.1264
vn -0.8720 0.3827 0.3051
vn -0.3612 0.9239 0.1264
vn -0.9181 -0.3827 0.1034
vn -0.3803 -0.9239 0.0428
vn -0.9181 0.3827 0.1034
vn -0.3803 0.9239 0.0428
vn -0.9181 -0.3827 -0.1034
vn -0.3803 -0.9239 -0.0428
vn -0.9181 0.3827 -0.1034
vn -0.3803 0.9239 -0.0428
vn -0.8720 -0.3827 -0.3051
vn -0.3612 -0.9239 -0.1264
vn -0.8720 0.3827 -0.3051
vn -0.3612 0.9239 -0.1264
vn -0.7823 -0.3827 -0.4915
vn -0.3240 -0.9239 -0.2036
vn -0.7823 0.3827 -0.4915
vn -0.3240 0.9239 -0.2036
vn -0.6533 -0.3827 -0.6533
vn -0.2706 -0.9239 -0.2706
vn -0.6533 0.3827 -0.6533
vn -0.2706 0.9239 -0.2706
vn -0.4915 -0.3827 -0.7823
vn -0.2036 -0.9239 -0.3240
vn -0.4915 0.3827 -0.7823
vn -0.2036 0.9239 -0.3240
vn -0.3051 -0.3827 -0.8720
vn -0.1264 -0.9239 -0.3612
vn -0.3051 0.3827 -0.8720
vn -0.1264 0.9239 -0.3612
vn -0.1034 -0.3827 -0.9181
vn -0.0428 -0.9239 -0.3803
vn -0.1034 0.3827 -0.9181
vn -0.0428 0.9239 -0.3803
vn -0.0000 -1.0000 -0.0000
vn 0.1120 -0.0000 -0.9937
vn -0.1120 -0.0000 -0.9937
vn -0.0000 1.0000 -0.0000
vn 0.3303 -0.0000 -0.9439
vn 0.5320 -0.0000 -0.8467
vn 0.7071 -0.0000 -0.7071
vn 0.8467 -0.0000 -0.5320
vn 0.9439 -0.0000 -0.3303
vn 0.9937 -0.0000 -0.1120
vn 0.9937 -0.0000 0.1120
vn 0.9439 -0.0000 0.3303
vn 0.8467 -0.0000 0.5320
vn 0.7071 -0.0000 0.7071
vn 0.5320 -0.0000 0.8467
vn 0.3303 -0.0000 0.9439
vn 0.1120 -0.0000 0.9937
vn -0.1120 -0.0000 0.9937
vn -0.3303 -0.0000 0.9439
vn -0.5320 -0.0000 0.8467
vn -0.7071 -0.0000 0.7071
vn -0.8467 -0.0000 0.5320
vn -0.9439 -0.0000 0.3303
vn -0.9937 -0.0000 0.1120
vn -0.9937 -0.0000 -0.1120
vn -0.9439 -0.0000 -0.3303
vn -0.8467 -0.0000 -0.5320
vn -0.7071 -0.0000 -0.7071
vn -0.5320 -0.0000 -0.8467
vn -0.3303 -0.0000 -0.9439
s 0
usemtl metal
f 1238//1233 1244//1233 1245//1233 1239//1233
f 1239//1234 1245//1234 1243//1234 1237//1234
f 1247//1235 1241//1235 1242//1235 1248//1235
f 1248//1236 1242//1236 1240//1236 1246//1236
f 1244//1237 1250//1237 1251//1237 1245//1237
f 1245//1238 1251//1238 1249//1238 1243//1238
f 1253//1239 1247//1239 1248//1239 1254//1239
f 1254//1240 1248//1240 1246//1240 1252//1240
f 1250//1241 1256//1241 1257//1241 1251//1241
f 1251//1242 1257//1242 1255//1242 1249//1242
f 1259//1243 1253//1243 1254//1243 1260//1243
f 1260//1244 1254//1244 1252//1244 1258//1244
f 1256//1245 1262//1245 1263//1245 1257//1245
f 1257//1246 1263//1246 1261//1246 1255//1246
f 1265//1247 1259//1247 1260//1247 1266//1247
f 1266//1248 1260//1248 1258//1248 1264//1248
f 1262//1249 1268//1249 1269//1249 1263//1249
f 1263//1250 1269//1250 1267//1250 1261//1250
f 1271//1251 1265//1251 1266//1251 1272//1251
f 1272//1252 1266//1252 1264//1252 1270//1252
f 1268//1253 1274//1253 1275//1253 1269//1253
f 1269//1254 1275//1254 1273//1254 1267//1254
f 1277//1255 1271//1255 1272//1255 1278//1255
f 1278//1256 1272//1256 1270//1256 1276//1256
f 1274//1257 1280//1257 1281//1257 1275//1257
f 1275//1258 1281//1258 1279//1258 1273//1258
f 1283//1259 1277//1259 1278//1259 1284//1259
f 1284//1260 1278//1260 1276//1260 1282//1260
f 1280//1261 1286//1261 1287//1261 1281//1261
f 1281//1262 1287//1262 1285//1262 1279//1262
f 1289//1263 1283//1263 1284//1263 1290//1263
f 1290//1264 1284//1264 1282//1264 1288//1264
f 1286//1265 1292//1265 1293//1265 1287//1265
f 1287//1266 1293//1266 1291//1266 1285//1266
f 1295//1267 1289//1267 1290//1267 1296//1267
f 1296//1268 1290//1268 1288//1268 1294//1268
f 1292//1269 1298//1269 1299//1269 1293//1269
f 1293//1270 1299//1270 1297//1270 1291//1270
f 1301//1271 1295//1271 1296//1271 1302//1271
f 1302//1272 1296//1272 1294//1272 1300//1272
f 1298//1273 1304//1273 1305//1273 1299//1273
f 1299//1274 1305//1274 1303//1274 1297//1274
f 1307//1275 1301//1275 1302//1275 1308//1275
f 1308//1276 1302//1276 1300//1276 1306//1276
f 1304//1277 1310//1277 1311//1277 1305//1277
f 1305//1278 1311//1278 1309//1278 1303//1278
f 1313//1279 1307//1279 1308//1279 1314//1279
f 1314//1280 1308//1280 1306//1280 1312//1280
f 1310//1281 1316//1281 1317//1281 1311//1281
f 1311//1282 1317//1282 1315//1282 1309//1282
f 1319//1283 1313//1283 1314//1283 1320//1283
f 1320//1284 1314//1284 1312//1284 1318//1284
f 1316//1285 1322//1285 1323//1285 1317//1285
f 1317//1286 1323//1286 1321//1286 1315//1286
f 1325//1287 1319//1287 1320//1287 1326//1287
f 1326//1288 1320//1288 1318//1288 1324//1288
f 1322//1289 1328//1289 1329//1289 1323//1289
f 1323//1290 1329//1290 1327//1290 1321//1290
f 1331//1291 1325//1291 1326//1291 1332//1291
f 1332//1292 1326//1292 1324//1292 1330//1292
f 1328//1293 1334//1293 1335//1293 1329//1293
f 1329//1294 1335//1294 1333//1294 1327//1294
f 1337//1295 1331//1295 1332//1295 1338//1295
f 1338//1296 1332//1296 1330//1296 1336//1296
f 1334//1297 1340//1297 1341//1297 1335//1297
f 1335//1298 1341//1298 1339//1298 1333//1298
f 1343//1299 1337//1299 1338//1299 1344//1299
f 1344//1300 1338//1300 1336//1300 1342//1300
f 1340//1301 1346//1301 1347//1301 1341//1301
f 1341//1302 1347//1302 1345//1302 1339//1302
f 1349//1303 1343//1303 1344//1303 1350//1303
f 1350//1304 1344//1304 1342//1304 1348//1304
f 1346//1305 1352//1305 1353//1305 1347//1305
f 1347//1306 1353//1306 1351//1306 1345//1306
f 1355//1307 1349//1307 1350//1307 1356//1307
f 1356//1308 1350//1308 1348//1308 1354//1308
f 1352//1309 1358//1309 1359//1309 1353//1309
f 1353//1310 1359//1310 1357//1310 1351//1310
f 1361//1311 1355//1311 1356//1311 1362//1311
f 1362//1312 1356//1312 1354//1312 1360//1312
f 1358//1313 1364//1313 1365//1313 1359//1313
f 1359//1314 1365//1314 1363//1314 1357//1314
f 1367//1315 1361//1315 1362//1315 1368//1315
f 1368//1316 1362//1316 1360//1316 1366//1316
f 1364//1317 1370//1317 1371//1317 1365//1317
f 1365//1318 1371//1318 1369//1318 1363//1318
f 1373//1319 1367//1319 1368//1319 1374//1319
f 1374//1320 1368//1320 1366//1320 1372//1320
f 1370//1321 1376//1321 1377//1321 1371//1321
f 1371//1322 1377//1322 1375//1322 1369//1322
f 1379//1323 1373//1323 1374//1323 1380//1323
f 1380//1324 1374//1324 1372//1324 1378//1324
f 1376//1325 1382//1325 1383//1325 1377//1325
f 1377//1326 1383//1326 1381//1326 1375//1326
f 1385//1327 1379//1327 1380//1327 1386//1327
f 1386//1328 1380//1328 1378//1328 1384//1328
f 1382//1329 1388//1329 1389//1329 1383//1329
f 1383//1330 1389//1330 1387//1330 1381//1330
f 1391//1331 1385//1331 1386//1331 1392//1331
f 1392//1332 1386//1332 1384//1332 1390//1332
f 1388//1333 1394//1333 1395//1333 1389//1333
f 1389//1334 1395//1334 1393//1334 1387//1334
f 1397//1335 1391//1335 1392//1335 1398//1335
f 1398//1336 1392//1336 1390//1336 1396//1336
f 1394//1337 1400//1337 1401//1337 1395//1337
f 1395//1338 1401//1338 1399//1338 1393//1338
f 1403//1339 1397//1339 1398//1339 1404//1339
f 1404//1340 1398//1340 1396//1340 1402//1340
f 1400//1341 1238//1341 1239//1341 1401//1341
f 1401//1342 1239//1342 1237//1342 1399//1342
f 1241//1343 1403//1343 1404//1343 1242//1343
f 1242//1344 1404//1344 1402//1344 1240//1344
f 1237//1345 1243//1345 1249//1345 1255//1345 1261//1345 1267//1345 1273//1345 1279//1345 1285//1345 1291//1345 1297//1345 1303//1345 1309//1345 1315//1345 1321//1345 1327//1345 1333//1345 1339//1345 1345//1345 1351//1345 1357//1345 1363//1345 1369//1345 1375//1345 1381//1345 1387//1345 1393//1345 1399//1345
f 1238//1346 1241//1346 1247//1346 1244//1346
f 1400//1347 1403//1347 1241//1347 1238//1347
f 1246//1348 1240//1348 1402//1348 1396//1348 1390//1348 1384//1348 1378//1348 1372//1348 1366//1348 1360//1348 1354//1348 1348//1348 1342//1348 1336//1348 1330//1348 1324//1348 1318//1348 1312//1348 1306//1348 1300//1348 1294//1348 1288//1348 1282//1348 1276//1348 1270//1348 1264//1348 1258//1348 1252//1348
f 1244//1349 1247//1349 1253//1349 1250//1349
f 1250//1350 1253//1350 1259//1350 1256//1350
f 1256//1351 1259//1351 1265//1351 1262//1351
f 1262//1352 1265//1352 1271//1352 1268//1352
f 1268//1353 1271//1353 1277//1353 1274//1353
f 1274//1354 1277//1354 1283//1354 1280//1354
f 1280//1355 1283//1355 1289//1355 1286//1355
f 1286//1356 1289//1356 1295//1356 1292//1356
f 1292//1357 1295//1357 1301//1357 1298//1357
f 1298//1358 1301//1358 1307//1358 1304//1358
f 1304//1359 1307//1359 1313//1359 1310//1359
f 1310//1360 1313//1360 1319//1360 1316//1360
f 1316//1361 1319//1361 1325//1361 1322//1361
f 1322//1362 1325//1362 1331//1362 1328//1362
f 1328//1363 1331//1363 1337//1363 1334//1363
f 1334//1364 1337//1364 1343//1364 1340//1364
f 1340//1365 1343//1365 1349//1365 1346//1365
f 1346//1366 1349//1366 1355//1366 1352//1366
f 1352//1367 1355//1367 1361//1367 1358//1367
f 1358//1368 1361//1368 1367//1368 1364//1368
f 1364//1369 1367//1369 1373//1369 1370//1369
f 1370//1370 1373//1370 1379//1370 1376//1370
f 1376//1371 1379//1371 1385//1371 1382//1371
f 1382//1372 1385//1372 1391//1372 1388//1372
f 1388//1373 1391//1373 1397//1373 1394//1373
f 1394//1374 1397//1374 1403//1374 1400//1374
o lantern
v 0.000000 2.244000 -1.259501
v 0.000000 2.248800 -1.300000
v 0.000000 2.245406 -1.288138
v 0.000000 2.532000 -1.259501
v 0.000000 2.527200 -1.300000
v 0.000000 2.530594 -1.288138
v 0.389207 2.244000 -1.197857
v 0.401722 2.248800 -1.236373
v 0.398057 2.245406 -1.225092
v 0.389207 2.532000 -1.197857
v 0.401722 2.527200 -1.236373
v 0.398057 2.530594 -1.225092
v 0.740316 2.244000 -1.018958
v 0.764121 2.248800 -1.051722
v 0.757149 2.245406 -1.042126
v 0.740316 2.532000 -1.018958
v 0.764121 2.527200 -1.051722
v 0.757149 2.530594 -1.042126
v 1.018958 2.244000 -0.740316
v 1.051722 2.248800 -0.764121
v 1.042126 2.245406 -0.757149
v 1.018958 2.532000 -0.740316
v 1.051722 2.527200 -0.764121
v 1.042126 2.530594 -0.757149
v 1.197857 2.244000 -0.389207
v 1.236373 2.248800 -0.401722
v 1.225092 2.245406 -0.398057
v 1.197857 2.532000 -0.389207
v 1.236373 2.527200 -0.401722
v 1.225092 2.530594 -0.398057
v 1.259501 2.244000 0.000000
v 1.300000 2.248800 0.000000
v 1.288138 2.245406 0.000000
v 1.259501 2.532000 0.000000
v 1.300000 2.527200 0.000000
v 1.288138 2.530594 0.000000
v 1.197857 2.244000 0.389207
v 1.236373 2.248800 0.401722
v 1.225092 2.245406 0.398057
v 1.197857 2.532000 0.389207
v 1.236373 2.527200 0.401722
v 1.225092 2.530594 0.398057
v 1.018958 2.244000 0.740316
v 1.051722 2.248800 0.764121
v 1.042126 2.245406 0.757149
v 1.018958 2.532000 0.740316
v 1.051722 2.527200 0.764121
v 1.042126 2.530594 0.757149
v 0.740316 2.244000 1.018958
v 0.764121 2.248800 1.051722
v 0.757149 2.245406 1.042126
v 0.740316 2.532000 1.018958
v 0.764121 2.527200 1.051722
v 0.757149 2.530594 1.042126
v 0.389207 2.244000 1.197857
v 0.401722 2.248800 1.236373
v 0.398057 2.245406 1.225092
v 0.389207 2.532000 1.197857
v 0.401722 2.527200 1.236373
v 0.398057 2.530594 1.225092
v 0.000000 2.244000 1.259501
v 0.000000 2.248800 1.300000
v 0.000000 2.245406 1.288138
v 0.000000 2.532000 1.259501
v 0.000000 2.527200 1.300000
v 0.000000 2.530594 1.288138
v -0.389207 2.244000 1.197857
v -0.401722 2.248800 1.236373
v -0.398057 2.245406 1.225092
v -0.389207 2.532000 1.197857
v -0.401722 2.527200 1.236373
v -0.398057 2.530594 1.225092
v -0.740316 2.244000 1.018958
v -0.764121 2.248800 1.051722
v -0.757149 2.245406 1.042126
v -0.740316 2.532000 1.018958
v -0.764121 2.527200 1.051722
v -0.757149 2.530594 1.042126
v -1.018958 2.244000 0.740316
v -1.051722 2.248800 0.764121
v -1.042126 2.245406 0.757149
v -1.018958 2.532000 0.740316
v -1.051722 2.527200 0.764121
v -1.042126 2.530594 0.757149
v -1.197857 2.244000 0.389207
v -1.236373 2.248800 0.401722
v -1.225092 2.245406 0.398057
v -1.197857 2.532000 0.389207
v -1.236373 2.527200 0.401722
v -1.225092 2.530594 0.398057
v -1.259501 2.244000 0.000000
v -1.300000 2.248800 0.000000
v -1.288138 2.245406 0.000000
v -1.259501 2.532000 0.000000
v -1.300000 2.527200 0.000000
v -1.288138 2.530594 0.000000
v -1.197857 2.244000 -0.389207
v -1.236373 2.248800 -0.401722
v -1.225092 2.245406 -0.398057
v -1.197857 2.532000 -0.389207
v -1.236373 2.527200 -0.401722
v -1.225092 2.530594 -0.398057
v -1.018958 2.244000 -0.740316
v -1.051722 2.248800 -0.764121
v -1.042126 2.245406 -0.757149
v -1.018958 2.532000 -0.740316
v -1.051722 2.527200 -0.764121
v -1.042126 2.530594 -0.757149
v -0.740316 2.244000 -1.018958
v -0.764121 2.248800 -1.051722
v -0.757149 2.245406 -1.042126
v -0.740316 2.532000 -1.018958
v -0.764121 2.527200 -1.051722
v -0.757149 2.530594 -1.042126
v -0.389207 2.244000 -1.197857
v -0.401722 2.248800 -1.236373
v -0.398057 2.245406 -1.225092
v -0.389207 2.532000 -1.197857
v -0.401722 2.527200 -1.236373
v -0.398057 2.530594 -1.225092
vn 0.1445 -0.3827 -0.9125
vn 0.0599 -0.9239 -0.3780
vn 0.1445 0.3827 -0.9125
vn 0.0599 0.9239 -0.3780
vn 0.4194 -0.3827 -0.8232
vn 0.1737 -0.9239 -0.3410
vn 0.4194 0.3827 -0.8232
vn 0.1737 0.9239 -0.3410
vn 0.6533 -0.3827 -0.6533
vn 0.2706 -0.9239 -0.2706
vn 0.6533 0.3827 -0.6533
vn 0.2706 0.9239 -0.2706
vn 0.8232 -0.3827 -0.4194
vn 0.3410 -0.9239 -0.1737
vn 0.8232 0.3827 -0.4194
vn 0.3410 0.9239 -0.1737
vn 0.9125 -0.3827 -0.1445
vn 0.3780 -0.9239 -0.0599
vn 0.9125 0.3827 -0.1445
vn 0.3780 0.9239 -0.0599
vn 0.9125 -0.3827 0.1445
vn 0.3780 -0.9239 0.0599
vn 0.9125 0.3827 0.1445
vn 0.3780 0.9239 0.0599
vn 0.8232 -0.3827 0.4194
vn 0.3410 -0.9239 0.1737
vn 0.8232 0.3827 0.4194
vn 0.3410 0.9239 0.1737
vn 0.6533 -0.3827 0.6533
vn 0.2706 -0.9239 0.2706
vn 0.6533 0.3827 0.6533
vn 0.2706 0.9239 0.2706
vn 0.4194 -0.3827 0.8232
vn 0.1737 -0.9239 0.3410
vn 0.4194 0.3827 0.8232
vn 0.1737 0.9239 0.3410
vn 0.1445 -0.3827 0.9125
vn 0.0599 -0.9239 0.3780
vn 0.1445 0.3827 0.9125
vn 0.0599 0.9239 0.3780
vn -0.1445 -0.3827 0.9125
vn -0.0599 -0.9239 0.3780
vn -0.1445 0.3827 0.9125
vn -0.0599 0.9239 0.3780
vn -0.4194 -0.3827 0.8232
vn -0.1737 -0.9239 0.3410
vn -0.4194 0.3827 0.8232
vn -0.1737 0.9239 0.3410
vn -0.6533 -0.3827 0.6533
vn -0.2706 -0.9239 0.2706
vn -0.6533 0.3827 0.6533
vn -0.2706 0.9239 0.2706
vn -0.8232 -0.3827 0.4194
vn -0.3410 -0.9239 0.1737
vn -0.8232 0.3827 0.4194
vn -0.3410 0.9239 0.1737
vn -0.9125 -0.3827 0.1445
vn -0.3780 -0.9239 0.0599
vn -0.9125 0.3827 0.1445
vn -0.3780 0.9239 0.0599
vn -0.9125 -0.3827 -0.1445
vn -0.3780 -0.9239 -0.0599
vn -0.9125 0.3827 -0.1445
vn -0.3780 0.9239 -0.0599
vn -0.8232 -0.3827 -0.4194
vn -0.3410 -0.9239 -0.1737
vn -0.8232 0.3827 -0.4194
vn -0.3410 0.9239 -0.1737
vn -0.6533 -0.3827 -0.6533
vn -0.2706 -0.9239 -0.2706
vn -0.6533 0.3827 -0.6533
vn -0.2706 0.9239 -0.2706
vn -0.4194 -0.3827 -0.8232
vn -0.1737 -0.9239 -0.3410
vn -0.4194 0.3827 -0.8232
vn -0.1737 0.9239 -0.3410
vn -0.1445 -0.3827 -0.9125
vn -0.0599 -0.9239 -0.3780
vn -0.1445 0.3827 -0.9125
vn -0.0599 0.9239 -0.3780
vn -0.0000 -1.0000 -0.0000
vn 0.1564 -0.0000 -0.9877
vn -0.1564 -0.0000 -0.9877
vn -0.0000 1.0000 -0.0000
vn 0.4540 -0.0000 -0.8910
vn 0.7071 -0.0000 -0.7071
vn 0.8910 -0.0000 -0.4540
vn 0.9877 -0.0000 -0.1564
vn 0.9877 -0.0000 0.1564
vn 0.8910 -0.0000 0.4540
vn 0.7071 -0.0000 0.7071
vn 0.4540 -0.0000 0.8910
vn 0.1564 -0.0000 0.9877
vn -0.1564 -0.0000 0.9877
vn -0.4540 -0.0000 0.8910
vn -0.7071 -0.0000 0.7071
vn -0.8910 -0.0000 0.4540
vn -0.9877 -0.0000 0.1564
vn -0.9877 -0.0000 -0.1564
vn -0.8910 -0.0000 -0.4540
vn -0.7071 -0.0000 -0.7071
vn -0.4540 -0.0000 -0.8910
s 0
usemtl glass
f 1406//1375 1412//1375 1413//1375 1407//1375
f 1407//1376 1413//1376 1411//1376 1405//1376
f 1415//1377 1409//1377 1410//1377 1416//1377
f 1416//1378 1410//1378 1408//1378 1414//1378
f 1412//1379 1418//1379 1419//1379 1413//1379
f 1413//1380 1419//1380 1417//1380 1411//1380
f 1421//1381 1415//1381 1416//1381 1422//1381
f 1422//1382 1416//1382 1414//1382 1420//1382
f 1418//1383 1424//1383 1425//1383 1419//1383
f 1419//1384 1425//1384 1423//1384 1417//1384
f 1427//1385 1421//1385 1422//1385 1428//1385
f 1428//1386 1422//1386 1420//1386 1426//1386
f 1424//1387 1430//1387 1431//1387 1425//1387
f 1425//1388 1431//1388 1429//1388 1423//1388
f 1433//1389 1427//1389 1428//1389 1434//1389
f 1434//1390 1428//1390 1426//1390 1432//1390
f 1430//1391 1436//1391 1437//1391 1431//1391
f 1431//1392 1437//1392 1435//1392 1429//1392
f 1439//1393 1433//1393 1434//1393 1440//1393
f 1440//1394 1434//1394 1432//1394 1438//1394
f 1436//1395 1442//1395 1443//1395 1437//1395
f 1437//1396 1443//1396 1441//1396 1435//1396
f 1445//1397 1439//1397 1440//1397 1446//1397
f 1446//1398 1440//1398 1438//1398 1444//1398
f 1442//1399 1448//1399 1449//1399 1443//1399
f 1443//1400 1449//1400 1447//1400 1441//1400
f 1451//1401 1445//1401 1446//1401 1452//1401
f 1452//1402 1446//1402 1444//1402 1450//1402
f 1448//1403 1454//1403 1455//1403 1449//1403
f 1449//1404 1455//1404 1453//1404 1447//1404
f 1457//1405 1451//1405 1452//1405 1458//1405
f 1458//1406 1452//1406 1450//1406 1456//1406
f 1454//1407 1460//1407 1461//1407 1455//1407
f 1455//1408 1461//1408 1459//1408 1453//1408
f 1463//1409 1457//1409 1458//1409 1464//1409
f 1464//1410 1458//1410 1456//1410 1462//1410
f 1460//1411 1466//1411 1467//1411 1461//1411
f 1461//1412 1467//1412 1465//1412 1459//1412
f 1469//1413 1463//1413 1464//1413 1470//1413
f 1470//1414 1464//1414 1462//1414 1468//1414
f 1466//1415 1472//1415 1473//1415 1467//1415
f 1467//1416 1473//1416 1471//1416 1465//1416
f 1475//1417 1469//1417 1470//1417 1476//1417
f 1476//1418 1470//1418 1468//1418 1474//1418
f 1472//1419 1478//1419 1479//1419 1473//1419
f 1473//1420 1479//1420 1477//1420 1471//1420
f 1481//1421 1475//1421 1476//1421 1482//1421
f 1482//1422 1476//1422 1474//1422 1480//1422
f 1478//1423 1484//1423 1485//1423 1479//1423
f 1479//1424 1485//1424 1483//1424 1477//1424
f 1487//1425 1481//1425 1482//1425 1488//1425
f 1488//1426 1482//1426 1480//1426 1486//1426
f 1484//1427 1490//1427 1491//1427 1485//1427
f 1485//1428 1491//1428 1489//1428 1483//1428
f 1493//1429 1487//1429 1488//1429 1494//1429
f 1494//1430 1488//1430 1486//1430 1492//1430
f 1490//1431 1496//1431 1497//1431 1491//1431
f 1491//1432 1497//1432 1495//1432 1489//1432
f 1499//1433 1493//1433 1494//1433 1500//1433
f 1500//1434 1494//1434 1492//1434 1498//1434
f 1496//1435 1502//1435 1503//1435 1497//1435
f 1497//1436 1503//1436 1501//1436 1495//1436
f 1505//1437 1499//1437 1500//1437 1506//1437
f 1506//1438 1500//1438 1498//1438 1504//1438
f 1502//1439 1508//1439 1509//1439 1503//1439
f 1503//1440 1509//1440 1507//1440 1501//1440
f 1511//1441 1505//1441 1506//1441 1512//1441
f 1512//1442 1506//1442 1504//1442 1510//1442
f 1508//1443 1514//1443 1515//1443 1509//1443
f 1509//1444 1515//1444 1513//1444 1507//1444
f 1517//1445 1511//1445 1512//1445 1518//1445
f 1518//1446 1512//1446 1510//1446 1516//1446
f 1514//1447 1520//1447 1521//1447 1515//1447
f 1515//1448 1521//1448 1519//1448 1513//1448
f 1523//1449 1517//1449 1518//1449 1524//1449
f 1524//1450 1518//1450 1516//1450 1522//1450
f 1520//1451 1406//1451 1407//1451 1521//1451
f 1521//1452 1407//1452 1405//1452 1519//1452
f 1409//1453 1523//1453 1524//1453 1410//1453
f 1410//1454 1524//1454 1522//1454 1408//1454
f 1405//1455 1411//1455 1417//1455 1423//1455 1429//1455 1435//1455 1441//1455 1447//1455 1453//1455 1459//1455 1465//1455 1471//1455 1477//1455 1483//1455 1489//1455 1495//1455 1501//1455 1507//1455 1513//1455 1519//1455
f 1406//1456 1409//1456 1415//1456 1412//1456
f 1520//1457 1523//1457 1409//1457 1406//1457
f 1414//1458 1408//1458 1522//1458 1516//1458 1510//1458 1504//1458 1498//1458 1492//1458 1486//1458 1480//1458 1474//1458 1468//1458 1462//1458 1456//1458 1450//1458 1444//1458 1438//1458 1432//1458 1426//1458 1420//1458
f 1412//1459 1415//1459 1421//1459 1418//1459
f 1418//1460 1421//1460 1427//1460 1424//1460
f 1424//1461 1427//1461 1433//1461 1430//1461
f 1430//1462 1433//1462 1439//1462 1436//1462
f 1436//1463 1439//1463 1445//1463 1442//1463
f 1442//1464 1445//1464 1451//1464 1448//1464
f 1448//1465 1451//1465 1457//1465 1454//1465
f 1454//1466 1457//1466 1463//1466 1460//1466
f 1460//1467 1463//1467 1469//1467 1466//1467
f 1466//1468 1469//1468 1475//1468 1472//1468
f 1472//1469 1475//1469 1481//1469 1478//1469
f 1478//1470 1481//1470 1487//1470 1484//1470
f 1484//1471 1487//1471 1493//1471 1490//1471
f 1490//1472 1493//1472 1499//1472 1496//1472
f 1496//1473 1499//1473 1505//1473 1502//1473
f 1502//1474 1505//1474 1511//1474 1508//1474
f 1508//1475 1511//1475 1517//1475 1514//1475
f 1514//1476 1517//1476 1523//1476 1520//1476
o roof
v -0.000000 2.802144 0.000000
v 0.000000 2.580285 -1.287341
v 0.000000 2.617152 -1.356942
v 0.000000 2.581409 -1.558948
v 0.333188 2.580285 -1.243476
v 0.351202 2.617152 -1.310705
v 0.403485 2.581409 -1.505828
v 0.643670 2.580285 -1.114870
v 0.678471 2.617152 -1.175146
v 0.779474 2.581409 -1.350088
v 0.910287 2.580285 -0.910287
v 0.959503 2.617152 -0.959503
v 1.102343 2.581409 -1.102343
v 1.114870 2.580285 -0.643670
v 1.175146 2.617152 -0.678471
v 1.350088 2.581409 -0.779474
v 1.243476 2.580285 -0.333188
v 1.310705 2.617152 -0.351202
v 1.505828 2.581409 -0.403485
v 1.287341 2.580285 -0.000000
v 1.356942 2.617152 0.000000
v 1.558948 2.581409 0.000000
v 1.243476 2.580285 0.333188
v 1.310705 2.617152 0.351202
v 1.505828 2.581409 0.403485
v 1.114870 2.580285 0.643670
v 1.175146 2.617152 0.678471
v 1.350088 2.581409 0.779474
v 0.910287 2.580285 0.910287
v 0.959503 2.617152 0.959503
v 1.102343 2.581409 1.102343
v 0.643670 2.580285 1.114870
v 0.678471 2.617152 1.175146
v 0.779474 2.581409 1.350088
v 0.333188 2.580285 1.243476
v 0.351202 2.617152 1.310705
v 0.403485 2.581409 1.505828
v -0.000000 2.580285 1.287341
v 0.000000 2.617152 1.356942
v 0.000000 2.581409 1.558948
v -0.333188 2.580285 1.243476
v -0.351202 2.617152 1.310705
v -0.403485 2.581409 1.505828
v -0.643670 2.580285 1.114870
v -0.678471 2.617152 1.175146
v -0.779474 2.581409 1.350088
v -0.910287 2.580285 0.910287
v -0.959503 2.617152 0.959503
v -1.102343 2.581409 1.102343
v -1.114870 2.580285 0.643670
v -1.175146 2.617152 0.678471
v -1.350088 2.581409 0.779474
v -1.243476 2.580285 0.333188
v -1.310705 2.617152 0.351202
v -1.505828 2.581409 0.403485
v -1.287341 2.580285 -0.000000
v -1.356942 2.617152 0.000000
v -1.558948 2.581409 0.000000
v -1.243476 2.580285 -0.333188
v -1.310705 2.617152 -0.351202
v -1.505828 2.581409 -0.403485
v -1.114870 2.580285 -0.643670
v -1.175146 2.617152 -0.678471
v -1.350088 2.581409 -0.779474
v -0.910287 2.580285 -0.910287
v -0.959503 2.617152 -0.959503
v -1.102343 2.581409 -1.102343
v -0.643670 2.580285 -1.114870
v -0.678471 2.617152 -1.175146
v -0.779474 2.581409 -1.350088
v -0.333188 2.580285 -1.243476
v -0.351202 2.617152 -1.310705
v -0.403485 2.581409 -1.505828
v 0.000000 2.586708 -1.535165
v 0.179036 2.614744 -1.359911
v 0.397330 2.586708 -1.482856
v 0.203481 2.581409 -1.545591
v 0.000000 2.580640 -1.511717
v 0.391261 2.580640 -1.460207
v 0.148847 2.580223 -1.130609
v 0.524906 2.614744 -1.267235
v 0.767583 2.586708 -1.329492
v 0.596576 2.581409 -1.440262
v 0.755859 2.580640 -1.309186
v 0.436399 2.580223 -1.053559
v 0.835005 2.614744 -1.088200
v 1.085526 2.586708 -1.085526
v 0.949016 2.581409 -1.236781
v 1.068946 2.580640 -1.068946
v 0.694210 2.580223 -0.904712
v 1.088200 2.614744 -0.835005
v 1.329492 2.586708 -0.767583
v 1.236781 2.581409 -0.949015
v 1.309186 2.580640 -0.755859
v 0.904712 2.580223 -0.694210
v 1.267235 2.614744 -0.524906
v 1.482855 2.586708 -0.397330
v 1.440262 2.581409 -0.596576
v 1.460207 2.580640 -0.391261
v 1.053560 2.580223 -0.436399
v 1.359911 2.614744 -0.179036
v 1.535165 2.586708 0.000000
v 1.545592 2.581409 -0.203481
v 1.511717 2.580640 0.000000
v 1.130609 2.580223 -0.148847
v 1.359911 2.614744 0.179036
v 1.482856 2.586708 0.397330
v 1.545591 2.581409 0.203481
v 1.460207 2.580640 0.391261
v 1.130609 2.580223 0.148847
v 1.267235 2.614744 0.524906
v 1.329492 2.586708 0.767583
v 1.440262 2.581409 0.596576
v 1.309186 2.580640 0.755859
v 1.053559 2.580223 0.436399
v 1.088200 2.614744 0.835005
v 1.085526 2.586708 1.085526
v 1.236781 2.581409 0.949016
v 1.068946 2.580640 1.068946
v 0.904712 2.580223 0.694210
v 0.835005 2.614744 1.088200
v 0.767583 2.586708 1.329492
v 0.949015 2.581409 1.236781
v 0.755859 2.580640 1.309186
v 0.694210 2.580223 0.904712
v 0.524906 2.614744 1.267235
v 0.397330 2.586708 1.482855
v 0.596576 2.581409 1.440262
v 0.391261 2.580640 1.460207
v 0.436399 2.580223 1.053560
v 0.179036 2.614744 1.359911
v -0.000000 2.586708 1.535165
v 0.203481 2.581409 1.545592
v -0.000000 2.580640 1.511717
v 0.148847 2.580223 1.130609
v -0.179036 2.614744 1.359911
v -0.397330 2.586708 1.482856
v -0.203481 2.581409 1.545591
v -0.391261 2.580640 1.460207
v -0.148847 2.580223 1.130609
v -0.524906 2.614744 1.267235
v -0.767583 2.586708 1.329492
v -0.596576 2.581409 1.440262
v -0.755859 2.580640 1.309186
v -0.436399 2.580223 1.053559
v -0.835005 2.614744 1.088200
v -1.085526 2.586708 1.085526
v -0.949016 2.581409 1.236781
v -1.068946 2.580640 1.068946
v -0.694210 2.580223 0.904712
v -1.088200 2.614744 0.835005
v -1.329492 2.586708 0.767583
v -1.236781 2.581409 0.949015
v -1.309186 2.580640 0.755859
v -0.904712 2.580223 0.694210
v -1.267235 2.614744 0.524906
v -1.482855 2.586708 0.397330
v -1.440262 2.581409 0.596576
v -1.460207 2.580640 0.391261
v -1.053559 2.580223 0.436399
v -1.359911 2.614744 0.179036
v -1.535165 2.586708 -0.000000
v -1.545592 2.581409 0.203481
v -1.511717 2.580640 -0.000000
v -1.130609 2.580223 0.148847
v -1.359911 2.614744 -0.179036
v -1.482856 2.586708 -0.397330
v -1.545591 2.581409 -0.203481
v -1.460207 2.580640 -0.391261
v -1.130609 2.580223 -0.148847
v -1.267235 2.614744 -0.524906
v -1.329492 2.586708 -0.767583
v -1.440262 2.581409 -0.596576
v -1.309186 2.580640 -0.755859
v -1.053559 2.580223 -0.436399
v -1.088200 2.614744 -0.835005
v -1.085526 2.586708 -1.085526
v -1.236781 2.581409 -0.949016
v -1.068946 2.580640 -1.068946
v -0.904712 2.580223 -0.694210
v -0.835005 2.614744 -1.088200
v -0.767583 2.586708 -1.329492
v -0.949015 2.581409 -1.236781
v -0.755859 2.580640 -1.309186
v -0.694210 2.580223 -0.904712
v -0.524906 2.614744 -1.267235
v -0.397330 2.586708 -1.482855
v -0.596576 2.581409 -1.440262
v -0.391261 2.580640 -1.460207
v -0.436399 2.580223 -1.053560
v -0.179036 2.614744 -1.359911
v -0.203481 2.581409 -1.545592
v -0.148847 2.580223 -1.130609
v 0.000000 2.688400 -0.917702
v 0.237519 2.688400 -0.886432
v -0.237519 2.688400 -0.886432
v 0.458851 2.688400 -0.794753
v 0.648913 2.688400 -0.648913
v 0.794753 2.688400 -0.458851
v 0.886432 2.688400 -0.237519
v 0.917702 2.688400 0.000000
v 0.886432 2.688400 0.237519
v 0.794753 2.688400 0.458851
v 0.648913 2.688400 0.648913
v 0.458851 2.688400 0.794753
v 0.237519 2.688400 0.886432
v -0.000000 2.688400 0.917702
v -0.237519 2.688400 0.886432
v -0.458851 2.688400 0.794753
v -0.648913 2.688400 0.648913
v -0.794753 2.688400 0.458851
v -0.886432 2.688400 0.237519
v -0.917702 2.688400 -0.000000
v -0.886432 2.688400 -0.237519
v -0.794753 2.688400 -0.458851
v -0.648913 2.688400 -0.648913
v -0.458851 2.688400 -0.794753
v 0.200617 2.586407 -1.523837
v 0.195773 2.580634 -1.487047
v 0.588179 2.586407 -1.419990
v 0.573979 2.580634 -1.385707
v 0.935658 2.586407 -1.219373
v 0.913069 2.580634 -1.189934
v 1.219373 2.586407 -0.935658
v 1.189934 2.580634 -0.913069
v 1.419990 2.586407 -0.588179
v 1.385708 2.580634 -0.573979
v 1.523837 2.586407 -0.200617
v 1.487047 2.580634 -0.195773
v 1.523837 2.586407 0.200617
v 1.487047 2.580634 0.195773
v 1.419990 2.586407 0.588179
v 1.385707 2.580634 0.573979
v 1.219373 2.586407 0.935658
v 1.189934 2.580634 0.913069
v 0.935658 2.586407 1.219373
v 0.913069 2.580634 1.189934
v 0.588179 2.586407 1.419990
v 0.573979 2.580634 1.385708
v 0.200617 2.586407 1.523837
v 0.195773 2.580634 1.487047
v -0.200617 2.586407 1.523837
v -0.195774 2.580634 1.487047
v -0.588179 2.586407 1.419990
v -0.573979 2.580634 1.385707
v -0.935658 2.586407 1.219373
v -0.913069 2.580634 1.189934
v -1.219373 2.586407 0.935658
v -1.189934 2.580634 0.913069
v -1.419990 2.586407 0.588179
v -1.385708 2.580634 0.573979
v -1.523837 2.586407 0.200617
v -1.487047 2.580634 0.195773
v -1.523837 2.586407 -0.200617
v -1.487047 2.580634 -0.195774
v -1.419990 2.586407 -0.588179
v -1.385707 2.580634 -0.573979
v -1.219373 2.586407 -0.935658
v -1.189934 2.580634 -0.913069
v -0.935658 2.586407 -1.219373
v -0.913069 2.580634 -1.189934
v -0.588179 2.586407 -1.419990
v -0.573979 2.580634 -1.385708
v -0.200617 2.586407 -1.523837
v -0.195773 2.580634 -1.487047
v -0.000000 2.580029 -0.000000
v 0.136564 2.668402 -1.037309
v -0.136564 2.668402 -1.037309
v 0.400386 2.668402 -0.966618
v 0.636923 2.668402 -0.830054
v 0.830054 2.668402 -0.636923
v 0.966618 2.668402 -0.400386
v 1.037309 2.668402 -0.136564
v 1.037309 2.668402 0.136564
v 0.966618 2.668402 0.400386
v 0.830054 2.668402 0.636923
v 0.636923 2.668402 0.830054
v 0.400386 2.668402 0.966618
v 0.136564 2.668402 1.037309
v -0.136564 2.668402 1.037309
v -0.400386 2.668402 0.966618
v -0.636923 2.668402 0.830054
v -0.830054 2.668402 0.636923
v -0.966618 2.668402 0.400386
v -1.037309 2.668402 0.136564
v -1.037309 2.668402 -0.136564
v -0.966618 2.668402 -0.400386
v -0.830054 2.668402 -0.636923
v -0.636923 2.668402 -0.830054
v -0.400386 2.668402 -0.966618
vn 0.0521 0.5734 -0.8176
vn 0.1613 0.5734 -0.8032
vn 0.1732 0.4695 -0.8658
vn 0.0567 0.4695 -0.8811
vn 0.0113 -0.9927 -0.1200
vn 0.0201 -0.9927 -0.1188
vn -0.0011 -0.9999 -0.0113
vn 0.0040 -0.9999 -0.0107
vn 0.2619 0.5734 -0.7763
vn 0.3637 0.5734 -0.7341
vn 0.3914 0.4695 -0.7914
vn 0.2828 0.4695 -0.8364
vn 0.0420 -0.9927 -0.1130
vn 0.0502 -0.9927 -0.1096
vn 0.0019 -0.9999 -0.0112
vn 0.0066 -0.9999 -0.0093
vn 0.4539 0.5734 -0.6820
vn 0.5413 0.5734 -0.6150
vn 0.5829 0.4695 -0.6632
vn 0.4897 0.4695 -0.7347
vn 0.0698 -0.9927 -0.0983
vn 0.0769 -0.9927 -0.0928
vn 0.0047 -0.9999 -0.0103
vn 0.0088 -0.9999 -0.0073
vn 0.6150 0.5734 -0.5413
vn 0.6820 0.5734 -0.4539
vn 0.7347 0.4695 -0.4897
vn 0.6632 0.4695 -0.5829
vn 0.0928 -0.9927 -0.0769
vn 0.0983 -0.9927 -0.0698
vn 0.0073 -0.9999 -0.0088
vn 0.0103 -0.9999 -0.0047
vn 0.7341 0.5734 -0.3637
vn 0.7763 0.5734 -0.2619
vn 0.8364 0.4695 -0.2828
vn 0.7914 0.4695 -0.3914
vn 0.1096 -0.9927 -0.0502
vn 0.1130 -0.9927 -0.0420
vn 0.0093 -0.9999 -0.0066
vn 0.0112 -0.9999 -0.0019
vn 0.8032 0.5734 -0.1613
vn 0.8176 0.5734 -0.0521
vn 0.8811 0.4695 -0.0567
vn 0.8658 0.4695 -0.1732
vn 0.1188 -0.9927 -0.0201
vn 0.1200 -0.9927 -0.0113
vn 0.0107 -0.9999 -0.0040
vn 0.0113 -0.9999 0.0011
vn 0.8176 0.5734 0.0521
vn 0.8032 0.5734 0.1613
vn 0.8658 0.4695 0.1732
vn 0.8811 0.4695 0.0567
vn 0.1200 -0.9927 0.0113
vn 0.1188 -0.9927 0.0201
vn 0.0113 -0.9999 -0.0011
vn 0.0107 -0.9999 0.0040
vn 0.7763 0.5734 0.2619
vn 0.7341 0.5734 0.3637
vn 0.7914 0.4695 0.3914
vn 0.8364 0.4695 0.2828
vn 0.1130 -0.9927 0.0420
vn 0.1096 -0.9927 0.0502
vn 0.0112 -0.9999 0.0019
vn 0.0093 -0.9999 0.0066
vn 0.6820 0.5734 0.4539
vn 0.6150 0.5734 0.5413
vn 0.6632 0.4695 0.5829
vn 0.7347 0.4695 0.4897
vn 0.0983 -0.9927 0.0698
vn 0.0928 -0.9927 0.0769
vn 0.0103 -0.9999 0.0047
vn 0.0073 -0.9999 0.0088
vn 0.5413 0.5734 0.6150
vn 0.4539 0.5734 0.6820
vn 0.4897 0.4695 0.7347
vn 0.5829 0.4695 0.6632
vn 0.0769 -0.9927 0.0928
vn 0.0698 -0.9927 0.0983
vn 0.0088 -0.9999 0.0073
vn 0.0047 -0.9999 0.0103
vn 0.3637 0.5734 0.7341
vn 0.2619 0.5734 0.7763
vn 0.2828 0.4695 0.8364
vn 0.3914 0.4695 0.7914
vn 0.0502 -0.9927 0.1096
vn 0.0420 -0.9927 0.1130
vn 0.0066 -0.9999 0.0093
vn 0.0019 -0.9999 0.0112
vn 0.1613 0.5734 0.8032
vn 0.0521 0.5734 0.8176
vn 0.0567 0.4695 0.8811
vn 0.1732 0.4695 0.8658
vn 0.0201 -0.9927 0.1188
vn 0.0113 -0.9927 0.1200
vn 0.0040 -0.9999 0.0107
vn -0.0011 -0.9999 0.0113
vn -0.0521 0.5734 0.8176
vn -0.1613 0.5734 0.8032
vn -0.1732 0.4695 0.8658
vn -0.0567 0.4695 0.8811
vn -0.0113 -0.9927 0.1200
vn -0.0201 -0.9927 0.1188
vn 0.0011 -0.9999 0.0113
vn -0.0040 -0.9999 0.0107
vn -0.2619 0.5734 0.7763
vn -0.3637 0.5734 0.7341
vn -0.3914 0.4695 0.7914
vn -0.2828 0.4695 0.8364
vn -0.0420 -0.9927 0.1130
vn -0.0502 -0.9927 0.1096
vn -0.0019 -0.9999 0.0112
vn -0.0066 -0.9999 0.0093
vn -0.4539 0.5734 0.6820
vn -0.5413 0.5734 0.6150
vn -0.5829 0.4695 0.6632
vn -0.4897 0.4695 0.7347
vn -0.0698 -0.9927 0.0983
vn -0.0769 -0.9927 0.0928
vn -0.0047 -0.9999 0.0103
vn -0.0088 -0.9999 0.0073
vn -0.6150 0.5734 0.5413
vn -0.6820 0.5734 0.4539
vn -0.7347 0.4695 0.4897
vn -0.6632 0.4695 0.5829
vn -0.0928 -0.9927 0.0769
vn -0.0983 -0.9927 0.0698
vn -0.0073 -0.9999 0.0088
vn -0.0103 -0.9999 0.0047
vn -0.7341 0.5734 0.3637
vn -0.7763 0.5734 0.2619
vn -0.8364 0.4695 0.2828
vn -0.7914 0.4695 0.3914
vn -0.1096 -0.9927 0.0502
vn -0.1130 -0.9927 0.0420
vn -0.0093 -0.9999 0.0066
vn -0.0112 -0.9999 0.0019
vn -0.8032 0.5734 0.1613
vn -0.8176 0.5734 0.0521
vn -0.8811 0.4695 0.0567
vn -0.8658 0.4695 0.1732
vn -0.1188 -0.9927 0.0201
vn -0.1200 -0.9927 0.0113
vn -0.0107 -0.9999 0.0040
vn -0.0113 -0.9999 -0.0011
vn -0.8176 0.5734 -0.0521
vn -0.8032 0.5734 -0.1613
vn -0.8658 0.4695 -0.1732
vn -0.8811 0.4695 -0.0567
vn -0.1200 -0.9927 -0.0113
vn -0.1188 -0.9927 -0.0201
vn -0.0113 -0.9999 0.0011
vn -0.0107 -0.9999 -0.0040
vn -0.7763 0.5734 -0.2619
vn -0.7341 0.5734 -0.3637
vn -0.7914 0.4695 -0.3914
vn -0.8364 0.4695 -0.2828
vn -0.1130 -0.9927 -0.0420
vn -0.1096 -0.9927 -0.0502
vn -0.0112 -0.9999 -0.0019
vn -0.0093 -0.9999 -0.0066
vn -0.6820 0.5734 -0.4539
vn -0.6150 0.5734 -0.5413
vn -0.6632 0.4695 -0.5829
vn -0.7347 0.4695 -0.4897
vn -0.0983 -0.9927 -0.0698
vn -0.0928 -0.9927 -0.0769
vn -0.0103 -0.9999 -0.0047
vn -0.0073 -0.9999 -0.0088
vn -0.5413 0.5734 -0.6150
vn -0.4539 0.5734 -0.6820
vn -0.4897 0.4695 -0.7347
vn -0.5829 0.4695 -0.6632
vn -0.0769 -0.9927 -0.0928
vn -0.0698 -0.9927 -0.0983
vn -0.0088 -0.9999 -0.0073
vn -0.0047 -0.9999 -0.0103
vn -0.3637 0.5734 -0.7341
vn -0.2619 0.5734 -0.7763
vn -0.2828 0.4695 -0.8364
vn -0.3914 0.4695 -0.7914
vn -0.0502 -0.9927 -0.1096
vn -0.0420 -0.9927 -0.1130
vn -0.0066 -0.9999 -0.0093
vn -0.0019 -0.9999 -0.0112
vn -0.1613 0.5734 -0.8032
vn -0.0521 0.5734 -0.8176
vn -0.0567 0.4695 -0.8811
vn -0.1732 0.4695 -0.8658
vn -0.0201 -0.9927 -0.1188
vn -0.0113 -0.9927 -0.1200
vn -0.0040 -0.9999 -0.0107
vn 0.0011 -0.9999 -0.0113
vn -0.0000 -1.0000 -0.0017
vn 0.0004 -1.0000 -0.0016
vn 0.0008 -1.0000 -0.0014
vn 0.0012 -1.0000 -0.0012
vn 0.0014 -1.0000 -0.0008
vn 0.0016 -1.0000 -0.0004
vn 0.0017 -1.0000 -0.0000
vn 0.0016 -1.0000 0.0004
vn 0.0014 -1.0000 0.0008
vn 0.0012 -1.0000 0.0012
vn 0.0008 -1.0000 0.0014
vn 0.0004 -1.0000 0.0016
vn -0.0000 -1.0000 0.0017
vn -0.0004 -1.0000 0.0016
vn -0.0008 -1.0000 0.0014
vn -0.0012 -1.0000 0.0012
vn -0.0014 -1.0000 0.0008
vn -0.0016 -1.0000 0.0004
vn -0.0017 -1.0000 -0.0000
vn -0.0016 -1.0000 -0.0004
vn -0.0014 -1.0000 -0.0008
vn -0.0012 -1.0000 -0.0012
vn -0.0008 -1.0000 -0.0014
vn -0.0004 -1.0000 -0.0016
vn 0.0369 0.5912 -0.8057
vn 0.0952 0.6844 -0.7228
vn 0.1729 0.5912 -0.7878
vn -0.1729 0.5912 -0.7878
vn -0.0952 0.6844 -0.7228
vn -0.0369 0.5912 -0.8057
vn 0.2441 0.5912 -0.7687
vn 0.2790 0.6844 -0.6736
vn 0.3709 0.5912 -0.7162
vn 0.4348 0.5912 -0.6793
vn 0.4438 0.6844 -0.5784
vn 0.5436 0.5912 -0.5958
vn 0.5958 0.5912 -0.5436
vn 0.5784 0.6844 -0.4438
vn 0.6793 0.5912 -0.4348
vn 0.7162 0.5912 -0.3709
vn 0.6736 0.6844 -0.2790
vn 0.7687 0.5912 -0.2441
vn 0.7878 0.5912 -0.1729
vn 0.7228 0.6844 -0.0952
vn 0.8057 0.5912 -0.0369
vn 0.8057 0.5912 0.0369
vn 0.7228 0.6844 0.0952
vn 0.7878 0.5912 0.1729
vn 0.7687 0.5912 0.2441
vn 0.6736 0.6844 0.2790
vn 0.7162 0.5912 0.3709
vn 0.6793 0.5912 0.4348
vn 0.5784 0.6844 0.4438
vn 0.5958 0.5912 0.5436
vn 0.5436 0.5912 0.5958
vn 0.4438 0.6844 0.5784
vn 0.4348 0.5912 0.6793
vn 0.3709 0.5912 0.7162
vn 0.2790 0.6844 0.6736
vn 0.2441 0.5912 0.7687
vn 0.1729 0.5912 0.7878
vn 0.0952 0.6844 0.7228
vn 0.0369 0.5912 0.8057
vn -0.0369 0.5912 0.8057
vn -0.0952 0.6844 0.7228
vn -0.1729 0.5912 0.7878
vn -0.2441 0.5912 0.7687
vn -0.2790 0.6844 0.6736
vn -0.3709 0.5912 0.7162
vn -0.4348 0.5912 0.6793
vn -0.4438 0.6844 0.5784
vn -0.5436 0.5912 0.5958
vn -0.5958 0.5912 0.5436
vn -0.5784 0.6844 0.4438
vn -0.6793 0.5912 0.4348
vn -0.7162 0.5912 0.3709
vn -0.6736 0.6844 0.2790
vn -0.7687 0.5912 0.2441
vn -0.7878 0.5912 0.1729
vn -0.7228 0.6844 0.0952
vn -0.8057 0.5912 0.0369
vn -0.8057 0.5912 -0.0369
vn -0.7228 0.6844 -0.0952
vn -0.7878 0.5912 -0.1729
vn -0.7687 0.5912 -0.2441
vn -0.6736 0.6844 -0.2790
vn -0.7162 0.5912 -0.3709
vn -0.6793 0.5912 -0.4348
vn -0.5784 0.6844 -0.4438
vn -0.5958 0.5912 -0.5436
vn -0.5436 0.5912 -0.5958
vn -0.4438 0.6844 -0.5784
vn -0.4348 0.5912 -0.6793
vn -0.3709 0.5912 -0.7162
vn -0.2790 0.6844 -0.6736
vn -0.2441 0.5912 -0.7687
s 0
usemtl stripe_red
f 1527//1477 1599//1477 1742//1477 1598//1477
f 1599//1478 1530//1478 1600//1478 1742//1478
f 1742//1479 1600//1479 1531//1479 1601//1479
f 1598//1480 1742//1480 1601//1480 1528//1480
f 1528//1481 1601//1481 1743//1481 1602//1481
f 1601//1482 1531//1482 1603//1482 1743//1482
f 1743//1483 1603//1483 1529//1483 1604//1483
f 1602//1484 1743//1484 1604//1484 1526//1484
f 1530//1485 1605//1485 1744//1485 1600//1485
f 1605//1486 1533//1486 1606//1486 1744//1486
f 1744//1487 1606//1487 1534//1487 1607//1487
f 1600//1488 1744//1488 1607//1488 1531//1488
f 1531//1489 1607//1489 1745//1489 1603//1489
f 1607//1490 1534//1490 1608//1490 1745//1490
f 1745//1491 1608//1491 1532//1491 1609//1491
f 1603//1492 1745//1492 1609//1492 1529//1492
f 1533//1493 1610//1493 1746//1493 1606//1493
f 1610//1494 1536//1494 1611//1494 1746//1494
f 1746//1495 1611//1495 1537//1495 1612//1495
f 1606//1496 1746//1496 1612//1496 1534//1496
f 1534//1497 1612//1497 1747//1497 1608//1497
f 1612//1498 1537//1498 1613//1498 1747//1498
f 1747//1499 1613//1499 1535//1499 1614//1499
f 1608//1500 1747//1500 1614//1500 1532//1500
f 1536//1501 1615//1501 1748//1501 1611//1501
f 1615//1502 1539//1502 1616//1502 1748//1502
f 1748//1503 1616//1503 1540//1503 1617//1503
f 1611//1504 1748//1504 1617//1504 1537//1504
f 1537//1505 1617//1505 1749//1505 1613//1505
f 1617//1506 1540//1506 1618//1506 1749//1506
f 1749//1507 1618//1507 1538//1507 1619//1507
f 1613//1508 1749//1508 1619//1508 1535//1508
f 1539//1509 1620//1509 1750//1509 1616//1509
f 1620//1510 1542//1510 1621//1510 1750//1510
f 1750//1511 1621//1511 1543//1511 1622//1511
f 1616//1512 1750//1512 1622//1512 1540//1512
f 1540//1513 1622//1513 1751//1513 1618//1513
f 1622//1514 1543//1514 1623//1514 1751//1514
f 1751//1515 1623//1515 1541//1515 1624//1515
f 1618//1516 1751//1516 1624//1516 1538//1516
f 1542//1517 1625//1517 1752//1517 1621//1517
f 1625//1518 1545//1518 1626//1518 1752//1518
f 1752//1519 1626//1519 1546//1519 1627//1519
f 1621//1520 1752//1520 1627//1520 1543//1520
f 1543//1521 1627//1521 1753//1521 1623//1521
f 1627//1522 1546//1522 1628//1522 1753//1522
f 1753//1523 1628//1523 1544//1523 1629//1523
f 1623//1524 1753//1524 1629//1524 1541//1524
f 1545//1525 1630//1525 1754//1525 1626//1525
f 1630//1526 1548//1526 1631//1526 1754//1526
f 1754//1527 1631//1527 1549//1527 1632//1527
f 1626//1528 1754//1528 1632//1528 1546//1528
f 1546//1529 1632//1529 1755//1529 1628//1529
f 1632//1530 1549//1530 1633//1530 1755//1530
f 1755//1531 1633//1531 1547//1531 1634//1531
f 1628//1532 1755//1532 1634//1532 1544//1532
f 1548//1533 1635//1533 1756//1533 1631//1533
f 1635//1534 1551//1534 1636//1534 1756//1534
f 1756//1535 1636//1535 1552//1535 1637//1535
f 1631//1536 1756//1536 1637//1536 1549//1536
f 1549//1537 1637//1537 1757//1537 1633//1537
f 1637//1538 1552//1538 1638//1538 1757//1538
f 1757//1539 1638//1539 1550//1539 1639//1539
f 1633//1540 1757//1540 1639//1540 1547//1540
f 1551//1541 1640//1541 1758//1541 1636//1541
f 1640//1542 1554//1542 1641//1542 1758//1542
f 1758//1543 1641//1543 1555//1543 1642//1543
f 1636//1544 1758//1544 1642//1544 1552//1544
f 1552//1545 1642//1545 1759//1545 1638//1545
f 1642//1546 1555//1546 1643//1546 1759//1546
f 1759//1547 1643//1547 1553//1547 1644//1547
f 1638//1548 1759//1548 1644//1548 1550//1548
f 1554//1549 1645//1549 1760//1549 1641//1549
f 1645//1550 1557//1550 1646//1550 1760//1550
f 1760//1551 1646//1551 1558//1551 1647//1551
f 1641//1552 1760//1552 1647//1552 1555//1552
f 1555//1553 1647//1553 1761//1553 1643//1553
f 1647//1554 1558//1554 1648//1554 1761//1554
f 1761//1555 1648//1555 1556//1555 1649//1555
f 1643//1556 1761//1556 1649//1556 1553//1556
f 1557//1557 1650//1557 1762//1557 1646//1557
f 1650//1558 1560//1558 1651//1558 1762//1558
f 1762//1559 1651//1559 1561//1559 1652//1559
f 1646//1560 1762//1560 1652//1560 1558//1560
f 1558//1561 1652//1561 1763//1561 1648//1561
f 1652//1562 1561//1562 1653//1562 1763//1562
f 1763//1563 1653//1563 1559//1563 1654//1563
f 1648//1564 1763//1564 1654//1564 1556//1564
f 1560//1565 1655//1565 1764//1565 1651//1565
f 1655//1566 1563//1566 1656//1566 1764//1566
f 1764//1567 1656//1567 1564//1567 1657//1567
f 1651//1568 1764//1568 1657//1568 1561//1568
f 1561//1569 1657//1569 1765//1569 1653//1569
f 1657//1570 1564//1570 1658//1570 1765//1570
f 1765//1571 1658//1571 1562//1571 1659//1571
f 1653//1572 1765//1572 1659//1572 1559//1572
f 1563//1573 1660//1573 1766//1573 1656//1573
f 1660//1574 1566//1574 1661//1574 1766//1574
f 1766//1575 1661//1575 1567//1575 1662//1575
f 1656//1576 1766//1576 1662//1576 1564//1576
f 1564//1577 1662//1577 1767//1577 1658//1577
f 1662//1578 1567//1578 1663//1578 1767//1578
f 1767//1579 1663//1579 1565//1579 1664//1579
f 1658//1580 1767//1580 1664//1580 1562//1580
f 1566//1581 1665//1581 1768//1581 1661//1581
f 1665//1582 1569//1582 1666//1582 1768//1582
f 1768//1583 1666//1583 1570//1583 1667//1583
f 1661//1584 1768//1584 1667//1584 1567//1584
f 1567//1585 1667//1585 1769//1585 1663//1585
f 1667//1586 1570//1586 1668//1586 1769//1586
f 1769//1587 1668//1587 1568//1587 1669//1587
f 1663//1588 1769//1588 1669//1588 1565//1588
f 1569//1589 1670//1589 1770//1589 1666//1589
f 1670//1590 1572//1590 1671//1590 1770//1590
f 1770//1591 1671//1591 1573//1591 1672//1591
f 1666//1592 1770//1592 1672//1592 1570//1592
f 1570//1593 1672//1593 1771//1593 1668//1593
f 1672//1594 1573//1594 1673//1594 1771//1594
f 1771//1595 1673//1595 1571//1595 1674//1595
f 1668//1596 1771//1596 1674//1596 1568//1596
f 1572//1597 1675//1597 1772//1597 1671//1597
f 1675//1598 1575//1598 1676//1598 1772//1598
f 1772//1599 1676//1599 1576//1599 1677//1599
f 1671//1600 1772//1600 1677//1600 1573//1600
f 1573//1601 1677//1601 1773//1601 1673//1601
f 1677//1602 1576//1602 1678//1602 1773//1602
f 1773//1603 1678//1603 1574//1603 1679//1603
f 1673//1604 1773//1604 1679//1604 1571//1604
f 1575//1605 1680//1605 1774//1605 1676//1605
f 1680//1606 1578//1606 1681//1606 1774//1606
f 1774//1607 1681//1607 1579//1607 1682//1607
f 1676//1608 1774//1608 1682//1608 1576//1608
f 1576//1609 1682//1609 1775//1609 1678//1609
f 1682//1610 1579//1610 1683//1610 1775//1610
f 1775//1611 1683//1611 1577//1611 1684//1611
f 1678//1612 1775//1612 1684//1612 1574//1612
f 1578//1613 1685//1613 1776//1613 1681//1613
f 1685//1614 1581//1614 1686//1614 1776//1614
f 1776//1615 1686//1615 1582//1615 1687//1615
f 1681//1616 1776//1616 1687//1616 1579//1616
f 1579//1617 1687//1617 1777//1617 1683//1617
f 1687//1618 1582//1618 1688//1618 1777//1618
f 1777//1619 1688//1619 1580//1619 1689//1619
f 1683//1620 1777//1620 1689//1620 1577//1620
f 1581//1621 1690//1621 1778//1621 1686//1621
f 1690//1622 1584//1622 1691//1622 1778//1622
f 1778//1623 1691//1623 1585//1623 1692//1623
f 1686//1624 1778//1624 1692//1624 1582//1624
f 1582//1625 1692//1625 1779//1625 1688//1625
f 1692//1626 1585//1626 1693//1626 1779//1626
f 1779//1627 1693//1627 1583//1627 1694//1627
f 1688//1628 1779//1628 1694//1628 1580//1628
f 1584//1629 1695//1629 1780//1629 1691//1629
f 1695//1630 1587//1630 1696//1630 1780//1630
f 1780//1631 1696//1631 1588//1631 1697//1631
f 1691//1632 1780//1632 1697//1632 1585//1632
f 1585//1633 1697//1633 1781//1633 1693//1633
f 1697//1634 1588//1634 1698//1634 1781//1634
f 1781//1635 1698//1635 1586//1635 1699//1635
f 1693//1636 1781//1636 1699//1636 1583//1636
f 1587//1637 1700//1637 1782//1637 1696//1637
f 1700//1638 1590//1638 1701//1638 1782//1638
f 1782//1639 1701//1639 1591//1639 1702//1639
f 1696//1640 1782//1640 1702//1640 1588//1640
f 1588//1641 1702//1641 1783//1641 1698//1641
f 1702//1642 1591//1642 1703//1642 1783//1642
f 1783//1643 1703//1643 1589//1643 1704//1643
f 1698//1644 1783//1644 1704//1644 1586//1644
f 1590//1645 1705//1645 1784//1645 1701//1645
f 1705//1646 1593//1646 1706//1646 1784//1646
f 1784//1647 1706//1647 1594//1647 1707//1647
f 1701//1648 1784//1648 1707//1648 1591//1648
f 1591//1649 1707//1649 1785//1649 1703//1649
f 1707//1650 1594//1650 1708//1650 1785//1650
f 1785//1651 1708//1651 1592//1651 1709//1651
f 1703//1652 1785//1652 1709//1652 1589//1652
f 1593//1653 1710//1653 1786//1653 1706//1653
f 1710//1654 1596//1654 1711//1654 1786//1654
f 1786//1655 1711//1655 1597//1655 1712//1655
f 1706//1656 1786//1656 1712//1656 1594//1656
f 1594//1657 1712//1657 1787//1657 1708//1657
f 1712//1658 1597//1658 1713//1658 1787//1658
f 1787//1659 1713//1659 1595//1659 1714//1659
f 1708//1660 1787//1660 1714//1660 1592//1660
f 1596//1661 1715//1661 1788//1661 1711//1661
f 1715//1662 1527//1662 1598//1662 1788//1662
f 1788//1663 1598//1663 1528//1663 1716//1663
f 1711//1664 1788//1664 1716//1664 1597//1664
f 1597//1665 1716//1665 1789//1665 1713//1665
f 1716//1666 1528//1666 1602//1666 1789//1666
f 1789//1667 1602//1667 1526//1667 1717//1667
f 1713//1668 1789//1668 1717//1668 1595//1668
f 1526//1669 1604//1669 1790//1669 1717//1669
f 1529//1670 1609//1670 1790//1670 1604//1670
f 1532//1671 1614//1671 1790//1671 1609//1671
f 1535//1672 1619//1672 1790//1672 1614//1672
f 1538//1673 1624//1673 1790//1673 1619//1673
f 1541//1674 1629//1674 1790//1674 1624//1674
f 1544//1675 1634//1675 1790//1675 1629//1675
f 1547//1676 1639//1676 1790//1676 1634//1676
f 1550//1677 1644//1677 1790//1677 1639//1677
f 1553//1678 1649//1678 1790//1678 1644//1678
f 1556//1679 1654//1679 1790//1679 1649//1679
f 1559//1680 1659//1680 1790//1680 1654//1680
f 1562//1681 1664//1681 1790//1681 1659//1681
f 1565//1682 1669//1682 1790//1682 1664//1682
f 1568//1683 1674//1683 1790//1683 1669//1683
f 1571//1684 1679//1684 1790//1684 1674//1684
f 1574//1685 1684//1685 1790//1685 1679//1685
f 1577//1686 1689//1686 1790//1686 1684//1686
f 1580//1687 1694//1687 1790//1687 1689//1687
f 1583//1688 1699//1688 1790//1688 1694//1688
f 1586//1689 1704//1689 1790//1689 1699//1689
f 1589//1690 1709//1690 1790//1690 1704//1690
f 1592//1691 1714//1691 1790//1691 1709//1691
f 1595//1692 1717//1692 1790//1692 1714//1692
f 1527//1693 1718//1693 1791//1693 1599//1693
f 1525//1694 1719//1694 1791//1694 1718//1694
f 1530//1695 1599//1695 1791//1695 1719//1695
f 1596//1696 1720//1696 1792//1696 1715//1696
f 1525//1697 1718//1697 1792//1697 1720//1697
f 1527//1698 1715//1698 1792//1698 1718//1698
f 1530//1699 1719//1699 1793//1699 1605//1699
f 1525//1700 1721//1700 1793//1700 1719//1700
f 1533//1701 1605//1701 1793//1701 1721//1701
f 1533//1702 1721//1702 1794//1702 1610//1702
f 1525//1703 1722//1703 1794//1703 1721//1703
f 1536//1704 1610//1704 1794//1704 1722//1704
f 1536//1705 1722//1705 1795//1705 1615//1705
f 1525//1706 1723//1706 1795//1706 1722//1706
f 1539//1707 1615//1707 1795//1707 1723//1707
f 1539//1708 1723//1708 1796//1708 1620//1708
f 1525//1709 1724//1709 1796//1709 1723//1709
f 1542//1710 1620//1710 1796//1710 1724//1710
f 1542//1711 1724//1711 1797//1711 1625//1711
f 1525//1712 1725//1712 1797//1712 1724//1712
f 1545//1713 1625//1713 1797//1713 1725//1713
f 1545//1714 1725//1714 1798//1714 1630//1714
f 1525//1715 1726//1715 1798//1715 1725//1715
f 1548//1716 1630//1716 1798//1716 1726//1716
f 1548//1717 1726//1717 1799//1717 1635//1717
f 1525//1718 1727//1718 1799//1718 1726//1718
f 1551//1719 1635//1719 1799//1719 1727//1719
f 1551//1720 1727//1720 1800//1720 1640//1720
f 1525//1721 1728//1721 1800//1721 1727//1721
f 1554//1722 1640//1722 1800//1722 1728//1722
f 1554//1723 1728//1723 1801//1723 1645//1723
f 1525//1724 1729//1724 1801//1724 1728//1724
f 1557//1725 1645//1725 1801//1725 1729//1725
f 1557//1726 1729//1726 1802//1726 1650//1726
f 1525//1727 1730//1727 1802//1727 1729//1727
f 1560//1728 1650//1728 1802//1728 1730//1728
f 1560//1729 1730//1729 1803//1729 1655//1729
f 1525//1730 1731//1730 1803//1730 1730//1730
f 1563//1731 1655//1731 1803//1731 1731//1731
f 1563//1732 1731//1732 1804//1732 1660//1732
f 1525//1733 1732//1733 1804//1733 1731//1733
f 1566//1734 1660//1734 1804//1734 1732//1734
f 1566//1735 1732//1735 1805//1735 1665//1735
f 1525//1736 1733//1736 1805//1736 1732//1736
f 1569//1737 1665//1737 1805//1737 1733//1737
f 1569//1738 1733//1738 1806//1738 1670//1738
f 1525//1739 1734//1739 1806//1739 1733//1739
f 1572//1740 1670//1740 1806//1740 1734//1740
f 1572//1741 1734//1741 1807//1741 1675//1741
f 1525//1742 1735//1742 1807//1742 1734//1742
f 1575//1743 1675//1743 1807//1743 1735//1743
f 1575//1744 1735//1744 1808//1744 1680//1744
f 1525//1745 1736//1745 1808//1745 1735//1745
f 1578//1746 1680//1746 1808//1746 1736//1746
f 1578//1747 1736//1747 1809//1747 1685//1747
f 1525//1748 1737//1748 1809//1748 1736//1748
f 1581//1749 1685//1749 1809//1749 1737//1749
f 1581//1750 1737//1750 1810//1750 1690//1750
f 1525//1751 1738//1751 1810//1751 1737//1751
f 1584//1752 1690//1752 1810//1752 1738//1752
f 1584//1753 1738//1753 1811//1753 1695//1753
f 1525//1754 1739//1754 1811//1754 1738//1754
f 1587//1755 1695//1755 1811//1755 1739//1755
f 1587//1756 1739//1756 1812//1756 1700//1756
f 1525//1757 1740//1757 1812//1757 1739//1757
f 1590//1758 1700//1758 1812//1758 1740//1758
f 1590//1759 1740//1759 1813//1759 1705//1759
f 1525//1760 1741//1760 1813//1760 1740//1760
f 1593//1761 1705//1761 1813//1761 1741//1761
f 1593//1762 1741//1762 1814//1762 1710//1762
f 1525//1763 1720//1763 1814//1763 1741//1763
f 1596//1764 1710//1764 1814//1764 1720//1764
o door
v -0.360000 0.282000 2.307500
v -0.360000 0.292200 2.325000
v -0.400000 0.292200 2.307500
v -0.360000 0.284988 2.319875
v -0.383094 0.286311 2.317604
v -0.388284 0.292200 2.319875
v -0.388284 0.284988 2.307500
v -0.360000 0.475800 2.325000
v -0.360000 0.486000 2.307500
v -0.400000 0.475800 2.307500
v -0.360000 0.483012 2.319875
v -0.383094 0.481689 2.317604
v -0.388284 0.483012 2.307500
v -0.388284 0.475800 2.319875
v -0.360000 0.282000 1.992500
v -0.400000 0.292200 1.992500
v -0.360000 0.292200 1.975000
v -0.388284 0.284988 1.992500
v -0.383094 0.286311 1.982396
v -0.388284 0.292200 1.980126
v -0.360000 0.284988 1.980126
v -0.360000 0.486000 1.992500
v -0.360000 0.475800 1.975000
v -0.400000 0.475800 1.992500
v -0.360000 0.483012 1.980126
v -0.383094 0.481689 1.982396
v -0.388284 0.475800 1.980126
v -0.388284 0.483012 1.992500
v 0.360000 0.282000 2.307500
v 0.400000 0.292200 2.307500
v 0.360000 0.292200 2.325000
v 0.388284 0.284988 2.307500
v 0.383094 0.286311 2.317604
v 0.388284 0.292200 2.319875
v 0.360000 0.284988 2.319875
v 0.360000 0.486000 2.307500
v 0.360000 0.475800 2.325000
v 0.400000 0.475800 2.307500
v 0.360000 0.483012 2.319875
v 0.383094 0.481689 2.317604
v 0.388284 0.475800 2.319875
v 0.388284 0.483012 2.307500
v 0.360000 0.282000 1.992500
v 0.360000 0.292200 1.975000
v 0.400000 0.292200 1.992500
v 0.360000 0.284988 1.980126
v 0.383094 0.286311 1.982396
v 0.388284 0.292200 1.980126
v 0.388284 0.284988 1.992500
v 0.360000 0.486000 1.992500
v 0.400000 0.475800 1.992500
v 0.360000 0.475800 1.975000
v 0.388284 0.483012 1.992500
v 0.383094 0.481689 1.982396
v 0.388284 0.475800 1.980126
v 0.360000 0.483012 1.980126
vn -0.3563 -0.4581 0.8144
vn -0.1577 -0.0742 0.9847
vn -0.7604 -0.1310 0.6361
vn -0.1577 0.0742 0.9847
vn -0.3563 0.4581 0.8144
vn -0.7604 0.1310 0.6361
vn -0.3563 -0.4581 -0.8144
vn -0.7604 -0.1310 -0.6361
vn -0.1577 -0.0742 -0.9847
vn -0.3563 0.4581 -0.8144
vn -0.1577 0.0742 -0.9847
vn -0.7604 0.1310 -0.6361
vn 0.3563 -0.4581 0.8144
vn 0.7604 -0.1310 0.6361
vn 0.1577 -0.0742 0.9847
vn 0.3563 0.4581 0.8144
vn 0.1577 0.0742 0.9847
vn 0.7604 0.1310 0.6361
vn 0.3563 -0.4581 -0.8144
vn 0.1577 -0.0742 -0.9847
vn 0.7604 -0.1310 -0.6361
vn 0.3563 0.4581 -0.8144
vn 0.7604 0.1310 -0.6361
vn 0.1577 0.0742 -0.9847
vn -0.6607 -0.7506 -0.0000
vn -0.9815 -0.1913 -0.0000
vn -0.1783 -0.0000 0.9840
vn -0.7262 -0.0000 0.6875
vn -0.6607 0.7506 -0.0000
vn -0.9815 0.1913 -0.0000
vn -0.1783 -0.0000 -0.9840
vn -0.7262 -0.0000 -0.6875
vn -0.0000 -0.4451 -0.8955
vn -0.0000 -0.0850 -0.9964
vn -0.0000 0.4451 -0.8955
vn -0.0000 0.0850 -0.9964
vn 0.7262 -0.0000 -0.6875
vn 0.1783 -0.0000 -0.9840
vn 0.6607 -0.7506 -0.0000
vn 0.9815 -0.1913 -0.0000
vn 0.6607 0.7506 -0.0000
vn 0.9815 0.1913 -0.0000
vn 0.1783 -0.0000 0.9840
vn 0.7262 -0.0000 0.6875
vn -0.0000 -0.4451 0.8955
vn -0.0000 -0.0850 0.9964
vn -0.0000 0.4451 0.8955
vn -0.0000 0.0850 0.9964
vn -0.0000 -1.0000 -0.0000
vn -1.0000 -0.0000 -0.0000
vn -0.0000 -0.0000 1.0000
vn -0.0000 1.0000 -0.0000
vn -0.0000 -0.0000 -1.0000
vn 1.0000 -0.0000 -0.0000
s 0
usemtl metal
f 1815//1765 1818//1765 1819//1765 1821//1765
f 1816//1766 1820//1766 1819//1766 1818//1766
f 1817//1767 1821//1767 1819//1767 1820//1767
f 1822//1768 1825//1768 1826//1768 1828//1768
f 1823//1769 1827//1769 1826//1769 1825//1769
f 1824//1770 1828//1770 1826//1770 1827//1770
f 1829//1771 1832//1771 1833//1771 1835//1771
f 1830//1772 1834//1772 1833//1772 1832//1772
f 1831//1773 1835//1773 1833//1773 1834//1773
f 1836//1774 1839//1774 1840//1774 1842//1774
f 1837//1775 1841//1775 1840//1775 1839//1775
f 1838//1776 1842//1776 1840//1776 1841//1776
f 1843//1777 1846//1777 1847//1777 1849//1777
f 1844//1778 1848//1778 1847//1778 1846//1778
f 1845//1779 1849//1779 1847//1779 1848//1779
f 1850//1780 1853//1780 1854//1780 1856//1780
f 1851//1781 1855//1781 1854//1781 1853//1781
f 1852//1782 1856//1782 1854//1782 1855//1782
f 1857//1783 1860//1783 1861//1783 1863//1783
f 1858//1784 1862//1784 1861//1784 1860//1784
f 1859//1785 1863//1785 1861//1785 1862//1785
f 1864//1786 1867//1786 1868//1786 1870//1786
f 1865//1787 1869//1787 1868//1787 1867//1787
f 1866//1788 1870//1788 1868//1788 1869//1788
f 1829//1789 1815//1789 1821//1789 1832//1789
f 1832//1790 1821//1790 1817//1790 1830//1790
f 1816//1791 1822//1791 1828//1791 1820//1791
f 1820//1792 1828//1792 1824//1792 1817//1792
f 1823//1793 1836//1793 1842//1793 1827//1793
f 1827//1794 1842//1794 1838//1794 1824//1794
f 1837//1795 1831//1795 1834//1795 1841//1795
f 1841//1796 1834//1796 1830//1796 1838//1796
f 1857//1797 1829//1797 1835//1797 1860//1797
f 1860//1798 1835//1798 1831//1798 1858//1798
f 1836//1799 1864//1799 1870//1799 1839//1799
f 1839//1800 1870//1800 1866//1800 1837//1800
f 1865//1801 1859//1801 1862//1801 1869//1801
f 1869//1802 1862//1802 1858//1802 1866//1802
f 1843//1803 1857//1803 1863//1803 1846//1803
f 1846//1804 1863//1804 1859//1804 1844//1804
f 1864//1805 1850//1805 1856//1805 1867//1805
f 1867//1806 1856//1806 1852//1806 1865//1806
f 1851//1807 1845//1807 1848//1807 1855//1807
f 1855//1808 1848//1808 1844//1808 1852//1808
f 1815//1809 1843//1809 1849//1809 1818//1809
f 1818//1810 1849//1810 1845//1810 1816//1810
f 1850//1811 1823//1811 1825//1811 1853//1811
f 1853//1812 1825//1812 1822//1812 1851//1812
f 1829//1813 1857//1813 1843//1813 1815//1813
f 1817//1814 1824//1814 1838//1814 1830//1814
f 1845//1815 1851//1815 1822//1815 1816//1815
f 1864//1816 1836//1816 1823//1816 1850//1816
f 1831//1817 1837//1817 1866//1817 1858//1817
f 1859//1818 1865//1818 1852//1818 1844//1818
