# Miasteczko nad morzem - scena proceduralna (Y-up, metry)
mtllib scene_good_v6.mtl

v -50.000000 -1.800000 -40.000000
v -50.000000 -1.800000 -39.000000
v -50.000000 -1.800000 -38.000000
v -50.000000 -1.800000 -37.000000
v -50.000000 -1.800000 -36.000000
v -50.000000 -1.800000 -35.000000
v -50.000000 -1.800000 -34.000000
v -50.000000 -1.800000 -33.000000
v -50.000000 -1.800000 -32.000000
v -50.000000 -1.800000 -31.000000
v -50.000000 -1.800000 -30.000000
v -50.000000 -1.800000 -29.000000
v -50.000000 -1.800000 -28.000000
v -50.000000 -1.800000 -27.000000
v -50.000000 -1.800000 -26.000000
v -50.000000 -1.800000 -25.000000
v -50.000000 -1.800000 -24.000000
v -50.000000 -1.800000 -23.000000
v -50.000000 -1.800000 -22.000000
v -50.000000 -1.800000 -21.000000
v -50.000000 -1.800000 -20.000000
v -50.000000 -1.800000 -19.000000
v -50.000000 -1.800000 -18.000000
v -50.000000 -1.800000 -17.000000
v -50.000000 -1.800000 -16.000000
v -50.000000 -1.800000 -15.000000
v -50.000000 -1.800000 -14.000000
v -50.000000 -1.800000 -13.000000
v -50.000000 -1.800000 -12.000000
v -50.000000 -1.800000 -11.000000
v -50.000000 -1.800000 -10.000000
v -50.000000 -1.800000 -9.000000
v -50.000000 -1.800000 -8.000000
v -50.000000 -1.800000 -7.000000
v -50.000000 -1.800000 -6.000000
v -50.000000 -1.800000 -5.000000
v -50.000000 -1.800000 -4.000000
v -50.000000 -1.800000 -3.000000
v -50.000000 -1.800000 -2.000000
v -50.000000 -1.800000 -1.000000
v -50.000000 -1.800000 0.000000
v -50.000000 -1.800000 1.000000
v -50.000000 -1.800000 2.000000
v -50.000000 -1.800000 3.000000
v -50.000000 -1.800000 4.000000
v -50.000000 -1.800000 5.000000
v -50.000000 -1.800000 6.000000
v -50.000000 -1.800000 7.000000
v -50.000000 -1.800000 8.000000
v -50.000000 -1.800000 9.000000
v -50.000000 -1.800000 10.000000
v -50.000000 -1.800000 11.000000
v -50.000000 -1.800000 12.000000
v -50.000000 -1.800000 13.000000
v -50.000000 -1.800000 14.000000
v -50.000000 -1.800000 15.000000
v -50.000000 -1.800000 16.000000
v -50.000000 -1.800000 17.000000
v -50.000000 -1.800000 18.000000
v -50.000000 -1.800000 19.000000
v -50.000000 -1.800000 20.000000
v -50.000000 -1.800000 21.000000
v -50.000000 -1.800000 22.000000
v -50.000000 -1.800000 23.000000
v -50.000000 -1.800000 24.000000
v -50.000000 -1.800000 25.000000
v -50.000000 -1.800000 26.000000
v -50.000000 -1.800000 27.000000
v -50.000000 -1.800000 28.000000
v -50.000000 -1.800000 29.000000
v -50.000000 -1.800000 30.000000
v -50.000000 -1.800000 31.000000
v -50.000000 -1.800000 32.000000
v -50.000000 -1.800000 33.000000
v -50.000000 -1.800000 34.000000
v -50.000000 -1.800000 35.000000
v -50.000000 -1.800000 36.000000
v -50.000000 -1.800000 37.000000
v -50.000000 -1.800000 38.000000
v -50.000000 -1.800000 39.000000
v -50.000000 -1.800000 40.000000
v -49.000000 -1.800000 -40.000000
v -49.000000 -1.800000 -39.000000
v -49.000000 -1.800000 -38.000000
v -49.000000 -1.800000 -37.000000
v -49.000000 -1.800000 -36.000000
v -49.000000 -1.800000 -35.000000
v -49.000000 -1.800000 -34.000000
v -49.000000 -1.800000 -33.000000
v -49.000000 -1.800000 -32.000000
v -49.000000 -1.800000 -31.000000
v -49.000000 -1.800000 -30.000000
v -49.000000 -1.800000 -29.000000
v -49.000000 -1.800000 -28.000000
v -49.000000 -1.800000 -27.000000
v -49.000000 -1.800000 -26.000000
v -49.000000 -1.800000 -25.000000
v -49.000000 -1.800000 -24.000000
v -49.000000 -1.800000 -23.000000
v -49.000000 -1.800000 -22.000000
v -49.000000 -1.800000 -21.000000
v -49.000000 -1.800000 -20.000000
v -49.000000 -1.800000 -19.000000
v -49.000000 -1.800000 -18.000000
v -49.000000 -1.800000 -17.000000
v -49.000000 -1.800000 -16.000000
v -49.000000 -1.800000 -15.000000
v -49.000000 -1.800000 -14.000000
v -49.000000 -1.800000 -13.000000
v -49.000000 -1.800000 -12.000000
v -49.000000 -1.800000 -11.000000
v -49.000000 -1.800000 -10.000000
v -49.000000 -1.800000 -9.000000
v -49.000000 -1.800000 -8.000000
v -49.000000 -1.800000 -7.000000
v -49.000000 -1.800000 -6.000000
v -49.000000 -1.800000 -5.000000
v -49.000000 -1.800000 -4.000000
v -49.000000 -1.800000 -3.000000
v -49.000000 -1.800000 -2.000000
v -49.000000 -1.800000 -1.000000
v -49.000000 -1.800000 0.000000
v -49.000000 -1.800000 1.000000
v -49.000000 -1.800000 2.000000
v -49.000000 -1.800000 3.000000
v -49.000000 -1.800000 4.000000
v -49.000000 -1.800000 5.000000
v -49.000000 -1.800000 6.000000
v -49.000000 -1.800000 7.000000
v -49.000000 -1.800000 8.000000
v -49.000000 -1.800000 9.000000
v -49.000000 -1.800000 10.000000
v -49.000000 -1.800000 11.000000
v -49.000000 -1.800000 12.000000
v -49.000000 -1.800000 13.000000
v -49.000000 -1.800000 14.000000
v -49.000000 -1.800000 15.000000
v -49.000000 -1.800000 16.000000
v -49.000000 -1.800000 17.000000
v -49.000000 -1.800000 18.000000
v -49.000000 -1.800000 19.000000
v -49.000000 -1.800000 20.000000
v -49.000000 -1.800000 21.000000
v -49.000000 -1.800000 22.000000
v -49.000000 -1.800000 23.000000
v -49.000000 -1.800000 24.000000
v -49.000000 -1.800000 25.000000
v -49.000000 -1.800000 26.000000
v -49.000000 -1.800000 27.000000
v -49.000000 -1.800000 28.000000
v -49.000000 -1.800000 29.000000
v -49.000000 -1.800000 30.000000
v -49.000000 -1.800000 31.000000
v -49.000000 -1.800000 32.000000
v -49.000000 -1.800000 33.000000
v -49.000000 -1.800000 34.000000
v -49.000000 -1.800000 35.000000
v -49.000000 -1.800000 36.000000
v -49.000000 -1.800000 37.000000
v -49.000000 -1.800000 38.000000
v -49.000000 -1.800000 39.000000
v -49.000000 -1.800000 40.000000
v -48.000000 -1.800000 -40.000000
v -48.000000 -1.800000 -39.000000
v -48.000000 -1.800000 -38.000000
v -48.000000 -1.800000 -37.000000
v -48.000000 -1.800000 -36.000000
v -48.000000 -1.800000 -35.000000
v -48.000000 -1.800000 -34.000000
v -48.000000 -1.800000 -33.000000
v -48.000000 -1.800000 -32.000000
v -48.000000 -1.800000 -31.000000
v -48.000000 -1.800000 -30.000000
v -48.000000 -1.800000 -29.000000
v -48.000000 -1.800000 -28.000000
v -48.000000 -1.800000 -27.000000
v -48.000000 -1.800000 -26.000000
v -48.000000 -1.800000 -25.000000
v -48.000000 -1.800000 -24.000000
v -48.000000 -1.800000 -23.000000
v -48.000000 -1.800000 -22.000000
v -48.000000 -1.800000 -21.000000
v -48.000000 -1.800000 -20.000000
v -48.000000 -1.800000 -19.000000
v -48.000000 -1.800000 -18.000000
v -48.000000 -1.800000 -17.000000
v -48.000000 -1.800000 -16.000000
v -48.000000 -1.800000 -15.000000
v -48.000000 -1.800000 -14.000000
v -48.000000 -1.800000 -13.000000
v -48.000000 -1.800000 -12.000000
v -48.000000 -1.800000 -11.000000
v -48.000000 -1.800000 -10.000000
v -48.000000 -1.800000 -9.000000
v -48.000000 -1.800000 -8.000000
v -48.000000 -1.800000 -7.000000
v -48.000000 -1.800000 -6.000000
v -48.000000 -1.800000 -5.000000
v -48.000000 -1.800000 -4.000000
v -48.000000 -1.800000 -3.000000
v -48.000000 -1.800000 -2.000000
v -48.000000 -1.800000 -1.000000
v -48.000000 -1.800000 0.000000
v -48.000000 -1.800000 1.000000
v -48.000000 -1.800000 2.000000
v -48.000000 -1.800000 3.000000
v -48.000000 -1.800000 4.000000
v -48.000000 -1.800000 5.000000
v -48.000000 -1.800000 6.000000
v -48.000000 -1.800000 7.000000
v -48.000000 -1.800000 8.000000
v -48.000000 -1.800000 9.000000
v -48.000000 -1.800000 10.000000
v -48.000000 -1.800000 11.000000
v -48.000000 -1.800000 12.000000
v -48.000000 -1.800000 13.000000
v -48.000000 -1.800000 14.000000
v -48.000000 -1.800000 15.000000
v -48.000000 -1.800000 16.000000
v -48.000000 -1.800000 17.000000
v -48.000000 -1.800000 18.000000
v -48.000000 -1.800000 19.000000
v -48.000000 -1.800000 20.000000
v -48.000000 -1.800000 21.000000
v -48.000000 -1.800000 22.000000
v -48.000000 -1.800000 23.000000
v -48.000000 -1.800000 24.000000
v -48.000000 -1.800000 25.000000
v -48.000000 -1.800000 26.000000
v -48.000000 -1.800000 27.000000
v -48.000000 -1.800000 28.000000
v -48.000000 -1.800000 29.000000
v -48.000000 -1.800000 30.000000
v -48.000000 -1.800000 31.000000
v -48.000000 -1.800000 32.000000
v -48.000000 -1.800000 33.000000
v -48.000000 -1.800000 34.000000
v -48.000000 -1.800000 35.000000
v -48.000000 -1.800000 36.000000
v -48.000000 -1.800000 37.000000
v -48.000000 -1.800000 38.000000
v -48.000000 -1.800000 39.000000
v -48.000000 -1.800000 40.000000
v -47.000000 -1.800000 -40.000000
v -47.000000 -1.800000 -39.000000
v -47.000000 -1.800000 -38.000000
v -47.000000 -1.800000 -37.000000
v -47.000000 -1.800000 -36.000000
v -47.000000 -1.800000 -35.000000
v -47.000000 -1.800000 -34.000000
v -47.000000 -1.800000 -33.000000
v -47.000000 -1.800000 -32.000000
v -47.000000 -1.800000 -31.000000
v -47.000000 -1.800000 -30.000000
v -47.000000 -1.800000 -29.000000
v -47.000000 -1.800000 -28.000000
v -47.000000 -1.800000 -27.000000
v -47.000000 -1.800000 -26.000000
v -47.000000 -1.800000 -25.000000
v -47.000000 -1.800000 -24.000000
v -47.000000 -1.800000 -23.000000
v -47.000000 -1.800000 -22.000000
v -47.000000 -1.800000 -21.000000
v -47.000000 -1.800000 -20.000000
v -47.000000 -1.800000 -19.000000
v -47.000000 -1.800000 -18.000000
v -47.000000 -1.800000 -17.000000
v -47.000000 -1.800000 -16.000000
v -47.000000 -1.800000 -15.000000
v -47.000000 -1.800000 -14.000000
v -47.000000 -1.800000 -13.000000
v -47.000000 -1.800000 -12.000000
v -47.000000 -1.800000 -11.000000
v -47.000000 -1.800000 -10.000000
v -47.000000 -1.800000 -9.000000
v -47.000000 -1.800000 -8.000000
v -47.000000 -1.800000 -7.000000
v -47.000000 -1.800000 -6.000000
v -47.000000 -1.800000 -5.000000
v -47.000000 -1.800000 -4.000000
v -47.000000 -1.800000 -3.000000
v -47.000000 -1.800000 -2.000000
v -47.000000 -1.800000 -1.000000
v -47.000000 -1.800000 0.000000
v -47.000000 -1.800000 1.000000
v -47.000000 -1.800000 2.000000
v -47.000000 -1.800000 3.000000
v -47.000000 -1.800000 4.000000
v -47.000000 -1.800000 5.000000
v -47.000000 -1.800000 6.000000
v -47.000000 -1.800000 7.000000
v -47.000000 -1.800000 8.000000
v -47.000000 -1.800000 9.000000
v -47.000000 -1.800000 10.000000
v -47.000000 -1.800000 11.000000
v -47.000000 -1.800000 12.000000
v -47.000000 -1.800000 13.000000
v -47.000000 -1.800000 14.000000
v -47.000000 -1.800000 15.000000
v -47.000000 -1.800000 16.000000
v -47.000000 -1.800000 17.000000
v -47.000000 -1.800000 18.000000
v -47.000000 -1.800000 19.000000
v -47.000000 -1.800000 20.000000
v -47.000000 -1.800000 21.000000
v -47.000000 -1.800000 22.000000
v -47.000000 -1.800000 23.000000
v -47.000000 -1.800000 24.000000
v -47.000000 -1.800000 25.000000
v -47.000000 -1.800000 26.000000
v -47.000000 -1.800000 27.000000
v -47.000000 -1.800000 28.000000
v -47.000000 -1.800000 29.000000
v -47.000000 -1.800000 30.000000
v -47.000000 -1.800000 31.000000
v -47.000000 -1.800000 32.000000
v -47.000000 -1.800000 33.000000
v -47.000000 -1.800000 34.000000
v -47.000000 -1.800000 35.000000
v -47.000000 -1.800000 36.000000
v -47.000000 -1.800000 37.000000
v -47.000000 -1.800000 38.000000
v -47.000000 -1.800000 39.000000
v -47.000000 -1.800000 40.000000
v -46.000000 -1.800000 -40.000000
v -46.000000 -1.800000 -39.000000
v -46.000000 -1.800000 -38.000000
v -46.000000 -1.800000 -37.000000
v -46.000000 -1.800000 -36.000000
v -46.000000 -1.800000 -35.000000
v -46.000000 -1.800000 -34.000000
v -46.000000 -1.800000 -33.000000
v -46.000000 -1.800000 -32.000000
v -46.000000 -1.800000 -31.000000
v -46.000000 -1.800000 -30.000000
v -46.000000 -1.800000 -29.000000
v -46.000000 -1.800000 -28.000000
v -46.000000 -1.800000 -27.000000
v -46.000000 -1.800000 -26.000000
v -46.000000 -1.800000 -25.000000
v -46.000000 -1.800000 -24.000000
v -46.000000 -1.800000 -23.000000
v -46.000000 -1.800000 -22.000000
v -46.000000 -1.800000 -21.000000
v -46.000000 -1.800000 -20.000000
v -46.000000 -1.800000 -19.000000
v -46.000000 -1.800000 -18.000000
v -46.000000 -1.800000 -17.000000
v -46.000000 -1.800000 -16.000000
v -46.000000 -1.800000 -15.000000
v -46.000000 -1.800000 -14.000000
v -46.000000 -1.800000 -13.000000
v -46.000000 -1.800000 -12.000000
v -46.000000 -1.800000 -11.000000
v -46.000000 -1.800000 -10.000000
v -46.000000 -1.800000 -9.000000
v -46.000000 -1.800000 -8.000000
v -46.000000 -1.800000 -7.000000
v -46.000000 -1.800000 -6.000000
v -46.000000 -1.800000 -5.000000
v -46.000000 -1.800000 -4.000000
v -46.000000 -1.800000 -3.000000
v -46.000000 -1.800000 -2.000000
v -46.000000 -1.800000 -1.000000
v -46.000000 -1.800000 0.000000
v -46.000000 -1.800000 1.000000
v -46.000000 -1.800000 2.000000
v -46.000000 -1.800000 3.000000
v -46.000000 -1.800000 4.000000
v -46.000000 -1.800000 5.000000
v -46.000000 -1.800000 6.000000
v -46.000000 -1.800000 7.000000
v -46.000000 -1.800000 8.000000
v -46.000000 -1.800000 9.000000
v -46.000000 -1.800000 10.000000
v -46.000000 -1.800000 11.000000
v -46.000000 -1.800000 12.000000
v -46.000000 -1.800000 13.000000
v -46.000000 -1.800000 14.000000
v -46.000000 -1.800000 15.000000
v -46.000000 -1.800000 16.000000
v -46.000000 -1.800000 17.000000
v -46.000000 -1.800000 18.000000
v -46.000000 -1.800000 19.000000
v -46.000000 -1.800000 20.000000
v -46.000000 -1.800000 21.000000
v -46.000000 -1.800000 22.000000
v -46.000000 -1.800000 23.000000
v -46.000000 -1.800000 24.000000
v -46.000000 -1.800000 25.000000
v -46.000000 -1.800000 26.000000
v -46.000000 -1.800000 27.000000
v -46.000000 -1.800000 28.000000
v -46.000000 -1.800000 29.000000
v -46.000000 -1.800000 30.000000
v -46.000000 -1.800000 31.000000
v -46.000000 -1.800000 32.000000
v -46.000000 -1.800000 33.000000
v -46.000000 -1.800000 34.000000
v -46.000000 -1.800000 35.000000
v -46.000000 -1.800000 36.000000
v -46.000000 -1.800000 37.000000
v -46.000000 -1.800000 38.000000
v -46.000000 -1.800000 39.000000
v -46.000000 -1.800000 40.000000
v -45.000000 -1.800000 -40.000000
v -45.000000 -1.800000 -39.000000
v -45.000000 -1.800000 -38.000000
v -45.000000 -1.800000 -37.000000
v -45.000000 -1.800000 -36.000000
v -45.000000 -1.800000 -35.000000
v -45.000000 -1.800000 -34.000000
v -45.000000 -1.800000 -33.000000
v -45.000000 -1.800000 -32.000000
v -45.000000 -1.800000 -31.000000
v -45.000000 -1.800000 -30.000000
v -45.000000 -1.800000 -29.000000
v -45.000000 -1.800000 -28.000000
v -45.000000 -1.800000 -27.000000
v -45.000000 -1.800000 -26.000000
v -45.000000 -1.800000 -25.000000
v -45.000000 -1.800000 -24.000000
v -45.000000 -1.800000 -23.000000
v -45.000000 -1.800000 -22.000000
v -45.000000 -1.800000 -21.000000
v -45.000000 -1.800000 -20.000000
v -45.000000 -1.800000 -19.000000
v -45.000000 -1.800000 -18.000000
v -45.000000 -1.800000 -17.000000
v -45.000000 -1.800000 -16.000000
v -45.000000 -1.800000 -15.000000
v -45.000000 -1.800000 -14.000000
v -45.000000 -1.800000 -13.000000
v -45.000000 -1.800000 -12.000000
v -45.000000 -1.800000 -11.000000
v -45.000000 -1.800000 -10.000000
v -45.000000 -1.800000 -9.000000
v -45.000000 -1.800000 -8.000000
v -45.000000 -1.800000 -7.000000
v -45.000000 -1.800000 -6.000000
v -45.000000 -1.800000 -5.000000
v -45.000000 -1.800000 -4.000000
v -45.000000 -1.800000 -3.000000
v -45.000000 -1.800000 -2.000000
v -45.000000 -1.800000 -1.000000
v -45.000000 -1.800000 0.000000
v -45.000000 -1.800000 1.000000
v -45.000000 -1.800000 2.000000
v -45.000000 -1.800000 3.000000
v -45.000000 -1.800000 4.000000
v -45.000000 -1.800000 5.000000
v -45.000000 -1.800000 6.000000
v -45.000000 -1.800000 7.000000
v -45.000000 -1.800000 8.000000
v -45.000000 -1.800000 9.000000
v -45.000000 -1.800000 10.000000
v -45.000000 -1.800000 11.000000
v -45.000000 -1.800000 12.000000
v -45.000000 -1.800000 13.000000
v -45.000000 -1.800000 14.000000
v -45.000000 -1.800000 15.000000
v -45.000000 -1.800000 16.000000
v -45.000000 -1.800000 17.000000
v -45.000000 -1.800000 18.000000
v -45.000000 -1.800000 19.000000
v -45.000000 -1.800000 20.000000
v -45.000000 -1.800000 21.000000
v -45.000000 -1.800000 22.000000
v -45.000000 -1.800000 23.000000
v -45.000000 -1.800000 24.000000
v -45.000000 -1.800000 25.000000
v -45.000000 -1.800000 26.000000
v -45.000000 -1.800000 27.000000
v -45.000000 -1.800000 28.000000
v -45.000000 -1.800000 29.000000
v -45.000000 -1.800000 30.000000
v -45.000000 -1.800000 31.000000
v -45.000000 -1.800000 32.000000
v -45.000000 -1.800000 33.000000
v -45.000000 -1.800000 34.000000
v -45.000000 -1.800000 35.000000
v -45.000000 -1.800000 36.000000
v -45.000000 -1.800000 37.000000
v -45.000000 -1.800000 38.000000
v -45.000000 -1.800000 39.000000
v -45.000000 -1.800000 40.000000
v -44.000000 -1.800000 -40.000000
v -44.000000 -1.800000 -39.000000
v -44.000000 -1.800000 -38.000000
v -44.000000 -1.800000 -37.000000
v -44.000000 -1.800000 -36.000000
v -44.000000 -1.800000 -35.000000
v -44.000000 -1.800000 -34.000000
v -44.000000 -1.800000 -33.000000
v -44.000000 -1.800000 -32.000000
v -44.000000 -1.800000 -31.000000
v -44.000000 -1.800000 -30.000000
v -44.000000 -1.800000 -29.000000
v -44.000000 -1.800000 -28.000000
v -44.000000 -1.800000 -27.000000
v -44.000000 -1.800000 -26.000000
v -44.000000 -1.800000 -25.000000
v -44.000000 -1.800000 -24.000000
v -44.000000 -1.800000 -23.000000
v -44.000000 -1.800000 -22.000000
v -44.000000 -1.800000 -21.000000
v -44.000000 -1.800000 -20.000000
v -44.000000 -1.800000 -19.000000
v -44.000000 -1.800000 -18.000000
v -44.000000 -1.800000 -17.000000
v -44.000000 -1.800000 -16.000000
v -44.000000 -1.800000 -15.000000
v -44.000000 -1.800000 -14.000000
v -44.000000 -1.800000 -13.000000
v -44.000000 -1.800000 -12.000000
v -44.000000 -1.800000 -11.000000
v -44.000000 -1.800000 -10.000000
v -44.000000 -1.800000 -9.000000
v -44.000000 -1.800000 -8.000000
v -44.000000 -1.800000 -7.000000
v -44.000000 -1.800000 -6.000000
v -44.000000 -1.800000 -5.000000
v -44.000000 -1.800000 -4.000000
v -44.000000 -1.800000 -3.000000
v -44.000000 -1.800000 -2.000000
v -44.000000 -1.800000 -1.000000
v -44.000000 -1.800000 0.000000
v -44.000000 -1.800000 1.000000
v -44.000000 -1.800000 2.000000
v -44.000000 -1.800000 3.000000
v -44.000000 -1.800000 4.000000
v -44.000000 -1.800000 5.000000
v -44.000000 -1.800000 6.000000
v -44.000000 -1.800000 7.000000
v -44.000000 -1.800000 8.000000
v -44.000000 -1.800000 9.000000
v -44.000000 -1.800000 10.000000
v -44.000000 -1.800000 11.000000
v -44.000000 -1.800000 12.000000
v -44.000000 -1.800000 13.000000
v -44.000000 -1.800000 14.000000
v -44.000000 -1.800000 15.000000
v -44.000000 -1.800000 16.000000
v -44.000000 -1.800000 17.000000
v -44.000000 -1.800000 18.000000
v -44.000000 -1.800000 19.000000
v -44.000000 -1.800000 20.000000
v -44.000000 -1.800000 21.000000
v -44.000000 -1.800000 22.000000
v -44.000000 -1.800000 23.000000
v -44.000000 -1.800000 24.000000
v -44.000000 -1.800000 25.000000
v -44.000000 -1.800000 26.000000
v -44.000000 -1.800000 27.000000
v -44.000000 -1.800000 28.000000
v -44.000000 -1.800000 29.000000
v -44.000000 -1.800000 30.000000
v -44.000000 -1.800000 31.000000
v -44.000000 -1.800000 32.000000
v -44.000000 -1.800000 33.000000
v -44.000000 -1.800000 34.000000
v -44.000000 -1.800000 35.000000
v -44.000000 -1.800000 36.000000
v -44.000000 -1.800000 37.000000
v -44.000000 -1.800000 38.000000
v -44.000000 -1.800000 39.000000
v -44.000000 -1.800000 40.000000
v -43.000000 -1.800000 -40.000000
v -43.000000 -1.800000 -39.000000
v -43.000000 -1.800000 -38.000000
v -43.000000 -1.800000 -37.000000
v -43.000000 -1.800000 -36.000000
v -43.000000 -1.800000 -35.000000
v -43.000000 -1.800000 -34.000000
v -43.000000 -1.800000 -33.000000
v -43.000000 -1.800000 -32.000000
v -43.000000 -1.800000 -31.000000
v -43.000000 -1.800000 -30.000000
v -43.000000 -1.800000 -29.000000
v -43.000000 -1.800000 -28.000000
v -43.000000 -1.800000 -27.000000
v -43.000000 -1.800000 -26.000000
v -43.000000 -1.800000 -25.000000
v -43.000000 -1.800000 -24.000000
v -43.000000 -1.800000 -23.000000
v -43.000000 -1.800000 -22.000000
v -43.000000 -1.800000 -21.000000
v -43.000000 -1.800000 -20.000000
v -43.000000 -1.800000 -19.000000
v -43.000000 -1.800000 -18.000000
v -43.000000 -1.800000 -17.000000
v -43.000000 -1.800000 -16.000000
v -43.000000 -1.800000 -15.000000
v -43.000000 -1.800000 -14.000000
v -43.000000 -1.800000 -13.000000
v -43.000000 -1.800000 -12.000000
v -43.000000 -1.800000 -11.000000
v -43.000000 -1.800000 -10.000000
v -43.000000 -1.800000 -9.000000
v -43.000000 -1.800000 -8.000000
v -43.000000 -1.800000 -7.000000
v -43.000000 -1.800000 -6.000000
v -43.000000 -1.800000 -5.000000
v -43.000000 -1.800000 -4.000000
v -43.000000 -1.800000 -3.000000
v -43.000000 -1.800000 -2.000000
v -43.000000 -1.800000 -1.000000
v -43.000000 -1.800000 0.000000
v -43.000000 -1.800000 1.000000
v -43.000000 -1.800000 2.000000
v -43.000000 -1.800000 3.000000
v -43.000000 -1.800000 4.000000
v -43.000000 -1.800000 5.000000
v -43.000000 -1.800000 6.000000
v -43.000000 -1.784110 7.000000
v -43.000000 -1.655292 8.000000
v -43.000000 -1.584399 9.000000
v -43.000000 -1.565176 10.000000
v -43.000000 -1.590962 11.000000
v -43.000000 -1.654807 12.000000
v -43.000000 -1.749575 13.000000
v -43.000000 -1.800000 14.000000
v -43.000000 -1.800000 15.000000
v -43.000000 -1.800000 16.000000
v -43.000000 -1.800000 17.000000
v -43.000000 -1.800000 18.000000
v -43.000000 -1.800000 19.000000
v -43.000000 -1.800000 20.000000
v -43.000000 -1.800000 21.000000
v -43.000000 -1.800000 22.000000
v -43.000000 -1.800000 23.000000
v -43.000000 -1.800000 24.000000
v -43.000000 -1.800000 25.000000
v -43.000000 -1.800000 26.000000
v -43.000000 -1.800000 27.000000
v -43.000000 -1.800000 28.000000
v -43.000000 -1.800000 29.000000
v -43.000000 -1.800000 30.000000
v -43.000000 -1.800000 31.000000
v -43.000000 -1.800000 32.000000
v -43.000000 -1.800000 33.000000
v -43.000000 -1.800000 34.000000
v -43.000000 -1.800000 35.000000
v -43.000000 -1.800000 36.000000
v -43.000000 -1.800000 37.000000
v -43.000000 -1.800000 38.000000
v -43.000000 -1.800000 39.000000
v -43.000000 -1.800000 40.000000
v -42.000000 -1.800000 -40.000000
v -42.000000 -1.800000 -39.000000
v -42.000000 -1.800000 -38.000000
v -42.000000 -1.800000 -37.000000
v -42.000000 -1.800000 -36.000000
v -42.000000 -1.800000 -35.000000
v -42.000000 -1.800000 -34.000000
v -42.000000 -1.800000 -33.000000
v -42.000000 -1.800000 -32.000000
v -42.000000 -1.800000 -31.000000
v -42.000000 -1.800000 -30.000000
v -42.000000 -1.800000 -29.000000
v -42.000000 -1.800000 -28.000000
v -42.000000 -1.800000 -27.000000
v -42.000000 -1.800000 -26.000000
v -42.000000 -1.800000 -25.000000
v -42.000000 -1.800000 -24.000000
v -42.000000 -1.800000 -23.000000
v -42.000000 -1.800000 -22.000000
v -42.000000 -1.800000 -21.000000
v -42.000000 -1.800000 -20.000000
v -42.000000 -1.800000 -19.000000
v -42.000000 -1.800000 -18.000000
v -42.000000 -1.800000 -17.000000
v -42.000000 -1.800000 -16.000000
v -42.000000 -1.800000 -15.000000
v -42.000000 -1.800000 -14.000000
v -42.000000 -1.800000 -13.000000
v -42.000000 -1.800000 -12.000000
v -42.000000 -1.800000 -11.000000
v -42.000000 -1.800000 -10.000000
v -42.000000 -1.800000 -9.000000
v -42.000000 -1.800000 -8.000000
v -42.000000 -1.800000 -7.000000
v -42.000000 -1.800000 -6.000000
v -42.000000 -1.800000 -5.000000
v -42.000000 -1.800000 -4.000000
v -42.000000 -1.800000 -3.000000
v -42.000000 -1.800000 -2.000000
v -42.000000 -1.800000 -1.000000
v -42.000000 -1.800000 0.000000
v -42.000000 -1.800000 1.000000
v -42.000000 -1.800000 2.000000
v -42.000000 -1.800000 3.000000
v -42.000000 -1.800000 4.000000
v -42.000000 -1.800000 5.000000
v -42.000000 -1.695067 6.000000
v -42.000000 -1.512824 7.000000
v -42.000000 -1.394774 8.000000
v -42.000000 -1.334846 9.000000
v -42.000000 -1.326385 10.000000
v -42.000000 -1.362332 11.000000
v -42.000000 -1.435344 12.000000
v -42.000000 -1.537914 13.000000
v -42.000000 -1.662546 14.000000
v -42.000000 -1.800000 15.000000
v -42.000000 -1.800000 16.000000
v -42.000000 -1.800000 17.000000
v -42.000000 -1.800000 18.000000
v -42.000000 -1.800000 19.000000
v -42.000000 -1.800000 20.000000
v -42.000000 -1.800000 21.000000
v -42.000000 -1.800000 22.000000
v -42.000000 -1.800000 23.000000
v -42.000000 -1.800000 24.000000
v -42.000000 -1.800000 25.000000
v -42.000000 -1.800000 26.000000
v -42.000000 -1.800000 27.000000
v -42.000000 -1.800000 28.000000
v -42.000000 -1.800000 29.000000
v -42.000000 -1.800000 30.000000
v -42.000000 -1.800000 31.000000
v -42.000000 -1.800000 32.000000
v -42.000000 -1.800000 33.000000
v -42.000000 -1.800000 34.000000
v -42.000000 -1.800000 35.000000
v -42.000000 -1.800000 36.000000
v -42.000000 -1.800000 37.000000
v -42.000000 -1.800000 38.000000
v -42.000000 -1.800000 39.000000
v -42.000000 -1.800000 40.000000
v -41.000000 -1.800000 -40.000000
v -41.000000 -1.800000 -39.000000
v -41.000000 -1.800000 -38.000000
v -41.000000 -1.800000 -37.000000
v -41.000000 -1.800000 -36.000000
v -41.000000 -1.800000 -35.000000
v -41.000000 -1.800000 -34.000000
v -41.000000 -1.800000 -33.000000
v -41.000000 -1.800000 -32.000000
v -41.000000 -1.800000 -31.000000
v -41.000000 -1.800000 -30.000000
v -41.000000 -1.800000 -29.000000
v -41.000000 -1.800000 -28.000000
v -41.000000 -1.800000 -27.000000
v -41.000000 -1.800000 -26.000000
v -41.000000 -1.800000 -25.000000
v -41.000000 -1.800000 -24.000000
v -41.000000 -1.800000 -23.000000
v -41.000000 -1.800000 -22.000000
v -41.000000 -1.800000 -21.000000
v -41.000000 -1.800000 -20.000000
v -41.000000 -1.800000 -19.000000
v -41.000000 -1.800000 -18.000000
v -41.000000 -1.800000 -17.000000
v -41.000000 -1.800000 -16.000000
v -41.000000 -1.800000 -15.000000
v -41.000000 -1.800000 -14.000000
v -41.000000 -1.800000 -13.000000
v -41.000000 -1.800000 -12.000000
v -41.000000 -1.800000 -11.000000
v -41.000000 -1.800000 -10.000000
v -41.000000 -1.800000 -9.000000
v -41.000000 -1.800000 -8.000000
v -41.000000 -1.800000 -7.000000
v -41.000000 -1.800000 -6.000000
v -41.000000 -1.800000 -5.000000
v -41.000000 -1.800000 -4.000000
v -41.000000 -1.800000 -3.000000
v -41.000000 -1.800000 -2.000000
v -41.000000 -1.800000 -1.000000
v -41.000000 -1.800000 0.000000
v -41.000000 -1.800000 1.000000
v -41.000000 -1.800000 2.000000
v -41.000000 -1.800000 3.000000
v -41.000000 -1.800000 4.000000
v -41.000000 -1.657095 5.000000
v -41.000000 -1.415028 6.000000
v -41.000000 -1.243325 7.000000
v -41.000000 -1.136368 8.000000
v -41.000000 -1.087658 9.000000
v -41.000000 -1.090113 10.000000
v -41.000000 -1.136245 11.000000
v -41.000000 -1.218292 12.000000
v -41.000000 -1.328362 13.000000
v -41.000000 -1.458634 14.000000
v -41.000000 -1.601628 15.000000
v -41.000000 -1.750511 16.000000
v -41.000000 -1.800000 17.000000
v -41.000000 -1.800000 18.000000
v -41.000000 -1.800000 19.000000
v -41.000000 -1.800000 20.000000
v -41.000000 -1.800000 21.000000
v -41.000000 -1.800000 22.000000
v -41.000000 -1.800000 23.000000
v -41.000000 -1.800000 24.000000
v -41.000000 -1.800000 25.000000
v -41.000000 -1.800000 26.000000
v -41.000000 -1.800000 27.000000
v -41.000000 -1.800000 28.000000
v -41.000000 -1.800000 29.000000
v -41.000000 -1.800000 30.000000
v -41.000000 -1.800000 31.000000
v -41.000000 -1.800000 32.000000
v -41.000000 -1.800000 33.000000
v -41.000000 -1.800000 34.000000
v -41.000000 -1.800000 35.000000
v -41.000000 -1.800000 36.000000
v -41.000000 -1.800000 37.000000
v -41.000000 -1.800000 38.000000
v -41.000000 -1.800000 39.000000
v -41.000000 -1.800000 40.000000
v -40.000000 -1.800000 -40.000000
v -40.000000 -1.800000 -39.000000
v -40.000000 -1.800000 -38.000000
v -40.000000 -1.800000 -37.000000
v -40.000000 -1.800000 -36.000000
v -40.000000 -1.800000 -35.000000
v -40.000000 -1.800000 -34.000000
v -40.000000 -1.800000 -33.000000
v -40.000000 -1.800000 -32.000000
v -40.000000 -1.800000 -31.000000
v -40.000000 -1.800000 -30.000000
v -40.000000 -1.800000 -29.000000
v -40.000000 -1.800000 -28.000000
v -40.000000 -1.800000 -27.000000
v -40.000000 -1.800000 -26.000000
v -40.000000 -1.800000 -25.000000
v -40.000000 -1.800000 -24.000000
v -40.000000 -1.800000 -23.000000
v -40.000000 -1.800000 -22.000000
v -40.000000 -1.800000 -21.000000
v -40.000000 -1.800000 -20.000000
v -40.000000 -1.800000 -19.000000
v -40.000000 -1.800000 -18.000000
v -40.000000 -1.800000 -17.000000
v -40.000000 -1.800000 -16.000000
v -40.000000 -1.800000 -15.000000
v -40.000000 -1.800000 -14.000000
v -40.000000 -1.800000 -13.000000
v -40.000000 -1.800000 -12.000000
v -40.000000 -1.800000 -11.000000
v -40.000000 -1.800000 -10.000000
v -40.000000 -1.800000 -9.000000
v -40.000000 -1.800000 -8.000000
v -40.000000 -1.800000 -7.000000
v -40.000000 -1.800000 -6.000000
v -40.000000 -1.800000 -5.000000
v -40.000000 -1.800000 -4.000000
v -40.000000 -1.800000 -3.000000
v -40.000000 -1.800000 -2.000000
v -40.000000 -1.800000 -1.000000
v -40.000000 -1.800000 0.000000
v -40.000000 -1.800000 1.000000
v -40.000000 -1.800000 2.000000
v -40.000000 -1.800000 3.000000
v -40.000000 -1.676713 4.000000
v -40.000000 -1.368612 5.000000
v -40.000000 -1.136499 6.000000
v -40.000000 -0.975715 7.000000
v -40.000000 -0.880181 8.000000
v -40.000000 -0.842937 9.000000
v -40.000000 -0.856439 10.000000
v -40.000000 -0.912743 11.000000
v -40.000000 -1.003639 12.000000
v -40.000000 -1.120835 13.000000
v -40.000000 -1.256197 14.000000
v -40.000000 -1.402057 15.000000
v -40.000000 -1.551571 16.000000
v -40.000000 -1.699061 17.000000
v -40.000000 -1.800000 18.000000
v -40.000000 -1.800000 19.000000
v -40.000000 -1.800000 20.000000
v -40.000000 -1.800000 21.000000
v -40.000000 -1.800000 22.000000
v -40.000000 -1.800000 23.000000
v -40.000000 -1.800000 24.000000
v -40.000000 -1.800000 25.000000
v -40.000000 -1.800000 26.000000
v -40.000000 -1.800000 27.000000
v -40.000000 -1.800000 28.000000
v -40.000000 -1.800000 29.000000
v -40.000000 -1.800000 30.000000
v -40.000000 -1.800000 31.000000
v -40.000000 -1.800000 32.000000
v -40.000000 -1.800000 33.000000
v -40.000000 -1.800000 34.000000
v -40.000000 -1.800000 35.000000
v -40.000000 -1.800000 36.000000
v -40.000000 -1.800000 37.000000
v -40.000000 -1.800000 38.000000
v -40.000000 -1.800000 39.000000
v -40.000000 -1.800000 40.000000
v -39.000000 -1.800000 -40.000000
v -39.000000 -1.800000 -39.000000
v -39.000000 -1.800000 -38.000000
v -39.000000 -1.800000 -37.000000
v -39.000000 -1.800000 -36.000000
v -39.000000 -1.800000 -35.000000
v -39.000000 -1.800000 -34.000000
v -39.000000 -1.800000 -33.000000
v -39.000000 -1.800000 -32.000000
v -39.000000 -1.800000 -31.000000
v -39.000000 -1.800000 -30.000000
v -39.000000 -1.800000 -29.000000
v -39.000000 -1.800000 -28.000000
v -39.000000 -1.800000 -27.000000
v -39.000000 -1.800000 -26.000000
v -39.000000 -1.800000 -25.000000
v -39.000000 -1.800000 -24.000000
v -39.000000 -1.800000 -23.000000
v -39.000000 -1.800000 -22.000000
v -39.000000 -1.800000 -21.000000
v -39.000000 -1.800000 -20.000000
v -39.000000 -1.800000 -19.000000
v -39.000000 -1.800000 -18.000000
v -39.000000 -1.800000 -17.000000
v -39.000000 -1.800000 -16.000000
v -39.000000 -1.800000 -15.000000
v -39.000000 -1.800000 -14.000000
v -39.000000 -1.800000 -13.000000
v -39.000000 -1.800000 -12.000000
v -39.000000 -1.800000 -11.000000
v -39.000000 -1.800000 -10.000000
v -39.000000 -1.800000 -9.000000
v -39.000000 -1.800000 -8.000000
v -39.000000 -1.800000 -7.000000
v -39.000000 -1.800000 -6.000000
v -39.000000 -1.800000 -5.000000
v -39.000000 -1.800000 -4.000000
v -39.000000 -1.800000 -3.000000
v -39.000000 -1.800000 -2.000000
v -39.000000 -1.800000 -1.000000
v -39.000000 -1.800000 0.000000
v -39.000000 -1.800000 1.000000
v -39.000000 -1.800000 2.000000
v -39.000000 -1.759871 3.000000
v -39.000000 -1.380485 4.000000
v -39.000000 -1.081320 5.000000
v -39.000000 -0.859578 6.000000
v -39.000000 -0.710106 7.000000
v -39.000000 -0.626328 8.000000
v -39.000000 -0.600787 9.000000
v -39.000000 -0.625442 10.000000
v -39.000000 -0.691856 11.000000
v -39.000000 -0.791349 12.000000
v -39.000000 -0.915221 13.000000
v -39.000000 -1.055034 14.000000
v -39.000000 -1.202982 15.000000
v -39.000000 -1.352285 16.000000
v -39.000000 -1.497545 17.000000
v -39.000000 -1.635002 18.000000
v -39.000000 -1.762638 19.000000
v -39.000000 -1.800000 20.000000
v -39.000000 -1.800000 21.000000
v -39.000000 -1.800000 22.000000
v -39.000000 -1.800000 23.000000
v -39.000000 -1.800000 24.000000
v -39.000000 -1.800000 25.000000
v -39.000000 -1.800000 26.000000
v -39.000000 -1.800000 27.000000
v -39.000000 -1.800000 28.000000
v -39.000000 -1.800000 29.000000
v -39.000000 -1.800000 30.000000
v -39.000000 -1.800000 31.000000
v -39.000000 -1.800000 32.000000
v -39.000000 -1.800000 33.000000
v -39.000000 -1.800000 34.000000
v -39.000000 -1.800000 35.000000
v -39.000000 -1.800000 36.000000
v -39.000000 -1.800000 37.000000
v -39.000000 -1.800000 38.000000
v -39.000000 -1.800000 39.000000
v -39.000000 -1.800000 40.000000
v -38.000000 -1.800000 -40.000000
v -38.000000 -1.800000 -39.000000
v -38.000000 -1.800000 -38.000000
v -38.000000 -1.800000 -37.000000
v -38.000000 -1.800000 -36.000000
v -38.000000 -1.800000 -35.000000
v -38.000000 -1.800000 -34.000000
v -38.000000 -1.800000 -33.000000
v -38.000000 -1.800000 -32.000000
v -38.000000 -1.800000 -31.000000
v -38.000000 -1.800000 -30.000000
v -38.000000 -1.800000 -29.000000
v -38.000000 -1.800000 -28.000000
v -38.000000 -1.800000 -27.000000
v -38.000000 -1.800000 -26.000000
v -38.000000 -1.800000 -25.000000
v -38.000000 -1.800000 -24.000000
v -38.000000 -1.800000 -23.000000
v -38.000000 -1.800000 -22.000000
v -38.000000 -1.800000 -21.000000
v -38.000000 -1.800000 -20.000000
v -38.000000 -1.800000 -19.000000
v -38.000000 -1.800000 -18.000000
v -38.000000 -1.800000 -17.000000
v -38.000000 -1.800000 -16.000000
v -38.000000 -1.800000 -15.000000
v -38.000000 -1.800000 -14.000000
v -38.000000 -1.800000 -13.000000
v -38.000000 -1.800000 -12.000000
v -38.000000 -1.800000 -11.000000
v -38.000000 -1.800000 -10.000000
v -38.000000 -1.800000 -9.000000
v -38.000000 -1.800000 -8.000000
v -38.000000 -1.800000 -7.000000
v -38.000000 -1.800000 -6.000000
v -38.000000 -1.800000 -5.000000
v -38.000000 -1.800000 -4.000000
v -38.000000 -1.800000 -3.000000
v -38.000000 -1.800000 -2.000000
v -38.000000 -1.800000 -1.000000
v -38.000000 -1.800000 0.000000
v -38.000000 -1.800000 1.000000
v -38.000000 -1.800000 2.000000
v -38.000000 -1.457073 3.000000
v -38.000000 -1.085105 4.000000
v -38.000000 -0.795304 5.000000
v -38.000000 -0.584371 6.000000
v -38.000000 -0.446617 7.000000
v -38.000000 -0.374928 8.000000
v -38.000000 -0.361311 9.000000
v -38.000000 -0.397191 10.000000
v -38.000000 -0.473599 11.000000
v -38.000000 -0.581363 12.000000
v -38.000000 -0.711369 13.000000
v -38.000000 -0.854904 14.000000
v -38.000000 -1.004088 15.000000
v -38.000000 -1.152294 16.000000
v -38.000000 -1.294519 17.000000
v -38.000000 -1.427597 18.000000
v -38.000000 -1.550231 19.000000
v -38.000000 -1.662834 20.000000
v -38.000000 -1.767217 21.000000
v -38.000000 -1.800000 22.000000
v -38.000000 -1.800000 23.000000
v -38.000000 -1.800000 24.000000
v -38.000000 -1.800000 25.000000
v -38.000000 -1.800000 26.000000
v -38.000000 -1.800000 27.000000
v -38.000000 -1.800000 28.000000
v -38.000000 -1.800000 29.000000
v -38.000000 -1.800000 30.000000
v -38.000000 -1.800000 31.000000
v -38.000000 -1.800000 32.000000
v -38.000000 -1.800000 33.000000
v -38.000000 -1.800000 34.000000
v -38.000000 -1.800000 35.000000
v -38.000000 -1.800000 36.000000
v -38.000000 -1.800000 37.000000
v -38.000000 -1.800000 38.000000
v -38.000000 -1.800000 39.000000
v -38.000000 -1.800000 40.000000
v -37.000000 -1.800000 -40.000000
v -37.000000 -1.800000 -39.000000
v -37.000000 -1.800000 -38.000000
v -37.000000 -1.800000 -37.000000
v -37.000000 -1.800000 -36.000000
v -37.000000 -1.800000 -35.000000
v -37.000000 -1.800000 -34.000000
v -37.000000 -1.800000 -33.000000
v -37.000000 -1.800000 -32.000000
v -37.000000 -1.800000 -31.000000
v -37.000000 -1.800000 -30.000000
v -37.000000 -1.800000 -29.000000
v -37.000000 -1.800000 -28.000000
v -37.000000 -1.800000 -27.000000
v -37.000000 -1.800000 -26.000000
v -37.000000 -1.800000 -25.000000
v -37.000000 -1.800000 -24.000000
v -37.000000 -1.800000 -23.000000
v -37.000000 -1.800000 -22.000000
v -37.000000 -1.799255 -21.000000
v -37.000000 -1.719804 -20.000000
v -37.000000 -1.687533 -19.000000
v -37.000000 -1.707670 -18.000000
v -37.000000 -1.785273 -17.000000
v -37.000000 -1.800000 -16.000000
v -37.000000 -1.800000 -15.000000
v -37.000000 -1.800000 -14.000000
v -37.000000 -1.800000 -13.000000
v -37.000000 -1.800000 -12.000000
v -37.000000 -1.800000 -11.000000
v -37.000000 -1.800000 -10.000000
v -37.000000 -1.800000 -9.000000
v -37.000000 -1.800000 -8.000000
v -37.000000 -1.800000 -7.000000
v -37.000000 -1.800000 -6.000000
v -37.000000 -1.800000 -5.000000
v -37.000000 -1.800000 -4.000000
v -37.000000 -1.800000 -3.000000
v -37.000000 -1.800000 -2.000000
v -37.000000 -1.800000 -1.000000
v -37.000000 -1.800000 0.000000
v -37.000000 -1.800000 1.000000
v -37.000000 -1.602896 2.000000
v -37.000000 -1.154787 3.000000
v -37.000000 -0.790640 4.000000
v -37.000000 -0.510658 5.000000
v -37.000000 -0.310992 6.000000
v -37.000000 -0.185373 7.000000
v -37.000000 -0.126105 8.000000
v -37.000000 -0.124614 9.000000
v -37.000000 -0.171747 10.000000
v -37.000000 -0.257967 11.000000
v -37.000000 -0.373589 12.000000
v -37.000000 -0.509088 13.000000
v -37.000000 -0.655523 14.000000
v -37.000000 -0.805016 15.000000
v -37.000000 -0.951213 16.000000
v -37.000000 -1.089632 17.000000
v -37.000000 -1.217821 18.000000
v -37.000000 -1.335295 19.000000
v -37.000000 -1.443272 20.000000
v -37.000000 -1.544270 21.000000
v -37.000000 -1.641643 22.000000
v -37.000000 -1.739143 23.000000
v -37.000000 -1.800000 24.000000
v -37.000000 -1.800000 25.000000
v -37.000000 -1.800000 26.000000
v -37.000000 -1.800000 27.000000
v -37.000000 -1.800000 28.000000
v -37.000000 -1.800000 29.000000
v -37.000000 -1.800000 30.000000
v -37.000000 -1.800000 31.000000
v -37.000000 -1.800000 32.000000
v -37.000000 -1.800000 33.000000
v -37.000000 -1.800000 34.000000
v -37.000000 -1.800000 35.000000
v -37.000000 -1.800000 36.000000
v -37.000000 -1.800000 37.000000
v -37.000000 -1.800000 38.000000
v -37.000000 -1.800000 39.000000
v -37.000000 -1.800000 40.000000
v -36.000000 -1.800000 -40.000000
v -36.000000 -1.800000 -39.000000
v -36.000000 -1.800000 -38.000000
v -36.000000 -1.800000 -37.000000
v -36.000000 -1.800000 -36.000000
v -36.000000 -1.800000 -35.000000
v -36.000000 -1.800000 -34.000000
v -36.000000 -1.800000 -33.000000
v -36.000000 -1.800000 -32.000000
v -36.000000 -1.800000 -31.000000
v -36.000000 -1.800000 -30.000000
v -36.000000 -1.800000 -29.000000
v -36.000000 -1.800000 -28.000000
v -36.000000 -1.800000 -27.000000
v -36.000000 -1.800000 -26.000000
v -36.000000 -1.800000 -25.000000
v -36.000000 -1.800000 -24.000000
v -36.000000 -1.800000 -23.000000
v -36.000000 -1.721039 -22.000000
v -36.000000 -1.577054 -21.000000
v -36.000000 -1.473091 -20.000000
v -36.000000 -1.414625 -19.000000
v -36.000000 -1.407194 -18.000000
v -36.000000 -1.456263 -17.000000
v -36.000000 -1.566964 -16.000000
v -36.000000 -1.743645 -15.000000
v -36.000000 -1.800000 -14.000000
v -36.000000 -1.800000 -13.000000
v -36.000000 -1.800000 -12.000000
v -36.000000 -1.800000 -11.000000
v -36.000000 -1.800000 -10.000000
v -36.000000 -1.800000 -9.000000
v -36.000000 -1.800000 -8.000000
v -36.000000 -1.800000 -7.000000
v -36.000000 -1.800000 -6.000000
v -36.000000 -1.800000 -5.000000
v -36.000000 -1.800000 -4.000000
v -36.000000 -1.800000 -3.000000
v -36.000000 -1.800000 -2.000000
v -36.000000 -1.800000 -1.000000
v -36.000000 -1.800000 0.000000
v -36.000000 -1.800000 1.000000
v -36.000000 -1.295446 2.000000
v -36.000000 -0.853056 3.000000
v -36.000000 -0.497163 4.000000
v -36.000000 -0.227483 5.000000
v -36.000000 -0.039564 6.000000
v -36.000000 0.073494 7.000000
v -36.000000 0.120016 8.000000
v -36.000000 0.109205 9.000000
v -36.000000 0.050843 10.000000
v -36.000000 -0.044930 11.000000
v -36.000000 -0.167896 12.000000
v -36.000000 -0.308142 13.000000
v -36.000000 -0.456557 14.000000
v -36.000000 -0.605374 15.000000
v -36.000000 -0.748646 16.000000
v -36.000000 -0.882554 17.000000
v -36.000000 -1.005482 18.000000
v -36.000000 -1.117836 19.000000
v -36.000000 -1.221663 20.000000
v -36.000000 -1.320159 21.000000
v -36.000000 -1.417157 22.000000
v -36.000000 -1.516672 23.000000
v -36.000000 -1.622544 24.000000
v -36.000000 -1.738202 25.000000
v -36.000000 -1.800000 26.000000
v -36.000000 -1.800000 27.000000
v -36.000000 -1.800000 28.000000
v -36.000000 -1.800000 29.000000
v -36.000000 -1.800000 30.000000
v -36.000000 -1.800000 31.000000
v -36.000000 -1.800000 32.000000
v -36.000000 -1.800000 33.000000
v -36.000000 -1.800000 34.000000
v -36.000000 -1.800000 35.000000
v -36.000000 -1.800000 36.000000
v -36.000000 -1.800000 37.000000
v -36.000000 -1.800000 38.000000
v -36.000000 -1.800000 39.000000
v -36.000000 -1.800000 40.000000
v -35.000000 -1.800000 -40.000000
v -35.000000 -1.800000 -39.000000
v -35.000000 -1.800000 -38.000000
v -35.000000 -1.800000 -37.000000
v -35.000000 -1.800000 -36.000000
v -35.000000 -1.800000 -35.000000
v -35.000000 -1.800000 -34.000000
v -35.000000 -1.800000 -33.000000
v -35.000000 -1.800000 -32.000000
v -35.000000 -1.800000 -31.000000
v -35.000000 -1.800000 -30.000000
v -35.000000 -1.800000 -29.000000
v -35.000000 -1.800000 -28.000000
v -35.000000 -1.800000 -27.000000
v -35.000000 -1.800000 -26.000000
v -35.000000 -1.800000 -25.000000
v -35.000000 -1.800000 -24.000000
v -35.000000 -1.732604 -23.000000
v -35.000000 -1.534362 -22.000000
v -35.000000 -1.368460 -21.000000
v -35.000000 -1.240413 -20.000000
v -35.000000 -1.155930 -19.000000
v -35.000000 -1.120847 -18.000000
v -35.000000 -1.141009 -17.000000
v -35.000000 -1.222063 -16.000000
v -35.000000 -1.369075 -15.000000
v -35.000000 -1.585837 -14.000000
v -35.000000 -1.800000 -13.000000
v -35.000000 -1.800000 -12.000000
v -35.000000 -1.800000 -11.000000
v -35.000000 -1.800000 -10.000000
v -35.000000 -1.800000 -9.000000
v -35.000000 -1.800000 -8.000000
v -35.000000 -1.800000 -7.000000
v -35.000000 -1.800000 -6.000000
v -35.000000 -1.800000 -5.000000
v -35.000000 -1.800000 -4.000000
v -35.000000 -1.800000 -3.000000
v -35.000000 -1.800000 -2.000000
v -35.000000 -1.800000 -1.000000
v -35.000000 -1.800000 0.000000
v -35.000000 -1.507463 1.000000
v -35.000000 -0.988245 2.000000
v -35.000000 -0.551930 3.000000
v -35.000000 -0.204755 4.000000
v -35.000000 0.054111 5.000000
v -35.000000 0.229781 6.000000
v -35.000000 0.329841 7.000000
v -35.000000 0.363302 8.000000
v -35.000000 0.340050 9.000000
v -35.000000 0.270547 10.000000
v -35.000000 0.165573 11.000000
v -35.000000 0.035888 12.000000
v -35.000000 -0.108242 13.000000
v -35.000000 -0.257625 14.000000
v -35.000000 -0.404736 15.000000
v -35.000000 -0.544193 16.000000
v -35.000000 -0.672995 17.000000
v -35.000000 -0.790475 18.000000
v -35.000000 -0.897989 19.000000
v -35.000000 -0.998408 20.000000
v -35.000000 -1.095551 21.000000
v -35.000000 -1.193633 22.000000
v -35.000000 -1.296824 23.000000
v -35.000000 -1.408928 24.000000
v -35.000000 -1.533190 25.000000
v -35.000000 -1.672206 26.000000
v -35.000000 -1.800000 27.000000
v -35.000000 -1.800000 28.000000
v -35.000000 -1.800000 29.000000
v -35.000000 -1.800000 30.000000
v -35.000000 -1.800000 31.000000
v -35.000000 -1.800000 32.000000
v -35.000000 -1.800000 33.000000
v -35.000000 -1.800000 34.000000
v -35.000000 -1.800000 35.000000
v -35.000000 -1.800000 36.000000
v -35.000000 -1.800000 37.000000
v -35.000000 -1.800000 38.000000
v -35.000000 -1.800000 39.000000
v -35.000000 -1.800000 40.000000
v -34.000000 -1.800000 -40.000000
v -34.000000 -1.800000 -39.000000
v -34.000000 -1.800000 -38.000000
v -34.000000 -1.800000 -37.000000
v -34.000000 -1.800000 -36.000000
v -34.000000 -1.800000 -35.000000
v -34.000000 -1.800000 -34.000000
v -34.000000 -1.800000 -33.000000
v -34.000000 -1.800000 -32.000000
v -34.000000 -1.800000 -31.000000
v -34.000000 -1.800000 -30.000000
v -34.000000 -1.800000 -29.000000
v -34.000000 -1.800000 -28.000000
v -34.000000 -1.800000 -27.000000
v -34.000000 -1.800000 -26.000000
v -34.000000 -1.800000 -25.000000
v -34.000000 -1.800000 -24.000000
v -34.000000 -1.577170 -23.000000
v -34.000000 -1.360442 -22.000000
v -34.000000 -1.173478 -21.000000
v -34.000000 -1.021948 -20.000000
v -34.000000 -0.911786 -19.000000
v -34.000000 -0.849111 -18.000000
v -34.000000 -0.840128 -17.000000
v -34.000000 -0.890965 -16.000000
v -34.000000 -1.007351 -15.000000
v -34.000000 -1.194033 -14.000000
v -34.000000 -1.453730 -13.000000
v -34.000000 -1.785452 -12.000000
v -34.000000 -1.800000 -11.000000
v -34.000000 -1.800000 -10.000000
v -34.000000 -1.800000 -9.000000
v -34.000000 -1.800000 -8.000000
v -34.000000 -1.800000 -7.000000
v -34.000000 -1.800000 -6.000000
v -34.000000 -1.800000 -5.000000
v -34.000000 -1.800000 -4.000000
v -34.000000 -1.800000 -3.000000
v -34.000000 -1.800000 -2.000000
v -34.000000 -1.800000 -1.000000
v -34.000000 -1.781462 0.000000
v -34.000000 -1.197103 1.000000
v -34.000000 -0.681318 2.000000
v -34.000000 -0.251464 3.000000
v -34.000000 0.086495 4.000000
v -34.000000 0.334001 5.000000
v -34.000000 0.496899 6.000000
v -34.000000 0.583522 7.000000
v -34.000000 0.603623 8.000000
v -34.000000 0.567837 9.000000
v -34.000000 0.487358 10.000000
v -34.000000 0.373643 11.000000
v -34.000000 0.237990 12.000000
v -34.000000 0.090958 13.000000
v -34.000000 -0.058296 14.000000
v -34.000000 -0.202655 15.000000
v -34.000000 -0.337477 16.000000
v -34.000000 -0.460733 17.000000
v -34.000000 -0.572811 18.000000
v -34.000000 -0.676043 19.000000
v -34.000000 -0.774090 20.000000
v -34.000000 -0.871299 21.000000
v -34.000000 -0.972155 22.000000
v -34.000000 -1.080859 23.000000
v -34.000000 -1.201065 24.000000
v -34.000000 -1.335742 25.000000
v -34.000000 -1.487131 26.000000
v -34.000000 -1.656773 27.000000
v -34.000000 -1.800000 28.000000
v -34.000000 -1.800000 29.000000
v -34.000000 -1.800000 30.000000
v -34.000000 -1.800000 31.000000
v -34.000000 -1.800000 32.000000
v -34.000000 -1.800000 33.000000
v -34.000000 -1.800000 34.000000
v -34.000000 -1.800000 35.000000
v -34.000000 -1.800000 36.000000
v -34.000000 -1.800000 37.000000
v -34.000000 -1.800000 38.000000
v -34.000000 -1.800000 39.000000
v -34.000000 -1.800000 40.000000
v -33.000000 -1.800000 -40.000000
v -33.000000 -1.800000 -39.000000
v -33.000000 -1.800000 -38.000000
v -33.000000 -1.800000 -37.000000
v -33.000000 -1.800000 -36.000000
v -33.000000 -1.800000 -35.000000
v -33.000000 -1.800000 -34.000000
v -33.000000 -1.800000 -33.000000
v -33.000000 -1.800000 -32.000000
v -33.000000 -1.800000 -31.000000
v -33.000000 -1.800000 -30.000000
v -33.000000 -1.800000 -29.000000
v -33.000000 -1.800000 -28.000000
v -33.000000 -1.800000 -27.000000
v -33.000000 -1.800000 -26.000000
v -33.000000 -1.800000 -25.000000
v -33.000000 -1.688406 -24.000000
v -33.000000 -1.432885 -23.000000
v -33.000000 -1.198959 -22.000000
v -33.000000 -0.991993 -21.000000
v -33.000000 -0.817782 -20.000000
v -33.000000 -0.682462 -19.000000
v -33.000000 -0.592419 -18.000000
v -33.000000 -0.554206 -17.000000
v -33.000000 -0.574397 -16.000000
v -33.000000 -0.659340 -15.000000
v -33.000000 -0.814659 -14.000000
v -33.000000 -1.044351 -13.000000
v -33.000000 -1.349228 -12.000000
v -33.000000 -1.724478 -11.000000
v -33.000000 -1.800000 -10.000000
v -33.000000 -1.800000 -9.000000
v -33.000000 -1.800000 -8.000000
v -33.000000 -1.800000 -7.000000
v -33.000000 -1.800000 -6.000000
v -33.000000 -1.800000 -5.000000
v -33.000000 -1.800000 -4.000000
v -33.000000 -1.800000 -3.000000
v -33.000000 -1.800000 -2.000000
v -33.000000 -1.800000 -1.000000
v -33.000000 -1.470243 0.000000
v -33.000000 -0.886804 1.000000
v -33.000000 -0.374693 2.000000
v -33.000000 0.048281 3.000000
v -33.000000 0.376486 4.000000
v -33.000000 0.612057 5.000000
v -33.000000 0.761638 6.000000
v -33.000000 2.500000 7.000000
v -33.000000 2.500000 8.000000
v -33.000000 0.792492 9.000000
v -33.000000 0.701298 10.000000
v -33.000000 0.579428 11.000000
v -33.000000 0.438694 12.000000
v -33.000000 0.289863 13.000000
v -33.000000 0.141901 14.000000
v -33.000000 0.001325 15.000000
v -33.000000 -0.128160 16.000000
v -33.000000 -0.245647 17.000000
v -33.000000 -0.352652 18.000000
v -33.000000 -0.452479 19.000000
v -33.000000 -0.549497 20.000000
v -33.000000 -0.648466 21.000000
v -33.000000 -0.753998 22.000000
v -33.000000 -0.870197 23.000000
v -33.000000 -1.000452 24.000000
v -33.000000 -1.147366 25.000000
v -33.000000 -1.312762 26.000000
v -33.000000 -1.497741 27.000000
v -33.000000 -1.702768 28.000000
v -33.000000 -1.800000 29.000000
v -33.000000 -1.800000 30.000000
v -33.000000 -1.800000 31.000000
v -33.000000 -1.800000 32.000000
v -33.000000 -1.800000 33.000000
v -33.000000 -1.800000 34.000000
v -33.000000 -1.800000 35.000000
v -33.000000 -1.800000 36.000000
v -33.000000 -1.800000 37.000000
v -33.000000 -1.800000 38.000000
v -33.000000 -1.800000 39.000000
v -33.000000 -1.800000 40.000000
v -32.000000 -1.800000 -40.000000
v -32.000000 -1.800000 -39.000000
v -32.000000 -1.800000 -38.000000
v -32.000000 -1.800000 -37.000000
v -32.000000 -1.800000 -36.000000
v -32.000000 -1.800000 -35.000000
v -32.000000 -1.800000 -34.000000
v -32.000000 -1.800000 -33.000000
v -32.000000 -1.800000 -32.000000
v -32.000000 -1.800000 -31.000000
v -32.000000 -1.800000 -30.000000
v -32.000000 -1.800000 -29.000000
v -32.000000 -1.800000 -28.000000
v -32.000000 -1.800000 -27.000000
v -32.000000 -1.800000 -26.000000
v -32.000000 -1.800000 -25.000000
v -32.000000 -1.567310 -24.000000
v -32.000000 -1.299054 -23.000000
v -32.000000 -1.049426 -22.000000
v -32.000000 -0.823746 -21.000000
v -32.000000 -0.627881 -20.000000
v -32.000000 -0.468132 -19.000000
v -32.000000 -0.351140 -18.000000
v -32.000000 -0.283783 -17.000000
v -32.000000 -0.273062 -16.000000
v -32.000000 -0.325894 -15.000000
v -32.000000 -0.448717 -14.000000
v -32.000000 -0.646711 -13.000000
v -32.000000 -0.922411 -12.000000
v -32.000000 -1.273384 -11.000000
v -32.000000 -1.688808 -10.000000
v -32.000000 -1.800000 -9.000000
v -32.000000 -1.800000 -8.000000
v -32.000000 -1.800000 -7.000000
v -32.000000 -1.800000 -6.000000
v -32.000000 -1.800000 -5.000000
v -32.000000 -1.800000 -4.000000
v -32.000000 -1.800000 -3.000000
v -32.000000 -1.800000 -2.000000
v -32.000000 -1.779306 -1.000000
v -32.000000 -1.159023 0.000000
v -32.000000 -0.576571 1.000000
v -32.000000 -0.068398 2.000000
v -32.000000 0.347237 3.000000
v -32.000000 0.665111 4.000000
v -32.000000 2.500000 5.000000
v -32.000000 2.500000 6.000000
v -32.000000 2.500000 7.000000
v -32.000000 2.500000 8.000000
v -32.000000 2.500000 9.000000
v -32.000000 2.500000 10.000000
v -32.000000 0.783133 11.000000
v -32.000000 0.638354 12.000000
v -32.000000 0.488940 13.000000
v -32.000000 0.343471 14.000000
v -32.000000 0.207642 15.000000
v -32.000000 0.084016 16.000000
v -32.000000 -0.027755 17.000000
v -32.000000 -0.130351 18.000000
v -32.000000 -0.227994 19.000000
v -32.000000 -0.325647 20.000000
v -32.000000 -0.428327 21.000000
v -32.000000 -0.540624 22.000000
v -32.000000 -0.666406 23.000000
v -32.000000 -0.808692 24.000000
v -32.000000 -0.969635 25.000000
v -32.000000 -1.150581 26.000000
v -32.000000 -1.352154 27.000000
v -32.000000 -1.574357 28.000000
v -32.000000 -1.800000 29.000000
v -32.000000 -1.800000 30.000000
v -32.000000 -1.800000 31.000000
v -32.000000 -1.800000 32.000000
v -32.000000 -1.800000 33.000000
v -32.000000 -1.800000 34.000000
v -32.000000 -1.800000 35.000000
v -32.000000 -1.800000 36.000000
v -32.000000 -1.800000 37.000000
v -32.000000 -1.800000 38.000000
v -32.000000 -1.800000 39.000000
v -32.000000 -1.800000 40.000000
v -31.000000 -1.800000 -40.000000
v -31.000000 -1.800000 -39.000000
v -31.000000 -1.800000 -38.000000
v -31.000000 -1.800000 -37.000000
v -31.000000 -1.800000 -36.000000
v -31.000000 -1.800000 -35.000000
v -31.000000 -1.800000 -34.000000
v -31.000000 -1.800000 -33.000000
v -31.000000 -1.800000 -32.000000
v -31.000000 -1.800000 -31.000000
v -31.000000 -1.800000 -30.000000
v -31.000000 -1.800000 -29.000000
v -31.000000 -1.800000 -28.000000
v -31.000000 -1.800000 -27.000000
v -31.000000 -1.800000 -26.000000
v -31.000000 -1.744457 -25.000000
v -31.000000 -1.454022 -24.000000
v -31.000000 -1.174803 -23.000000
v -31.000000 -0.911174 -22.000000
v -31.000000 -0.668308 -21.000000
v -31.000000 -0.452062 -20.000000
v -31.000000 -0.268857 -19.000000
v -31.000000 -0.125553 -18.000000
v -31.000000 -0.029339 -17.000000
v -31.000000 0.012381 -16.000000
v -31.000000 -0.007846 -15.000000
v -31.000000 -0.097202 -14.000000
v -31.000000 -0.261963 -13.000000
v -31.000000 -0.506279 -12.000000
v -31.000000 -0.830037 -11.000000
v -31.000000 -1.225488 -10.000000
v -31.000000 -1.672638 -9.000000
v -31.000000 -1.800000 -8.000000
v -31.000000 -1.800000 -7.000000
v -31.000000 -1.800000 -6.000000
v -31.000000 -1.800000 -5.000000
v -31.000000 -1.800000 -4.000000
v -31.000000 -1.800000 -3.000000
v -31.000000 -1.800000 -2.000000
v -31.000000 -1.468126 -1.000000
v -31.000000 -0.847804 0.000000
v -31.000000 -0.266413 1.000000
v -31.000000 0.237530 2.000000
v -31.000000 0.645327 3.000000
v -31.000000 2.500000 4.000000
v -31.000000 2.500000 5.000000
v -31.000000 2.500000 6.000000
v -31.000000 2.500000 7.000000
v -31.000000 2.500000 8.000000
v -31.000000 2.500000 9.000000
v -31.000000 2.500000 10.000000
v -31.000000 2.500000 11.000000
v -31.000000 2.500000 12.000000
v -31.000000 0.688713 13.000000
v -31.000000 0.546937 14.000000
v -31.000000 0.416687 15.000000
v -31.000000 0.299191 16.000000
v -31.000000 0.192744 17.000000
v -31.000000 0.093515 18.000000
v -31.000000 -0.003534 19.000000
v -31.000000 -0.103796 20.000000
v -31.000000 -0.212374 21.000000
v -31.000000 -0.333672 22.000000
v -31.000000 -0.471188 23.000000
v -31.000000 -0.627468 24.000000
v -31.000000 -0.804148 25.000000
v -31.000000 -1.002045 26.000000
v -31.000000 -1.221273 27.000000
v -31.000000 -1.461352 28.000000
v -31.000000 -1.721313 29.000000
v -31.000000 -1.800000 30.000000
v -31.000000 -1.800000 31.000000
v -31.000000 -1.800000 32.000000
v -31.000000 -1.800000 33.000000
v -31.000000 -1.800000 34.000000
v -31.000000 -1.800000 35.000000
v -31.000000 -1.800000 36.000000
v -31.000000 -1.800000 37.000000
v -31.000000 -1.800000 38.000000
v -31.000000 -1.800000 39.000000
v -31.000000 -1.800000 40.000000
v -30.000000 -1.800000 -40.000000
v -30.000000 -1.800000 -39.000000
v -30.000000 -1.800000 -38.000000
v -30.000000 -1.800000 -37.000000
v -30.000000 -1.800000 -36.000000
v -30.000000 -1.800000 -35.000000
v -30.000000 -1.800000 -34.000000
v -30.000000 -1.800000 -33.000000
v -30.000000 -1.800000 -32.000000
v -30.000000 -1.800000 -31.000000
v -30.000000 -1.800000 -30.000000
v -30.000000 -1.800000 -29.000000
v -30.000000 -1.800000 -28.000000
v -30.000000 -1.800000 -27.000000
v -30.000000 -1.800000 -26.000000
v -30.000000 -1.644357 -25.000000
v -30.000000 -1.347407 -24.000000
v -30.000000 -1.059085 -23.000000
v -30.000000 -0.783333 -22.000000
v -30.000000 -0.525045 -21.000000
v -30.000000 -0.289963 -20.000000
v -30.000000 -0.084544 -19.000000
v -30.000000 0.084177 -18.000000
v -30.000000 0.208728 -17.000000
v -30.000000 0.281323 -16.000000
v -30.000000 0.294005 -15.000000
v -30.000000 0.238901 -14.000000
v -30.000000 0.108735 -13.000000
v -30.000000 -0.102146 -12.000000
v -30.000000 -0.395851 -11.000000
v -30.000000 -0.767708 -10.000000
v -30.000000 -1.201513 -9.000000
v -30.000000 -1.663900 -8.000000
v -30.000000 -1.800000 -7.000000
v -30.000000 -1.800000 -6.000000
v -30.000000 -1.800000 -5.000000
v -30.000000 -1.800000 -4.000000
v -30.000000 -1.800000 -3.000000
v -30.000000 -1.751858 -2.000000
v -30.000000 -1.156924 -1.000000
v -30.000000 -0.536585 0.000000
v -30.000000 0.043662 1.000000
v -30.000000 0.543053 2.000000
v -30.000000 2.500000 3.000000
v -30.000000 2.500000 4.000000
v -30.000000 2.500000 5.000000
v -30.000000 2.500000 6.000000
v -30.000000 2.500000 7.000000
v -30.000000 2.500000 8.000000
v -30.000000 2.500000 9.000000
v -30.000000 2.500000 10.000000
v -30.000000 2.500000 11.000000
v -30.000000 2.500000 12.000000
v -30.000000 2.500000 13.000000
v -30.000000 0.752809 14.000000
v -30.000000 0.628765 15.000000
v -30.000000 0.517338 16.000000
v -30.000000 0.415420 17.000000
v -30.000000 0.318100 18.000000
v -30.000000 0.219685 19.000000
v -30.000000 0.114547 20.000000
v -30.000000 -0.002310 21.000000
v -30.000000 -0.134939 22.000000
v -30.000000 -0.286346 23.000000
v -30.000000 -0.458513 24.000000
v -30.000000 -0.652493 25.000000
v -30.000000 -0.868538 26.000000
v -30.000000 -1.106223 27.000000
v -30.000000 -1.364570 28.000000
v -30.000000 -1.642156 29.000000
v -30.000000 -1.800000 30.000000
v -30.000000 -1.800000 31.000000
v -30.000000 -1.800000 32.000000
v -30.000000 -1.800000 33.000000
v -30.000000 -1.800000 34.000000
v -30.000000 -1.800000 35.000000
v -30.000000 -1.800000 36.000000
v -30.000000 -1.800000 37.000000
v -30.000000 -1.800000 38.000000
v -30.000000 -1.800000 39.000000
v -30.000000 -1.800000 40.000000
v -29.000000 -1.800000 -40.000000
v -29.000000 -1.800000 -39.000000
v -29.000000 -1.800000 -38.000000
v -29.000000 -1.800000 -37.000000
v -29.000000 -1.800000 -36.000000
v -29.000000 -1.800000 -35.000000
v -29.000000 -1.800000 -34.000000
v -29.000000 -1.800000 -33.000000
v -29.000000 -1.800000 -32.000000
v -29.000000 -1.800000 -31.000000
v -29.000000 -1.800000 -30.000000
v -29.000000 -1.800000 -29.000000
v -29.000000 -1.800000 -28.000000
v -29.000000 -1.800000 -27.000000
v -29.000000 -1.800000 -26.000000
v -29.000000 -1.548155 -25.000000
v -29.000000 -1.246261 -24.000000
v -29.000000 -0.950700 -23.000000
v -29.000000 -0.664829 -22.000000
v -29.000000 -0.393104 -21.000000
v -29.000000 -0.141005 -20.000000
v -29.000000 0.085082 -19.000000
v -29.000000 0.278030 -18.000000
v -29.000000 0.430128 -17.000000
v -29.000000 0.533230 -16.000000
v -29.000000 0.578903 -15.000000
v -29.000000 0.558633 -14.000000
v -29.000000 0.464225 -13.000000
v -29.000000 0.288646 -12.000000
v -29.000000 0.027697 -11.000000
v -29.000000 -0.316980 -10.000000
v -29.000000 -0.733140 -9.000000
v -29.000000 -1.191680 -8.000000
v -29.000000 -1.641062 -7.000000
v -29.000000 -1.800000 -6.000000
v -29.000000 -1.800000 -5.000000
v -29.000000 -1.800000 -4.000000
v -29.000000 -1.800000 -3.000000
v -29.000000 -1.436884 -2.000000
v -29.000000 -0.845695 -1.000000
v -29.000000 -0.225365 0.000000
v -29.000000 0.353646 1.000000
v -29.000000 2.500000 2.000000
v -29.000000 2.500000 3.000000
v -29.000000 2.500000 4.000000
v -29.000000 2.500000 5.000000
v -29.000000 2.500000 6.000000
v -29.000000 2.500000 7.000000
v -29.000000 2.500000 8.000000
v -29.000000 2.500000 9.000000
v -29.000000 2.500000 10.000000
v -29.000000 2.500000 11.000000
v -29.000000 2.500000 12.000000
v -29.000000 2.500000 13.000000
v -29.000000 2.500000 14.000000
v -29.000000 2.500000 15.000000
v -29.000000 0.738209 16.000000
v -29.000000 0.639565 17.000000
v -29.000000 0.542260 18.000000
v -29.000000 0.440160 19.000000
v -29.000000 0.327626 20.000000
v -29.000000 0.199968 21.000000
v -29.000000 0.053641 22.000000
v -29.000000 -0.113754 23.000000
v -29.000000 -0.303556 24.000000
v -29.000000 -0.516188 25.000000
v -29.000000 -0.751301 26.000000
v -29.000000 -1.007913 27.000000
v -29.000000 -1.284540 28.000000
v -29.000000 -1.579302 29.000000
v -29.000000 -1.800000 30.000000
v -29.000000 -1.800000 31.000000
v -29.000000 -1.800000 32.000000
v -29.000000 -1.800000 33.000000
v -29.000000 -1.800000 34.000000
v -29.000000 -1.800000 35.000000
v -29.000000 -1.800000 36.000000
v -29.000000 -1.800000 37.000000
v -29.000000 -1.800000 38.000000
v -29.000000 -1.800000 39.000000
v -29.000000 -1.800000 40.000000
v -28.000000 -1.800000 -40.000000
v -28.000000 -1.800000 -39.000000
v -28.000000 -1.800000 -38.000000
v -28.000000 -1.800000 -37.000000
v -28.000000 -1.800000 -36.000000
v -28.000000 -1.800000 -35.000000
v -28.000000 -1.800000 -34.000000
v -28.000000 -1.800000 -33.000000
v -28.000000 -1.800000 -32.000000
v -28.000000 -1.800000 -31.000000
v -28.000000 -1.800000 -30.000000
v -28.000000 -1.800000 -29.000000
v -28.000000 -1.800000 -28.000000
v -28.000000 -1.800000 -27.000000
v -28.000000 -1.763490 -26.000000
v -28.000000 -1.454938 -25.000000
v -28.000000 -1.149401 -24.000000
v -28.000000 -0.848352 -23.000000
v -28.000000 -0.554405 -22.000000
v -28.000000 -0.271396 -21.000000
v -28.000000 -0.004368 -20.000000
v -28.000000 0.240527 -19.000000
v -28.000000 0.456180 -18.000000
v -28.000000 0.634715 -17.000000
v -28.000000 0.767670 -16.000000
v -28.000000 2.500000 -15.000000
v -28.000000 2.500000 -14.000000
v -28.000000 2.500000 -13.000000
v -28.000000 0.664740 -12.000000
v -28.000000 0.439070 -11.000000
v -28.000000 0.125072 -10.000000
v -28.000000 -0.269049 -9.000000
v -28.000000 -0.718933 -8.000000
v -28.000000 -1.176970 -7.000000
v -28.000000 -1.569926 -6.000000
v -28.000000 -1.800000 -5.000000
v -28.000000 -1.800000 -4.000000
v -28.000000 -1.578980 -3.000000
v -28.000000 -1.121345 -2.000000
v -28.000000 -0.534434 -1.000000
v -28.000000 0.085854 0.000000
v -28.000000 0.663527 1.000000
v -28.000000 2.500000 2.000000
v -28.000000 2.500000 3.000000
v -28.000000 2.500000 4.000000
v -28.000000 2.500000 5.000000
v -28.000000 2.500000 6.000000
v -28.000000 2.500000 7.000000
v -28.000000 2.500000 8.000000
v -28.000000 2.500000 9.000000
v -28.000000 2.500000 10.000000
v -28.000000 2.500000 11.000000
v -28.000000 2.500000 12.000000
v -28.000000 2.500000 13.000000
v -28.000000 2.500000 14.000000
v -28.000000 2.500000 15.000000
v -28.000000 2.500000 16.000000
v -28.000000 2.500000 17.000000
v -28.000000 0.764528 18.000000
v -28.000000 0.656097 19.000000
v -28.000000 0.533448 20.000000
v -28.000000 0.392395 21.000000
v -28.000000 0.230042 22.000000
v -28.000000 0.044700 23.000000
v -28.000000 -0.164268 24.000000
v -28.000000 -0.396609 25.000000
v -28.000000 -0.651352 26.000000
v -28.000000 -0.926945 27.000000
v -28.000000 -1.221395 28.000000
v -28.000000 -1.532383 29.000000
v -28.000000 -1.800000 30.000000
v -28.000000 -1.800000 31.000000
v -28.000000 -1.800000 32.000000
v -28.000000 -1.800000 33.000000
v -28.000000 -1.800000 34.000000
v -28.000000 -1.800000 35.000000
v -28.000000 -1.800000 36.000000
v -28.000000 -1.800000 37.000000
v -28.000000 -1.800000 38.000000
v -28.000000 -1.800000 39.000000
v -28.000000 -1.800000 40.000000
v -27.000000 -1.800000 -40.000000
v -27.000000 -1.800000 -39.000000
v -27.000000 -1.800000 -38.000000
v -27.000000 -1.800000 -37.000000
v -27.000000 -1.800000 -36.000000
v -27.000000 -1.800000 -35.000000
v -27.000000 -1.800000 -34.000000
v -27.000000 -1.800000 -33.000000
v -27.000000 -1.800000 -32.000000
v -27.000000 -1.800000 -31.000000
v -27.000000 -1.800000 -30.000000
v -27.000000 -1.800000 -29.000000
v -27.000000 -1.800000 -28.000000
v -27.000000 -1.800000 -27.000000
v -27.000000 -1.675053 -26.000000
v -27.000000 -1.364098 -25.000000
v -27.000000 -1.055793 -24.000000
v -27.000000 -0.750737 -23.000000
v -27.000000 -0.450666 -22.000000
v -27.000000 -0.158609 -21.000000
v -27.000000 0.121041 -20.000000
v -27.000000 0.382562 -19.000000
v -27.000000 0.619034 -18.000000
v -27.000000 2.500000 -17.000000
v -27.000000 2.500000 -16.000000
v -27.000000 2.500000 -15.000000
v -27.000000 2.500000 -14.000000
v -27.000000 2.500000 -13.000000
v -27.000000 2.500000 -12.000000
v -27.000000 2.500000 -11.000000
v -27.000000 0.556727 -10.000000
v -27.000000 0.189063 -9.000000
v -27.000000 -0.247057 -8.000000
v -27.000000 -0.708924 -7.000000
v -27.000000 -1.125106 -6.000000
v -27.000000 -1.402794 -5.000000
v -27.000000 -1.455887 -4.000000
v -27.000000 -1.245715 -3.000000
v -27.000000 -0.805140 -2.000000
v -27.000000 -0.223133 -1.000000
v -27.000000 0.397074 0.000000
v -27.000000 2.500000 1.000000
v -27.000000 2.500000 2.000000
v -27.000000 2.500000 3.000000
v -27.000000 2.500000 4.000000
v -27.000000 2.500000 5.000000
v -27.000000 2.500000 6.000000
v -27.000000 2.500000 7.000000
v -27.000000 2.500000 8.000000
v -27.000000 2.500000 9.000000
v -27.000000 2.500000 10.000000
v -27.000000 2.500000 11.000000
v -27.000000 2.500000 12.000000
v -27.000000 2.500000 13.000000
v -27.000000 2.500000 14.000000
v -27.000000 2.500000 15.000000
v -27.000000 2.500000 16.000000
v -27.000000 2.500000 17.000000
v -27.000000 2.500000 18.000000
v -27.000000 2.500000 19.000000
v -27.000000 0.729811 20.000000
v -27.000000 0.572777 21.000000
v -27.000000 0.392199 22.000000
v -27.000000 0.187174 23.000000
v -27.000000 -0.042176 24.000000
v -27.000000 -0.294897 25.000000
v -27.000000 -0.569374 26.000000
v -27.000000 -0.863488 27.000000
v -27.000000 -1.174751 28.000000
v -27.000000 -1.500436 29.000000
v -27.000000 -1.800000 30.000000
v -27.000000 -1.800000 31.000000
v -27.000000 -1.800000 32.000000
v -27.000000 -1.800000 33.000000
v -27.000000 -1.800000 34.000000
v -27.000000 -1.800000 35.000000
v -27.000000 -1.800000 36.000000
v -27.000000 -1.800000 37.000000
v -27.000000 -1.800000 38.000000
v -27.000000 -1.800000 39.000000
v -27.000000 -1.800000 40.000000
v -26.000000 -1.800000 -40.000000
v -26.000000 -1.800000 -39.000000
v -26.000000 -1.800000 -38.000000
v -26.000000 -1.800000 -37.000000
v -26.000000 -1.800000 -36.000000
v -26.000000 -1.800000 -35.000000
v -26.000000 -1.800000 -34.000000
v -26.000000 -1.800000 -33.000000
v -26.000000 -1.800000 -32.000000
v -26.000000 -1.800000 -31.000000
v -26.000000 -1.800000 -30.000000
v -26.000000 -1.800000 -29.000000
v -26.000000 -1.800000 -28.000000
v -26.000000 -1.800000 -27.000000
v -26.000000 -1.589384 -26.000000
v -26.000000 -1.275523 -25.000000
v -26.000000 -0.964721 -24.000000
v -26.000000 -0.656688 -23.000000
v -26.000000 -0.352181 -22.000000
v -26.000000 -0.053253 -21.000000
v -26.000000 0.236577 -20.000000
v -26.000000 0.512260 -19.000000
v -26.000000 0.767291 -18.000000
v -26.000000 2.500000 -17.000000
v -26.000000 2.500000 -16.000000
v -26.000000 2.500000 -15.000000
v -26.000000 2.500000 -14.000000
v -26.000000 2.500000 -13.000000
v -26.000000 2.500000 -12.000000
v -26.000000 2.500000 -11.000000
v -26.000000 2.500000 -10.000000
v -26.000000 0.639336 -9.000000
v -26.000000 0.222316 -8.000000
v -26.000000 -0.237968 -7.000000
v -26.000000 -0.673448 -6.000000
v -26.000000 -0.988124 -5.000000
v -26.000000 -1.084504 -4.000000
v -26.000000 -0.909538 -3.000000
v -26.000000 -0.488152 -2.000000
v -26.000000 0.088219 -1.000000
v -26.000000 0.708293 0.000000
v -26.000000 2.500000 1.000000
v -26.000000 2.500000 2.000000
v -26.000000 2.500000 3.000000
v -26.000000 2.500000 4.000000
v -26.000000 2.500000 5.000000
v -26.000000 2.500000 6.000000
v -26.000000 2.500000 7.000000
v -26.000000 2.500000 8.000000
v -26.000000 2.500000 9.000000
v -26.000000 2.500000 10.000000
v -26.000000 2.500000 11.000000
v -26.000000 2.500000 12.000000
v -26.000000 2.500000 13.000000
v -26.000000 2.500000 14.000000
v -26.000000 2.500000 15.000000
v -26.000000 2.500000 16.000000
v -26.000000 2.500000 17.000000
v -26.000000 2.500000 18.000000
v -26.000000 2.500000 19.000000
v -26.000000 2.500000 20.000000
v -26.000000 0.738856 21.000000
v -26.000000 0.538079 22.000000
v -26.000000 0.311967 23.000000
v -26.000000 0.061438 24.000000
v -26.000000 -0.211830 25.000000
v -26.000000 -0.505581 26.000000
v -26.000000 -0.817139 27.000000
v -26.000000 -1.143560 28.000000
v -26.000000 -1.481769 29.000000
v -26.000000 -1.800000 30.000000
v -26.000000 -1.800000 31.000000
v -26.000000 -1.800000 32.000000
v -26.000000 -1.800000 33.000000
v -26.000000 -1.800000 34.000000
v -26.000000 -1.800000 35.000000
v -26.000000 -1.800000 36.000000
v -26.000000 -1.800000 37.000000
v -26.000000 -1.800000 38.000000
v -26.000000 -1.800000 39.000000
v -26.000000 -1.800000 40.000000
v -25.000000 -1.800000 -40.000000
v -25.000000 -1.800000 -39.000000
v -25.000000 -1.800000 -38.000000
v -25.000000 -1.800000 -37.000000
v -25.000000 -1.800000 -36.000000
v -25.000000 -1.800000 -35.000000
v -25.000000 -1.800000 -34.000000
v -25.000000 -1.800000 -33.000000
v -25.000000 -1.800000 -32.000000
v -25.000000 -1.800000 -31.000000
v -25.000000 -1.800000 -30.000000
v -25.000000 -1.800000 -29.000000
v -25.000000 -1.800000 -28.000000
v -25.000000 -1.800000 -27.000000
v -25.000000 -1.507866 -26.000000
v -25.000000 -1.189792 -25.000000
v -25.000000 -0.875997 -24.000000
v -25.000000 -0.565359 -23.000000
v -25.000000 -0.257628 -22.000000
v -25.000000 0.046246 -21.000000
v -25.000000 0.343827 -20.000000
v -25.000000 0.631012 -19.000000
v -25.000000 2.500000 -18.000000
v -25.000000 2.500000 -17.000000
v -25.000000 2.500000 -16.000000
v -25.000000 2.500000 -15.000000
v -25.000000 2.500000 -14.000000
v -25.000000 2.500000 -13.000000
v -25.000000 2.500000 -12.000000
v -25.000000 2.500000 -11.000000
v -25.000000 2.500000 -10.000000
v -25.000000 2.500000 -9.000000
v -25.000000 0.687316 -8.000000
v -25.000000 0.234571 -7.000000
v -25.000000 -0.215400 -6.000000
v -25.000000 -0.565249 -5.000000
v -25.000000 -0.706526 -4.000000
v -25.000000 -0.569994 -3.000000
v -25.000000 -0.170234 -2.000000
v -25.000000 0.399631 -1.000000
v -25.000000 2.500000 0.000000
v -25.000000 2.500000 1.000000
v -25.000000 2.500000 2.000000
v -25.000000 2.500000 3.000000
v -25.000000 2.500000 4.000000
v -25.000000 2.500000 5.000000
v -25.000000 2.500000 6.000000
v -25.000000 2.500000 7.000000
v -25.000000 2.500000 8.000000
v -25.000000 2.500000 9.000000
v -25.000000 2.500000 10.000000
v -25.000000 2.500000 11.000000
v -25.000000 2.500000 12.000000
v -25.000000 2.500000 13.000000
v -25.000000 2.500000 14.000000
v -25.000000 2.500000 15.000000
v -25.000000 2.500000 16.000000
v -25.000000 2.500000 17.000000
v -25.000000 2.500000 18.000000
v -25.000000 2.500000 19.000000
v -25.000000 2.500000 20.000000
v -25.000000 2.500000 21.000000
v -25.000000 0.665785 22.000000
v -25.000000 0.417638 23.000000
v -25.000000 0.145683 24.000000
v -25.000000 -0.147674 25.000000
v -25.000000 -0.459549 26.000000
v -25.000000 -0.786754 27.000000
v -25.000000 -1.125960 28.000000
v -25.000000 -1.473844 29.000000
v -25.000000 -1.800000 30.000000
v -25.000000 -1.800000 31.000000
v -25.000000 -1.800000 32.000000
v -25.000000 -1.800000 33.000000
v -25.000000 -1.800000 34.000000
v -25.000000 -1.800000 35.000000
v -25.000000 -1.800000 36.000000
v -25.000000 -1.800000 37.000000
v -25.000000 -1.800000 38.000000
v -25.000000 -1.800000 39.000000
v -25.000000 -1.800000 40.000000
v -24.000000 -1.800000 -40.000000
v -24.000000 -1.800000 -39.000000
v -24.000000 -1.800000 -38.000000
v -24.000000 -1.800000 -37.000000
v -24.000000 -1.800000 -36.000000
v -24.000000 -1.800000 -35.000000
v -24.000000 -1.800000 -34.000000
v -24.000000 -1.800000 -33.000000
v -24.000000 -1.800000 -32.000000
v -24.000000 -1.800000 -31.000000
v -24.000000 -1.800000 -30.000000
v -24.000000 -1.800000 -29.000000
v -24.000000 -1.800000 -28.000000
v -24.000000 -1.765680 -27.000000
v -24.000000 -1.432846 -26.000000
v -24.000000 -1.108386 -25.000000
v -24.000000 -0.790200 -24.000000
v -24.000000 -0.476476 -23.000000
v -24.000000 -0.166016 -22.000000
v -24.000000 0.141378 -21.000000
v -24.000000 0.444515 -20.000000
v -24.000000 0.740496 -19.000000
v -24.000000 2.500000 -18.000000
v -24.000000 2.500000 -17.000000
v -24.000000 2.500000 -16.000000
v -24.000000 2.500000 -15.000000
v -24.000000 2.500000 -14.000000
v -24.000000 2.500000 -13.000000
v -24.000000 2.500000 -12.000000
v -24.000000 2.500000 -11.000000
v -24.000000 2.500000 -10.000000
v -24.000000 2.500000 -9.000000
v -24.000000 2.500000 -8.000000
v -24.000000 0.707052 -7.000000
v -24.000000 0.248311 -6.000000
v -24.000000 -0.133914 -5.000000
v -24.000000 -0.321238 -4.000000
v -24.000000 -0.226548 -3.000000
v -24.000000 0.148789 -2.000000
v -24.000000 0.711121 -1.000000
v -24.000000 2.500000 0.000000
v -24.000000 2.500000 1.000000
v -24.000000 2.500000 2.000000
v -24.000000 2.500000 3.000000
v -24.000000 5.500000 4.000000
v -24.000000 5.500000 5.000000
v -24.000000 5.500000 6.000000
v -24.000000 5.500000 7.000000
v -24.000000 5.500000 8.000000
v -24.000000 2.500000 9.000000
v -24.000000 2.500000 10.000000
v -24.000000 2.500000 11.000000
v -24.000000 2.500000 12.000000
v -24.000000 2.500000 13.000000
v -24.000000 2.500000 14.000000
v -24.000000 2.500000 15.000000
v -24.000000 2.500000 16.000000
v -24.000000 2.500000 17.000000
v -24.000000 2.500000 18.000000
v -24.000000 2.500000 19.000000
v -24.000000 2.500000 20.000000
v -24.000000 2.500000 21.000000
v -24.000000 0.773685 22.000000
v -24.000000 0.503162 23.000000
v -24.000000 0.210233 24.000000
v -24.000000 -0.101983 25.000000
v -24.000000 -0.430025 26.000000
v -24.000000 -0.770277 27.000000
v -24.000000 -1.119143 28.000000
v -24.000000 -1.473200 29.000000
v -24.000000 -1.800000 30.000000
v -24.000000 -1.800000 31.000000
v -24.000000 -1.800000 32.000000
v -24.000000 -1.800000 33.000000
v -24.000000 -1.800000 34.000000
v -24.000000 -1.800000 35.000000
v -24.000000 -1.800000 36.000000
v -24.000000 -1.800000 37.000000
v -24.000000 -1.800000 38.000000
v -24.000000 -1.800000 39.000000
v -24.000000 -1.800000 40.000000
v -23.000000 -1.800000 -40.000000
v -23.000000 -1.800000 -39.000000
v -23.000000 -1.800000 -38.000000
v -23.000000 -1.800000 -37.000000
v -23.000000 -1.800000 -36.000000
v -23.000000 -1.800000 -35.000000
v -23.000000 -1.800000 -34.000000
v -23.000000 -1.800000 -33.000000
v -23.000000 -1.800000 -32.000000
v -23.000000 -1.800000 -31.000000
v -23.000000 -1.800000 -30.000000
v -23.000000 -1.800000 -29.000000
v -23.000000 -1.800000 -28.000000
v -23.000000 -1.712850 -27.000000
v -23.000000 -1.367746 -26.000000
v -23.000000 -1.033866 -25.000000
v -23.000000 -0.708916 -24.000000
v -23.000000 -0.390608 -23.000000
v -23.000000 -0.076961 -22.000000
v -23.000000 0.233307 -21.000000
v -23.000000 0.540319 -20.000000
v -23.000000 2.500000 -19.000000
v -23.000000 2.500000 -18.000000
v -23.000000 2.500000 -17.000000
v -23.000000 2.500000 -16.000000
v -23.000000 2.500000 -15.000000
v -23.000000 2.500000 -14.000000
v -23.000000 2.500000 -13.000000
v -23.000000 2.500000 -12.000000
v -23.000000 2.500000 -11.000000
v -23.000000 2.500000 -10.000000
v -23.000000 2.500000 -9.000000
v -23.000000 2.500000 -8.000000
v -23.000000 2.500000 -7.000000
v -23.000000 0.716627 -6.000000
v -23.000000 0.305969 -5.000000
v -23.000000 0.072109 -4.000000
v -23.000000 0.121424 -3.000000
v -23.000000 0.469136 -2.000000
v -23.000000 2.500000 -1.000000
v -23.000000 2.500000 0.000000
v -23.000000 2.500000 1.000000
v -23.000000 2.500000 2.000000
v -23.000000 5.500000 3.000000
v -23.000000 5.500000 4.000000
v -23.000000 5.500000 5.000000
v -23.000000 5.500000 6.000000
v -23.000000 5.500000 7.000000
v -23.000000 5.500000 8.000000
v -23.000000 5.500000 9.000000
v -23.000000 2.500000 10.000000
v -23.000000 2.500000 11.000000
v -23.000000 2.500000 12.000000
v -23.000000 2.500000 13.000000
v -23.000000 2.500000 14.000000
v -23.000000 2.500000 15.000000
v -23.000000 2.500000 16.000000
v -23.000000 2.500000 17.000000
v -23.000000 2.500000 18.000000
v -23.000000 2.500000 19.000000
v -23.000000 2.500000 20.000000
v -23.000000 2.500000 21.000000
v -23.000000 2.500000 22.000000
v -23.000000 0.568140 23.000000
v -23.000000 0.255555 24.000000
v -23.000000 -0.073380 25.000000
v -23.000000 -0.414728 26.000000
v -23.000000 -0.764586 27.000000
v -23.000000 -1.119271 28.000000
v -23.000000 -1.475461 29.000000
v -23.000000 -1.800000 30.000000
v -23.000000 -1.800000 31.000000
v -23.000000 -1.800000 32.000000
v -23.000000 -1.800000 33.000000
v -23.000000 -1.800000 34.000000
v -23.000000 -1.800000 35.000000
v -23.000000 -1.800000 36.000000
v -23.000000 -1.800000 37.000000
v -23.000000 -1.800000 38.000000
v -23.000000 -1.800000 39.000000
v -23.000000 -1.800000 40.000000
v -22.000000 -1.800000 -40.000000
v -22.000000 -1.800000 -39.000000
v -22.000000 -1.800000 -38.000000
v -22.000000 -1.800000 -37.000000
v -22.000000 -1.800000 -36.000000
v -22.000000 -1.800000 -35.000000
v -22.000000 -1.800000 -34.000000
v -22.000000 -1.800000 -33.000000
v -22.000000 -1.800000 -32.000000
v -22.000000 -1.800000 -31.000000
v -22.000000 -1.800000 -30.000000
v -22.000000 -1.800000 -29.000000
v -22.000000 -1.800000 -28.000000
v -22.000000 -1.678467 -27.000000
v -22.000000 -1.317101 -26.000000
v -22.000000 -0.970004 -25.000000
v -22.000000 -0.634953 -24.000000
v -22.000000 -0.309460 -23.000000
v -22.000000 0.008983 -22.000000
v -22.000000 0.322549 -21.000000
v -22.000000 0.632607 -20.000000
v -22.000000 2.500000 -19.000000
v -22.000000 2.500000 -18.000000
v -22.000000 2.500000 -17.000000
v -22.000000 2.500000 -16.000000
v -22.000000 2.500000 -15.000000
v -22.000000 2.500000 -14.000000
v -22.000000 2.500000 -13.000000
v -22.000000 2.500000 -12.000000
v -22.000000 2.500000 -11.000000
v -22.000000 2.500000 -10.000000
v -22.000000 2.500000 -9.000000
v -22.000000 2.500000 -8.000000
v -22.000000 2.500000 -7.000000
v -22.000000 2.500000 -6.000000
v -22.000000 0.754243 -5.000000
v -22.000000 0.474270 -4.000000
v -22.000000 0.474654 -3.000000
v -22.000000 0.791075 -2.000000
v -22.000000 2.500000 -1.000000
v -22.000000 2.500000 0.000000
v -22.000000 2.500000 1.000000
v -22.000000 5.500000 2.000000
v -22.000000 5.500000 3.000000
v -22.000000 5.500000 4.000000
v -22.000000 5.500000 5.000000
v -22.000000 5.500000 6.000000
v -22.000000 5.500000 7.000000
v -22.000000 5.500000 8.000000
v -22.000000 5.500000 9.000000
v -22.000000 5.500000 10.000000
v -22.000000 5.500000 11.000000
v -22.000000 2.500000 12.000000
v -22.000000 2.500000 13.000000
v -22.000000 2.500000 14.000000
v -22.000000 2.500000 15.000000
v -22.000000 2.500000 16.000000
v -22.000000 2.500000 17.000000
v -22.000000 2.500000 18.000000
v -22.000000 2.500000 19.000000
v -22.000000 2.500000 20.000000
v -22.000000 2.500000 21.000000
v -22.000000 2.500000 22.000000
v -22.000000 0.613062 23.000000
v -22.000000 0.283170 24.000000
v -22.000000 -0.059323 25.000000
v -22.000000 -0.410174 26.000000
v -22.000000 -0.765410 27.000000
v -22.000000 -1.121501 28.000000
v -22.000000 -1.475480 29.000000
v -22.000000 -1.800000 30.000000
v -22.000000 -1.800000 31.000000
v -22.000000 -1.800000 32.000000
v -22.000000 -1.800000 33.000000
v -22.000000 -1.800000 34.000000
v -22.000000 -1.800000 35.000000
v -22.000000 -1.800000 36.000000
v -22.000000 -1.800000 37.000000
v -22.000000 -1.800000 38.000000
v -22.000000 -1.800000 39.000000
v -22.000000 -1.800000 40.000000
v -21.000000 -1.800000 -40.000000
v -21.000000 -1.800000 -39.000000
v -21.000000 -1.800000 -38.000000
v -21.000000 -1.800000 -37.000000
v -21.000000 -1.800000 -36.000000
v -21.000000 -1.800000 -35.000000
v -21.000000 -1.800000 -34.000000
v -21.000000 -1.800000 -33.000000
v -21.000000 -1.800000 -32.000000
v -21.000000 -1.800000 -31.000000
v -21.000000 -1.800000 -30.000000
v -21.000000 -1.800000 -29.000000
v -21.000000 -1.800000 -28.000000
v -21.000000 -1.668429 -27.000000
v -21.000000 -1.286509 -26.000000
v -21.000000 -0.921826 -25.000000
v -21.000000 -0.572488 -24.000000
v -21.000000 -0.236119 -23.000000
v -21.000000 0.089983 -22.000000
v -21.000000 0.408575 -21.000000
v -21.000000 0.722051 -20.000000
v -21.000000 2.500000 -19.000000
v -21.000000 2.500000 -18.000000
v -21.000000 2.500000 -17.000000
v -21.000000 2.500000 -16.000000
v -21.000000 2.500000 -15.000000
v -21.000000 2.500000 -14.000000
v -21.000000 2.500000 -13.000000
v -21.000000 2.500000 -12.000000
v -21.000000 5.500000 -11.000000
v -21.000000 5.500000 -10.000000
v -21.000000 2.500000 -9.000000
v -21.000000 2.500000 -8.000000
v -21.000000 2.500000 -7.000000
v -21.000000 2.500000 -6.000000
v -21.000000 2.500000 -5.000000
v -21.000000 2.500000 -4.000000
v -21.000000 2.500000 -3.000000
v -21.000000 2.500000 -2.000000
v -21.000000 2.500000 -1.000000
v -21.000000 2.500000 0.000000
v -21.000000 5.500000 1.000000
v -21.000000 5.500000 2.000000
v -21.000000 5.500000 3.000000
v -21.000000 5.500000 4.000000
v -21.000000 5.500000 5.000000
v -21.000000 5.500000 6.000000
v -21.000000 5.500000 7.000000
v -21.000000 5.500000 8.000000
v -21.000000 5.500000 9.000000
v -21.000000 5.500000 10.000000
v -21.000000 5.500000 11.000000
v -21.000000 5.500000 12.000000
v -21.000000 5.500000 13.000000
v -21.000000 2.500000 14.000000
v -21.000000 2.500000 15.000000
v -21.000000 2.500000 16.000000
v -21.000000 2.500000 17.000000
v -21.000000 2.500000 18.000000
v -21.000000 2.500000 19.000000
v -21.000000 2.500000 20.000000
v -21.000000 2.500000 21.000000
v -21.000000 2.500000 22.000000
v -21.000000 0.639617 23.000000
v -21.000000 0.295926 24.000000
v -21.000000 -0.055905 25.000000
v -21.000000 -0.411590 26.000000
v -21.000000 -0.767378 27.000000
v -21.000000 -1.120191 28.000000
v -21.000000 -1.467686 29.000000
v -21.000000 -1.800000 30.000000
v -21.000000 -1.800000 31.000000
v -21.000000 -1.800000 32.000000
v -21.000000 -1.800000 33.000000
v -21.000000 -1.800000 34.000000
v -21.000000 -1.800000 35.000000
v -21.000000 -1.800000 36.000000
v -21.000000 -1.800000 37.000000
v -21.000000 -1.800000 38.000000
v -21.000000 -1.800000 39.000000
v -21.000000 -1.800000 40.000000
v -20.000000 -1.800000 -40.000000
v -20.000000 -1.800000 -39.000000
v -20.000000 -1.800000 -38.000000
v -20.000000 -1.800000 -37.000000
v -20.000000 -1.800000 -36.000000
v -20.000000 -1.800000 -35.000000
v -20.000000 -1.800000 -34.000000
v -20.000000 -1.800000 -33.000000
v -20.000000 -1.800000 -32.000000
v -20.000000 -1.800000 -31.000000
v -20.000000 -1.800000 -30.000000
v -20.000000 -1.800000 -29.000000
v -20.000000 -1.800000 -28.000000
v -20.000000 -1.689204 -27.000000
v -20.000000 -1.282459 -26.000000
v -20.000000 -0.895534 -25.000000
v -20.000000 -0.527112 -24.000000
v -20.000000 -0.175237 -23.000000
v -20.000000 0.162621 -22.000000
v -20.000000 0.489408 -21.000000
v -20.000000 2.500000 -20.000000
v -20.000000 2.500000 -19.000000
v -20.000000 2.500000 -18.000000
v -20.000000 2.500000 -17.000000
v -20.000000 2.500000 -16.000000
v -20.000000 2.500000 -15.000000
v -20.000000 2.500000 -14.000000
v -20.000000 5.500000 -13.000000
v -20.000000 5.500000 -12.000000
v -20.000000 5.500000 -11.000000
v -20.000000 5.500000 -10.000000
v -20.000000 5.500000 -9.000000
v -20.000000 5.500000 -8.000000
v -20.000000 2.500000 -7.000000
v -20.000000 2.500000 -6.000000
v -20.000000 2.500000 -5.000000
v -20.000000 2.500000 -4.000000
v -20.000000 2.500000 -3.000000
v -20.000000 2.500000 -2.000000
v -20.000000 2.500000 -1.000000
v -20.000000 2.500000 0.000000
v -20.000000 5.500000 1.000000
v -20.000000 5.500000 2.000000
v -20.000000 5.500000 3.000000
v -20.000000 5.500000 4.000000
v -20.000000 5.500000 5.000000
v -20.000000 5.500000 6.000000
v -20.000000 5.500000 7.000000
v -20.000000 5.500000 8.000000
v -20.000000 5.500000 9.000000
v -20.000000 5.500000 10.000000
v -20.000000 5.500000 11.000000
v -20.000000 5.500000 12.000000
v -20.000000 5.500000 13.000000
v -20.000000 5.500000 14.000000
v -20.000000 2.500000 15.000000
v -20.000000 2.500000 16.000000
v -20.000000 2.500000 17.000000
v -20.000000 2.500000 18.000000
v -20.000000 2.500000 19.000000
v -20.000000 2.500000 20.000000
v -20.000000 2.500000 21.000000
v -20.000000 2.500000 22.000000
v -20.000000 0.651010 23.000000
v -20.000000 0.298226 24.000000
v -20.000000 -0.057771 25.000000
v -20.000000 -0.413006 26.000000
v -20.000000 -0.764302 27.000000
v -20.000000 -1.109344 28.000000
v -20.000000 -1.446661 29.000000
v -20.000000 -1.775544 30.000000
v -20.000000 -1.800000 31.000000
v -20.000000 -1.800000 32.000000
v -20.000000 -1.800000 33.000000
v -20.000000 -1.800000 34.000000
v -20.000000 -1.800000 35.000000
v -20.000000 -1.800000 36.000000
v -20.000000 -1.800000 37.000000
v -20.000000 -1.800000 38.000000
v -20.000000 -1.800000 39.000000
v -20.000000 -1.800000 40.000000
v -19.000000 -1.800000 -40.000000
v -19.000000 -1.800000 -39.000000
v -19.000000 -1.800000 -38.000000
v -19.000000 -1.800000 -37.000000
v -19.000000 -1.800000 -36.000000
v -19.000000 -1.800000 -35.000000
v -19.000000 -1.800000 -34.000000
v -19.000000 -1.800000 -33.000000
v -19.000000 -1.800000 -32.000000
v -19.000000 -1.800000 -31.000000
v -19.000000 -1.800000 -30.000000
v -19.000000 -1.800000 -29.000000
v -19.000000 -1.800000 -28.000000
v -19.000000 -1.747415 -27.000000
v -19.000000 -1.312000 -26.000000
v -19.000000 -0.898283 -25.000000
v -19.000000 -0.505723 -24.000000
v -19.000000 -0.133063 -23.000000
v -19.000000 0.221696 -22.000000
v -19.000000 0.561250 -21.000000
v -19.000000 2.500000 -20.000000
v -19.000000 2.500000 -19.000000
v -19.000000 2.500000 -18.000000
v -19.000000 2.500000 -17.000000
v -19.000000 2.500000 -16.000000
v -19.000000 2.500000 -15.000000
v -19.000000 2.500000 -14.000000
v -19.000000 5.500000 -13.000000
v -19.000000 5.500000 -12.000000
v -19.000000 5.500000 -11.000000
v -19.000000 5.500000 -10.000000
v -19.000000 5.500000 -9.000000
v -19.000000 5.500000 -8.000000
v -19.000000 5.500000 -7.000000
v -19.000000 2.500000 -6.000000
v -19.000000 2.500000 -5.000000
v -19.000000 2.500000 -4.000000
v -19.000000 2.500000 -3.000000
v -19.000000 2.500000 -2.000000
v -19.000000 2.500000 -1.000000
v -19.000000 5.500000 0.000000
v -19.000000 5.500000 1.000000
v -19.000000 5.500000 2.000000
v -19.000000 5.500000 3.000000
v -19.000000 5.500000 4.000000
v -19.000000 5.500000 5.000000
v -19.000000 5.500000 6.000000
v -19.000000 5.500000 7.000000
v -19.000000 5.500000 8.000000
v -19.000000 5.500000 9.000000
v -19.000000 5.500000 10.000000
v -19.000000 5.500000 11.000000
v -19.000000 5.500000 12.000000
v -19.000000 5.500000 13.000000
v -19.000000 5.500000 14.000000
v -19.000000 5.500000 15.000000
v -19.000000 2.500000 16.000000
v -19.000000 2.500000 17.000000
v -19.000000 2.500000 18.000000
v -19.000000 2.500000 19.000000
v -19.000000 2.500000 20.000000
v -19.000000 2.500000 21.000000
v -19.000000 2.500000 22.000000
v -19.000000 0.652232 23.000000
v -19.000000 0.296101 24.000000
v -19.000000 -0.058269 25.000000
v -19.000000 -0.407634 26.000000
v -19.000000 -0.749753 27.000000
v -19.000000 -1.083340 28.000000
v -19.000000 -1.407949 29.000000
v -19.000000 -1.723812 30.000000
v -19.000000 -1.800000 31.000000
v -19.000000 -1.800000 32.000000
v -19.000000 -1.800000 33.000000
v -19.000000 -1.800000 34.000000
v -19.000000 -1.800000 35.000000
v -19.000000 -1.800000 36.000000
v -19.000000 -1.800000 37.000000
v -19.000000 -1.800000 38.000000
v -19.000000 -1.800000 39.000000
v -19.000000 -1.800000 40.000000
v -18.000000 -1.800000 -40.000000
v -18.000000 -1.800000 -39.000000
v -18.000000 -1.800000 -38.000000
v -18.000000 -1.800000 -37.000000
v -18.000000 -1.800000 -36.000000
v -18.000000 -1.800000 -35.000000
v -18.000000 -1.800000 -34.000000
v -18.000000 -1.800000 -33.000000
v -18.000000 -1.800000 -32.000000
v -18.000000 -1.800000 -31.000000
v -18.000000 -1.800000 -30.000000
v -18.000000 -1.800000 -29.000000
v -18.000000 -1.800000 -28.000000
v -18.000000 -1.800000 -27.000000
v -18.000000 -1.382212 -26.000000
v -18.000000 -0.937756 -25.000000
v -18.000000 -0.516229 -24.000000
v -18.000000 -0.117298 -23.000000
v -18.000000 0.260187 -22.000000
v -18.000000 0.618248 -21.000000
v -18.000000 2.500000 -20.000000
v -18.000000 2.500000 -19.000000
v -18.000000 2.500000 -18.000000
v -18.000000 2.500000 -17.000000
v -18.000000 2.500000 -16.000000
v -18.000000 2.500000 -15.000000
v -18.000000 5.500000 -14.000000
v -18.000000 5.500000 -13.000000
v -18.000000 5.500000 -12.000000
v -18.000000 5.500000 -11.000000
v -18.000000 5.500000 -10.000000
v -18.000000 5.500000 -9.000000
v -18.000000 5.500000 -8.000000
v -18.000000 5.500000 -7.000000
v -18.000000 5.500000 -6.000000
v -18.000000 2.500000 -5.000000
v -18.000000 2.500000 -4.000000
v -18.000000 2.500000 -3.000000
v -18.000000 2.500000 -2.000000
v -18.000000 2.500000 -1.000000
v -18.000000 5.500000 0.000000
v -18.000000 5.500000 1.000000
v -18.000000 5.500000 2.000000
v -18.000000 5.500000 3.000000
v -18.000000 5.500000 4.000000
v -18.000000 5.500000 5.000000
v -18.000000 5.500000 6.000000
v -18.000000 5.500000 7.000000
v -18.000000 5.500000 8.000000
v -18.000000 5.500000 9.000000
v -18.000000 5.500000 10.000000
v -18.000000 5.500000 11.000000
v -18.000000 5.500000 12.000000
v -18.000000 5.500000 13.000000
v -18.000000 5.500000 14.000000
v -18.000000 5.500000 15.000000
v -18.000000 5.500000 16.000000
v -18.000000 2.500000 17.000000
v -18.000000 2.500000 18.000000
v -18.000000 2.500000 19.000000
v -18.000000 2.500000 20.000000
v -18.000000 2.500000 21.000000
v -18.000000 2.500000 22.000000
v -18.000000 0.650103 23.000000
v -18.000000 0.296979 24.000000
v -18.000000 -0.049967 25.000000
v -18.000000 -0.388632 26.000000
v -18.000000 -0.717989 27.000000
v -18.000000 -1.037919 28.000000
v -18.000000 -1.349003 29.000000
v -18.000000 -1.652314 30.000000
v -18.000000 -1.800000 31.000000
v -18.000000 -1.800000 32.000000
v -18.000000 -1.800000 33.000000
v -18.000000 -1.800000 34.000000
v -18.000000 -1.800000 35.000000
v -18.000000 -1.800000 36.000000
v -18.000000 -1.800000 37.000000
v -18.000000 -1.800000 38.000000
v -18.000000 -1.800000 39.000000
v -18.000000 -1.800000 40.000000
v -17.000000 -1.800000 -40.000000
v -17.000000 -1.800000 -39.000000
v -17.000000 -1.800000 -38.000000
v -17.000000 -1.800000 -37.000000
v -17.000000 -1.800000 -36.000000
v -17.000000 -1.800000 -35.000000
v -17.000000 -1.800000 -34.000000
v -17.000000 -1.800000 -33.000000
v -17.000000 -1.800000 -32.000000
v -17.000000 -1.800000 -31.000000
v -17.000000 -1.800000 -30.000000
v -17.000000 -1.800000 -29.000000
v -17.000000 -1.800000 -28.000000
v -17.000000 -1.800000 -27.000000
v -17.000000 -1.499383 -26.000000
v -17.000000 -1.021480 -25.000000
v -17.000000 -0.566998 -24.000000
v -17.000000 -0.136701 -23.000000
v -17.000000 0.269460 -22.000000
v -17.000000 0.652470 -21.000000
v -17.000000 2.500000 -20.000000
v -17.000000 2.500000 -19.000000
v -17.000000 2.500000 -18.000000
v -17.000000 2.500000 -17.000000
v -17.000000 2.500000 -16.000000
v -17.000000 2.500000 -15.000000
v -17.000000 5.500000 -14.000000
v -17.000000 5.500000 -13.000000
v -17.000000 5.500000 -12.000000
v -17.000000 5.500000 -11.000000
v -17.000000 5.500000 -10.000000
v -17.000000 5.500000 -9.000000
v -17.000000 5.500000 -8.000000
v -17.000000 5.500000 -7.000000
v -17.000000 5.500000 -6.000000
v -17.000000 5.500000 -5.000000
v -17.000000 2.500000 -4.000000
v -17.000000 2.500000 -3.000000
v -17.000000 2.500000 -2.000000
v -17.000000 5.500000 -1.000000
v -17.000000 5.500000 0.000000
v -17.000000 5.500000 1.000000
v -17.000000 5.500000 2.000000
v -17.000000 5.500000 3.000000
v -17.000000 5.500000 4.000000
v -17.000000 5.500000 5.000000
v -17.000000 5.500000 6.000000
v -17.000000 5.500000 7.000000
v -17.000000 5.500000 8.000000
v -17.000000 5.500000 9.000000
v -17.000000 5.500000 10.000000
v -17.000000 5.500000 11.000000
v -17.000000 5.500000 12.000000
v -17.000000 5.500000 13.000000
v -17.000000 5.500000 14.000000
v -17.000000 5.500000 15.000000
v -17.000000 5.500000 16.000000
v -17.000000 2.500000 17.000000
v -17.000000 2.500000 18.000000
v -17.000000 2.500000 19.000000
v -17.000000 2.500000 20.000000
v -17.000000 2.500000 21.000000
v -17.000000 2.500000 22.000000
v -17.000000 0.652929 23.000000
v -17.000000 0.308971 24.000000
v -17.000000 -0.025653 25.000000
v -17.000000 -0.350264 26.000000
v -17.000000 -0.665148 27.000000
v -17.000000 -0.971287 28.000000
v -17.000000 -1.270118 29.000000
v -17.000000 -1.563308 30.000000
v -17.000000 -1.800000 31.000000
v -17.000000 -1.800000 32.000000
v -17.000000 -1.800000 33.000000
v -17.000000 -1.800000 34.000000
v -17.000000 -1.800000 35.000000
v -17.000000 -1.800000 36.000000
v -17.000000 -1.800000 37.000000
v -17.000000 -1.800000 38.000000
v -17.000000 -1.800000 39.000000
v -17.000000 -1.800000 40.000000
v -16.000000 -1.800000 -40.000000
v -16.000000 -1.800000 -39.000000
v -16.000000 -1.800000 -38.000000
v -16.000000 -1.800000 -37.000000
v -16.000000 -1.800000 -36.000000
v -16.000000 -1.800000 -35.000000
v -16.000000 -1.800000 -34.000000
v -16.000000 -1.800000 -33.000000
v -16.000000 -1.800000 -32.000000
v -16.000000 -1.800000 -31.000000
v -16.000000 -1.800000 -30.000000
v -16.000000 -1.800000 -29.000000
v -16.000000 -1.800000 -28.000000
v -16.000000 -1.800000 -27.000000
v -16.000000 -1.667784 -26.000000
v -16.000000 -1.155748 -25.000000
v -16.000000 -0.665957 -24.000000
v -16.000000 -0.200363 -23.000000
v -16.000000 0.239800 -22.000000
v -16.000000 0.654200 -21.000000
v -16.000000 2.500000 -20.000000
v -16.000000 2.500000 -19.000000
v -16.000000 2.500000 -18.000000
v -16.000000 2.500000 -17.000000
v -16.000000 2.500000 -16.000000
v -16.000000 2.500000 -15.000000
v -16.000000 5.500000 -14.000000
v -16.000000 5.500000 -13.000000
v -16.000000 5.500000 -12.000000
v -16.000000 5.500000 -11.000000
v -16.000000 5.500000 -10.000000
v -16.000000 5.500000 -9.000000
v -16.000000 5.500000 -8.000000
v -16.000000 5.500000 -7.000000
v -16.000000 5.500000 -6.000000
v -16.000000 5.500000 -5.000000
v -16.000000 5.500000 -4.000000
v -16.000000 2.500000 -3.000000
v -16.000000 2.500000 -2.000000
v -16.000000 5.500000 -1.000000
v -16.000000 5.500000 0.000000
v -16.000000 5.500000 1.000000
v -16.000000 5.500000 2.000000
v -16.000000 5.500000 3.000000
v -16.000000 5.500000 4.000000
v -16.000000 5.500000 5.000000
v -16.000000 5.500000 6.000000
v -16.000000 5.500000 7.000000
v -16.000000 5.500000 8.000000
v -16.000000 5.500000 9.000000
v -16.000000 5.500000 10.000000
v -16.000000 5.500000 11.000000
v -16.000000 5.500000 12.000000
v -16.000000 5.500000 13.000000
v -16.000000 5.500000 14.000000
v -16.000000 5.500000 15.000000
v -16.000000 5.500000 16.000000
v -16.000000 2.500000 17.000000
v -16.000000 2.500000 18.000000
v -16.000000 2.500000 19.000000
v -16.000000 2.500000 20.000000
v -16.000000 2.500000 21.000000
v -16.000000 2.500000 22.000000
v -16.000000 0.669514 23.000000
v -16.000000 0.339565 24.000000
v -16.000000 0.020204 25.000000
v -16.000000 -0.289342 26.000000
v -16.000000 -0.590513 27.000000
v -16.000000 -0.885124 28.000000
v -16.000000 -1.175127 29.000000
v -16.000000 -1.462452 30.000000
v -16.000000 -1.748889 31.000000
v -16.000000 -1.800000 32.000000
v -16.000000 -1.800000 33.000000
v -16.000000 -1.800000 34.000000
v -16.000000 -1.800000 35.000000
v -16.000000 -1.800000 36.000000
v -16.000000 -1.800000 37.000000
v -16.000000 -1.800000 38.000000
v -16.000000 -1.800000 39.000000
v -16.000000 -1.800000 40.000000
v -15.000000 -1.800000 -40.000000
v -15.000000 -1.800000 -39.000000
v -15.000000 -1.800000 -38.000000
v -15.000000 -1.800000 -37.000000
v -15.000000 -1.800000 -36.000000
v -15.000000 -1.800000 -35.000000
v -15.000000 -1.800000 -34.000000
v -15.000000 -1.800000 -33.000000
v -15.000000 -1.800000 -32.000000
v -15.000000 -1.800000 -31.000000
v -15.000000 -1.800000 -30.000000
v -15.000000 -1.800000 -29.000000
v -15.000000 -1.800000 -28.000000
v -15.000000 -1.800000 -27.000000
v -15.000000 -1.800000 -26.000000
v -15.000000 -1.344014 -25.000000
v -15.000000 -0.819172 -24.000000
v -15.000000 -0.316510 -23.000000
v -15.000000 0.161377 -22.000000
v -15.000000 0.612653 -21.000000
v -15.000000 2.500000 -20.000000
v -15.000000 2.500000 -19.000000
v -15.000000 2.500000 -18.000000
v -15.000000 2.500000 -17.000000
v -15.000000 2.500000 -16.000000
v -15.000000 5.500000 -15.000000
v -15.000000 5.500000 -14.000000
v -15.000000 5.500000 -13.000000
v -15.000000 5.500000 -12.000000
v -15.000000 5.500000 -11.000000
v -15.000000 5.500000 -10.000000
v -15.000000 5.500000 -9.000000
v -15.000000 5.500000 -8.000000
v -15.000000 5.500000 -7.000000
v -15.000000 5.500000 -6.000000
v -15.000000 5.500000 -5.000000
v -15.000000 5.500000 -4.000000
v -15.000000 5.500000 -3.000000
v -15.000000 5.500000 -2.000000
v -15.000000 5.500000 -1.000000
v -15.000000 5.500000 0.000000
v -15.000000 5.500000 1.000000
v -15.000000 9.000000 2.000000
v -15.000000 9.000000 3.000000
v -15.000000 9.000000 4.000000
v -15.000000 9.000000 5.000000
v -15.000000 5.500000 6.000000
v -15.000000 5.500000 7.000000
v -15.000000 5.500000 8.000000
v -15.000000 5.500000 9.000000
v -15.000000 5.500000 10.000000
v -15.000000 5.500000 11.000000
v -15.000000 5.500000 12.000000
v -15.000000 5.500000 13.000000
v -15.000000 5.500000 14.000000
v -15.000000 5.500000 15.000000
v -15.000000 5.500000 16.000000
v -15.000000 2.500000 17.000000
v -15.000000 2.500000 18.000000
v -15.000000 2.500000 19.000000
v -15.000000 2.500000 20.000000
v -15.000000 2.500000 21.000000
v -15.000000 2.500000 22.000000
v -15.000000 0.707455 23.000000
v -15.000000 0.393793 24.000000
v -15.000000 0.089738 25.000000
v -15.000000 -0.206649 26.000000
v -15.000000 -0.497564 27.000000
v -15.000000 -0.785216 28.000000
v -15.000000 -1.071676 29.000000
v -15.000000 -1.358782 30.000000
v -15.000000 -1.648107 31.000000
v -15.000000 -1.800000 32.000000
v -15.000000 -1.800000 33.000000
v -15.000000 -1.800000 34.000000
v -15.000000 -1.800000 35.000000
v -15.000000 -1.800000 36.000000
v -15.000000 -1.800000 37.000000
v -15.000000 -1.800000 38.000000
v -15.000000 -1.800000 39.000000
v -15.000000 -1.800000 40.000000
v -14.000000 -1.800000 -40.000000
v -14.000000 -1.800000 -39.000000
v -14.000000 -1.800000 -38.000000
v -14.000000 -1.800000 -37.000000
v -14.000000 -1.800000 -36.000000
v -14.000000 -1.800000 -35.000000
v -14.000000 -1.800000 -34.000000
v -14.000000 -1.800000 -33.000000
v -14.000000 -1.800000 -32.000000
v -14.000000 -1.800000 -31.000000
v -14.000000 -1.800000 -30.000000
v -14.000000 -1.800000 -29.000000
v -14.000000 -1.800000 -28.000000
v -14.000000 -1.800000 -27.000000
v -14.000000 -1.800000 -26.000000
v -14.000000 -1.584576 -25.000000
v -14.000000 -1.028708 -24.000000
v -14.000000 -0.490598 -23.000000
v -14.000000 0.025861 -22.000000
v -14.000000 0.517288 -21.000000
v -14.000000 2.500000 -20.000000
v -14.000000 2.500000 -19.000000
v -14.000000 2.500000 -18.000000
v -14.000000 2.500000 -17.000000
v -14.000000 2.500000 -16.000000
v -14.000000 5.500000 -15.000000
v -14.000000 5.500000 -14.000000
v -14.000000 5.500000 -13.000000
v -14.000000 5.500000 -12.000000
v -14.000000 5.500000 -11.000000
v -14.000000 5.500000 -10.000000
v -14.000000 5.500000 -9.000000
v -14.000000 5.500000 -8.000000
v -14.000000 5.500000 -7.000000
v -14.000000 5.500000 -6.000000
v -14.000000 5.500000 -5.000000
v -14.000000 5.500000 -4.000000
v -14.000000 5.500000 -3.000000
v -14.000000 5.500000 -2.000000
v -14.000000 5.500000 -1.000000
v -14.000000 5.500000 0.000000
v -14.000000 5.500000 1.000000
v -14.000000 9.000000 2.000000
v -14.000000 9.000000 3.000000
v -14.000000 9.000000 4.000000
v -14.000000 9.000000 5.000000
v -14.000000 9.000000 6.000000
v -14.000000 5.500000 7.000000
v -14.000000 5.500000 8.000000
v -14.000000 5.500000 9.000000
v -14.000000 5.500000 10.000000
v -14.000000 5.500000 11.000000
v -14.000000 5.500000 12.000000
v -14.000000 5.500000 13.000000
v -14.000000 5.500000 14.000000
v -14.000000 5.500000 15.000000
v -14.000000 5.500000 16.000000
v -14.000000 2.500000 17.000000
v -14.000000 2.500000 18.000000
v -14.000000 2.500000 19.000000
v -14.000000 2.500000 20.000000
v -14.000000 2.500000 21.000000
v -14.000000 2.500000 22.000000
v -14.000000 0.770851 23.000000
v -14.000000 0.472218 24.000000
v -14.000000 0.180131 25.000000
v -14.000000 -0.107959 26.000000
v -14.000000 -0.394465 27.000000
v -14.000000 -0.681530 28.000000
v -14.000000 -0.970967 29.000000
v -14.000000 -1.264257 30.000000
v -14.000000 -1.562564 31.000000
v -14.000000 -1.800000 32.000000
v -14.000000 -1.800000 33.000000
v -14.000000 -1.800000 34.000000
v -14.000000 -1.800000 35.000000
v -14.000000 -1.800000 36.000000
v -14.000000 -1.800000 37.000000
v -14.000000 -1.800000 38.000000
v -14.000000 -1.800000 39.000000
v -14.000000 -1.800000 40.000000
v -13.000000 -1.800000 -40.000000
v -13.000000 -1.800000 -39.000000
v -13.000000 -1.800000 -38.000000
v -13.000000 -1.800000 -37.000000
v -13.000000 -1.800000 -36.000000
v -13.000000 -1.800000 -35.000000
v -13.000000 -1.800000 -34.000000
v -13.000000 -1.800000 -33.000000
v -13.000000 -1.800000 -32.000000
v -13.000000 -1.800000 -31.000000
v -13.000000 -1.800000 -30.000000
v -13.000000 -1.800000 -29.000000
v -13.000000 -1.800000 -28.000000
v -13.000000 -1.800000 -27.000000
v -13.000000 -1.800000 -26.000000
v -13.000000 -1.800000 -25.000000
v -13.000000 -1.289599 -24.000000
v -13.000000 -0.722442 -23.000000
v -13.000000 -0.170981 -22.000000
v -13.000000 0.360029 -21.000000
v -13.000000 2.500000 -20.000000
v -13.000000 2.500000 -19.000000
v -13.000000 2.500000 -18.000000
v -13.000000 2.500000 -17.000000
v -13.000000 2.500000 -16.000000
v -13.000000 5.500000 -15.000000
v -13.000000 5.500000 -14.000000
v -13.000000 5.500000 -13.000000
v -13.000000 5.500000 -12.000000
v -13.000000 5.500000 -11.000000
v -13.000000 5.500000 -10.000000
v -13.000000 5.500000 -9.000000
v -13.000000 5.500000 -8.000000
v -13.000000 9.000000 -7.000000
v -13.000000 9.000000 -6.000000
v -13.000000 5.500000 -5.000000
v -13.000000 5.500000 -4.000000
v -13.000000 5.500000 -3.000000
v -13.000000 5.500000 -2.000000
v -13.000000 5.500000 -1.000000
v -13.000000 5.500000 0.000000
v -13.000000 9.000000 1.000000
v -13.000000 9.000000 2.000000
v -13.000000 9.000000 3.000000
v -13.000000 9.000000 4.000000
v -13.000000 9.000000 5.000000
v -13.000000 9.000000 6.000000
v -13.000000 9.000000 7.000000
v -13.000000 9.000000 8.000000
v -13.000000 5.500000 9.000000
v -13.000000 5.500000 10.000000
v -13.000000 5.500000 11.000000
v -13.000000 5.500000 12.000000
v -13.000000 5.500000 13.000000
v -13.000000 5.500000 14.000000
v -13.000000 5.500000 15.000000
v -13.000000 5.500000 16.000000
v -13.000000 2.500000 17.000000
v -13.000000 2.500000 18.000000
v -13.000000 2.500000 19.000000
v -13.000000 2.500000 20.000000
v -13.000000 2.500000 21.000000
v -13.000000 2.500000 22.000000
v -13.000000 2.500000 23.000000
v -13.000000 0.569330 24.000000
v -13.000000 0.282742 25.000000
v -13.000000 -0.004278 26.000000
v -13.000000 -0.293848 27.000000
v -13.000000 -0.587670 28.000000
v -13.000000 -0.887057 29.000000
v -13.000000 -1.192980 30.000000
v -13.000000 -1.506124 31.000000
v -13.000000 -1.800000 32.000000
v -13.000000 -1.800000 33.000000
v -13.000000 -1.800000 34.000000
v -13.000000 -1.800000 35.000000
v -13.000000 -1.800000 36.000000
v -13.000000 -1.800000 37.000000
v -13.000000 -1.800000 38.000000
v -13.000000 -1.800000 39.000000
v -13.000000 -1.800000 40.000000
v -12.000000 -1.800000 -40.000000
v -12.000000 -1.800000 -39.000000
v -12.000000 -1.800000 -38.000000
v -12.000000 -1.800000 -37.000000
v -12.000000 -1.800000 -36.000000
v -12.000000 -1.800000 -35.000000
v -12.000000 -1.800000 -34.000000
v -12.000000 -1.800000 -33.000000
v -12.000000 -1.800000 -32.000000
v -12.000000 -1.800000 -31.000000
v -12.000000 -1.800000 -30.000000
v -12.000000 -1.800000 -29.000000
v -12.000000 -1.800000 -28.000000
v -12.000000 -1.800000 -27.000000
v -12.000000 -1.800000 -26.000000
v -12.000000 -1.800000 -25.000000
v -12.000000 -1.586125 -24.000000
v -12.000000 -1.002260 -23.000000
v -12.000000 -0.425406 -22.000000
v -12.000000 0.138847 -21.000000
v -12.000000 0.684789 -20.000000
v -12.000000 2.500000 -19.000000
v -12.000000 2.500000 -18.000000
v -12.000000 2.500000 -17.000000
v -12.000000 2.500000 -16.000000
v -12.000000 5.500000 -15.000000
v -12.000000 5.500000 -14.000000
v -12.000000 5.500000 -13.000000
v -12.000000 5.500000 -12.000000
v -12.000000 5.500000 -11.000000
v -12.000000 5.500000 -10.000000
v -12.000000 5.500000 -9.000000
v -12.000000 9.000000 -8.000000
v -12.000000 9.000000 -7.000000
v -12.000000 9.000000 -6.000000
v -12.000000 9.000000 -5.000000
v -12.000000 5.500000 -4.000000
v -12.000000 5.500000 -3.000000
v -12.000000 5.500000 -2.000000
v -12.000000 5.500000 -1.000000
v -12.000000 9.000000 0.000000
v -12.000000 9.000000 1.000000
v -12.000000 9.000000 2.000000
v -12.000000 9.000000 3.000000
v -12.000000 9.000000 4.000000
v -12.000000 9.000000 5.000000
v -12.000000 9.000000 6.000000
v -12.000000 9.000000 7.000000
v -12.000000 9.000000 8.000000
v -12.000000 9.000000 9.000000
v -12.000000 9.000000 10.000000
v -12.000000 5.500000 11.000000
v -12.000000 5.500000 12.000000
v -12.000000 5.500000 13.000000
v -12.000000 5.500000 14.000000
v -12.000000 5.500000 15.000000
v -12.000000 5.500000 16.000000
v -12.000000 2.500000 17.000000
v -12.000000 2.500000 18.000000
v -12.000000 2.500000 19.000000
v -12.000000 2.500000 20.000000
v -12.000000 2.500000 21.000000
v -12.000000 2.500000 22.000000
v -12.000000 2.500000 23.000000
v -12.000000 0.672974 24.000000
v -12.000000 0.383246 25.000000
v -12.000000 0.088783 26.000000
v -12.000000 -0.211902 27.000000
v -12.000000 -0.519876 28.000000
v -12.000000 -0.835856 29.000000
v -12.000000 -1.160281 30.000000
v -12.000000 -1.493373 31.000000
v -12.000000 -1.800000 32.000000
v -12.000000 -1.800000 33.000000
v -12.000000 -1.800000 34.000000
v -12.000000 -1.800000 35.000000
v -12.000000 -1.800000 36.000000
v -12.000000 -1.800000 37.000000
v -12.000000 -1.800000 38.000000
v -12.000000 -1.800000 39.000000
v -12.000000 -1.800000 40.000000
v -11.000000 -1.800000 -40.000000
v -11.000000 -1.800000 -39.000000
v -11.000000 -1.800000 -38.000000
v -11.000000 -1.800000 -37.000000
v -11.000000 -1.800000 -36.000000
v -11.000000 -1.800000 -35.000000
v -11.000000 -1.800000 -34.000000
v -11.000000 -1.800000 -33.000000
v -11.000000 -1.800000 -32.000000
v -11.000000 -1.800000 -31.000000
v -11.000000 -1.800000 -30.000000
v -11.000000 -1.800000 -29.000000
v -11.000000 -1.800000 -28.000000
v -11.000000 -1.800000 -27.000000
v -11.000000 -1.800000 -26.000000
v -11.000000 -1.800000 -25.000000
v -11.000000 -1.800000 -24.000000
v -11.000000 -1.306243 -23.000000
v -11.000000 -0.720614 -22.000000
v -11.000000 -0.136993 -21.000000
v -11.000000 0.438433 -20.000000
v -11.000000 2.500000 -19.000000
v -11.000000 2.500000 -18.000000
v -11.000000 2.500000 -17.000000
v -11.000000 2.500000 -16.000000
v -11.000000 5.500000 -15.000000
v -11.000000 5.500000 -14.000000
v -11.000000 5.500000 -13.000000
v -11.000000 5.500000 -12.000000
v -11.000000 5.500000 -11.000000
v -11.000000 5.500000 -10.000000
v -11.000000 9.000000 -9.000000
v -11.000000 9.000000 -8.000000
v -11.000000 9.000000 -7.000000
v -11.000000 9.000000 -6.000000
v -11.000000 9.000000 -5.000000
v -11.000000 9.000000 -4.000000
v -11.000000 5.500000 -3.000000
v -11.000000 5.500000 -2.000000
v -11.000000 5.500000 -1.000000
v -11.000000 9.000000 0.000000
v -11.000000 9.000000 1.000000
v -11.000000 9.000000 2.000000
v -11.000000 9.000000 3.000000
v -11.000000 9.000000 4.000000
v -11.000000 9.000000 5.000000
v -11.000000 9.000000 6.000000
v -11.000000 9.000000 7.000000
v -11.000000 9.000000 8.000000
v -11.000000 9.000000 9.000000
v -11.000000 9.000000 10.000000
v -11.000000 5.500000 11.000000
v -11.000000 5.500000 12.000000
v -11.000000 5.500000 13.000000
v -11.000000 5.500000 14.000000
v -11.000000 5.500000 15.000000
v -11.000000 5.500000 16.000000
v -11.000000 5.500000 17.000000
v -11.000000 2.500000 18.000000
v -11.000000 2.500000 19.000000
v -11.000000 2.500000 20.000000
v -11.000000 2.500000 21.000000
v -11.000000 2.500000 22.000000
v -11.000000 2.500000 23.000000
v -11.000000 0.765062 24.000000
v -11.000000 0.462792 25.000000
v -11.000000 0.152328 26.000000
v -11.000000 -0.167069 27.000000
v -11.000000 -0.495812 28.000000
v -11.000000 -0.834060 29.000000
v -11.000000 -1.181787 30.000000
v -11.000000 -1.538834 31.000000
v -11.000000 -1.800000 32.000000
v -11.000000 -1.800000 33.000000
v -11.000000 -1.800000 34.000000
v -11.000000 -1.800000 35.000000
v -11.000000 -1.800000 36.000000
v -11.000000 -1.800000 37.000000
v -11.000000 -1.800000 38.000000
v -11.000000 -1.800000 39.000000
v -11.000000 -1.800000 40.000000
v -10.000000 -1.800000 -40.000000
v -10.000000 -1.800000 -39.000000
v -10.000000 -1.800000 -38.000000
v -10.000000 -1.800000 -37.000000
v -10.000000 -1.800000 -36.000000
v -10.000000 -1.800000 -35.000000
v -10.000000 -1.800000 -34.000000
v -10.000000 -1.800000 -33.000000
v -10.000000 -1.800000 -32.000000
v -10.000000 -1.800000 -31.000000
v -10.000000 -1.800000 -30.000000
v -10.000000 -1.800000 -29.000000
v -10.000000 -1.800000 -28.000000
v -10.000000 -1.800000 -27.000000
v -10.000000 -1.800000 -26.000000
v -10.000000 -1.800000 -25.000000
v -10.000000 -1.800000 -24.000000
v -10.000000 -1.593803 -23.000000
v -10.000000 -1.021928 -22.000000
v -10.000000 -0.440637 -21.000000
v -10.000000 0.144896 -20.000000
v -10.000000 0.728205 -19.000000
v -10.000000 2.500000 -18.000000
v -10.000000 2.500000 -17.000000
v -10.000000 2.500000 -16.000000
v -10.000000 5.500000 -15.000000
v -10.000000 5.500000 -14.000000
v -10.000000 5.500000 -13.000000
v -10.000000 5.500000 -12.000000
v -10.000000 5.500000 -11.000000
v -10.000000 5.500000 -10.000000
v -10.000000 9.000000 -9.000000
v -10.000000 9.000000 -8.000000
v -10.000000 9.000000 -7.000000
v -10.000000 9.000000 -6.000000
v -10.000000 9.000000 -5.000000
v -10.000000 9.000000 -4.000000
v -10.000000 9.000000 -3.000000
v -10.000000 9.000000 -2.000000
v -10.000000 9.000000 -1.000000
v -10.000000 9.000000 0.000000
v -10.000000 9.000000 1.000000
v -10.000000 9.000000 2.000000
v -10.000000 9.000000 3.000000
v -10.000000 9.000000 4.000000
v -10.000000 9.000000 5.000000
v -10.000000 9.000000 6.000000
v -10.000000 9.000000 7.000000
v -10.000000 9.000000 8.000000
v -10.000000 9.000000 9.000000
v -10.000000 9.000000 10.000000
v -10.000000 5.500000 11.000000
v -10.000000 5.500000 12.000000
v -10.000000 5.500000 13.000000
v -10.000000 5.500000 14.000000
v -10.000000 5.500000 15.000000
v -10.000000 5.500000 16.000000
v -10.000000 5.500000 17.000000
v -10.000000 2.500000 18.000000
v -10.000000 2.500000 19.000000
v -10.000000 2.500000 20.000000
v -10.000000 2.500000 21.000000
v -10.000000 2.500000 22.000000
v -10.000000 2.500000 23.000000
v -10.000000 2.500000 24.000000
v -10.000000 0.499766 25.000000
v -10.000000 0.165801 26.000000
v -10.000000 -0.178619 27.000000
v -10.000000 -0.533355 28.000000
v -10.000000 -0.898122 29.000000
v -10.000000 -1.272543 30.000000
v -10.000000 -1.656180 31.000000
v -10.000000 -1.800000 32.000000
v -10.000000 -1.800000 33.000000
v -10.000000 -1.800000 34.000000
v -10.000000 -1.800000 35.000000
v -10.000000 -1.800000 36.000000
v -10.000000 -1.800000 37.000000
v -10.000000 -1.800000 38.000000
v -10.000000 -1.800000 39.000000
v -10.000000 -1.800000 40.000000
v -9.000000 -1.800000 -40.000000
v -9.000000 -1.800000 -39.000000
v -9.000000 -1.800000 -38.000000
v -9.000000 -1.800000 -37.000000
v -9.000000 -1.800000 -36.000000
v -9.000000 -1.800000 -35.000000
v -9.000000 -1.800000 -34.000000
v -9.000000 -1.800000 -33.000000
v -9.000000 -1.800000 -32.000000
v -9.000000 -1.800000 -31.000000
v -9.000000 -1.800000 -30.000000
v -9.000000 -1.800000 -29.000000
v -9.000000 -1.800000 -28.000000
v -9.000000 -1.800000 -27.000000
v -9.000000 -1.800000 -26.000000
v -9.000000 -1.800000 -25.000000
v -9.000000 -1.800000 -24.000000
v -9.000000 -1.800000 -23.000000
v -9.000000 -1.276197 -22.000000
v -9.000000 -0.723474 -21.000000
v -9.000000 0.083411 -20.000000
v -9.000000 0.425014 -19.000000
v -9.000000 2.500000 -18.000000
v -9.000000 2.500000 -17.000000
v -9.000000 2.500000 -16.000000
v -9.000000 2.500000 -15.000000
v -9.000000 5.500000 -14.000000
v -9.000000 5.500000 -13.000000
v -9.000000 5.500000 -12.000000
v -9.000000 5.500000 -11.000000
v -9.000000 5.500000 -10.000000
v -9.000000 9.000000 -9.000000
v -9.000000 9.000000 -8.000000
v -9.000000 9.000000 -7.000000
v -9.000000 9.000000 -6.000000
v -9.000000 9.000000 -5.000000
v -9.000000 9.000000 -4.000000
v -9.000000 9.000000 -3.000000
v -9.000000 9.000000 -2.000000
v -9.000000 9.000000 -1.000000
v -9.000000 9.000000 0.000000
v -9.000000 9.000000 1.000000
v -9.000000 9.000000 2.000000
v -9.000000 9.000000 3.000000
v -9.000000 9.000000 4.000000
v -9.000000 9.000000 5.000000
v -9.000000 9.000000 6.000000
v -9.000000 9.000000 7.000000
v -9.000000 9.000000 8.000000
v -9.000000 9.000000 9.000000
v -9.000000 9.000000 10.000000
v -9.000000 5.500000 11.000000
v -9.000000 5.500000 12.000000
v -9.000000 5.500000 13.000000
v -9.000000 5.500000 14.000000
v -9.000000 5.500000 15.000000
v -9.000000 5.500000 16.000000
v -9.000000 5.500000 17.000000
v -9.000000 2.500000 18.000000
v -9.000000 2.500000 19.000000
v -9.000000 2.500000 20.000000
v -9.000000 2.500000 21.000000
v -9.000000 2.500000 22.000000
v -9.000000 2.500000 23.000000
v -9.000000 2.500000 24.000000
v -9.000000 0.471719 25.000000
v -9.000000 0.108603 26.000000
v -9.000000 -0.265289 27.000000
v -9.000000 -0.649419 28.000000
v -9.000000 -1.043202 29.000000
v -9.000000 -1.446030 30.000000
v -9.000000 -1.800000 31.000000
v -9.000000 -1.800000 32.000000
v -9.000000 -1.800000 33.000000
v -9.000000 -1.800000 34.000000
v -9.000000 -1.800000 35.000000
v -9.000000 -1.800000 36.000000
v -9.000000 -1.800000 37.000000
v -9.000000 -1.800000 38.000000
v -9.000000 -1.800000 39.000000
v -9.000000 -1.800000 40.000000
v -8.000000 -1.800000 -40.000000
v -8.000000 -1.800000 -39.000000
v -8.000000 -1.800000 -38.000000
v -8.000000 -1.800000 -37.000000
v -8.000000 -1.800000 -36.000000
v -8.000000 -1.800000 -35.000000
v -8.000000 -1.800000 -34.000000
v -8.000000 -1.800000 -33.000000
v -8.000000 -1.800000 -32.000000
v -8.000000 -1.800000 -31.000000
v -8.000000 -1.800000 -30.000000
v -8.000000 -1.800000 -29.000000
v -8.000000 -1.800000 -28.000000
v -8.000000 -1.800000 -27.000000
v -8.000000 -1.800000 -26.000000
v -8.000000 -1.800000 -25.000000
v -8.000000 -1.800000 -24.000000
v -8.000000 -1.800000 -23.000000
v -8.000000 -1.421187 -22.000000
v -8.000000 -0.919743 -21.000000
v -8.000000 0.050511 -20.000000
v -8.000000 0.124816 -19.000000
v -8.000000 0.201711 -18.000000
v -8.000000 2.500000 -17.000000
v -8.000000 2.500000 -16.000000
v -8.000000 2.500000 -15.000000
v -8.000000 5.500000 -14.000000
v -8.000000 5.500000 -13.000000
v -8.000000 5.500000 -12.000000
v -8.000000 5.500000 -11.000000
v -8.000000 5.500000 -10.000000
v -8.000000 9.000000 -9.000000
v -8.000000 9.000000 -8.000000
v -8.000000 9.000000 -7.000000
v -8.000000 9.000000 -6.000000
v -8.000000 9.000000 -5.000000
v -8.000000 9.000000 -4.000000
v -8.000000 9.000000 -3.000000
v -8.000000 9.000000 -2.000000
v -8.000000 9.000000 -1.000000
v -8.000000 9.000000 0.000000
v -8.000000 9.000000 1.000000
v -8.000000 9.000000 2.000000
v -8.000000 9.000000 3.000000
v -8.000000 9.000000 4.000000
v -8.000000 9.000000 5.000000
v -8.000000 9.000000 6.000000
v -8.000000 9.000000 7.000000
v -8.000000 9.000000 8.000000
v -8.000000 9.000000 9.000000
v -8.000000 9.000000 10.000000
v -8.000000 5.500000 11.000000
v -8.000000 5.500000 12.000000
v -8.000000 5.500000 13.000000
v -8.000000 5.500000 14.000000
v -8.000000 5.500000 15.000000
v -8.000000 5.500000 16.000000
v -8.000000 5.500000 17.000000
v -8.000000 2.500000 18.000000
v -8.000000 2.500000 19.000000
v -8.000000 2.500000 20.000000
v -8.000000 2.500000 21.000000
v -8.000000 2.500000 22.000000
v -8.000000 2.500000 23.000000
v -8.000000 0.741965 24.000000
v -8.000000 0.357221 25.000000
v -8.000000 -0.038298 26.000000
v -8.000000 -0.443819 27.000000
v -8.000000 -0.858571 28.000000
v -8.000000 -1.281800 29.000000
v -8.000000 -1.712781 30.000000
v -8.000000 -1.800000 31.000000
v -8.000000 -1.800000 32.000000
v -8.000000 -1.800000 33.000000
v -8.000000 -1.800000 34.000000
v -8.000000 -1.800000 35.000000
v -8.000000 -1.800000 36.000000
v -8.000000 -1.800000 37.000000
v -8.000000 -1.800000 38.000000
v -8.000000 -1.800000 39.000000
v -8.000000 -1.800000 40.000000
v -7.000000 -1.800000 -40.000000
v -7.000000 -1.800000 -39.000000
v -7.000000 -1.800000 -38.000000
v -7.000000 -1.800000 -37.000000
v -7.000000 -1.800000 -36.000000
v -7.000000 -1.800000 -35.000000
v -7.000000 -1.800000 -34.000000
v -7.000000 -1.800000 -33.000000
v -7.000000 -1.800000 -32.000000
v -7.000000 -1.800000 -31.000000
v -7.000000 -1.800000 -30.000000
v -7.000000 -1.800000 -29.000000
v -7.000000 -1.800000 -28.000000
v -7.000000 -1.800000 -27.000000
v -7.000000 -1.800000 -26.000000
v -7.000000 -1.800000 -25.000000
v -7.000000 -1.800000 -24.000000
v -7.000000 -1.800000 -23.000000
v -7.000000 -1.407186 -22.000000
v -7.000000 -0.966207 -21.000000
v -7.000000 -0.504681 -20.000000
v -7.000000 0.101801 -19.000000
v -7.000000 0.171251 -18.000000
v -7.000000 0.244118 -17.000000
v -7.000000 0.320138 -16.000000
v -7.000000 2.500000 -15.000000
v -7.000000 2.500000 -14.000000
v -7.000000 5.500000 -13.000000
v -7.000000 5.500000 -12.000000
v -7.000000 5.500000 -11.000000
v -7.000000 5.500000 -10.000000
v -7.000000 9.000000 -9.000000
v -7.000000 9.000000 -8.000000
v -7.000000 9.000000 -7.000000
v -7.000000 9.000000 -6.000000
v -7.000000 9.000000 -5.000000
v -7.000000 9.000000 -4.000000
v -7.000000 9.000000 -3.000000
v -7.000000 9.000000 -2.000000
v -7.000000 9.000000 -1.000000
v -7.000000 9.000000 0.000000
v -7.000000 9.000000 1.000000
v -7.000000 9.000000 2.000000
v -7.000000 9.000000 3.000000
v -7.000000 9.000000 4.000000
v -7.000000 9.000000 5.000000
v -7.000000 9.000000 6.000000
v -7.000000 9.000000 7.000000
v -7.000000 9.000000 8.000000
v -7.000000 9.000000 9.000000
v -7.000000 9.000000 10.000000
v -7.000000 5.500000 11.000000
v -7.000000 5.500000 12.000000
v -7.000000 5.500000 13.000000
v -7.000000 5.500000 14.000000
v -7.000000 5.500000 15.000000
v -7.000000 5.500000 16.000000
v -7.000000 5.500000 17.000000
v -7.000000 5.500000 18.000000
v -7.000000 2.500000 19.000000
v -7.000000 2.500000 20.000000
v -7.000000 2.500000 21.000000
v -7.000000 2.500000 22.000000
v -7.000000 2.500000 23.000000
v -7.000000 0.557076 24.000000
v -7.000000 0.138003 25.000000
v -7.000000 -0.290282 26.000000
v -7.000000 -0.726862 27.000000
v -7.000000 -1.170881 28.000000
v -7.000000 -1.621543 29.000000
v -7.000000 -1.800000 30.000000
v -7.000000 -1.800000 31.000000
v -7.000000 -1.800000 32.000000
v -7.000000 -1.800000 33.000000
v -7.000000 -1.800000 34.000000
v -7.000000 -1.800000 35.000000
v -7.000000 -1.800000 36.000000
v -7.000000 -1.800000 37.000000
v -7.000000 -1.800000 38.000000
v -7.000000 -1.800000 39.000000
v -7.000000 -1.800000 40.000000
v -6.000000 -1.800000 -40.000000
v -6.000000 -1.800000 -39.000000
v -6.000000 -1.800000 -38.000000
v -6.000000 -1.800000 -37.000000
v -6.000000 -1.800000 -36.000000
v -6.000000 -1.800000 -35.000000
v -6.000000 -1.800000 -34.000000
v -6.000000 -1.800000 -33.000000
v -6.000000 -1.800000 -32.000000
v -6.000000 -1.800000 -31.000000
v -6.000000 -1.800000 -30.000000
v -6.000000 -1.800000 -29.000000
v -6.000000 -1.800000 -28.000000
v -6.000000 -1.800000 -27.000000
v -6.000000 -1.800000 -26.000000
v -6.000000 -1.800000 -25.000000
v -6.000000 -1.800000 -24.000000
v -6.000000 -1.600702 -23.000000
v -6.000000 -1.221740 -22.000000
v -6.000000 -0.832341 -21.000000
v -6.000000 -0.429682 -20.000000
v -6.000000 0.103118 -19.000000
v -6.000000 0.163041 -18.000000
v -6.000000 0.226231 -17.000000
v -6.000000 0.293137 -16.000000
v -6.000000 0.364020 -15.000000
v -6.000000 0.438775 -14.000000
v -6.000000 5.500000 -13.000000
v -6.000000 5.500000 -12.000000
v -6.000000 5.500000 -11.000000
v -6.000000 5.500000 -10.000000
v -6.000000 9.000000 -9.000000
v -6.000000 9.000000 -8.000000
v -6.000000 9.000000 -7.000000
v -6.000000 9.000000 -6.000000
v -6.000000 9.000000 -5.000000
v -6.000000 9.000000 -4.000000
v -6.000000 9.000000 -3.000000
v -6.000000 9.000000 -2.000000
v -6.000000 9.000000 -1.000000
v -6.000000 9.000000 0.000000
v -6.000000 9.000000 1.000000
v -6.000000 9.000000 2.000000
v -6.000000 9.000000 3.000000
v -6.000000 9.000000 4.000000
v -6.000000 9.000000 5.000000
v -6.000000 9.000000 6.000000
v -6.000000 9.000000 7.000000
v -6.000000 9.000000 8.000000
v -6.000000 9.000000 9.000000
v -6.000000 9.000000 10.000000
v -6.000000 9.000000 11.000000
v -6.000000 5.500000 12.000000
v -6.000000 5.500000 13.000000
v -6.000000 5.500000 14.000000
v -6.000000 5.500000 15.000000
v -6.000000 5.500000 16.000000
v -6.000000 5.500000 17.000000
v -6.000000 2.500000 18.000000
v -6.000000 2.500000 19.000000
v -6.000000 2.500000 20.000000
v -6.000000 2.500000 21.000000
v -6.000000 2.500000 22.000000
v -6.000000 0.696949 23.000000
v -6.000000 0.253531 24.000000
v -6.000000 -0.197640 25.000000
v -6.000000 -0.655575 26.000000
v -6.000000 -1.119382 27.000000
v -6.000000 -1.588261 28.000000
v -6.000000 -1.800000 29.000000
v -6.000000 -1.800000 30.000000
v -6.000000 -1.800000 31.000000
v -6.000000 -1.800000 32.000000
v -6.000000 -1.800000 33.000000
v -6.000000 -1.800000 34.000000
v -6.000000 -1.800000 35.000000
v -6.000000 -1.800000 36.000000
v -6.000000 -1.800000 37.000000
v -6.000000 -1.800000 38.000000
v -6.000000 -1.800000 39.000000
v -6.000000 -1.800000 40.000000
v -5.000000 -1.800000 -40.000000
v -5.000000 -1.800000 -39.000000
v -5.000000 -1.800000 -38.000000
v -5.000000 -1.800000 -37.000000
v -5.000000 -1.800000 -36.000000
v -5.000000 -1.800000 -35.000000
v -5.000000 -1.800000 -34.000000
v -5.000000 -1.800000 -33.000000
v -5.000000 -1.800000 -32.000000
v -5.000000 -1.800000 -31.000000
v -5.000000 -1.800000 -30.000000
v -5.000000 -1.800000 -29.000000
v -5.000000 -1.800000 -28.000000
v -5.000000 -1.800000 -27.000000
v -5.000000 -1.800000 -26.000000
v -5.000000 -1.800000 -25.000000
v -5.000000 -1.607486 -24.000000
v -5.000000 -1.254664 -23.000000
v -5.000000 -0.899409 -22.000000
v -5.000000 -0.540501 -21.000000
v -5.000000 0.080503 -20.000000
v -5.000000 0.131179 -19.000000
v -5.000000 0.183252 -18.000000
v -5.000000 0.237212 -17.000000
v -5.000000 0.293658 -16.000000
v -5.000000 0.353292 -15.000000
v -5.000000 0.416843 -14.000000
v -5.000000 0.484931 -13.000000
v -5.000000 0.557788 -12.000000
v -5.000000 0.634869 -11.000000
v -5.000000 5.500000 -10.000000
v -5.000000 9.000000 -9.000000
v -5.000000 9.000000 -8.000000
v -5.000000 9.000000 -7.000000
v -5.000000 9.000000 -6.000000
v -5.000000 9.000000 -5.000000
v -5.000000 9.000000 -4.000000
v -5.000000 9.000000 -3.000000
v -5.000000 9.000000 -2.000000
v -5.000000 9.000000 -1.000000
v -5.000000 9.000000 0.000000
v -5.000000 9.000000 1.000000
v -5.000000 9.000000 2.000000
v -5.000000 9.000000 3.000000
v -5.000000 9.000000 4.000000
v -5.000000 9.000000 5.000000
v -5.000000 9.000000 6.000000
v -5.000000 9.000000 7.000000
v -5.000000 9.000000 8.000000
v -5.000000 9.000000 9.000000
v -5.000000 9.000000 10.000000
v -5.000000 9.000000 11.000000
v -5.000000 5.500000 12.000000
v -5.000000 5.500000 13.000000
v -5.000000 5.500000 14.000000
v -5.000000 5.500000 15.000000
v -5.000000 5.500000 16.000000
v -5.000000 5.500000 17.000000
v -5.000000 2.500000 18.000000
v -5.000000 2.500000 19.000000
v -5.000000 2.500000 20.000000
v -5.000000 2.500000 21.000000
v -5.000000 0.766300 22.000000
v -5.000000 0.299876 23.000000
v -5.000000 -0.172113 24.000000
v -5.000000 -0.648720 25.000000
v -5.000000 -1.129127 26.000000
v -5.000000 -1.612629 27.000000
v -5.000000 -1.800000 28.000000
v -5.000000 -1.800000 29.000000
v -5.000000 -1.800000 30.000000
v -5.000000 -1.800000 31.000000
v -5.000000 -1.800000 32.000000
v -5.000000 -1.800000 33.000000
v -5.000000 -1.800000 34.000000
v -5.000000 -1.800000 35.000000
v -5.000000 -1.800000 36.000000
v -5.000000 -1.800000 37.000000
v -5.000000 -1.800000 38.000000
v -5.000000 -1.800000 39.000000
v -5.000000 -1.800000 40.000000
v -4.000000 -1.800000 -40.000000
v -4.000000 -1.800000 -39.000000
v -4.000000 -1.800000 -38.000000
v -4.000000 -1.800000 -37.000000
v -4.000000 -1.800000 -36.000000
v -4.000000 -1.800000 -35.000000
v -4.000000 -1.800000 -34.000000
v -4.000000 -1.800000 -33.000000
v -4.000000 -1.800000 -32.000000
v -4.000000 -1.800000 -31.000000
v -4.000000 -1.800000 -30.000000
v -4.000000 -1.800000 -29.000000
v -4.000000 -1.800000 -28.000000
v -4.000000 -1.800000 -27.000000
v -4.000000 -1.800000 -26.000000
v -4.000000 -1.559456 -25.000000
v -4.000000 -1.208173 -24.000000
v -4.000000 -0.857557 -23.000000
v -4.000000 -0.507404 -22.000000
v -4.000000 0.083083 -21.000000
v -4.000000 0.130861 -20.000000
v -4.000000 0.178787 -19.000000
v -4.000000 0.227010 -18.000000
v -4.000000 0.275747 -17.000000
v -4.000000 0.325311 -16.000000
v -4.000000 0.376148 -15.000000
v -4.000000 0.428878 -14.000000
v -4.000000 0.484330 -13.000000
v -4.000000 0.543542 -12.000000
v -4.000000 0.607646 -11.000000
v -4.000000 5.500000 -10.000000
v -4.000000 5.500000 -9.000000
v -4.000000 9.000000 -8.000000
v -4.000000 9.000000 -7.000000
v -4.000000 9.000000 -6.000000
v -4.000000 9.000000 -5.000000
v -4.000000 9.000000 -4.000000
v -4.000000 9.000000 -3.000000
v -4.000000 9.000000 -2.000000
v -4.000000 9.000000 -1.000000
v -4.000000 9.000000 0.000000
v -4.000000 9.000000 1.000000
v -4.000000 9.000000 2.000000
v -4.000000 9.000000 3.000000
v -4.000000 9.000000 4.000000
v -4.000000 9.000000 5.000000
v -4.000000 9.000000 6.000000
v -4.000000 9.000000 7.000000
v -4.000000 9.000000 8.000000
v -4.000000 9.000000 9.000000
v -4.000000 9.000000 10.000000
v -4.000000 9.000000 11.000000
v -4.000000 5.500000 12.000000
v -4.000000 5.500000 13.000000
v -4.000000 5.500000 14.000000
v -4.000000 5.500000 15.000000
v -4.000000 5.500000 16.000000
v -4.000000 2.500000 17.000000
v -4.000000 2.500000 18.000000
v -4.000000 2.500000 19.000000
v -4.000000 2.500000 20.000000
v -4.000000 0.760210 21.000000
v -4.000000 0.275722 22.000000
v -4.000000 -0.211544 23.000000
v -4.000000 -0.700856 24.000000
v -4.000000 -1.191614 25.000000
v -4.000000 -1.683329 26.000000
v -4.000000 -1.800000 27.000000
v -4.000000 -1.800000 28.000000
v -4.000000 -1.800000 29.000000
v -4.000000 -1.800000 30.000000
v -4.000000 -1.800000 31.000000
v -4.000000 -1.800000 32.000000
v -4.000000 -1.800000 33.000000
v -4.000000 -1.800000 34.000000
v -4.000000 -1.800000 35.000000
v -4.000000 -1.800000 36.000000
v -4.000000 -1.800000 37.000000
v -4.000000 -1.800000 38.000000
v -4.000000 -1.800000 39.000000
v -4.000000 -1.800000 40.000000
v -3.000000 -1.800000 -40.000000
v -3.000000 -1.800000 -39.000000
v -3.000000 -1.800000 -38.000000
v -3.000000 -1.800000 -37.000000
v -3.000000 -1.800000 -36.000000
v -3.000000 -1.800000 -35.000000
v -3.000000 -1.800000 -34.000000
v -3.000000 -1.800000 -33.000000
v -3.000000 -1.800000 -32.000000
v -3.000000 -1.800000 -31.000000
v -3.000000 -1.800000 -30.000000
v -3.000000 -1.800000 -29.000000
v -3.000000 -1.800000 -28.000000
v -3.000000 -1.800000 -27.000000
v -3.000000 -1.549178 -26.000000
v -3.000000 -1.189980 -25.000000
v -3.000000 -0.831772 -24.000000
v -3.000000 -0.474620 -23.000000
v -3.000000 0.088375 -22.000000
v -3.000000 0.136766 -21.000000
v -3.000000 0.184994 -20.000000
v -3.000000 0.233063 -19.000000
v -3.000000 0.280982 -18.000000
v -3.000000 0.328782 -17.000000
v -3.000000 0.376515 -16.000000
v -3.000000 0.424282 -15.000000
v -3.000000 0.472251 -14.000000
v -3.000000 0.520707 -13.000000
v -3.000000 0.570120 -12.000000
v -3.000000 0.621245 -11.000000
v -3.000000 5.500000 -10.000000
v -3.000000 5.500000 -9.000000
v -3.000000 9.000000 -8.000000
v -3.000000 9.000000 -7.000000
v -3.000000 9.000000 -6.000000
v -3.000000 9.000000 -5.000000
v -3.000000 9.000000 -4.000000
v -3.000000 9.000000 -3.000000
v -3.000000 9.000000 -2.000000
v -3.000000 9.000000 -1.000000
v -3.000000 9.000000 0.000000
v -3.000000 9.000000 1.000000
v -3.000000 9.000000 2.000000
v -3.000000 9.000000 3.000000
v -3.000000 9.000000 4.000000
v -3.000000 9.000000 5.000000
v -3.000000 9.000000 6.000000
v -3.000000 9.000000 7.000000
v -3.000000 9.000000 8.000000
v -3.000000 9.000000 9.000000
v -3.000000 9.000000 10.000000
v -3.000000 5.500000 11.000000
v -3.000000 5.500000 12.000000
v -3.000000 5.500000 13.000000
v -3.000000 5.500000 14.000000
v -3.000000 5.500000 15.000000
v -3.000000 2.500000 16.000000
v -3.000000 2.500000 17.000000
v -3.000000 2.500000 18.000000
v -3.000000 2.500000 19.000000
v -3.000000 0.691395 20.000000
v -3.000000 0.198902 21.000000
v -3.000000 -0.293584 22.000000
v -3.000000 -0.785717 23.000000
v -3.000000 -1.277246 24.000000
v -3.000000 -1.767993 25.000000
v -3.000000 -1.800000 26.000000
v -3.000000 -1.800000 27.000000
v -3.000000 -1.800000 28.000000
v -3.000000 -1.800000 29.000000
v -3.000000 -1.800000 30.000000
v -3.000000 -1.800000 31.000000
v -3.000000 -1.800000 32.000000
v -3.000000 -1.800000 33.000000
v -3.000000 -1.800000 34.000000
v -3.000000 -1.800000 35.000000
v -3.000000 -1.800000 36.000000
v -3.000000 -1.800000 37.000000
v -3.000000 -1.800000 38.000000
v -3.000000 -1.800000 39.000000
v -3.000000 -1.800000 40.000000
v -2.000000 -1.800000 -40.000000
v -2.000000 -1.800000 -39.000000
v -2.000000 -1.800000 -38.000000
v -2.000000 -1.800000 -37.000000
v -2.000000 -1.800000 -36.000000
v -2.000000 -1.800000 -35.000000
v -2.000000 -1.800000 -34.000000
v -2.000000 -1.800000 -33.000000
v -2.000000 -1.800000 -32.000000
v -2.000000 -1.800000 -31.000000
v -2.000000 -1.800000 -30.000000
v -2.000000 -1.800000 -29.000000
v -2.000000 -1.800000 -28.000000
v -2.000000 -1.622561 -27.000000
v -2.000000 -1.255002 -26.000000
v -2.000000 -0.887969 -25.000000
v -2.000000 -0.521520 -24.000000
v -2.000000 0.083311 -23.000000
v -2.000000 0.133093 -22.000000
v -2.000000 0.182765 -21.000000
v -2.000000 0.232313 -20.000000
v -2.000000 0.281721 -19.000000
v -2.000000 0.330973 -18.000000
v -2.000000 0.380049 -17.000000
v -2.000000 0.428930 -16.000000
v -2.000000 0.477595 -15.000000
v -2.000000 0.526026 -14.000000
v -2.000000 0.574214 -13.000000
v -2.000000 0.622170 -12.000000
v -2.000000 5.500000 -11.000000
v -2.000000 5.500000 -10.000000
v -2.000000 5.500000 -9.000000
v -2.000000 9.000000 -8.000000
v -2.000000 9.000000 -7.000000
v -2.000000 9.000000 -6.000000
v -2.000000 9.000000 -5.000000
v -2.000000 9.000000 -4.000000
v -2.000000 9.000000 -3.000000
v -2.000000 9.000000 -2.000000
v -2.000000 9.000000 -1.000000
v -2.000000 9.000000 0.000000
v -2.000000 9.000000 1.000000
v -2.000000 9.000000 2.000000
v -2.000000 9.000000 3.000000
v -2.000000 9.000000 4.000000
v -2.000000 9.000000 5.000000
v -2.000000 9.000000 6.000000
v -2.000000 9.000000 7.000000
v -2.000000 9.000000 8.000000
v -2.000000 9.000000 9.000000
v -2.000000 9.000000 10.000000
v -2.000000 5.500000 11.000000
v -2.000000 5.500000 12.000000
v -2.000000 5.500000 13.000000
v -2.000000 5.500000 14.000000
v -2.000000 2.500000 15.000000
v -2.000000 2.500000 16.000000
v -2.000000 2.500000 17.000000
v -2.000000 2.500000 18.000000
v -2.000000 0.614625 19.000000
v -2.000000 0.128629 20.000000
v -2.000000 -0.355801 21.000000
v -2.000000 -0.838711 22.000000
v -2.000000 -1.320165 23.000000
v -2.000000 -1.800000 24.000000
v -2.000000 -1.800000 25.000000
v -2.000000 -1.800000 26.000000
v -2.000000 -1.800000 27.000000
v -2.000000 -1.800000 28.000000
v -2.000000 -1.800000 29.000000
v -2.000000 -1.800000 30.000000
v -2.000000 -1.800000 31.000000
v -2.000000 -1.800000 32.000000
v -2.000000 -1.800000 33.000000
v -2.000000 -1.800000 34.000000
v -2.000000 -1.800000 35.000000
v -2.000000 -1.800000 36.000000
v -2.000000 -1.800000 37.000000
v -2.000000 -1.800000 38.000000
v -2.000000 -1.800000 39.000000
v -2.000000 -1.800000 40.000000
v -1.000000 -1.800000 -40.000000
v -1.000000 -1.800000 -39.000000
v -1.000000 -1.800000 -38.000000
v -1.000000 -1.800000 -37.000000
v -1.000000 -1.800000 -36.000000
v -1.000000 -1.800000 -35.000000
v -1.000000 -1.800000 -34.000000
v -1.000000 -1.800000 -33.000000
v -1.000000 -1.800000 -32.000000
v -1.000000 -1.800000 -31.000000
v -1.000000 -1.800000 -30.000000
v -1.000000 -1.800000 -29.000000
v -1.000000 -1.794381 -28.000000
v -1.000000 -1.421484 -27.000000
v -1.000000 -1.048717 -26.000000
v -1.000000 -0.676094 -25.000000
v -1.000000 0.063141 -24.000000
v -1.000000 0.113906 -23.000000
v -1.000000 0.164643 -22.000000
v -1.000000 0.215347 -21.000000
v -1.000000 0.266015 -20.000000
v -1.000000 0.316640 -19.000000
v -1.000000 0.367215 -18.000000
v -1.000000 0.417733 -17.000000
v -1.000000 0.468183 -16.000000
v -1.000000 0.518551 -15.000000
v -1.000000 0.568823 -14.000000
v -1.000000 0.618977 -13.000000
v -1.000000 5.500000 -12.000000
v -1.000000 5.500000 -11.000000
v -1.000000 5.500000 -10.000000
v -1.000000 9.000000 -9.000000
v -1.000000 9.000000 -8.000000
v -1.000000 9.000000 -7.000000
v -1.000000 9.000000 -6.000000
v -1.000000 9.000000 -5.000000
v -1.000000 9.000000 -4.000000
v -1.000000 9.000000 -3.000000
v -1.000000 9.000000 -2.000000
v -1.000000 9.000000 -1.000000
v -1.000000 9.000000 0.000000
v -1.000000 9.000000 1.000000
v -1.000000 9.000000 2.000000
v -1.000000 9.000000 3.000000
v -1.000000 9.000000 4.000000
v -1.000000 9.000000 5.000000
v -1.000000 9.000000 6.000000
v -1.000000 9.000000 7.000000
v -1.000000 9.000000 8.000000
v -1.000000 5.500000 9.000000
v -1.000000 5.500000 10.000000
v -1.000000 5.500000 11.000000
v -1.000000 5.500000 12.000000
v -1.000000 5.500000 13.000000
v -1.000000 2.500000 14.000000
v -1.000000 2.500000 15.000000
v -1.000000 2.500000 16.000000
v -1.000000 2.500000 17.000000
v -1.000000 0.659608 18.000000
v -1.000000 0.191317 19.000000
v -1.000000 -0.275991 20.000000
v -1.000000 -0.742437 21.000000
v -1.000000 -1.208124 22.000000
v -1.000000 -1.673140 23.000000
v -1.000000 -1.800000 24.000000
v -1.000000 -1.800000 25.000000
v -1.000000 -1.800000 26.000000
v -1.000000 -1.800000 27.000000
v -1.000000 -1.800000 28.000000
v -1.000000 -1.800000 29.000000
v -1.000000 -1.800000 30.000000
v -1.000000 -1.800000 31.000000
v -1.000000 -1.800000 32.000000
v -1.000000 -1.800000 33.000000
v -1.000000 -1.800000 34.000000
v -1.000000 -1.800000 35.000000
v -1.000000 -1.800000 36.000000
v -1.000000 -1.800000 37.000000
v -1.000000 -1.800000 38.000000
v -1.000000 -1.800000 39.000000
v -1.000000 -1.800000 40.000000
v 0.000000 -1.800000 -40.000000
v 0.000000 -1.800000 -39.000000
v 0.000000 -1.800000 -38.000000
v 0.000000 -1.800000 -37.000000
v 0.000000 -1.800000 -36.000000
v 0.000000 -1.800000 -35.000000
v 0.000000 -1.800000 -34.000000
v 0.000000 -1.800000 -33.000000
v 0.000000 -1.800000 -32.000000
v 0.000000 -1.800000 -31.000000
v 0.000000 -1.800000 -30.000000
v 0.000000 -1.800000 -29.000000
v 0.000000 -1.688613 -28.000000
v 0.000000 -1.314020 -27.000000
v 0.000000 -0.939427 -26.000000
v 0.000000 -0.564833 -25.000000
v 0.000000 0.078604 -24.000000
v 0.000000 0.129685 -23.000000
v 0.000000 0.180765 -22.000000
v 0.000000 0.231846 -21.000000
v 0.000000 0.282927 -20.000000
v 0.000000 0.334008 -19.000000
v 0.000000 0.385089 -18.000000
v 0.000000 0.436170 -17.000000
v 0.000000 0.487251 -16.000000
v 0.000000 0.538332 -15.000000
v 0.000000 0.589413 -14.000000
v 0.000000 0.640494 -13.000000
v 0.000000 5.500000 -12.000000
v 0.000000 5.500000 -11.000000
v 0.000000 9.000000 -10.000000
v 0.000000 9.000000 -9.000000
v 0.000000 9.000000 -8.000000
v 0.000000 9.000000 -7.000000
v 0.000000 9.000000 -6.000000
v 0.000000 9.000000 -5.000000
v 0.000000 9.000000 -4.000000
v 0.000000 9.000000 -3.000000
v 0.000000 9.000000 -2.000000
v 0.000000 9.000000 -1.000000
v 0.000000 9.000000 0.000000
v 0.000000 9.000000 1.000000
v 0.000000 9.000000 2.000000
v 0.000000 9.000000 3.000000
v 0.000000 9.000000 4.000000
v 0.000000 9.000000 5.000000
v 0.000000 9.000000 6.000000
v 0.000000 9.000000 7.000000
v 0.000000 9.000000 8.000000
v 0.000000 5.500000 9.000000
v 0.000000 5.500000 10.000000
v 0.000000 5.500000 11.000000
v 0.000000 5.500000 12.000000
v 0.000000 5.500000 13.000000
v 0.000000 2.500000 14.000000
v 0.000000 2.500000 15.000000
v 0.000000 2.500000 16.000000
v 0.000000 2.500000 17.000000
v 0.000000 0.567065 18.000000
v 0.000000 0.109679 19.000000
v 0.000000 -0.347706 20.000000
v 0.000000 -0.805091 21.000000
v 0.000000 -1.262476 22.000000
v 0.000000 -1.719862 23.000000
v 0.000000 -1.800000 24.000000
v 0.000000 -1.800000 25.000000
v 0.000000 -1.800000 26.000000
v 0.000000 -1.800000 27.000000
v 0.000000 -1.800000 28.000000
v 0.000000 -1.800000 29.000000
v 0.000000 -1.800000 30.000000
v 0.000000 -1.800000 31.000000
v 0.000000 -1.800000 32.000000
v 0.000000 -1.800000 33.000000
v 0.000000 -1.800000 34.000000
v 0.000000 -1.800000 35.000000
v 0.000000 -1.800000 36.000000
v 0.000000 -1.800000 37.000000
v 0.000000 -1.800000 38.000000
v 0.000000 -1.800000 39.000000
v 0.000000 -1.800000 40.000000
v 1.000000 -1.800000 -40.000000
v 1.000000 -1.800000 -39.000000
v 1.000000 -1.800000 -38.000000
v 1.000000 -1.800000 -37.000000
v 1.000000 -1.800000 -36.000000
v 1.000000 -1.800000 -35.000000
v 1.000000 -1.800000 -34.000000
v 1.000000 -1.800000 -33.000000
v 1.000000 -1.800000 -32.000000
v 1.000000 -1.800000 -31.000000
v 1.000000 -1.800000 -30.000000
v 1.000000 -1.800000 -29.000000
v 1.000000 -1.674062 -28.000000
v 1.000000 -1.301118 -27.000000
v 1.000000 -0.928297 -26.000000
v 1.000000 -0.555615 -25.000000
v 1.000000 0.079579 -24.000000
v 1.000000 0.130354 -23.000000
v 1.000000 0.181103 -22.000000
v 1.000000 0.231820 -21.000000
v 1.000000 0.282503 -20.000000
v 1.000000 0.333146 -19.000000
v 1.000000 0.383742 -18.000000
v 1.000000 0.434284 -17.000000
v 1.000000 0.484762 -16.000000
v 1.000000 0.535165 -15.000000
v 1.000000 0.585477 -14.000000
v 1.000000 0.635681 -13.000000
v 1.000000 5.500000 -12.000000
v 1.000000 5.500000 -11.000000
v 1.000000 5.500000 -10.000000
v 1.000000 9.000000 -9.000000
v 1.000000 9.000000 -8.000000
v 1.000000 9.000000 -7.000000
v 1.000000 9.000000 -6.000000
v 1.000000 9.000000 -5.000000
v 1.000000 9.000000 -4.000000
v 1.000000 9.000000 -3.000000
v 1.000000 9.000000 -2.000000
v 1.000000 9.000000 -1.000000
v 1.000000 9.000000 0.000000
v 1.000000 9.000000 1.000000
v 1.000000 9.000000 2.000000
v 1.000000 9.000000 3.000000
v 1.000000 9.000000 4.000000
v 1.000000 9.000000 5.000000
v 1.000000 9.000000 6.000000
v 1.000000 9.000000 7.000000
v 1.000000 9.000000 8.000000
v 1.000000 9.000000 9.000000
v 1.000000 5.500000 10.000000
v 1.000000 5.500000 11.000000
v 1.000000 5.500000 12.000000
v 1.000000 5.500000 13.000000
v 1.000000 2.500000 14.000000
v 1.000000 2.500000 15.000000
v 1.000000 2.500000 16.000000
v 1.000000 2.500000 17.000000
v 1.000000 2.500000 18.000000
v 1.000000 0.431316 19.000000
v 1.000000 -0.034612 20.000000
v 1.000000 -0.499858 21.000000
v 1.000000 -0.964496 22.000000
v 1.000000 -1.428589 23.000000
v 1.000000 -1.800000 24.000000
v 1.000000 -1.800000 25.000000
v 1.000000 -1.800000 26.000000
v 1.000000 -1.800000 27.000000
v 1.000000 -1.800000 28.000000
v 1.000000 -1.800000 29.000000
v 1.000000 -1.800000 30.000000
v 1.000000 -1.800000 31.000000
v 1.000000 -1.800000 32.000000
v 1.000000 -1.800000 33.000000
v 1.000000 -1.800000 34.000000
v 1.000000 -1.800000 35.000000
v 1.000000 -1.800000 36.000000
v 1.000000 -1.800000 37.000000
v 1.000000 -1.800000 38.000000
v 1.000000 -1.800000 39.000000
v 1.000000 -1.800000 40.000000
v 2.000000 -1.800000 -40.000000
v 2.000000 -1.800000 -39.000000
v 2.000000 -1.800000 -38.000000
v 2.000000 -1.800000 -37.000000
v 2.000000 -1.800000 -36.000000
v 2.000000 -1.800000 -35.000000
v 2.000000 -1.800000 -34.000000
v 2.000000 -1.800000 -33.000000
v 2.000000 -1.800000 -32.000000
v 2.000000 -1.800000 -31.000000
v 2.000000 -1.800000 -30.000000
v 2.000000 -1.800000 -29.000000
v 2.000000 -1.746334 -28.000000
v 2.000000 -1.377953 -27.000000
v 2.000000 -1.010010 -26.000000
v 2.000000 -0.642550 -25.000000
v 2.000000 0.066960 -24.000000
v 2.000000 0.116914 -23.000000
v 2.000000 0.166778 -22.000000
v 2.000000 0.216541 -21.000000
v 2.000000 0.266191 -20.000000
v 2.000000 0.315715 -19.000000
v 2.000000 0.365098 -18.000000
v 2.000000 0.414322 -17.000000
v 2.000000 0.463371 -16.000000
v 2.000000 0.512224 -15.000000
v 2.000000 0.560865 -14.000000
v 2.000000 0.609281 -13.000000
v 2.000000 5.500000 -12.000000
v 2.000000 5.500000 -11.000000
v 2.000000 5.500000 -10.000000
v 2.000000 9.000000 -9.000000
v 2.000000 9.000000 -8.000000
v 2.000000 9.000000 -7.000000
v 2.000000 9.000000 -6.000000
v 2.000000 9.000000 -5.000000
v 2.000000 9.000000 -4.000000
v 2.000000 9.000000 -3.000000
v 2.000000 9.000000 -2.000000
v 2.000000 9.000000 -1.000000
v 2.000000 9.000000 0.000000
v 2.000000 9.000000 1.000000
v 2.000000 9.000000 2.000000
v 2.000000 9.000000 3.000000
v 2.000000 9.000000 4.000000
v 2.000000 9.000000 5.000000
v 2.000000 9.000000 6.000000
v 2.000000 9.000000 7.000000
v 2.000000 9.000000 8.000000
v 2.000000 9.000000 9.000000
v 2.000000 9.000000 10.000000
v 2.000000 5.500000 11.000000
v 2.000000 5.500000 12.000000
v 2.000000 5.500000 13.000000
v 2.000000 5.500000 14.000000
v 2.000000 5.500000 15.000000
v 2.000000 2.500000 16.000000
v 2.000000 2.500000 17.000000
v 2.000000 2.500000 18.000000
v 2.000000 2.500000 19.000000
v 2.000000 0.544441 20.000000
v 2.000000 0.067330 21.000000
v 2.000000 -0.409033 22.000000
v 2.000000 -0.884616 23.000000
v 2.000000 -1.359411 24.000000
v 2.000000 -1.800000 25.000000
v 2.000000 -1.800000 26.000000
v 2.000000 -1.800000 27.000000
v 2.000000 -1.800000 28.000000
v 2.000000 -1.800000 29.000000
v 2.000000 -1.800000 30.000000
v 2.000000 -1.800000 31.000000
v 2.000000 -1.800000 32.000000
v 2.000000 -1.800000 33.000000
v 2.000000 -1.800000 34.000000
v 2.000000 -1.800000 35.000000
v 2.000000 -1.800000 36.000000
v 2.000000 -1.800000 37.000000
v 2.000000 -1.800000 38.000000
v 2.000000 -1.800000 39.000000
v 2.000000 -1.800000 40.000000
v 3.000000 -1.800000 -40.000000
v 3.000000 -1.800000 -39.000000
v 3.000000 -1.800000 -38.000000
v 3.000000 -1.800000 -37.000000
v 3.000000 -1.800000 -36.000000
v 3.000000 -1.800000 -35.000000
v 3.000000 -1.800000 -34.000000
v 3.000000 -1.800000 -33.000000
v 3.000000 -1.800000 -32.000000
v 3.000000 -1.800000 -31.000000
v 3.000000 -1.800000 -30.000000
v 3.000000 -1.800000 -29.000000
v 3.000000 -1.800000 -28.000000
v 3.000000 -1.533926 -27.000000
v 3.000000 -1.172741 -26.000000
v 3.000000 -0.812386 -25.000000
v 3.000000 -0.452924 -24.000000
v 3.000000 0.091671 -23.000000
v 3.000000 0.140420 -22.000000
v 3.000000 0.189025 -21.000000
v 3.000000 0.237479 -20.000000
v 3.000000 0.285782 -19.000000
v 3.000000 0.333939 -18.000000
v 3.000000 0.381966 -17.000000
v 3.000000 0.429896 -16.000000
v 3.000000 0.477791 -15.000000
v 3.000000 0.525757 -14.000000
v 3.000000 0.573975 -13.000000
v 3.000000 0.622736 -12.000000
v 3.000000 5.500000 -11.000000
v 3.000000 5.500000 -10.000000
v 3.000000 5.500000 -9.000000
v 3.000000 9.000000 -8.000000
v 3.000000 9.000000 -7.000000
v 3.000000 9.000000 -6.000000
v 3.000000 9.000000 -5.000000
v 3.000000 9.000000 -4.000000
v 3.000000 9.000000 -3.000000
v 3.000000 9.000000 -2.000000
v 3.000000 9.000000 -1.000000
v 3.000000 9.000000 0.000000
v 3.000000 9.000000 1.000000
v 3.000000 9.000000 2.000000
v 3.000000 9.000000 3.000000
v 3.000000 9.000000 4.000000
v 3.000000 9.000000 5.000000
v 3.000000 9.000000 6.000000
v 3.000000 9.000000 7.000000
v 3.000000 9.000000 8.000000
v 3.000000 9.000000 9.000000
v 3.000000 9.000000 10.000000
v 3.000000 9.000000 11.000000
v 3.000000 5.500000 12.000000
v 3.000000 5.500000 13.000000
v 3.000000 5.500000 14.000000
v 3.000000 5.500000 15.000000
v 3.000000 5.500000 16.000000
v 3.000000 2.500000 17.000000
v 3.000000 2.500000 18.000000
v 3.000000 2.500000 19.000000
v 3.000000 2.500000 20.000000
v 3.000000 0.720788 21.000000
v 3.000000 0.243652 22.000000
v 3.000000 -0.234354 23.000000
v 3.000000 -0.712878 24.000000
v 3.000000 -1.191648 25.000000
v 3.000000 -1.670453 26.000000
v 3.000000 -1.800000 27.000000
v 3.000000 -1.800000 28.000000
v 3.000000 -1.800000 29.000000
v 3.000000 -1.800000 30.000000
v 3.000000 -1.800000 31.000000
v 3.000000 -1.800000 32.000000
v 3.000000 -1.800000 33.000000
v 3.000000 -1.800000 34.000000
v 3.000000 -1.800000 35.000000
v 3.000000 -1.800000 36.000000
v 3.000000 -1.800000 37.000000
v 3.000000 -1.800000 38.000000
v 3.000000 -1.800000 39.000000
v 3.000000 -1.800000 40.000000
v 4.000000 -1.800000 -40.000000
v 4.000000 -1.800000 -39.000000
v 4.000000 -1.800000 -38.000000
v 4.000000 -1.800000 -37.000000
v 4.000000 -1.800000 -36.000000
v 4.000000 -1.800000 -35.000000
v 4.000000 -1.800000 -34.000000
v 4.000000 -1.800000 -33.000000
v 4.000000 -1.800000 -32.000000
v 4.000000 -1.800000 -31.000000
v 4.000000 -1.800000 -30.000000
v 4.000000 -1.800000 -29.000000
v 4.000000 -1.800000 -28.000000
v 4.000000 -1.751844 -27.000000
v 4.000000 -1.397206 -26.000000
v 4.000000 -1.043394 -25.000000
v 4.000000 -0.690372 -24.000000
v 4.000000 0.058445 -23.000000
v 4.000000 0.106405 -22.000000
v 4.000000 0.154311 -21.000000
v 4.000000 0.202206 -20.000000
v 4.000000 0.250152 -19.000000
v 4.000000 0.298244 -18.000000
v 4.000000 0.346618 -17.000000
v 4.000000 0.395466 -16.000000
v 4.000000 0.445059 -15.000000
v 4.000000 0.495767 -14.000000
v 4.000000 0.548071 -13.000000
v 4.000000 0.602552 -12.000000
v 4.000000 5.500000 -11.000000
v 4.000000 5.500000 -10.000000
v 4.000000 5.500000 -9.000000
v 4.000000 9.000000 -8.000000
v 4.000000 9.000000 -7.000000
v 4.000000 9.000000 -6.000000
v 4.000000 9.000000 -5.000000
v 4.000000 9.000000 -4.000000
v 4.000000 9.000000 -3.000000
v 4.000000 9.000000 -2.000000
v 4.000000 9.000000 -1.000000
v 4.000000 9.000000 0.000000
v 4.000000 9.000000 1.000000
v 4.000000 9.000000 2.000000
v 4.000000 9.000000 3.000000
v 4.000000 9.000000 4.000000
v 4.000000 9.000000 5.000000
v 4.000000 9.000000 6.000000
v 4.000000 9.000000 7.000000
v 4.000000 9.000000 8.000000
v 4.000000 9.000000 9.000000
v 4.000000 9.000000 10.000000
v 4.000000 9.000000 11.000000
v 4.000000 9.000000 12.000000
v 4.000000 5.500000 13.000000
v 4.000000 5.500000 14.000000
v 4.000000 5.500000 15.000000
v 4.000000 5.500000 16.000000
v 4.000000 5.500000 17.000000
v 4.000000 2.500000 18.000000
v 4.000000 2.500000 19.000000
v 4.000000 2.500000 20.000000
v 4.000000 2.500000 21.000000
v 4.000000 2.500000 22.000000
v 4.000000 0.390574 23.000000
v 4.000000 -0.077633 24.000000
v 4.000000 -0.548523 25.000000
v 4.000000 -1.021553 26.000000
v 4.000000 -1.496265 27.000000
v 4.000000 -1.800000 28.000000
v 4.000000 -1.800000 29.000000
v 4.000000 -1.800000 30.000000
v 4.000000 -1.800000 31.000000
v 4.000000 -1.800000 32.000000
v 4.000000 -1.800000 33.000000
v 4.000000 -1.800000 34.000000
v 4.000000 -1.800000 35.000000
v 4.000000 -1.800000 36.000000
v 4.000000 -1.800000 37.000000
v 4.000000 -1.800000 38.000000
v 4.000000 -1.800000 39.000000
v 4.000000 -1.800000 40.000000
v 5.000000 -1.800000 -40.000000
v 5.000000 -1.800000 -39.000000
v 5.000000 -1.800000 -38.000000
v 5.000000 -1.800000 -37.000000
v 5.000000 -1.800000 -36.000000
v 5.000000 -1.800000 -35.000000
v 5.000000 -1.800000 -34.000000
v 5.000000 -1.800000 -33.000000
v 5.000000 -1.800000 -32.000000
v 5.000000 -1.800000 -31.000000
v 5.000000 -1.800000 -30.000000
v 5.000000 -1.800000 -29.000000
v 5.000000 -1.800000 -28.000000
v 5.000000 -1.800000 -27.000000
v 5.000000 -1.656016 -26.000000
v 5.000000 -1.304782 -25.000000
v 5.000000 -0.953248 -24.000000
v 5.000000 -0.600993 -23.000000
v 5.000000 0.070802 -22.000000
v 5.000000 0.119291 -21.000000
v 5.000000 0.168196 -20.000000
v 5.000000 0.217694 -19.000000
v 5.000000 0.268016 -18.000000
v 5.000000 0.319447 -17.000000
v 5.000000 0.372331 -16.000000
v 5.000000 0.427053 -15.000000
v 5.000000 0.483997 -14.000000
v 5.000000 0.543438 -13.000000
v 5.000000 0.605372 -12.000000
v 5.000000 5.500000 -11.000000
v 5.000000 5.500000 -10.000000
v 5.000000 9.000000 -9.000000
v 5.000000 9.000000 -8.000000
v 5.000000 9.000000 -7.000000
v 5.000000 9.000000 -6.000000
v 5.000000 9.000000 -5.000000
v 5.000000 9.000000 -4.000000
v 5.000000 9.000000 -3.000000
v 5.000000 9.000000 -2.000000
v 5.000000 9.000000 -1.000000
v 5.000000 9.000000 0.000000
v 5.000000 9.000000 1.000000
v 5.000000 9.000000 2.000000
v 5.000000 9.000000 3.000000
v 5.000000 9.000000 4.000000
v 5.000000 9.000000 5.000000
v 5.000000 9.000000 6.000000
v 5.000000 9.000000 7.000000
v 5.000000 9.000000 8.000000
v 5.000000 9.000000 9.000000
v 5.000000 9.000000 10.000000
v 5.000000 9.000000 11.000000
v 5.000000 9.000000 12.000000
v 5.000000 5.500000 13.000000
v 5.000000 5.500000 14.000000
v 5.000000 5.500000 15.000000
v 5.000000 5.500000 16.000000
v 5.000000 5.500000 17.000000
v 5.000000 5.500000 18.000000
v 5.000000 2.500000 19.000000
v 5.000000 2.500000 20.000000
v 5.000000 2.500000 21.000000
v 5.000000 2.500000 22.000000
v 5.000000 2.500000 23.000000
v 5.000000 0.465086 24.000000
v 5.000000 0.014860 25.000000
v 5.000000 -0.440291 26.000000
v 5.000000 -0.899645 27.000000
v 5.000000 -1.362573 28.000000
v 5.000000 -1.800000 29.000000
v 5.000000 -1.800000 30.000000
v 5.000000 -1.800000 31.000000
v 5.000000 -1.800000 32.000000
v 5.000000 -1.800000 33.000000
v 5.000000 -1.800000 34.000000
v 5.000000 -1.800000 35.000000
v 5.000000 -1.800000 36.000000
v 5.000000 -1.800000 37.000000
v 5.000000 -1.800000 38.000000
v 5.000000 -1.800000 39.000000
v 5.000000 -1.800000 40.000000
v 6.000000 -1.800000 -40.000000
v 6.000000 -1.800000 -39.000000
v 6.000000 -1.800000 -38.000000
v 6.000000 -1.800000 -37.000000
v 6.000000 -1.800000 -36.000000
v 6.000000 -1.800000 -35.000000
v 6.000000 -1.800000 -34.000000
v 6.000000 -1.800000 -33.000000
v 6.000000 -1.800000 -32.000000
v 6.000000 -1.800000 -31.000000
v 6.000000 -1.800000 -30.000000
v 6.000000 -1.800000 -29.000000
v 6.000000 -1.800000 -28.000000
v 6.000000 -1.800000 -27.000000
v 6.000000 -1.800000 -26.000000
v 6.000000 -1.558803 -25.000000
v 6.000000 -1.199878 -24.000000
v 6.000000 -0.837330 -23.000000
v 6.000000 -0.470020 -22.000000
v 6.000000 0.091378 -21.000000
v 6.000000 0.143365 -20.000000
v 6.000000 0.196666 -19.000000
v 6.000000 0.251555 -18.000000
v 6.000000 0.308296 -17.000000
v 6.000000 0.367098 -16.000000
v 6.000000 0.428025 -15.000000
v 6.000000 0.490886 -14.000000
v 6.000000 5.500000 -13.000000
v 6.000000 5.500000 -12.000000
v 6.000000 5.500000 -11.000000
v 6.000000 5.500000 -10.000000
v 6.000000 9.000000 -9.000000
v 6.000000 9.000000 -8.000000
v 6.000000 9.000000 -7.000000
v 6.000000 9.000000 -6.000000
v 6.000000 9.000000 -5.000000
v 6.000000 9.000000 -4.000000
v 6.000000 9.000000 -3.000000
v 6.000000 9.000000 -2.000000
v 6.000000 9.000000 -1.000000
v 6.000000 9.000000 0.000000
v 6.000000 9.000000 1.000000
v 6.000000 9.000000 2.000000
v 6.000000 9.000000 3.000000
v 6.000000 9.000000 4.000000
v 6.000000 9.000000 5.000000
v 6.000000 9.000000 6.000000
v 6.000000 9.000000 7.000000
v 6.000000 9.000000 8.000000
v 6.000000 9.000000 9.000000
v 6.000000 9.000000 10.000000
v 6.000000 9.000000 11.000000
v 6.000000 5.500000 12.000000
v 6.000000 5.500000 13.000000
v 6.000000 5.500000 14.000000
v 6.000000 5.500000 15.000000
v 6.000000 5.500000 16.000000
v 6.000000 5.500000 17.000000
v 6.000000 5.500000 18.000000
v 6.000000 5.500000 19.000000
v 6.000000 2.500000 20.000000
v 6.000000 2.500000 21.000000
v 6.000000 2.500000 22.000000
v 6.000000 2.500000 23.000000
v 6.000000 2.500000 24.000000
v 6.000000 0.457726 25.000000
v 6.000000 0.029879 26.000000
v 6.000000 -0.404791 27.000000
v 6.000000 -0.845486 28.000000
v 6.000000 -1.291491 29.000000
v 6.000000 -1.742168 30.000000
v 6.000000 -1.800000 31.000000
v 6.000000 -1.800000 32.000000
v 6.000000 -1.800000 33.000000
v 6.000000 -1.800000 34.000000
v 6.000000 -1.800000 35.000000
v 6.000000 -1.800000 36.000000
v 6.000000 -1.800000 37.000000
v 6.000000 -1.800000 38.000000
v 6.000000 -1.800000 39.000000
v 6.000000 -1.800000 40.000000
v 7.000000 -1.800000 -40.000000
v 7.000000 -1.800000 -39.000000
v 7.000000 -1.800000 -38.000000
v 7.000000 -1.800000 -37.000000
v 7.000000 -1.800000 -36.000000
v 7.000000 -1.800000 -35.000000
v 7.000000 -1.800000 -34.000000
v 7.000000 -1.800000 -33.000000
v 7.000000 -1.800000 -32.000000
v 7.000000 -1.800000 -31.000000
v 7.000000 -1.800000 -30.000000
v 7.000000 -1.800000 -29.000000
v 7.000000 -1.800000 -28.000000
v 7.000000 -1.800000 -27.000000
v 7.000000 -1.800000 -26.000000
v 7.000000 -1.767045 -25.000000
v 7.000000 -1.389937 -24.000000
v 7.000000 -1.005503 -23.000000
v 7.000000 -0.612324 -22.000000
v 7.000000 0.076057 -21.000000
v 7.000000 0.132655 -20.000000
v 7.000000 0.191002 -19.000000
v 7.000000 0.251177 -18.000000
v 7.000000 0.313121 -17.000000
v 7.000000 0.376560 -16.000000
v 7.000000 2.500000 -15.000000
v 7.000000 5.500000 -14.000000
v 7.000000 5.500000 -13.000000
v 7.000000 5.500000 -12.000000
v 7.000000 5.500000 -11.000000
v 7.000000 5.500000 -10.000000
v 7.000000 5.500000 -9.000000
v 7.000000 9.000000 -8.000000
v 7.000000 9.000000 -7.000000
v 7.000000 9.000000 -6.000000
v 7.000000 9.000000 -5.000000
v 7.000000 9.000000 -4.000000
v 7.000000 9.000000 -3.000000
v 7.000000 9.000000 -2.000000
v 7.000000 9.000000 -1.000000
v 7.000000 9.000000 0.000000
v 7.000000 9.000000 1.000000
v 7.000000 9.000000 2.000000
v 7.000000 9.000000 3.000000
v 7.000000 9.000000 4.000000
v 7.000000 9.000000 5.000000
v 7.000000 9.000000 6.000000
v 7.000000 9.000000 7.000000
v 7.000000 9.000000 8.000000
v 7.000000 9.000000 9.000000
v 7.000000 5.500000 10.000000
v 7.000000 5.500000 11.000000
v 7.000000 5.500000 12.000000
v 7.000000 5.500000 13.000000
v 7.000000 5.500000 14.000000
v 7.000000 5.500000 15.000000
v 7.000000 5.500000 16.000000
v 7.000000 5.500000 17.000000
v 7.000000 5.500000 18.000000
v 7.000000 5.500000 19.000000
v 7.000000 2.500000 20.000000
v 7.000000 2.500000 21.000000
v 7.000000 2.500000 22.000000
v 7.000000 2.500000 23.000000
v 7.000000 2.500000 24.000000
v 7.000000 0.768095 25.000000
v 7.000000 0.373416 26.000000
v 7.000000 -0.030408 27.000000
v 7.000000 -0.442500 28.000000
v 7.000000 -0.862054 29.000000
v 7.000000 -1.288336 30.000000
v 7.000000 -1.720675 31.000000
v 7.000000 -1.800000 32.000000
v 7.000000 -1.800000 33.000000
v 7.000000 -1.800000 34.000000
v 7.000000 -1.800000 35.000000
v 7.000000 -1.800000 36.000000
v 7.000000 -1.800000 37.000000
v 7.000000 -1.800000 38.000000
v 7.000000 -1.800000 39.000000
v 7.000000 -1.800000 40.000000
v 8.000000 -1.800000 -40.000000
v 8.000000 -1.800000 -39.000000
v 8.000000 -1.800000 -38.000000
v 8.000000 -1.800000 -37.000000
v 8.000000 -1.800000 -36.000000
v 8.000000 -1.800000 -35.000000
v 8.000000 -1.800000 -34.000000
v 8.000000 -1.800000 -33.000000
v 8.000000 -1.800000 -32.000000
v 8.000000 -1.800000 -31.000000
v 8.000000 -1.800000 -30.000000
v 8.000000 -1.800000 -29.000000
v 8.000000 -1.800000 -28.000000
v 8.000000 -1.800000 -27.000000
v 8.000000 -1.800000 -26.000000
v 8.000000 -1.800000 -25.000000
v 8.000000 -1.495907 -24.000000
v 8.000000 -1.081628 -23.000000
v 8.000000 -0.656232 -22.000000
v 8.000000 0.074661 -21.000000
v 8.000000 0.135852 -20.000000
v 8.000000 0.198504 -19.000000
v 8.000000 0.262313 -18.000000
v 8.000000 2.500000 -17.000000
v 8.000000 2.500000 -16.000000
v 8.000000 2.500000 -15.000000
v 8.000000 5.500000 -14.000000
v 8.000000 5.500000 -13.000000
v 8.000000 5.500000 -12.000000
v 8.000000 5.500000 -11.000000
v 8.000000 5.500000 -10.000000
v 8.000000 5.500000 -9.000000
v 8.000000 5.500000 -8.000000
v 8.000000 5.500000 -7.000000
v 8.000000 9.000000 -6.000000
v 8.000000 9.000000 -5.000000
v 8.000000 9.000000 -4.000000
v 8.000000 9.000000 -3.000000
v 8.000000 9.000000 -2.000000
v 8.000000 9.000000 -1.000000
v 8.000000 9.000000 0.000000
v 8.000000 9.000000 1.000000
v 8.000000 9.000000 2.000000
v 8.000000 9.000000 3.000000
v 8.000000 9.000000 4.000000
v 8.000000 9.000000 5.000000
v 8.000000 9.000000 6.000000
v 8.000000 9.000000 7.000000
v 8.000000 9.000000 8.000000
v 8.000000 9.000000 9.000000
v 8.000000 5.500000 10.000000
v 8.000000 5.500000 11.000000
v 8.000000 5.500000 12.000000
v 8.000000 5.500000 13.000000
v 8.000000 5.500000 14.000000
v 8.000000 5.500000 15.000000
v 8.000000 5.500000 16.000000
v 8.000000 5.500000 17.000000
v 8.000000 5.500000 18.000000
v 8.000000 5.500000 19.000000
v 8.000000 2.500000 20.000000
v 8.000000 2.500000 21.000000
v 8.000000 2.500000 22.000000
v 8.000000 2.500000 23.000000
v 8.000000 2.500000 24.000000
v 8.000000 2.500000 25.000000
v 8.000000 0.591548 26.000000
v 8.000000 0.221801 27.000000
v 8.000000 -0.158047 28.000000
v 8.000000 -0.547176 29.000000
v 8.000000 -0.944821 30.000000
v 8.000000 -1.350269 31.000000
v 8.000000 -1.762857 32.000000
v 8.000000 -1.800000 33.000000
v 8.000000 -1.800000 34.000000
v 8.000000 -1.800000 35.000000
v 8.000000 -1.800000 36.000000
v 8.000000 -1.800000 37.000000
v 8.000000 -1.800000 38.000000
v 8.000000 -1.800000 39.000000
v 8.000000 -1.800000 40.000000
v 9.000000 -1.800000 -40.000000
v 9.000000 -1.800000 -39.000000
v 9.000000 -1.800000 -38.000000
v 9.000000 -1.800000 -37.000000
v 9.000000 -1.800000 -36.000000
v 9.000000 -1.800000 -35.000000
v 9.000000 -1.800000 -34.000000
v 9.000000 -1.800000 -33.000000
v 9.000000 -1.800000 -32.000000
v 9.000000 -1.800000 -31.000000
v 9.000000 -1.800000 -30.000000
v 9.000000 -1.800000 -29.000000
v 9.000000 -1.800000 -28.000000
v 9.000000 -1.800000 -27.000000
v 9.000000 -1.800000 -26.000000
v 9.000000 -1.800000 -25.000000
v 9.000000 -1.511926 -24.000000
v 9.000000 -1.067666 -23.000000
v 9.000000 -0.613375 -22.000000
v 9.000000 0.084056 -21.000000
v 9.000000 0.148109 -20.000000
v 9.000000 0.792311 -19.000000
v 9.000000 2.500000 -18.000000
v 9.000000 2.500000 -17.000000
v 9.000000 2.500000 -16.000000
v 9.000000 2.500000 -15.000000
v 9.000000 5.500000 -14.000000
v 9.000000 5.500000 -13.000000
v 9.000000 5.500000 -12.000000
v 9.000000 5.500000 -11.000000
v 9.000000 5.500000 -10.000000
v 9.000000 5.500000 -9.000000
v 9.000000 5.500000 -8.000000
v 9.000000 5.500000 -7.000000
v 9.000000 9.000000 -6.000000
v 9.000000 9.000000 -5.000000
v 9.000000 9.000000 -4.000000
v 9.000000 9.000000 -3.000000
v 9.000000 9.000000 -2.000000
v 9.000000 9.000000 -1.000000
v 9.000000 9.000000 0.000000
v 9.000000 9.000000 1.000000
v 9.000000 9.000000 2.000000
v 9.000000 9.000000 3.000000
v 9.000000 9.000000 4.000000
v 9.000000 9.000000 5.000000
v 9.000000 9.000000 6.000000
v 9.000000 9.000000 7.000000
v 9.000000 9.000000 8.000000
v 9.000000 5.500000 9.000000
v 9.000000 5.500000 10.000000
v 9.000000 5.500000 11.000000
v 9.000000 5.500000 12.000000
v 9.000000 5.500000 13.000000
v 9.000000 5.500000 14.000000
v 9.000000 5.500000 15.000000
v 9.000000 5.500000 16.000000
v 9.000000 5.500000 17.000000
v 9.000000 5.500000 18.000000
v 9.000000 2.500000 19.000000
v 9.000000 2.500000 20.000000
v 9.000000 2.500000 21.000000
v 9.000000 2.500000 22.000000
v 9.000000 2.500000 23.000000
v 9.000000 2.500000 24.000000
v 9.000000 2.500000 25.000000
v 9.000000 0.694105 26.000000
v 9.000000 0.359343 27.000000
v 9.000000 0.013149 28.000000
v 9.000000 -0.343713 29.000000
v 9.000000 -0.710509 30.000000
v 9.000000 -1.086536 31.000000
v 9.000000 -1.471131 32.000000
v 9.000000 -1.800000 33.000000
v 9.000000 -1.800000 34.000000
v 9.000000 -1.800000 35.000000
v 9.000000 -1.800000 36.000000
v 9.000000 -1.800000 37.000000
v 9.000000 -1.800000 38.000000
v 9.000000 -1.800000 39.000000
v 9.000000 -1.800000 40.000000
v 10.000000 -1.800000 -40.000000
v 10.000000 -1.800000 -39.000000
v 10.000000 -1.800000 -38.000000
v 10.000000 -1.800000 -37.000000
v 10.000000 -1.800000 -36.000000
v 10.000000 -1.800000 -35.000000
v 10.000000 -1.800000 -34.000000
v 10.000000 -1.800000 -33.000000
v 10.000000 -1.800000 -32.000000
v 10.000000 -1.800000 -31.000000
v 10.000000 -1.800000 -30.000000
v 10.000000 -1.800000 -29.000000
v 10.000000 -1.800000 -28.000000
v 10.000000 -1.800000 -27.000000
v 10.000000 -1.800000 -26.000000
v 10.000000 -1.800000 -25.000000
v 10.000000 -1.454541 -24.000000
v 10.000000 -0.988776 -23.000000
v 10.000000 -0.517863 -22.000000
v 10.000000 -0.044901 -21.000000
v 10.000000 0.425926 -20.000000
v 10.000000 2.500000 -19.000000
v 10.000000 2.500000 -18.000000
v 10.000000 2.500000 -17.000000
v 10.000000 2.500000 -16.000000
v 10.000000 2.500000 -15.000000
v 10.000000 5.500000 -14.000000
v 10.000000 5.500000 -13.000000
v 10.000000 5.500000 -12.000000
v 10.000000 5.500000 -11.000000
v 10.000000 5.500000 -10.000000
v 10.000000 5.500000 -9.000000
v 10.000000 5.500000 -8.000000
v 10.000000 5.500000 -7.000000
v 10.000000 9.000000 -6.000000
v 10.000000 9.000000 -5.000000
v 10.000000 9.000000 -4.000000
v 10.000000 9.000000 -3.000000
v 10.000000 9.000000 -2.000000
v 10.000000 9.000000 -1.000000
v 10.000000 9.000000 0.000000
v 10.000000 9.000000 1.000000
v 10.000000 9.000000 2.000000
v 10.000000 9.000000 3.000000
v 10.000000 9.000000 4.000000
v 10.000000 9.000000 5.000000
v 10.000000 9.000000 6.000000
v 10.000000 5.500000 7.000000
v 10.000000 5.500000 8.000000
v 10.000000 5.500000 9.000000
v 10.000000 5.500000 10.000000
v 10.000000 5.500000 11.000000
v 10.000000 5.500000 12.000000
v 10.000000 5.500000 13.000000
v 10.000000 5.500000 14.000000
v 10.000000 5.500000 15.000000
v 10.000000 5.500000 16.000000
v 10.000000 5.500000 17.000000
v 10.000000 2.500000 18.000000
v 10.000000 2.500000 19.000000
v 10.000000 2.500000 20.000000
v 10.000000 2.500000 21.000000
v 10.000000 2.500000 22.000000
v 10.000000 2.500000 23.000000
v 10.000000 2.500000 24.000000
v 10.000000 2.500000 25.000000
v 10.000000 0.694880 26.000000
v 10.000000 0.394173 27.000000
v 10.000000 0.081289 28.000000
v 10.000000 -0.243149 29.000000
v 10.000000 -0.578508 30.000000
v 10.000000 -0.924155 31.000000
v 10.000000 -1.279470 32.000000
v 10.000000 -1.643855 33.000000
v 10.000000 -1.800000 34.000000
v 10.000000 -1.800000 35.000000
v 10.000000 -1.800000 36.000000
v 10.000000 -1.800000 37.000000
v 10.000000 -1.800000 38.000000
v 10.000000 -1.800000 39.000000
v 10.000000 -1.800000 40.000000
v 11.000000 -1.800000 -40.000000
v 11.000000 -1.800000 -39.000000
v 11.000000 -1.800000 -38.000000
v 11.000000 -1.800000 -37.000000
v 11.000000 -1.800000 -36.000000
v 11.000000 -1.800000 -35.000000
v 11.000000 -1.800000 -34.000000
v 11.000000 -1.800000 -33.000000
v 11.000000 -1.800000 -32.000000
v 11.000000 -1.800000 -31.000000
v 11.000000 -1.800000 -30.000000
v 11.000000 -1.800000 -29.000000
v 11.000000 -1.800000 -28.000000
v 11.000000 -1.800000 -27.000000
v 11.000000 -1.800000 -26.000000
v 11.000000 -1.800000 -25.000000
v 11.000000 -1.355106 -24.000000
v 11.000000 -0.882132 -23.000000
v 11.000000 -0.411481 -22.000000
v 11.000000 0.052412 -21.000000
v 11.000000 0.504299 -20.000000
v 11.000000 2.500000 -19.000000
v 11.000000 2.500000 -18.000000
v 11.000000 2.500000 -17.000000
v 11.000000 2.500000 -16.000000
v 11.000000 2.500000 -15.000000
v 11.000000 2.500000 -14.000000
v 11.000000 5.500000 -13.000000
v 11.000000 5.500000 -12.000000
v 11.000000 5.500000 -11.000000
v 11.000000 5.500000 -10.000000
v 11.000000 5.500000 -9.000000
v 11.000000 5.500000 -8.000000
v 11.000000 5.500000 -7.000000
v 11.000000 5.500000 -6.000000
v 11.000000 9.000000 -5.000000
v 11.000000 9.000000 -4.000000
v 11.000000 9.000000 -3.000000
v 11.000000 9.000000 -2.000000
v 11.000000 9.000000 -1.000000
v 11.000000 9.000000 0.000000
v 11.000000 9.000000 1.000000
v 11.000000 9.000000 2.000000
v 11.000000 9.000000 3.000000
v 11.000000 9.000000 4.000000
v 11.000000 9.000000 5.000000
v 11.000000 9.000000 6.000000
v 11.000000 5.500000 7.000000
v 11.000000 5.500000 8.000000
v 11.000000 5.500000 9.000000
v 11.000000 5.500000 10.000000
v 11.000000 5.500000 11.000000
v 11.000000 5.500000 12.000000
v 11.000000 5.500000 13.000000
v 11.000000 5.500000 14.000000
v 11.000000 5.500000 15.000000
v 11.000000 2.500000 16.000000
v 11.000000 2.500000 17.000000
v 11.000000 2.500000 18.000000
v 11.000000 2.500000 19.000000
v 11.000000 2.500000 20.000000
v 11.000000 2.500000 21.000000
v 11.000000 2.500000 22.000000
v 11.000000 2.500000 23.000000
v 11.000000 2.500000 24.000000
v 11.000000 2.500000 25.000000
v 11.000000 0.609448 26.000000
v 11.000000 0.340296 27.000000
v 11.000000 0.058916 28.000000
v 11.000000 -0.234324 29.000000
v 11.000000 -0.538975 30.000000
v 11.000000 -0.854544 31.000000
v 11.000000 -1.180514 32.000000
v 11.000000 -1.516359 33.000000
v 11.000000 -1.800000 34.000000
v 11.000000 -1.800000 35.000000
v 11.000000 -1.800000 36.000000
v 11.000000 -1.800000 37.000000
v 11.000000 -1.800000 38.000000
v 11.000000 -1.800000 39.000000
v 11.000000 -1.800000 40.000000
v 12.000000 -1.800000 -40.000000
v 12.000000 -1.800000 -39.000000
v 12.000000 -1.800000 -38.000000
v 12.000000 -1.800000 -37.000000
v 12.000000 -1.800000 -36.000000
v 12.000000 -1.800000 -35.000000
v 12.000000 -1.800000 -34.000000
v 12.000000 -1.800000 -33.000000
v 12.000000 -1.800000 -32.000000
v 12.000000 -1.800000 -31.000000
v 12.000000 -1.800000 -30.000000
v 12.000000 -1.800000 -29.000000
v 12.000000 -1.800000 -28.000000
v 12.000000 -1.800000 -27.000000
v 12.000000 -1.800000 -26.000000
v 12.000000 -1.719382 -25.000000
v 12.000000 -1.248888 -24.000000
v 12.000000 -0.784579 -23.000000
v 12.000000 -0.330840 -22.000000
v 12.000000 0.107399 -21.000000
v 12.000000 0.524817 -20.000000
v 12.000000 2.500000 -19.000000
v 12.000000 2.500000 -18.000000
v 12.000000 2.500000 -17.000000
v 12.000000 2.500000 -16.000000
v 12.000000 2.500000 -15.000000
v 12.000000 2.500000 -14.000000
v 12.000000 2.500000 -13.000000
v 12.000000 2.500000 -12.000000
v 12.000000 5.500000 -11.000000
v 12.000000 5.500000 -10.000000
v 12.000000 5.500000 -9.000000
v 12.000000 5.500000 -8.000000
v 12.000000 5.500000 -7.000000
v 12.000000 5.500000 -6.000000
v 12.000000 9.000000 -5.000000
v 12.000000 9.000000 -4.000000
v 12.000000 9.000000 -3.000000
v 12.000000 9.000000 -2.000000
v 12.000000 9.000000 -1.000000
v 12.000000 9.000000 0.000000
v 12.000000 9.000000 1.000000
v 12.000000 9.000000 2.000000
v 12.000000 9.000000 3.000000
v 12.000000 9.000000 4.000000
v 12.000000 9.000000 5.000000
v 12.000000 5.500000 6.000000
v 12.000000 5.500000 7.000000
v 12.000000 5.500000 8.000000
v 12.000000 5.500000 9.000000
v 12.000000 5.500000 10.000000
v 12.000000 5.500000 11.000000
v 12.000000 5.500000 12.000000
v 12.000000 5.500000 13.000000
v 12.000000 5.500000 14.000000
v 12.000000 2.500000 15.000000
v 12.000000 2.500000 16.000000
v 12.000000 2.500000 17.000000
v 12.000000 2.500000 18.000000
v 12.000000 2.500000 19.000000
v 12.000000 2.500000 20.000000
v 12.000000 2.500000 21.000000
v 12.000000 2.500000 22.000000
v 12.000000 2.500000 23.000000
v 12.000000 2.500000 24.000000
v 12.000000 0.684634 25.000000
v 12.000000 0.454292 26.000000
v 12.000000 0.212732 27.000000
v 12.000000 -0.040290 28.000000
v 12.000000 -0.304786 29.000000
v 12.000000 -0.580603 30.000000
v 12.000000 -0.867473 31.000000
v 12.000000 -1.165051 32.000000
v 12.000000 -1.472942 33.000000
v 12.000000 -1.790725 34.000000
v 12.000000 -1.800000 35.000000
v 12.000000 -1.800000 36.000000
v 12.000000 -1.800000 37.000000
v 12.000000 -1.800000 38.000000
v 12.000000 -1.800000 39.000000
v 12.000000 -1.800000 40.000000
v 13.000000 -1.800000 -40.000000
v 13.000000 -1.800000 -39.000000
v 13.000000 -1.800000 -38.000000
v 13.000000 -1.800000 -37.000000
v 13.000000 -1.800000 -36.000000
v 13.000000 -1.800000 -35.000000
v 13.000000 -1.800000 -34.000000
v 13.000000 -1.800000 -33.000000
v 13.000000 -1.800000 -32.000000
v 13.000000 -1.800000 -31.000000
v 13.000000 -1.800000 -30.000000
v 13.000000 -1.800000 -29.000000
v 13.000000 -1.800000 -28.000000
v 13.000000 -1.800000 -27.000000
v 13.000000 -1.800000 -26.000000
v 13.000000 -1.621644 -25.000000
v 13.000000 -1.166413 -24.000000
v 13.000000 -0.724757 -23.000000
v 13.000000 -0.301162 -22.000000
v 13.000000 0.099716 -21.000000
v 13.000000 0.473296 -20.000000
v 13.000000 2.500000 -19.000000
v 13.000000 2.500000 -18.000000
v 13.000000 2.500000 -17.000000
v 13.000000 2.500000 -16.000000
v 13.000000 2.500000 -15.000000
v 13.000000 2.500000 -14.000000
v 13.000000 2.500000 -13.000000
v 13.000000 2.500000 -12.000000
v 13.000000 2.500000 -11.000000
v 13.000000 5.500000 -10.000000
v 13.000000 5.500000 -9.000000
v 13.000000 5.500000 -8.000000
v 13.000000 5.500000 -7.000000
v 13.000000 5.500000 -6.000000
v 13.000000 5.500000 -5.000000
v 13.000000 5.500000 -4.000000
v 13.000000 9.000000 -3.000000
v 13.000000 9.000000 -2.000000
v 13.000000 9.000000 -1.000000
v 13.000000 9.000000 0.000000
v 13.000000 9.000000 1.000000
v 13.000000 9.000000 2.000000
v 13.000000 9.000000 3.000000
v 13.000000 9.000000 4.000000
v 13.000000 9.000000 5.000000
v 13.000000 5.500000 6.000000
v 13.000000 5.500000 7.000000
v 13.000000 5.500000 8.000000
v 13.000000 5.500000 9.000000
v 13.000000 5.500000 10.000000
v 13.000000 5.500000 11.000000
v 13.000000 5.500000 12.000000
v 13.000000 5.500000 13.000000
v 13.000000 5.500000 14.000000
v 13.000000 2.500000 15.000000
v 13.000000 2.500000 16.000000
v 13.000000 2.500000 17.000000
v 13.000000 2.500000 18.000000
v 13.000000 2.500000 19.000000
v 13.000000 2.500000 20.000000
v 13.000000 2.500000 21.000000
v 13.000000 2.500000 22.000000
v 13.000000 2.500000 23.000000
v 13.000000 0.659413 24.000000
v 13.000000 0.456707 25.000000
v 13.000000 0.246349 26.000000
v 13.000000 0.027060 27.000000
v 13.000000 -0.202013 28.000000
v 13.000000 -0.441387 29.000000
v 13.000000 -0.691313 30.000000
v 13.000000 -0.951848 31.000000
v 13.000000 -1.222904 32.000000
v 13.000000 -1.504288 33.000000
v 13.000000 -1.795736 34.000000
v 13.000000 -1.800000 35.000000
v 13.000000 -1.800000 36.000000
v 13.000000 -1.800000 37.000000
v 13.000000 -1.800000 38.000000
v 13.000000 -1.800000 39.000000
v 13.000000 -1.800000 40.000000
v 14.000000 -1.800000 -40.000000
v 14.000000 -1.800000 -39.000000
v 14.000000 -1.800000 -38.000000
v 14.000000 -1.800000 -37.000000
v 14.000000 -1.800000 -36.000000
v 14.000000 -1.800000 -35.000000
v 14.000000 -1.800000 -34.000000
v 14.000000 -1.800000 -33.000000
v 14.000000 -1.800000 -32.000000
v 14.000000 -1.800000 -31.000000
v 14.000000 -1.800000 -30.000000
v 14.000000 -1.800000 -29.000000
v 14.000000 -1.800000 -28.000000
v 14.000000 -1.800000 -27.000000
v 14.000000 -1.800000 -26.000000
v 14.000000 -1.557883 -25.000000
v 14.000000 -1.129313 -24.000000
v 14.000000 -0.720597 -23.000000
v 14.000000 -0.335738 -22.000000
v 14.000000 0.021482 -21.000000
v 14.000000 0.347836 -20.000000
v 14.000000 0.641130 -19.000000
v 14.000000 2.500000 -18.000000
v 14.000000 2.500000 -17.000000
v 14.000000 2.500000 -16.000000
v 14.000000 2.500000 -15.000000
v 14.000000 2.500000 -14.000000
v 14.000000 2.500000 -13.000000
v 14.000000 2.500000 -12.000000
v 14.000000 2.500000 -11.000000
v 14.000000 5.500000 -10.000000
v 14.000000 5.500000 -9.000000
v 14.000000 5.500000 -8.000000
v 14.000000 5.500000 -7.000000
v 14.000000 5.500000 -6.000000
v 14.000000 5.500000 -5.000000
v 14.000000 5.500000 -4.000000
v 14.000000 5.500000 -3.000000
v 14.000000 9.000000 -2.000000
v 14.000000 9.000000 -1.000000
v 14.000000 9.000000 0.000000
v 14.000000 9.000000 1.000000
v 14.000000 9.000000 2.000000
v 14.000000 9.000000 3.000000
v 14.000000 9.000000 4.000000
v 14.000000 9.000000 5.000000
v 14.000000 5.500000 6.000000
v 14.000000 5.500000 7.000000
v 14.000000 5.500000 8.000000
v 14.000000 5.500000 9.000000
v 14.000000 5.500000 10.000000
v 14.000000 5.500000 11.000000
v 14.000000 5.500000 12.000000
v 14.000000 5.500000 13.000000
v 14.000000 2.500000 14.000000
v 14.000000 2.500000 15.000000
v 14.000000 2.500000 16.000000
v 14.000000 2.500000 17.000000
v 14.000000 2.500000 18.000000
v 14.000000 2.500000 19.000000
v 14.000000 2.500000 20.000000
v 14.000000 2.500000 21.000000
v 14.000000 0.780882 22.000000
v 14.000000 0.586759 23.000000
v 14.000000 0.394145 24.000000
v 14.000000 0.200189 25.000000
v 14.000000 0.002467 26.000000
v 14.000000 -0.200974 27.000000
v 14.000000 -0.411624 28.000000
v 14.000000 -0.630572 29.000000
v 14.000000 -0.858564 30.000000
v 14.000000 -1.096071 31.000000
v 14.000000 -1.343347 32.000000
v 14.000000 -1.600476 33.000000
v 14.000000 -1.800000 34.000000
v 14.000000 -1.800000 35.000000
v 14.000000 -1.800000 36.000000
v 14.000000 -1.800000 37.000000
v 14.000000 -1.800000 38.000000
v 14.000000 -1.800000 39.000000
v 14.000000 -1.800000 40.000000
v 15.000000 -1.800000 -40.000000
v 15.000000 -1.800000 -39.000000
v 15.000000 -1.800000 -38.000000
v 15.000000 -1.800000 -37.000000
v 15.000000 -1.800000 -36.000000
v 15.000000 -1.800000 -35.000000
v 15.000000 -1.800000 -34.000000
v 15.000000 -1.800000 -33.000000
v 15.000000 -1.800000 -32.000000
v 15.000000 -1.800000 -31.000000
v 15.000000 -1.800000 -30.000000
v 15.000000 -1.800000 -29.000000
v 15.000000 -1.800000 -28.000000
v 15.000000 -1.800000 -27.000000
v 15.000000 -1.800000 -26.000000
v 15.000000 -1.543979 -25.000000
v 15.000000 -1.149895 -24.000000
v 15.000000 -0.780241 -23.000000
v 15.000000 -0.438086 -22.000000
v 15.000000 -0.125863 -21.000000
v 15.000000 0.155074 -20.000000
v 15.000000 0.405068 -19.000000
v 15.000000 0.627026 -18.000000
v 15.000000 2.500000 -17.000000
v 15.000000 2.500000 -16.000000
v 15.000000 2.500000 -15.000000
v 15.000000 2.500000 -14.000000
v 15.000000 2.500000 -13.000000
v 15.000000 2.500000 -12.000000
v 15.000000 2.500000 -11.000000
v 15.000000 5.500000 -10.000000
v 15.000000 5.500000 -9.000000
v 15.000000 5.500000 -8.000000
v 15.000000 5.500000 -7.000000
v 15.000000 5.500000 -6.000000
v 15.000000 5.500000 -5.000000
v 15.000000 5.500000 -4.000000
v 15.000000 5.500000 -3.000000
v 15.000000 5.500000 -2.000000
v 15.000000 9.000000 -1.000000
v 15.000000 9.000000 0.000000
v 15.000000 9.000000 1.000000
v 15.000000 9.000000 2.000000
v 15.000000 9.000000 3.000000
v 15.000000 9.000000 4.000000
v 15.000000 9.000000 5.000000
v 15.000000 5.500000 6.000000
v 15.000000 5.500000 7.000000
v 15.000000 5.500000 8.000000
v 15.000000 5.500000 9.000000
v 15.000000 5.500000 10.000000
v 15.000000 5.500000 11.000000
v 15.000000 2.500000 12.000000
v 15.000000 2.500000 13.000000
v 15.000000 2.500000 14.000000
v 15.000000 2.500000 15.000000
v 15.000000 2.500000 16.000000
v 15.000000 2.500000 17.000000
v 15.000000 2.500000 18.000000
v 15.000000 2.500000 19.000000
v 15.000000 2.500000 20.000000
v 15.000000 0.733700 21.000000
v 15.000000 0.523058 22.000000
v 15.000000 0.320828 23.000000
v 15.000000 0.124487 24.000000
v 15.000000 -0.068713 25.000000
v 15.000000 -0.261432 26.000000
v 15.000000 -0.456055 27.000000
v 15.000000 -0.654598 28.000000
v 15.000000 -0.858691 29.000000
v 15.000000 -1.069597 30.000000
v 15.000000 -1.288251 31.000000
v 15.000000 -1.515311 32.000000
v 15.000000 -1.751208 33.000000
v 15.000000 -1.800000 34.000000
v 15.000000 -1.800000 35.000000
v 15.000000 -1.800000 36.000000
v 15.000000 -1.800000 37.000000
v 15.000000 -1.800000 38.000000
v 15.000000 -1.800000 39.000000
v 15.000000 -1.800000 40.000000
v 16.000000 -1.800000 -40.000000
v 16.000000 -1.800000 -39.000000
v 16.000000 -1.800000 -38.000000
v 16.000000 -1.800000 -37.000000
v 16.000000 -1.800000 -36.000000
v 16.000000 -1.800000 -35.000000
v 16.000000 -1.800000 -34.000000
v 16.000000 -1.800000 -33.000000
v 16.000000 -1.800000 -32.000000
v 16.000000 -1.800000 -31.000000
v 16.000000 -1.800000 -30.000000
v 16.000000 -1.800000 -29.000000
v 16.000000 -1.800000 -28.000000
v 16.000000 -1.800000 -27.000000
v 16.000000 -1.800000 -26.000000
v 16.000000 -1.588001 -25.000000
v 16.000000 -1.232592 -24.000000
v 16.000000 -0.904208 -23.000000
v 16.000000 -0.604607 -22.000000
v 16.000000 -0.334460 -21.000000
v 16.000000 -0.092798 -20.000000
v 16.000000 0.123712 -19.000000
v 16.000000 0.321632 -18.000000
v 16.000000 0.511562 -17.000000
v 16.000000 0.708437 -16.000000
v 16.000000 2.500000 -15.000000
v 16.000000 2.500000 -14.000000
v 16.000000 2.500000 -13.000000
v 16.000000 2.500000 -12.000000
v 16.000000 2.500000 -11.000000
v 16.000000 2.500000 -10.000000
v 16.000000 5.500000 -9.000000
v 16.000000 5.500000 -8.000000
v 16.000000 5.500000 -7.000000
v 16.000000 5.500000 -6.000000
v 16.000000 5.500000 -5.000000
v 16.000000 5.500000 -4.000000
v 16.000000 5.500000 -3.000000
v 16.000000 5.500000 -2.000000
v 16.000000 9.000000 -1.000000
v 16.000000 9.000000 0.000000
v 16.000000 9.000000 1.000000
v 16.000000 9.000000 2.000000
v 16.000000 9.000000 3.000000
v 16.000000 9.000000 4.000000
v 16.000000 9.000000 5.000000
v 16.000000 5.500000 6.000000
v 16.000000 5.500000 7.000000
v 16.000000 5.500000 8.000000
v 16.000000 5.500000 9.000000
v 16.000000 5.500000 10.000000
v 16.000000 2.500000 11.000000
v 16.000000 2.500000 12.000000
v 16.000000 2.500000 13.000000
v 16.000000 2.500000 14.000000
v 16.000000 2.500000 15.000000
v 16.000000 2.500000 16.000000
v 16.000000 2.500000 17.000000
v 16.000000 2.500000 18.000000
v 16.000000 2.500000 19.000000
v 16.000000 0.742328 20.000000
v 16.000000 0.507603 21.000000
v 16.000000 0.282954 22.000000
v 16.000000 0.068319 23.000000
v 16.000000 -0.137558 24.000000
v 16.000000 -0.336677 25.000000
v 16.000000 -0.531396 26.000000
v 16.000000 -0.724128 27.000000
v 16.000000 -0.917145 28.000000
v 16.000000 -1.112457 29.000000
v 16.000000 -1.311762 30.000000
v 16.000000 -1.516440 31.000000
v 16.000000 -1.727570 32.000000
v 16.000000 -1.800000 33.000000
v 16.000000 -1.800000 34.000000
v 16.000000 -1.800000 35.000000
v 16.000000 -1.800000 36.000000
v 16.000000 -1.800000 37.000000
v 16.000000 -1.800000 38.000000
v 16.000000 -1.800000 39.000000
v 16.000000 -1.800000 40.000000
v 17.000000 -1.800000 -40.000000
v 17.000000 -1.800000 -39.000000
v 17.000000 -1.800000 -38.000000
v 17.000000 -1.800000 -37.000000
v 17.000000 -1.800000 -36.000000
v 17.000000 -1.800000 -35.000000
v 17.000000 -1.800000 -34.000000
v 17.000000 -1.800000 -33.000000
v 17.000000 -1.800000 -32.000000
v 17.000000 -1.800000 -31.000000
v 17.000000 -1.800000 -30.000000
v 17.000000 -1.800000 -29.000000
v 17.000000 -1.800000 -28.000000
v 17.000000 -1.800000 -27.000000
v 17.000000 -1.800000 -26.000000
v 17.000000 -1.691725 -25.000000
v 17.000000 -1.375869 -24.000000
v 17.000000 -1.087525 -23.000000
v 17.000000 -0.826805 -22.000000
v 17.000000 -0.592262 -21.000000
v 17.000000 -0.380272 -20.000000
v 17.000000 -0.184350 -19.000000
v 17.000000 0.005458 -18.000000
v 17.000000 0.202714 -17.000000
v 17.000000 0.423667 -16.000000
v 17.000000 0.684583 -15.000000
v 17.000000 2.500000 -14.000000
v 17.000000 2.500000 -13.000000
v 17.000000 2.500000 -12.000000
v 17.000000 2.500000 -11.000000
v 17.000000 2.500000 -10.000000
v 17.000000 5.500000 -9.000000
v 17.000000 5.500000 -8.000000
v 17.000000 5.500000 -7.000000
v 17.000000 5.500000 -6.000000
v 17.000000 5.500000 -5.000000
v 17.000000 5.500000 -4.000000
v 17.000000 5.500000 -3.000000
v 17.000000 5.500000 -2.000000
v 17.000000 5.500000 -1.000000
v 17.000000 9.000000 0.000000
v 17.000000 9.000000 1.000000
v 17.000000 9.000000 2.000000
v 17.000000 9.000000 3.000000
v 17.000000 9.000000 4.000000
v 17.000000 5.500000 5.000000
v 17.000000 5.500000 6.000000
v 17.000000 5.500000 7.000000
v 17.000000 5.500000 8.000000
v 17.000000 5.500000 9.000000
v 17.000000 2.500000 10.000000
v 17.000000 2.500000 11.000000
v 17.000000 2.500000 12.000000
v 17.000000 2.500000 13.000000
v 17.000000 2.500000 14.000000
v 17.000000 2.500000 15.000000
v 17.000000 2.500000 16.000000
v 17.000000 2.500000 17.000000
v 17.000000 2.500000 18.000000
v 17.000000 0.792288 19.000000
v 17.000000 0.543502 20.000000
v 17.000000 0.298824 21.000000
v 17.000000 0.061606 22.000000
v 17.000000 -0.166368 23.000000
v 17.000000 -0.384734 24.000000
v 17.000000 -0.594255 25.000000
v 17.000000 -0.796461 26.000000
v 17.000000 -0.993327 27.000000
v 17.000000 -1.186995 28.000000
v 17.000000 -1.379571 29.000000
v 17.000000 -1.573003 30.000000
v 17.000000 -1.769001 31.000000
v 17.000000 -1.800000 32.000000
v 17.000000 -1.800000 33.000000
v 17.000000 -1.800000 34.000000
v 17.000000 -1.800000 35.000000
v 17.000000 -1.800000 36.000000
v 17.000000 -1.800000 37.000000
v 17.000000 -1.800000 38.000000
v 17.000000 -1.800000 39.000000
v 17.000000 -1.800000 40.000000
v 18.000000 -1.800000 -40.000000
v 18.000000 -1.800000 -39.000000
v 18.000000 -1.800000 -38.000000
v 18.000000 -1.800000 -37.000000
v 18.000000 -1.800000 -36.000000
v 18.000000 -1.800000 -35.000000
v 18.000000 -1.800000 -34.000000
v 18.000000 -1.800000 -33.000000
v 18.000000 -1.800000 -32.000000
v 18.000000 -1.800000 -31.000000
v 18.000000 -1.800000 -30.000000
v 18.000000 -1.800000 -29.000000
v 18.000000 -1.800000 -28.000000
v 18.000000 -1.800000 -27.000000
v 18.000000 -1.800000 -26.000000
v 18.000000 -1.800000 -25.000000
v 18.000000 -1.573912 -24.000000
v 18.000000 -1.321440 -23.000000
v 18.000000 -1.092993 -22.000000
v 18.000000 -0.884769 -21.000000
v 18.000000 -0.690422 -20.000000
v 18.000000 -0.500621 -19.000000
v 18.000000 -0.303008 -18.000000
v 18.000000 -0.083018 -17.000000
v 18.000000 0.173964 -16.000000
v 18.000000 0.478950 -15.000000
v 18.000000 2.500000 -14.000000
v 18.000000 2.500000 -13.000000
v 18.000000 2.500000 -12.000000
v 18.000000 2.500000 -11.000000
v 18.000000 2.500000 -10.000000
v 18.000000 2.500000 -9.000000
v 18.000000 5.500000 -8.000000
v 18.000000 5.500000 -7.000000
v 18.000000 5.500000 -6.000000
v 18.000000 5.500000 -5.000000
v 18.000000 5.500000 -4.000000
v 18.000000 5.500000 -3.000000
v 18.000000 5.500000 -2.000000
v 18.000000 5.500000 -1.000000
v 18.000000 9.000000 0.000000
v 18.000000 9.000000 1.000000
v 18.000000 9.000000 2.000000
v 18.000000 9.000000 3.000000
v 18.000000 9.000000 4.000000
v 18.000000 5.500000 5.000000
v 18.000000 5.500000 6.000000
v 18.000000 5.500000 7.000000
v 18.000000 5.500000 8.000000
v 18.000000 5.500000 9.000000
v 18.000000 2.500000 10.000000
v 18.000000 2.500000 11.000000
v 18.000000 2.500000 12.000000
v 18.000000 2.500000 13.000000
v 18.000000 2.500000 14.000000
v 18.000000 2.500000 15.000000
v 18.000000 2.500000 16.000000
v 18.000000 2.500000 17.000000
v 18.000000 2.500000 18.000000
v 18.000000 0.598376 19.000000
v 18.000000 0.350575 20.000000
v 18.000000 0.101548 21.000000
v 18.000000 -0.144258 22.000000
v 18.000000 -0.383578 23.000000
v 18.000000 -0.614479 24.000000
v 18.000000 -0.836277 25.000000
v 18.000000 -1.049327 26.000000
v 18.000000 -1.254753 27.000000
v 18.000000 -1.454166 28.000000
v 18.000000 -1.649428 29.000000
v 18.000000 -1.800000 30.000000
v 18.000000 -1.800000 31.000000
v 18.000000 -1.800000 32.000000
v 18.000000 -1.800000 33.000000
v 18.000000 -1.800000 34.000000
v 18.000000 -1.800000 35.000000
v 18.000000 -1.800000 36.000000
v 18.000000 -1.800000 37.000000
v 18.000000 -1.800000 38.000000
v 18.000000 -1.800000 39.000000
v 18.000000 -1.800000 40.000000
v 19.000000 -1.800000 -40.000000
v 19.000000 -1.800000 -39.000000
v 19.000000 -1.800000 -38.000000
v 19.000000 -1.800000 -37.000000
v 19.000000 -1.800000 -36.000000
v 19.000000 -1.800000 -35.000000
v 19.000000 -1.800000 -34.000000
v 19.000000 -1.800000 -33.000000
v 19.000000 -1.800000 -32.000000
v 19.000000 -1.800000 -31.000000
v 19.000000 -1.800000 -30.000000
v 19.000000 -1.800000 -29.000000
v 19.000000 -1.800000 -28.000000
v 19.000000 -1.800000 -27.000000
v 19.000000 -1.800000 -26.000000
v 19.000000 -1.800000 -25.000000
v 19.000000 -1.800000 -24.000000
v 19.000000 -1.594738 -23.000000
v 19.000000 -1.389660 -22.000000
v 19.000000 -1.196554 -21.000000
v 19.000000 -1.006676 -20.000000
v 19.000000 -0.808731 -19.000000
v 19.000000 -0.589588 -18.000000
v 19.000000 -0.336052 -17.000000
v 19.000000 -0.037788 -16.000000
v 19.000000 0.309072 -15.000000
v 19.000000 0.698906 -14.000000
v 19.000000 2.500000 -13.000000
v 19.000000 2.500000 -12.000000
v 19.000000 2.500000 -11.000000
v 19.000000 2.500000 -10.000000
v 19.000000 2.500000 -9.000000
v 19.000000 2.500000 -8.000000
v 19.000000 5.500000 -7.000000
v 19.000000 5.500000 -6.000000
v 19.000000 5.500000 -5.000000
v 19.000000 5.500000 -4.000000
v 19.000000 5.500000 -3.000000
v 19.000000 5.500000 -2.000000
v 19.000000 5.500000 -1.000000
v 19.000000 5.500000 0.000000
v 19.000000 9.000000 1.000000
v 19.000000 9.000000 2.000000
v 19.000000 9.000000 3.000000
v 19.000000 9.000000 4.000000
v 19.000000 5.500000 5.000000
v 19.000000 5.500000 6.000000
v 19.000000 5.500000 7.000000
v 19.000000 5.500000 8.000000
v 19.000000 5.500000 9.000000
v 19.000000 2.500000 10.000000
v 19.000000 2.500000 11.000000
v 19.000000 2.500000 12.000000
v 19.000000 2.500000 13.000000
v 19.000000 2.500000 14.000000
v 19.000000 2.500000 15.000000
v 19.000000 2.500000 16.000000
v 19.000000 2.500000 17.000000
v 19.000000 0.627724 18.000000
v 19.000000 0.397520 19.000000
v 19.000000 0.156359 20.000000
v 19.000000 -0.091152 21.000000
v 19.000000 -0.340314 22.000000
v 19.000000 -0.587012 23.000000
v 19.000000 -0.828102 24.000000
v 19.000000 -1.061567 25.000000
v 19.000000 -1.286485 26.000000
v 19.000000 -1.502887 27.000000
v 19.000000 -1.711542 28.000000
v 19.000000 -1.800000 29.000000
v 19.000000 -1.800000 30.000000
v 19.000000 -1.800000 31.000000
v 19.000000 -1.800000 32.000000
v 19.000000 -1.800000 33.000000
v 19.000000 -1.800000 34.000000
v 19.000000 -1.800000 35.000000
v 19.000000 -1.800000 36.000000
v 19.000000 -1.800000 37.000000
v 19.000000 -1.800000 38.000000
v 19.000000 -1.800000 39.000000
v 19.000000 -1.800000 40.000000
v 20.000000 -1.800000 -40.000000
v 20.000000 -1.800000 -39.000000
v 20.000000 -1.800000 -38.000000
v 20.000000 -1.800000 -37.000000
v 20.000000 -1.800000 -36.000000
v 20.000000 -1.800000 -35.000000
v 20.000000 -1.800000 -34.000000
v 20.000000 -1.800000 -33.000000
v 20.000000 -1.800000 -32.000000
v 20.000000 -1.800000 -31.000000
v 20.000000 -1.800000 -30.000000
v 20.000000 -1.800000 -29.000000
v 20.000000 -1.800000 -28.000000
v 20.000000 -1.800000 -27.000000
v 20.000000 -1.800000 -26.000000
v 20.000000 -1.800000 -25.000000
v 20.000000 -1.800000 -24.000000
v 20.000000 -1.800000 -23.000000
v 20.000000 -1.702724 -22.000000
v 20.000000 -1.512710 -21.000000
v 20.000000 -1.314454 -20.000000
v 20.000000 -1.096061 -19.000000
v 20.000000 -0.845564 -18.000000
v 20.000000 -0.553292 -17.000000
v 20.000000 -0.214811 -16.000000
v 20.000000 0.166447 -15.000000
v 20.000000 0.578086 -14.000000
v 20.000000 2.500000 -13.000000
v 20.000000 2.500000 -12.000000
v 20.000000 2.500000 -11.000000
v 20.000000 2.500000 -10.000000
v 20.000000 2.500000 -9.000000
v 20.000000 2.500000 -8.000000
v 20.000000 2.500000 -7.000000
v 20.000000 5.500000 -6.000000
v 20.000000 5.500000 -5.000000
v 20.000000 5.500000 -4.000000
v 20.000000 5.500000 -3.000000
v 20.000000 5.500000 -2.000000
v 20.000000 5.500000 -1.000000
v 20.000000 5.500000 0.000000
v 20.000000 5.500000 1.000000
v 20.000000 5.500000 2.000000
v 20.000000 5.500000 3.000000
v 20.000000 5.500000 4.000000
v 20.000000 5.500000 5.000000
v 20.000000 5.500000 6.000000
v 20.000000 5.500000 7.000000
v 20.000000 5.500000 8.000000
v 20.000000 5.500000 9.000000
v 20.000000 2.500000 10.000000
v 20.000000 2.500000 11.000000
v 20.000000 2.500000 12.000000
v 20.000000 2.500000 13.000000
v 20.000000 2.500000 14.000000
v 20.000000 2.500000 15.000000
v 20.000000 0.794202 16.000000
v 20.000000 0.604783 17.000000
v 20.000000 0.402725 18.000000
v 20.000000 0.185827 19.000000
v 20.000000 -0.044716 20.000000
v 20.000000 -0.285676 21.000000
v 20.000000 -0.532897 22.000000
v 20.000000 -0.782112 23.000000
v 20.000000 -1.029512 24.000000
v 20.000000 -1.272090 25.000000
v 20.000000 -1.507793 26.000000
v 20.000000 -1.735529 27.000000
v 20.000000 -1.800000 28.000000
v 20.000000 -1.800000 29.000000
v 20.000000 -1.800000 30.000000
v 20.000000 -1.800000 31.000000
v 20.000000 -1.800000 32.000000
v 20.000000 -1.800000 33.000000
v 20.000000 -1.800000 34.000000
v 20.000000 -1.800000 35.000000
v 20.000000 -1.800000 36.000000
v 20.000000 -1.800000 37.000000
v 20.000000 -1.800000 38.000000
v 20.000000 -1.800000 39.000000
v 20.000000 -1.800000 40.000000
v 21.000000 -1.800000 -40.000000
v 21.000000 -1.800000 -39.000000
v 21.000000 -1.800000 -38.000000
v 21.000000 -1.800000 -37.000000
v 21.000000 -1.800000 -36.000000
v 21.000000 -1.800000 -35.000000
v 21.000000 -1.800000 -34.000000
v 21.000000 -1.800000 -33.000000
v 21.000000 -1.800000 -32.000000
v 21.000000 -1.800000 -31.000000
v 21.000000 -1.800000 -30.000000
v 21.000000 -1.800000 -29.000000
v 21.000000 -1.800000 -28.000000
v 21.000000 -1.800000 -27.000000
v 21.000000 -1.800000 -26.000000
v 21.000000 -1.800000 -25.000000
v 21.000000 -1.800000 -24.000000
v 21.000000 -1.800000 -23.000000
v 21.000000 -1.800000 -22.000000
v 21.000000 -1.800000 -21.000000
v 21.000000 -1.602453 -20.000000
v 21.000000 -1.354654 -19.000000
v 21.000000 -1.067738 -18.000000
v 21.000000 -0.736951 -17.000000
v 21.000000 -0.364078 -16.000000
v 21.000000 0.041352 -15.000000
v 21.000000 0.462688 -14.000000
v 21.000000 2.500000 -13.000000
v 21.000000 2.500000 -12.000000
v 21.000000 2.500000 -11.000000
v 21.000000 2.500000 -10.000000
v 21.000000 2.500000 -9.000000
v 21.000000 2.500000 -8.000000
v 21.000000 2.500000 -7.000000
v 21.000000 2.500000 -6.000000
v 21.000000 2.500000 -5.000000
v 21.000000 5.500000 -4.000000
v 21.000000 5.500000 -3.000000
v 21.000000 5.500000 -2.000000
v 21.000000 5.500000 -1.000000
v 21.000000 5.500000 0.000000
v 21.000000 5.500000 1.000000
v 21.000000 5.500000 2.000000
v 21.000000 5.500000 3.000000
v 21.000000 5.500000 4.000000
v 21.000000 5.500000 5.000000
v 21.000000 5.500000 6.000000
v 21.000000 5.500000 7.000000
v 21.000000 5.500000 8.000000
v 21.000000 5.500000 9.000000
v 21.000000 2.500000 10.000000
v 21.000000 2.500000 11.000000
v 21.000000 2.500000 12.000000
v 21.000000 2.500000 13.000000
v 21.000000 2.500000 14.000000
v 21.000000 0.728712 15.000000
v 21.000000 0.540911 16.000000
v 21.000000 0.356788 17.000000
v 21.000000 0.165628 18.000000
v 21.000000 -0.038155 19.000000
v 21.000000 -0.256105 20.000000
v 21.000000 -0.486952 21.000000
v 21.000000 -0.727727 22.000000
v 21.000000 -0.974661 23.000000
v 21.000000 -1.223866 24.000000
v 21.000000 -1.471814 25.000000
v 21.000000 -1.715641 26.000000
v 21.000000 -1.800000 27.000000
v 21.000000 -1.800000 28.000000
v 21.000000 -1.800000 29.000000
v 21.000000 -1.800000 30.000000
v 21.000000 -1.800000 31.000000
v 21.000000 -1.800000 32.000000
v 21.000000 -1.800000 33.000000
v 21.000000 -1.800000 34.000000
v 21.000000 -1.800000 35.000000
v 21.000000 -1.800000 36.000000
v 21.000000 -1.800000 37.000000
v 21.000000 -1.800000 38.000000
v 21.000000 -1.800000 39.000000
v 21.000000 -1.800000 40.000000
v 22.000000 -1.800000 -40.000000
v 22.000000 -1.800000 -39.000000
v 22.000000 -1.800000 -38.000000
v 22.000000 -1.800000 -37.000000
v 22.000000 -1.800000 -36.000000
v 22.000000 -1.800000 -35.000000
v 22.000000 -1.800000 -34.000000
v 22.000000 -1.800000 -33.000000
v 22.000000 -1.800000 -32.000000
v 22.000000 -1.800000 -31.000000
v 22.000000 -1.800000 -30.000000
v 22.000000 -1.800000 -29.000000
v 22.000000 -1.800000 -28.000000
v 22.000000 -1.800000 -27.000000
v 22.000000 -1.800000 -26.000000
v 22.000000 -1.800000 -25.000000
v 22.000000 -1.800000 -24.000000
v 22.000000 -1.800000 -23.000000
v 22.000000 -1.800000 -22.000000
v 22.000000 -1.800000 -21.000000
v 22.000000 -1.800000 -20.000000
v 22.000000 -1.581276 -19.000000
v 22.000000 -1.257538 -18.000000
v 22.000000 -0.892726 -17.000000
v 22.000000 -0.494066 -16.000000
v 22.000000 -0.075284 -15.000000
v 22.000000 0.345152 -14.000000
v 22.000000 0.746978 -13.000000
v 22.000000 2.500000 -12.000000
v 22.000000 2.500000 -11.000000
v 22.000000 2.500000 -10.000000
v 22.000000 2.500000 -9.000000
v 22.000000 2.500000 -8.000000
v 22.000000 2.500000 -7.000000
v 22.000000 2.500000 -6.000000
v 22.000000 2.500000 -5.000000
v 22.000000 5.500000 -4.000000
v 22.000000 5.500000 -3.000000
v 22.000000 5.500000 -2.000000
v 22.000000 5.500000 -1.000000
v 22.000000 5.500000 0.000000
v 22.000000 5.500000 1.000000
v 22.000000 5.500000 2.000000
v 22.000000 5.500000 3.000000
v 22.000000 5.500000 4.000000
v 22.000000 5.500000 5.000000
v 22.000000 5.500000 6.000000
v 22.000000 5.500000 7.000000
v 22.000000 5.500000 8.000000
v 22.000000 2.500000 9.000000
v 22.000000 2.500000 10.000000
v 22.000000 2.500000 11.000000
v 22.000000 2.500000 12.000000
v 22.000000 2.500000 13.000000
v 22.000000 0.720670 14.000000
v 22.000000 0.489185 15.000000
v 22.000000 0.289457 16.000000
v 22.000000 0.103940 17.000000
v 22.000000 -0.080895 18.000000
v 22.000000 -0.273791 19.000000
v 22.000000 -0.479166 20.000000
v 22.000000 -0.698066 21.000000
v 22.000000 -0.929187 22.000000
v 22.000000 -1.169791 23.000000
v 22.000000 -1.416446 24.000000
v 22.000000 -1.665594 25.000000
v 22.000000 -1.800000 26.000000
v 22.000000 -1.800000 27.000000
v 22.000000 -1.800000 28.000000
v 22.000000 -1.800000 29.000000
v 22.000000 -1.800000 30.000000
v 22.000000 -1.800000 31.000000
v 22.000000 -1.800000 32.000000
v 22.000000 -1.800000 33.000000
v 22.000000 -1.800000 34.000000
v 22.000000 -1.800000 35.000000
v 22.000000 -1.800000 36.000000
v 22.000000 -1.800000 37.000000
v 22.000000 -1.800000 38.000000
v 22.000000 -1.800000 39.000000
v 22.000000 -1.800000 40.000000
v 23.000000 -1.800000 -40.000000
v 23.000000 -1.800000 -39.000000
v 23.000000 -1.800000 -38.000000
v 23.000000 -1.800000 -37.000000
v 23.000000 -1.800000 -36.000000
v 23.000000 -1.800000 -35.000000
v 23.000000 -1.800000 -34.000000
v 23.000000 -1.800000 -33.000000
v 23.000000 -1.800000 -32.000000
v 23.000000 -1.800000 -31.000000
v 23.000000 -1.800000 -30.000000
v 23.000000 -1.800000 -29.000000
v 23.000000 -1.800000 -28.000000
v 23.000000 -1.800000 -27.000000
v 23.000000 -1.800000 -26.000000
v 23.000000 -1.800000 -25.000000
v 23.000000 -1.800000 -24.000000
v 23.000000 -1.800000 -23.000000
v 23.000000 -1.800000 -22.000000
v 23.000000 -1.800000 -21.000000
v 23.000000 -1.800000 -20.000000
v 23.000000 -1.776747 -19.000000
v 23.000000 -1.419598 -18.000000
v 23.000000 -1.027966 -17.000000
v 23.000000 -0.613095 -16.000000
v 23.000000 -0.190918 -15.000000
v 23.000000 0.220191 -14.000000
v 23.000000 0.602205 -13.000000
v 23.000000 2.500000 -12.000000
v 23.000000 2.500000 -11.000000
v 23.000000 2.500000 -10.000000
v 23.000000 2.500000 -9.000000
v 23.000000 2.500000 -8.000000
v 23.000000 2.500000 -7.000000
v 23.000000 2.500000 -6.000000
v 23.000000 2.500000 -5.000000
v 23.000000 2.500000 -4.000000
v 23.000000 5.500000 -3.000000
v 23.000000 5.500000 -2.000000
v 23.000000 5.500000 -1.000000
v 23.000000 5.500000 0.000000
v 23.000000 5.500000 1.000000
v 23.000000 5.500000 2.000000
v 23.000000 5.500000 3.000000
v 23.000000 5.500000 4.000000
v 23.000000 5.500000 5.000000
v 23.000000 5.500000 6.000000
v 23.000000 5.500000 7.000000
v 23.000000 5.500000 8.000000
v 23.000000 2.500000 9.000000
v 23.000000 2.500000 10.000000
v 23.000000 2.500000 11.000000
v 23.000000 2.500000 12.000000
v 23.000000 2.500000 13.000000
v 23.000000 0.525410 14.000000
v 23.000000 0.264238 15.000000
v 23.000000 0.045262 16.000000
v 23.000000 -0.148753 17.000000
v 23.000000 -0.333012 18.000000
v 23.000000 -0.518856 19.000000
v 23.000000 -0.713448 20.000000
v 23.000000 -0.920291 21.000000
v 23.000000 -1.140053 22.000000
v 23.000000 -1.371423 23.000000
v 23.000000 -1.611869 24.000000
v 23.000000 -1.800000 25.000000
v 23.000000 -1.800000 26.000000
v 23.000000 -1.800000 27.000000
v 23.000000 -1.800000 28.000000
v 23.000000 -1.800000 29.000000
v 23.000000 -1.800000 30.000000
v 23.000000 -1.800000 31.000000
v 23.000000 -1.800000 32.000000
v 23.000000 -1.800000 33.000000
v 23.000000 -1.800000 34.000000
v 23.000000 -1.800000 35.000000
v 23.000000 -1.800000 36.000000
v 23.000000 -1.800000 37.000000
v 23.000000 -1.800000 38.000000
v 23.000000 -1.800000 39.000000
v 23.000000 -1.800000 40.000000
v 24.000000 -1.800000 -40.000000
v 24.000000 -1.800000 -39.000000
v 24.000000 -1.800000 -38.000000
v 24.000000 -1.800000 -37.000000
v 24.000000 -1.800000 -36.000000
v 24.000000 -1.800000 -35.000000
v 24.000000 -1.800000 -34.000000
v 24.000000 -1.800000 -33.000000
v 24.000000 -1.800000 -32.000000
v 24.000000 -1.800000 -31.000000
v 24.000000 -1.800000 -30.000000
v 24.000000 -1.800000 -29.000000
v 24.000000 -1.800000 -28.000000
v 24.000000 -1.800000 -27.000000
v 24.000000 -1.800000 -26.000000
v 24.000000 -1.800000 -25.000000
v 24.000000 -1.800000 -24.000000
v 24.000000 -1.800000 -23.000000
v 24.000000 -1.800000 -22.000000
v 24.000000 -1.800000 -21.000000
v 24.000000 -1.800000 -20.000000
v 24.000000 -1.800000 -19.000000
v 24.000000 -1.560263 -18.000000
v 24.000000 -1.150224 -17.000000
v 24.000000 -0.728356 -16.000000
v 24.000000 -0.311124 -15.000000
v 24.000000 0.084480 -14.000000
v 24.000000 0.443298 -13.000000
v 24.000000 0.754090 -12.000000
v 24.000000 2.500000 -11.000000
v 24.000000 2.500000 -10.000000
v 24.000000 2.500000 -9.000000
v 24.000000 2.500000 -8.000000
v 24.000000 2.500000 -7.000000
v 24.000000 2.500000 -6.000000
v 24.000000 2.500000 -5.000000
v 24.000000 2.500000 -4.000000
v 24.000000 2.500000 -3.000000
v 24.000000 5.500000 -2.000000
v 24.000000 5.500000 -1.000000
v 24.000000 5.500000 0.000000
v 24.000000 5.500000 1.000000
v 24.000000 5.500000 2.000000
v 24.000000 5.500000 3.000000
v 24.000000 5.500000 4.000000
v 24.000000 5.500000 5.000000
v 24.000000 5.500000 6.000000
v 24.000000 5.500000 7.000000
v 24.000000 5.500000 8.000000
v 24.000000 2.500000 9.000000
v 24.000000 2.500000 10.000000
v 24.000000 2.500000 11.000000
v 24.000000 2.500000 12.000000
v 24.000000 0.707009 13.000000
v 24.000000 0.351589 14.000000
v 24.000000 0.057165 15.000000
v 24.000000 -0.187043 16.000000
v 24.000000 -0.396348 17.000000
v 24.000000 -0.586313 18.000000
v 24.000000 -0.770052 19.000000
v 24.000000 -0.957090 20.000000
v 24.000000 -1.153318 21.000000
v 24.000000 -1.361515 22.000000
v 24.000000 -1.582062 23.000000
v 24.000000 -1.800000 24.000000
v 24.000000 -1.800000 25.000000
v 24.000000 -1.800000 26.000000
v 24.000000 -1.800000 27.000000
v 24.000000 -1.800000 28.000000
v 24.000000 -1.800000 29.000000
v 24.000000 -1.800000 30.000000
v 24.000000 -1.800000 31.000000
v 24.000000 -1.800000 32.000000
v 24.000000 -1.800000 33.000000
v 24.000000 -1.800000 34.000000
v 24.000000 -1.800000 35.000000
v 24.000000 -1.800000 36.000000
v 24.000000 -1.800000 37.000000
v 24.000000 -1.800000 38.000000
v 24.000000 -1.800000 39.000000
v 24.000000 -1.800000 40.000000
v 25.000000 -1.800000 -40.000000
v 25.000000 -1.800000 -39.000000
v 25.000000 -1.800000 -38.000000
v 25.000000 -1.800000 -37.000000
v 25.000000 -1.800000 -36.000000
v 25.000000 -1.800000 -35.000000
v 25.000000 -1.800000 -34.000000
v 25.000000 -1.800000 -33.000000
v 25.000000 -1.800000 -32.000000
v 25.000000 -1.800000 -31.000000
v 25.000000 -1.800000 -30.000000
v 25.000000 -1.800000 -29.000000
v 25.000000 -1.800000 -28.000000
v 25.000000 -1.800000 -27.000000
v 25.000000 -1.800000 -26.000000
v 25.000000 -1.800000 -25.000000
v 25.000000 -1.800000 -24.000000
v 25.000000 -1.800000 -23.000000
v 25.000000 -1.800000 -22.000000
v 25.000000 -1.800000 -21.000000
v 25.000000 -1.800000 -20.000000
v 25.000000 -1.800000 -19.000000
v 25.000000 -1.686338 -18.000000
v 25.000000 -1.266324 -17.000000
v 25.000000 -0.845528 -16.000000
v 25.000000 -0.439718 -15.000000
v 25.000000 -0.063768 -14.000000
v 25.000000 0.270217 -13.000000
v 25.000000 0.554486 -12.000000
v 25.000000 0.786944 -11.000000
v 25.000000 2.500000 -10.000000
v 25.000000 2.500000 -9.000000
v 25.000000 2.500000 -8.000000
v 25.000000 2.500000 -7.000000
v 25.000000 2.500000 -6.000000
v 25.000000 2.500000 -5.000000
v 25.000000 2.500000 -4.000000
v 25.000000 2.500000 -3.000000
v 25.000000 5.500000 -2.000000
v 25.000000 5.500000 -1.000000
v 25.000000 5.500000 0.000000
v 25.000000 5.500000 1.000000
v 25.000000 5.500000 2.000000
v 25.000000 5.500000 3.000000
v 25.000000 5.500000 4.000000
v 25.000000 5.500000 5.000000
v 25.000000 5.500000 6.000000
v 25.000000 5.500000 7.000000
v 25.000000 5.500000 8.000000
v 25.000000 2.500000 9.000000
v 25.000000 2.500000 10.000000
v 25.000000 2.500000 11.000000
v 25.000000 2.500000 12.000000
v 25.000000 0.588439 13.000000
v 25.000000 0.198698 14.000000
v 25.000000 -0.130266 15.000000
v 25.000000 -0.403940 16.000000
v 25.000000 -0.634422 17.000000
v 25.000000 -0.836316 18.000000
v 25.000000 -1.023497 19.000000
v 25.000000 -1.207247 20.000000
v 25.000000 -1.395586 21.000000
v 25.000000 -1.593378 22.000000
v 25.000000 -1.800000 23.000000
v 25.000000 -1.800000 24.000000
v 25.000000 -1.800000 25.000000
v 25.000000 -1.800000 26.000000
v 25.000000 -1.800000 27.000000
v 25.000000 -1.800000 28.000000
v 25.000000 -1.800000 29.000000
v 25.000000 -1.800000 30.000000
v 25.000000 -1.800000 31.000000
v 25.000000 -1.800000 32.000000
v 25.000000 -1.800000 33.000000
v 25.000000 -1.800000 34.000000
v 25.000000 -1.800000 35.000000
v 25.000000 -1.800000 36.000000
v 25.000000 -1.800000 37.000000
v 25.000000 -1.800000 38.000000
v 25.000000 -1.800000 39.000000
v 25.000000 -1.800000 40.000000
v 26.000000 -1.800000 -40.000000
v 26.000000 -1.800000 -39.000000
v 26.000000 -1.800000 -38.000000
v 26.000000 -1.800000 -37.000000
v 26.000000 -1.800000 -36.000000
v 26.000000 -1.800000 -35.000000
v 26.000000 -1.800000 -34.000000
v 26.000000 -1.800000 -33.000000
v 26.000000 -1.800000 -32.000000
v 26.000000 -1.800000 -31.000000
v 26.000000 -1.800000 -30.000000
v 26.000000 -1.800000 -29.000000
v 26.000000 -1.800000 -28.000000
v 26.000000 -1.800000 -27.000000
v 26.000000 -1.800000 -26.000000
v 26.000000 -1.800000 -25.000000
v 26.000000 -1.800000 -24.000000
v 26.000000 -1.800000 -23.000000
v 26.000000 -1.800000 -22.000000
v 26.000000 -1.800000 -21.000000
v 26.000000 -1.800000 -20.000000
v 26.000000 -1.800000 -19.000000
v 26.000000 -1.800000 -18.000000
v 26.000000 -1.381906 -17.000000
v 26.000000 -0.968756 -16.000000
v 26.000000 -0.579052 -15.000000
v 26.000000 -0.225228 -14.000000
v 26.000000 0.083598 -13.000000
v 26.000000 0.342821 -12.000000
v 26.000000 0.553405 -11.000000
v 26.000000 0.871741 -10.000000
v 26.000000 2.500000 -9.000000
v 26.000000 2.500000 -8.000000
v 26.000000 2.533302 -7.000000
v 26.000000 2.666667 -6.000000
v 26.000000 2.533302 -5.000000
v 26.000000 2.500000 -4.000000
v 26.000000 2.500000 -3.000000
v 26.000000 2.500000 -2.000000
v 26.000000 5.500000 -1.000000
v 26.000000 5.500000 0.000000
v 26.000000 5.500000 1.000000
v 26.000000 5.500000 2.000000
v 26.000000 5.500000 3.000000
v 26.000000 5.500000 4.000000
v 26.000000 5.500000 5.000000
v 26.000000 5.500000 6.000000
v 26.000000 5.500000 7.000000
v 26.000000 5.500000 8.000000
v 26.000000 2.500000 9.000000
v 26.000000 2.500000 10.000000
v 26.000000 2.500000 11.000000
v 26.000000 2.500000 12.000000
v 26.000000 0.485294 13.000000
v 26.000000 0.065080 14.000000
v 26.000000 -0.297690 15.000000
v 26.000000 -0.603169 16.000000
v 26.000000 -0.859399 17.000000
v 26.000000 -1.078863 18.000000
v 26.000000 -1.275138 19.000000
v 26.000000 -1.460494 20.000000
v 26.000000 -1.644635 21.000000
v 26.000000 -1.800000 22.000000
v 26.000000 -1.800000 23.000000
v 26.000000 -1.800000 24.000000
v 26.000000 -1.800000 25.000000
v 26.000000 -1.800000 26.000000
v 26.000000 -1.800000 27.000000
v 26.000000 -1.800000 28.000000
v 26.000000 -1.800000 29.000000
v 26.000000 -1.800000 30.000000
v 26.000000 -1.800000 31.000000
v 26.000000 -1.800000 32.000000
v 26.000000 -1.800000 33.000000
v 26.000000 -1.800000 34.000000
v 26.000000 -1.800000 35.000000
v 26.000000 -1.800000 36.000000
v 26.000000 -1.800000 37.000000
v 26.000000 -1.800000 38.000000
v 26.000000 -1.800000 39.000000
v 26.000000 -1.800000 40.000000
v 27.000000 -1.800000 -40.000000
v 27.000000 -1.800000 -39.000000
v 27.000000 -1.800000 -38.000000
v 27.000000 -1.800000 -37.000000
v 27.000000 -1.800000 -36.000000
v 27.000000 -1.800000 -35.000000
v 27.000000 -1.800000 -34.000000
v 27.000000 -1.800000 -33.000000
v 27.000000 -1.800000 -32.000000
v 27.000000 -1.800000 -31.000000
v 27.000000 -1.800000 -30.000000
v 27.000000 -1.800000 -29.000000
v 27.000000 -1.800000 -28.000000
v 27.000000 -1.800000 -27.000000
v 27.000000 -1.800000 -26.000000
v 27.000000 -1.800000 -25.000000
v 27.000000 -1.800000 -24.000000
v 27.000000 -1.800000 -23.000000
v 27.000000 -1.800000 -22.000000
v 27.000000 -1.800000 -21.000000
v 27.000000 -1.800000 -20.000000
v 27.000000 -1.800000 -19.000000
v 27.000000 -1.800000 -18.000000
v 27.000000 -1.501308 -17.000000
v 27.000000 -1.100831 -16.000000
v 27.000000 -0.730354 -15.000000
v 27.000000 -0.399803 -14.000000
v 27.000000 -0.115521 -13.000000
v 27.000000 0.120679 -12.000000
v 27.000000 0.683135 -11.000000
v 27.000000 1.583333 -10.000000
v 27.000000 2.403806 -9.000000
v 27.000000 3.093986 -8.000000
v 27.000000 3.574199 -7.000000
v 27.000000 3.750000 -6.000000
v 27.000000 3.574199 -5.000000
v 27.000000 3.093986 -4.000000
v 27.000000 2.500000 -3.000000
v 27.000000 2.500000 -2.000000
v 27.000000 5.500000 -1.000000
v 27.000000 5.500000 0.000000
v 27.000000 5.500000 1.000000
v 27.000000 5.500000 2.000000
v 27.000000 5.500000 3.000000
v 27.000000 5.500000 4.000000
v 27.000000 5.500000 5.000000
v 27.000000 5.500000 6.000000
v 27.000000 5.500000 7.000000
v 27.000000 2.500000 8.000000
v 27.000000 2.500000 9.000000
v 27.000000 2.500000 10.000000
v 27.000000 2.500000 11.000000
v 27.000000 2.500000 12.000000
v 27.000000 0.394270 13.000000
v 27.000000 -0.051662 14.000000
v 27.000000 -0.445892 15.000000
v 27.000000 -0.783700 16.000000
v 27.000000 -1.068714 17.000000
v 27.000000 -1.310423 18.000000
v 27.000000 -1.521106 19.000000
v 27.000000 -1.713177 20.000000
v 27.000000 -1.800000 21.000000
v 27.000000 -1.800000 22.000000
v 27.000000 -1.800000 23.000000
v 27.000000 -1.800000 24.000000
v 27.000000 -1.800000 25.000000
v 27.000000 -1.800000 26.000000
v 27.000000 -1.800000 27.000000
v 27.000000 -1.800000 28.000000
v 27.000000 -1.800000 29.000000
v 27.000000 -1.800000 30.000000
v 27.000000 -1.800000 31.000000
v 27.000000 -1.800000 32.000000
v 27.000000 -1.800000 33.000000
v 27.000000 -1.800000 34.000000
v 27.000000 -1.800000 35.000000
v 27.000000 -1.800000 36.000000
v 27.000000 -1.800000 37.000000
v 27.000000 -1.800000 38.000000
v 27.000000 -1.800000 39.000000
v 27.000000 -1.800000 40.000000
v 28.000000 -1.800000 -40.000000
v 28.000000 -1.800000 -39.000000
v 28.000000 -1.800000 -38.000000
v 28.000000 -1.800000 -37.000000
v 28.000000 -1.800000 -36.000000
v 28.000000 -1.800000 -35.000000
v 28.000000 -1.800000 -34.000000
v 28.000000 -1.800000 -33.000000
v 28.000000 -1.800000 -32.000000
v 28.000000 -1.800000 -31.000000
v 28.000000 -1.800000 -30.000000
v 28.000000 -1.800000 -29.000000
v 28.000000 -1.800000 -28.000000
v 28.000000 -1.800000 -27.000000
v 28.000000 -1.800000 -26.000000
v 28.000000 -1.800000 -25.000000
v 28.000000 -1.800000 -24.000000
v 28.000000 -1.800000 -23.000000
v 28.000000 -1.800000 -22.000000
v 28.000000 -1.800000 -21.000000
v 28.000000 -1.800000 -20.000000
v 28.000000 -1.800000 -19.000000
v 28.000000 -1.800000 -18.000000
v 28.000000 -1.627643 -17.000000
v 28.000000 -1.243443 -16.000000
v 28.000000 -0.894024 -15.000000
v 28.000000 -0.586895 -14.000000
v 28.000000 -0.325884 -13.000000
v 28.000000 -0.110362 -12.000000
v 28.000000 1.166071 -11.000000
v 28.000000 2.155186 -10.000000
v 28.000000 3.093986 -9.000000
v 28.000000 3.935871 -8.000000
v 28.000000 4.577593 -7.000000
v 28.000000 4.833333 -6.000000
v 28.000000 4.577593 -5.000000
v 28.000000 3.935871 -4.000000
v 28.000000 3.093986 -3.000000
v 28.000000 2.500000 -2.000000
v 28.000000 2.500000 -1.000000
v 28.000000 5.500000 0.000000
v 28.000000 5.500000 1.000000
v 28.000000 5.500000 2.000000
v 28.000000 5.500000 3.000000
v 28.000000 5.500000 4.000000
v 28.000000 5.500000 5.000000
v 28.000000 5.500000 6.000000
v 28.000000 5.500000 7.000000
v 28.000000 2.500000 8.000000
v 28.000000 2.500000 9.000000
v 28.000000 2.500000 10.000000
v 28.000000 2.500000 11.000000
v 28.000000 2.500000 12.000000
v 28.000000 0.312215 13.000000
v 28.000000 -0.154299 14.000000
v 28.000000 -0.576503 15.000000
v 28.000000 -0.945590 16.000000
v 28.000000 -1.260854 17.000000
v 28.000000 -1.528268 18.000000
v 28.000000 -1.757983 19.000000
v 28.000000 -1.800000 20.000000
v 28.000000 -1.800000 21.000000
v 28.000000 -1.800000 22.000000
v 28.000000 -1.800000 23.000000
v 28.000000 -1.800000 24.000000
v 28.000000 -1.800000 25.000000
v 28.000000 -1.800000 26.000000
v 28.000000 -1.800000 27.000000
v 28.000000 -1.800000 28.000000
v 28.000000 -1.800000 29.000000
v 28.000000 -1.800000 30.000000
v 28.000000 -1.800000 31.000000
v 28.000000 -1.800000 32.000000
v 28.000000 -1.800000 33.000000
v 28.000000 -1.800000 34.000000
v 28.000000 -1.800000 35.000000
v 28.000000 -1.800000 36.000000
v 28.000000 -1.800000 37.000000
v 28.000000 -1.800000 38.000000
v 28.000000 -1.800000 39.000000
v 28.000000 -1.800000 40.000000
v 29.000000 -1.800000 -40.000000
v 29.000000 -1.800000 -39.000000
v 29.000000 -1.800000 -38.000000
v 29.000000 -1.800000 -37.000000
v 29.000000 -1.800000 -36.000000
v 29.000000 -1.800000 -35.000000
v 29.000000 -1.800000 -34.000000
v 29.000000 -1.800000 -33.000000
v 29.000000 -1.800000 -32.000000
v 29.000000 -1.800000 -31.000000
v 29.000000 -1.800000 -30.000000
v 29.000000 -1.800000 -29.000000
v 29.000000 -1.800000 -28.000000
v 29.000000 -1.800000 -27.000000
v 29.000000 -1.800000 -26.000000
v 29.000000 -1.800000 -25.000000
v 29.000000 -1.800000 -24.000000
v 29.000000 -1.800000 -23.000000
v 29.000000 -1.800000 -22.000000
v 29.000000 -1.800000 -21.000000
v 29.000000 -1.800000 -20.000000
v 29.000000 -1.800000 -19.000000
v 29.000000 -1.800000 -18.000000
v 29.000000 -1.762982 -17.000000
v 29.000000 -1.397439 -16.000000
v 29.000000 -1.069888 -15.000000
v 29.000000 -0.785595 -14.000000
v 29.000000 -0.546145 -13.000000
v 29.000000 -0.348791 -12.000000
v 29.000000 1.476062 -11.000000
v 29.000000 2.533302 -10.000000
v 29.000000 3.574199 -9.000000
v 29.000000 4.577593 -8.000000
v 29.000000 5.467935 -7.000000
v 29.000000 5.916667 -6.000000
v 29.000000 5.467935 -5.000000
v 29.000000 4.577593 -4.000000
v 29.000000 3.574199 -3.000000
v 29.000000 2.533302 -2.000000
v 29.000000 2.500000 -1.000000
v 29.000000 2.500000 0.000000
v 29.000000 5.500000 1.000000
v 29.000000 5.500000 2.000000
v 29.000000 5.500000 3.000000
v 29.000000 5.500000 4.000000
v 29.000000 5.500000 5.000000
v 29.000000 5.500000 6.000000
v 29.000000 5.500000 7.000000
v 29.000000 2.500000 8.000000
v 29.000000 2.500000 9.000000
v 29.000000 2.500000 10.000000
v 29.000000 2.500000 11.000000
v 29.000000 0.736232 12.000000
v 29.000000 0.236294 13.000000
v 29.000000 -0.245681 14.000000
v 29.000000 -0.691692 15.000000
v 29.000000 -1.089773 16.000000
v 29.000000 -1.435299 17.000000
v 29.000000 -1.730556 18.000000
v 29.000000 -1.800000 19.000000
v 29.000000 -1.800000 20.000000
v 29.000000 -1.800000 21.000000
v 29.000000 -1.800000 22.000000
v 29.000000 -1.800000 23.000000
v 29.000000 -1.800000 24.000000
v 29.000000 -1.800000 25.000000
v 29.000000 -1.800000 26.000000
v 29.000000 -1.800000 27.000000
v 29.000000 -1.800000 28.000000
v 29.000000 -1.800000 29.000000
v 29.000000 -1.800000 30.000000
v 29.000000 -1.800000 31.000000
v 29.000000 -1.800000 32.000000
v 29.000000 -1.800000 33.000000
v 29.000000 -1.800000 34.000000
v 29.000000 -1.800000 35.000000
v 29.000000 -1.800000 36.000000
v 29.000000 -1.800000 37.000000
v 29.000000 -1.800000 38.000000
v 29.000000 -1.800000 39.000000
v 29.000000 -1.800000 40.000000
v 30.000000 -1.800000 -40.000000
v 30.000000 -1.800000 -39.000000
v 30.000000 -1.800000 -38.000000
v 30.000000 -1.800000 -37.000000
v 30.000000 -1.800000 -36.000000
v 30.000000 -1.800000 -35.000000
v 30.000000 -1.800000 -34.000000
v 30.000000 -1.800000 -33.000000
v 30.000000 -1.800000 -32.000000
v 30.000000 -1.800000 -31.000000
v 30.000000 -1.800000 -30.000000
v 30.000000 -1.800000 -29.000000
v 30.000000 -1.800000 -28.000000
v 30.000000 -1.800000 -27.000000
v 30.000000 -1.800000 -26.000000
v 30.000000 -1.800000 -25.000000
v 30.000000 -1.800000 -24.000000
v 30.000000 -1.800000 -23.000000
v 30.000000 -1.800000 -22.000000
v 30.000000 -1.800000 -21.000000
v 30.000000 -1.800000 -20.000000
v 30.000000 -1.800000 -19.000000
v 30.000000 -1.800000 -18.000000
v 30.000000 -1.800000 -17.000000
v 30.000000 -1.563038 -16.000000
v 30.000000 -1.257387 -15.000000
v 30.000000 -0.994825 -14.000000
v 30.000000 -0.774952 -13.000000
v 30.000000 -0.593203 -12.000000
v 30.000000 1.583333 -11.000000
v 30.000000 2.666667 -10.000000
v 30.000000 3.750000 -9.000000
v 30.000000 4.833333 -8.000000
v 30.000000 5.916667 -7.000000
v 30.000000 7.000000 -6.000000
v 30.000000 5.916667 -5.000000
v 30.000000 4.833333 -4.000000
v 30.000000 3.750000 -3.000000
v 30.000000 2.666667 -2.000000
v 30.000000 2.500000 -1.000000
v 30.000000 2.500000 0.000000
v 30.000000 2.500000 1.000000
v 30.000000 5.500000 2.000000
v 30.000000 5.500000 3.000000
v 30.000000 5.500000 4.000000
v 30.000000 5.500000 5.000000
v 30.000000 5.500000 6.000000
v 30.000000 2.500000 7.000000
v 30.000000 2.500000 8.000000
v 30.000000 2.500000 9.000000
v 30.000000 2.500000 10.000000
v 30.000000 2.500000 11.000000
v 30.000000 0.665343 12.000000
v 30.000000 0.164075 13.000000
v 30.000000 -0.328539 14.000000
v 30.000000 -0.793891 15.000000
v 30.000000 -1.217810 16.000000
v 30.000000 -1.592376 17.000000
v 30.000000 -1.800000 18.000000
v 30.000000 -1.800000 19.000000
v 30.000000 -1.800000 20.000000
v 30.000000 -1.800000 21.000000
v 30.000000 -1.800000 22.000000
v 30.000000 -1.800000 23.000000
v 30.000000 -1.800000 24.000000
v 30.000000 -1.800000 25.000000
v 30.000000 -1.800000 26.000000
v 30.000000 -1.800000 27.000000
v 30.000000 -1.800000 28.000000
v 30.000000 -1.800000 29.000000
v 30.000000 -1.800000 30.000000
v 30.000000 -1.800000 31.000000
v 30.000000 -1.800000 32.000000
v 30.000000 -1.800000 33.000000
v 30.000000 -1.800000 34.000000
v 30.000000 -1.800000 35.000000
v 30.000000 -1.800000 36.000000
v 30.000000 -1.800000 37.000000
v 30.000000 -1.800000 38.000000
v 30.000000 -1.800000 39.000000
v 30.000000 -1.800000 40.000000
v 31.000000 -1.800000 -40.000000
v 31.000000 -1.800000 -39.000000
v 31.000000 -1.800000 -38.000000
v 31.000000 -1.800000 -37.000000
v 31.000000 -1.800000 -36.000000
v 31.000000 -1.800000 -35.000000
v 31.000000 -1.800000 -34.000000
v 31.000000 -1.800000 -33.000000
v 31.000000 -1.800000 -32.000000
v 31.000000 -1.800000 -31.000000
v 31.000000 -1.800000 -30.000000
v 31.000000 -1.800000 -29.000000
v 31.000000 -1.800000 -28.000000
v 31.000000 -1.800000 -27.000000
v 31.000000 -1.800000 -26.000000
v 31.000000 -1.800000 -25.000000
v 31.000000 -1.800000 -24.000000
v 31.000000 -1.800000 -23.000000
v 31.000000 -1.800000 -22.000000
v 31.000000 -1.800000 -21.000000
v 31.000000 -1.800000 -20.000000
v 31.000000 -1.800000 -19.000000
v 31.000000 -1.800000 -18.000000
v 31.000000 -1.800000 -17.000000
v 31.000000 -1.740024 -16.000000
v 31.000000 -1.455723 -15.000000
v 31.000000 -1.213426 -14.000000
v 31.000000 -1.010997 -13.000000
v 31.000000 -0.842323 -12.000000
v 31.000000 1.476062 -11.000000
v 31.000000 2.533302 -10.000000
v 31.000000 3.574199 -9.000000
v 31.000000 4.577593 -8.000000
v 31.000000 5.467935 -7.000000
v 31.000000 5.916667 -6.000000
v 31.000000 5.467935 -5.000000
v 31.000000 4.577593 -4.000000
v 31.000000 3.574199 -3.000000
v 31.000000 2.533302 -2.000000
v 31.000000 2.500000 -1.000000
v 31.000000 2.500000 0.000000
v 31.000000 2.500000 1.000000
v 31.000000 2.500000 2.000000
v 31.000000 5.500000 3.000000
v 31.000000 5.500000 4.000000
v 31.000000 5.500000 5.000000
v 31.000000 2.500000 6.000000
v 31.000000 2.500000 7.000000
v 31.000000 2.500000 8.000000
v 31.000000 2.500000 9.000000
v 31.000000 2.500000 10.000000
v 31.000000 2.500000 11.000000
v 31.000000 0.592600 12.000000
v 31.000000 0.093541 13.000000
v 31.000000 -0.405350 14.000000
v 31.000000 -0.885589 15.000000
v 31.000000 -1.331663 16.000000
v 31.000000 -1.733082 17.000000
v 31.000000 -1.800000 18.000000
v 31.000000 -1.800000 19.000000
v 31.000000 -1.800000 20.000000
v 31.000000 -1.800000 21.000000
v 31.000000 -1.800000 22.000000
v 31.000000 -1.800000 23.000000
v 31.000000 -1.800000 24.000000
v 31.000000 -1.800000 25.000000
v 31.000000 -1.800000 26.000000
v 31.000000 -1.800000 27.000000
v 31.000000 -1.800000 28.000000
v 31.000000 -1.800000 29.000000
v 31.000000 -1.800000 30.000000
v 31.000000 -1.800000 31.000000
v 31.000000 -1.800000 32.000000
v 31.000000 -1.800000 33.000000
v 31.000000 -1.800000 34.000000
v 31.000000 -1.800000 35.000000
v 31.000000 -1.800000 36.000000
v 31.000000 -1.800000 37.000000
v 31.000000 -1.800000 38.000000
v 31.000000 -1.800000 39.000000
v 31.000000 -1.800000 40.000000
v 32.000000 -1.800000 -40.000000
v 32.000000 -1.800000 -39.000000
v 32.000000 -1.800000 -38.000000
v 32.000000 -1.800000 -37.000000
v 32.000000 -1.800000 -36.000000
v 32.000000 -1.800000 -35.000000
v 32.000000 -1.800000 -34.000000
v 32.000000 -1.800000 -33.000000
v 32.000000 -1.800000 -32.000000
v 32.000000 -1.800000 -31.000000
v 32.000000 -1.800000 -30.000000
v 32.000000 -1.800000 -29.000000
v 32.000000 -1.800000 -28.000000
v 32.000000 -1.800000 -27.000000
v 32.000000 -1.800000 -26.000000
v 32.000000 -1.800000 -25.000000
v 32.000000 -1.800000 -24.000000
v 32.000000 -1.800000 -23.000000
v 32.000000 -1.800000 -22.000000
v 32.000000 -1.800000 -21.000000
v 32.000000 -1.800000 -20.000000
v 32.000000 -1.800000 -19.000000
v 32.000000 -1.800000 -18.000000
v 32.000000 -1.800000 -17.000000
v 32.000000 -1.800000 -16.000000
v 32.000000 -1.663958 -15.000000
v 32.000000 -1.440229 -14.000000
v 32.000000 -1.253050 -13.000000
v 32.000000 -1.095010 -12.000000
v 32.000000 1.166071 -11.000000
v 32.000000 2.155186 -10.000000
v 32.000000 3.093986 -9.000000
v 32.000000 3.935871 -8.000000
v 32.000000 4.577593 -7.000000
v 32.000000 4.833333 -6.000000
v 32.000000 4.577593 -5.000000
v 32.000000 3.935871 -4.000000
v 32.000000 3.093986 -3.000000
v 32.000000 2.500000 -2.000000
v 32.000000 2.500000 -1.000000
v 32.000000 2.500000 0.000000
v 32.000000 2.500000 1.000000
v 32.000000 2.500000 2.000000
v 32.000000 2.500000 3.000000
v 32.000000 2.500000 4.000000
v 32.000000 2.500000 5.000000
v 32.000000 2.500000 6.000000
v 32.000000 2.500000 7.000000
v 32.000000 2.500000 8.000000
v 32.000000 2.500000 9.000000
v 32.000000 2.500000 10.000000
v 32.000000 2.500000 11.000000
v 32.000000 0.517042 12.000000
v 32.000000 0.023072 13.000000
v 32.000000 -0.478278 14.000000
v 32.000000 -0.969170 15.000000
v 32.000000 -1.433484 16.000000
v 32.000000 -1.800000 17.000000
v 32.000000 -1.800000 18.000000
v 32.000000 -1.800000 19.000000
v 32.000000 -1.800000 20.000000
v 32.000000 -1.800000 21.000000
v 32.000000 -1.800000 22.000000
v 32.000000 -1.800000 23.000000
v 32.000000 -1.800000 24.000000
v 32.000000 -1.800000 25.000000
v 32.000000 -1.800000 26.000000
v 32.000000 -1.800000 27.000000
v 32.000000 -1.800000 28.000000
v 32.000000 -1.800000 29.000000
v 32.000000 -1.800000 30.000000
v 32.000000 -1.800000 31.000000
v 32.000000 -1.800000 32.000000
v 32.000000 -1.800000 33.000000
v 32.000000 -1.800000 34.000000
v 32.000000 -1.800000 35.000000
v 32.000000 -1.800000 36.000000
v 32.000000 -1.800000 37.000000
v 32.000000 -1.800000 38.000000
v 32.000000 -1.800000 39.000000
v 32.000000 -1.800000 40.000000
v 33.000000 -1.800000 -40.000000
v 33.000000 -1.800000 -39.000000
v 33.000000 -1.800000 -38.000000
v 33.000000 -1.800000 -37.000000
v 33.000000 -1.800000 -36.000000
v 33.000000 -1.800000 -35.000000
v 33.000000 -1.800000 -34.000000
v 33.000000 -1.800000 -33.000000
v 33.000000 -1.800000 -32.000000
v 33.000000 -1.800000 -31.000000
v 33.000000 -1.800000 -30.000000
v 33.000000 -1.800000 -29.000000
v 33.000000 -1.800000 -28.000000
v 33.000000 -1.800000 -27.000000
v 33.000000 -1.800000 -26.000000
v 33.000000 -1.800000 -25.000000
v 33.000000 -1.800000 -24.000000
v 33.000000 -1.800000 -23.000000
v 33.000000 -1.800000 -22.000000
v 33.000000 -1.800000 -21.000000
v 33.000000 -1.800000 -20.000000
v 33.000000 -1.800000 -19.000000
v 33.000000 -1.800000 -18.000000
v 33.000000 -1.800000 -17.000000
v 33.000000 -1.800000 -16.000000
v 33.000000 -1.800000 -15.000000
v 33.000000 -1.674093 -14.000000
v 33.000000 -1.499974 -13.000000
v 33.000000 -1.350257 -12.000000
v 33.000000 0.683135 -11.000000
v 33.000000 1.583333 -10.000000
v 33.000000 2.403806 -9.000000
v 33.000000 3.093986 -8.000000
v 33.000000 3.574199 -7.000000
v 33.000000 3.750000 -6.000000
v 33.000000 3.574199 -5.000000
v 33.000000 3.093986 -4.000000
v 33.000000 2.500000 -3.000000
v 33.000000 2.500000 -2.000000
v 33.000000 2.500000 -1.000000
v 33.000000 2.500000 0.000000
v 33.000000 2.500000 1.000000
v 33.000000 2.500000 2.000000
v 33.000000 2.500000 3.000000
v 33.000000 2.500000 4.000000
v 33.000000 2.500000 5.000000
v 33.000000 2.500000 6.000000
v 33.000000 2.500000 7.000000
v 33.000000 2.500000 8.000000
v 33.000000 2.500000 9.000000
v 33.000000 2.500000 10.000000
v 33.000000 2.500000 11.000000
v 33.000000 0.437995 12.000000
v 33.000000 -0.048596 13.000000
v 33.000000 -0.549148 14.000000
v 33.000000 -1.046818 15.000000
v 33.000000 -1.525461 16.000000
v 33.000000 -1.800000 17.000000
v 33.000000 -1.800000 18.000000
v 33.000000 -1.800000 19.000000
v 33.000000 -1.800000 20.000000
v 33.000000 -1.800000 21.000000
v 33.000000 -1.800000 22.000000
v 33.000000 -1.800000 23.000000
v 33.000000 -1.800000 24.000000
v 33.000000 -1.800000 25.000000
v 33.000000 -1.800000 26.000000
v 33.000000 -1.800000 27.000000
v 33.000000 -1.800000 28.000000
v 33.000000 -1.800000 29.000000
v 33.000000 -1.800000 30.000000
v 33.000000 -1.800000 31.000000
v 33.000000 -1.800000 32.000000
v 33.000000 -1.800000 33.000000
v 33.000000 -1.800000 34.000000
v 33.000000 -1.800000 35.000000
v 33.000000 -1.800000 36.000000
v 33.000000 -1.800000 37.000000
v 33.000000 -1.800000 38.000000
v 33.000000 -1.800000 39.000000
v 33.000000 -1.800000 40.000000
v 34.000000 -1.800000 -40.000000
v 34.000000 -1.800000 -39.000000
v 34.000000 -1.800000 -38.000000
v 34.000000 -1.800000 -37.000000
v 34.000000 -1.800000 -36.000000
v 34.000000 -1.800000 -35.000000
v 34.000000 -1.800000 -34.000000
v 34.000000 -1.800000 -33.000000
v 34.000000 -1.800000 -32.000000
v 34.000000 -1.800000 -31.000000
v 34.000000 -1.800000 -30.000000
v 34.000000 -1.800000 -29.000000
v 34.000000 -1.800000 -28.000000
v 34.000000 -1.800000 -27.000000
v 34.000000 -1.800000 -26.000000
v 34.000000 -1.800000 -25.000000
v 34.000000 -1.800000 -24.000000
v 34.000000 -1.800000 -23.000000
v 34.000000 -1.800000 -22.000000
v 34.000000 -1.800000 -21.000000
v 34.000000 -1.800000 -20.000000
v 34.000000 -1.800000 -19.000000
v 34.000000 -1.800000 -18.000000
v 34.000000 -1.800000 -17.000000
v 34.000000 -1.800000 -16.000000
v 34.000000 -1.800000 -15.000000
v 34.000000 -1.800000 -14.000000
v 34.000000 -1.750741 -13.000000
v 34.000000 -1.607192 -12.000000
v 34.000000 -1.470880 -11.000000
v 34.000000 0.871741 -10.000000
v 34.000000 1.583333 -9.000000
v 34.000000 2.155186 -8.000000
v 34.000000 2.533302 -7.000000
v 34.000000 2.666667 -6.000000
v 34.000000 2.533302 -5.000000
v 34.000000 2.155186 -4.000000
v 34.000000 1.583333 -3.000000
v 34.000000 2.500000 -2.000000
v 34.000000 2.500000 -1.000000
v 34.000000 2.500000 0.000000
v 34.000000 2.500000 1.000000
v 34.000000 2.500000 2.000000
v 34.000000 2.500000 3.000000
v 34.000000 2.500000 4.000000
v 34.000000 2.500000 5.000000
v 34.000000 2.500000 6.000000
v 34.000000 2.500000 7.000000
v 34.000000 2.500000 8.000000
v 34.000000 2.500000 9.000000
v 34.000000 2.500000 10.000000
v 34.000000 0.798747 11.000000
v 34.000000 0.355010 12.000000
v 34.000000 -0.122425 13.000000
v 34.000000 -0.619465 14.000000
v 34.000000 -1.120465 15.000000
v 34.000000 -1.609695 16.000000
v 34.000000 -1.800000 17.000000
v 34.000000 -1.800000 18.000000
v 34.000000 -1.800000 19.000000
v 34.000000 -1.800000 20.000000
v 34.000000 -1.800000 21.000000
v 34.000000 -1.800000 22.000000
v 34.000000 -1.800000 23.000000
v 34.000000 -1.800000 24.000000
v 34.000000 -1.800000 25.000000
v 34.000000 -1.800000 26.000000
v 34.000000 -1.800000 27.000000
v 34.000000 -1.800000 28.000000
v 34.000000 -1.800000 29.000000
v 34.000000 -1.800000 30.000000
v 34.000000 -1.800000 31.000000
v 34.000000 -1.800000 32.000000
v 34.000000 -1.800000 33.000000
v 34.000000 -1.800000 34.000000
v 34.000000 -1.800000 35.000000
v 34.000000 -1.800000 36.000000
v 34.000000 -1.800000 37.000000
v 34.000000 -1.800000 38.000000
v 34.000000 -1.800000 39.000000
v 34.000000 -1.800000 40.000000
v 35.000000 -1.800000 -40.000000
v 35.000000 -1.800000 -39.000000
v 35.000000 -1.800000 -38.000000
v 35.000000 -1.800000 -37.000000
v 35.000000 -1.800000 -36.000000
v 35.000000 -1.800000 -35.000000
v 35.000000 -1.800000 -34.000000
v 35.000000 -1.800000 -33.000000
v 35.000000 -1.800000 -32.000000
v 35.000000 -1.800000 -31.000000
v 35.000000 -1.800000 -30.000000
v 35.000000 -1.800000 -29.000000
v 35.000000 -1.800000 -28.000000
v 35.000000 -1.800000 -27.000000
v 35.000000 -1.800000 -26.000000
v 35.000000 -1.800000 -25.000000
v 35.000000 -1.800000 -24.000000
v 35.000000 -1.800000 -23.000000
v 35.000000 -1.800000 -22.000000
v 35.000000 -1.800000 -21.000000
v 35.000000 -1.800000 -20.000000
v 35.000000 -1.800000 -19.000000
v 35.000000 -1.800000 -18.000000
v 35.000000 -1.800000 -17.000000
v 35.000000 -1.800000 -16.000000
v 35.000000 -1.800000 -15.000000
v 35.000000 -1.800000 -14.000000
v 35.000000 -1.800000 -13.000000
v 35.000000 -1.800000 -12.000000
v 35.000000 -1.728027 -11.000000
v 35.000000 -1.578954 -10.000000
v 35.000000 0.683135 -9.000000
v 35.000000 1.166071 -8.000000
v 35.000000 1.476062 -7.000000
v 35.000000 1.583333 -6.000000
v 35.000000 1.476062 -5.000000
v 35.000000 1.166071 -4.000000
v 35.000000 0.683135 -3.000000
v 35.000000 2.500000 -2.000000
v 35.000000 2.500000 -1.000000
v 35.000000 2.500000 0.000000
v 35.000000 2.500000 1.000000
v 35.000000 2.500000 2.000000
v 35.000000 2.500000 3.000000
v 35.000000 2.500000 4.000000
v 35.000000 2.500000 5.000000
v 35.000000 2.500000 6.000000
v 35.000000 2.500000 7.000000
v 35.000000 2.500000 8.000000
v 35.000000 2.500000 9.000000
v 35.000000 2.500000 10.000000
v 35.000000 0.697829 11.000000
v 35.000000 0.267811 12.000000
v 35.000000 -0.199124 13.000000
v 35.000000 -0.690433 14.000000
v 35.000000 -1.191772 15.000000
v 35.000000 -1.688126 16.000000
v 35.000000 -1.800000 17.000000
v 35.000000 -1.800000 18.000000
v 35.000000 -1.800000 19.000000
v 35.000000 -1.800000 20.000000
v 35.000000 -1.800000 21.000000
v 35.000000 -1.800000 22.000000
v 35.000000 -1.800000 23.000000
v 35.000000 -1.800000 24.000000
v 35.000000 -1.800000 25.000000
v 35.000000 -1.800000 26.000000
v 35.000000 -1.800000 27.000000
v 35.000000 -1.800000 28.000000
v 35.000000 -1.800000 29.000000
v 35.000000 -1.800000 30.000000
v 35.000000 -1.800000 31.000000
v 35.000000 -1.800000 32.000000
v 35.000000 -1.800000 33.000000
v 35.000000 -1.800000 34.000000
v 35.000000 -1.800000 35.000000
v 35.000000 -1.800000 36.000000
v 35.000000 -1.800000 37.000000
v 35.000000 -1.800000 38.000000
v 35.000000 -1.800000 39.000000
v 35.000000 -1.800000 40.000000
v 36.000000 -1.800000 -40.000000
v 36.000000 -1.800000 -39.000000
v 36.000000 -1.800000 -38.000000
v 36.000000 -1.800000 -37.000000
v 36.000000 -1.800000 -36.000000
v 36.000000 -1.800000 -35.000000
v 36.000000 -1.800000 -34.000000
v 36.000000 -1.800000 -33.000000
v 36.000000 -1.800000 -32.000000
v 36.000000 -1.800000 -31.000000
v 36.000000 -1.800000 -30.000000
v 36.000000 -1.800000 -29.000000
v 36.000000 -1.800000 -28.000000
v 36.000000 -1.800000 -27.000000
v 36.000000 -1.800000 -26.000000
v 36.000000 -1.800000 -25.000000
v 36.000000 -1.800000 -24.000000
v 36.000000 -1.800000 -23.000000
v 36.000000 -1.800000 -22.000000
v 36.000000 -1.800000 -21.000000
v 36.000000 -1.800000 -20.000000
v 36.000000 -1.800000 -19.000000
v 36.000000 -1.800000 -18.000000
v 36.000000 -1.800000 -17.000000
v 36.000000 -1.800000 -16.000000
v 36.000000 -1.800000 -15.000000
v 36.000000 -1.800000 -14.000000
v 36.000000 -1.800000 -13.000000
v 36.000000 -1.800000 -12.000000
v 36.000000 -1.800000 -11.000000
v 36.000000 -1.800000 -10.000000
v 36.000000 -1.643934 -9.000000
v 36.000000 -1.419187 -8.000000
v 36.000000 -1.148814 -7.000000
v 36.000000 -0.833829 -6.000000
v 36.000000 -0.482210 -5.000000
v 36.000000 -0.107705 -4.000000
v 36.000000 0.272542 -3.000000
v 36.000000 0.640730 -2.000000
v 36.000000 2.500000 -1.000000
v 36.000000 2.500000 0.000000
v 36.000000 2.500000 1.000000
v 36.000000 2.500000 2.000000
v 36.000000 2.500000 3.000000
v 36.000000 2.500000 4.000000
v 36.000000 2.500000 5.000000
v 36.000000 2.500000 6.000000
v 36.000000 2.500000 7.000000
v 36.000000 2.500000 8.000000
v 36.000000 2.500000 9.000000
v 36.000000 2.500000 10.000000
v 36.000000 0.592249 11.000000
v 36.000000 0.176256 12.000000
v 36.000000 -0.279192 13.000000
v 36.000000 -0.762997 14.000000
v 36.000000 -1.262130 15.000000
v 36.000000 -1.762489 16.000000
v 36.000000 -1.800000 17.000000
v 36.000000 -1.800000 18.000000
v 36.000000 -1.800000 19.000000
v 36.000000 -1.800000 20.000000
v 36.000000 -1.800000 21.000000
v 36.000000 -1.800000 22.000000
v 36.000000 -1.800000 23.000000
v 36.000000 -1.800000 24.000000
v 36.000000 -1.800000 25.000000
v 36.000000 -1.800000 26.000000
v 36.000000 -1.800000 27.000000
v 36.000000 -1.800000 28.000000
v 36.000000 -1.800000 29.000000
v 36.000000 -1.800000 30.000000
v 36.000000 -1.800000 31.000000
v 36.000000 -1.800000 32.000000
v 36.000000 -1.800000 33.000000
v 36.000000 -1.800000 34.000000
v 36.000000 -1.800000 35.000000
v 36.000000 -1.800000 36.000000
v 36.000000 -1.800000 37.000000
v 36.000000 -1.800000 38.000000
v 36.000000 -1.800000 39.000000
v 36.000000 -1.800000 40.000000
v 37.000000 -1.800000 -40.000000
v 37.000000 -1.800000 -39.000000
v 37.000000 -1.800000 -38.000000
v 37.000000 -1.800000 -37.000000
v 37.000000 -1.800000 -36.000000
v 37.000000 -1.800000 -35.000000
v 37.000000 -1.800000 -34.000000
v 37.000000 -1.800000 -33.000000
v 37.000000 -1.800000 -32.000000
v 37.000000 -1.800000 -31.000000
v 37.000000 -1.800000 -30.000000
v 37.000000 -1.800000 -29.000000
v 37.000000 -1.800000 -28.000000
v 37.000000 -1.800000 -27.000000
v 37.000000 -1.800000 -26.000000
v 37.000000 -1.800000 -25.000000
v 37.000000 -1.800000 -24.000000
v 37.000000 -1.800000 -23.000000
v 37.000000 -1.800000 -22.000000
v 37.000000 -1.800000 -21.000000
v 37.000000 -1.800000 -20.000000
v 37.000000 -1.800000 -19.000000
v 37.000000 -1.800000 -18.000000
v 37.000000 -1.800000 -17.000000
v 37.000000 -1.800000 -16.000000
v 37.000000 -1.800000 -15.000000
v 37.000000 -1.800000 -14.000000
v 37.000000 -1.800000 -13.000000
v 37.000000 -1.800000 -12.000000
v 37.000000 -1.800000 -11.000000
v 37.000000 -1.800000 -10.000000
v 37.000000 -1.800000 -9.000000
v 37.000000 -1.647020 -8.000000
v 37.000000 -1.367286 -7.000000
v 37.000000 -1.045079 -6.000000
v 37.000000 -0.689043 -5.000000
v 37.000000 -0.312846 -4.000000
v 37.000000 0.067051 -3.000000
v 37.000000 0.433849 -2.000000
v 37.000000 0.772410 -1.000000
v 37.000000 2.500000 0.000000
v 37.000000 2.500000 1.000000
v 37.000000 2.500000 2.000000
v 37.000000 2.500000 3.000000
v 37.000000 2.500000 4.000000
v 37.000000 2.500000 5.000000
v 37.000000 2.500000 6.000000
v 37.000000 2.500000 7.000000
v 37.000000 2.500000 8.000000
v 37.000000 2.500000 9.000000
v 37.000000 2.500000 10.000000
v 37.000000 0.482151 11.000000
v 37.000000 0.080301 12.000000
v 37.000000 -0.362970 13.000000
v 37.000000 -0.837878 14.000000
v 37.000000 -1.332680 15.000000
v 37.000000 -1.800000 16.000000
v 37.000000 -1.800000 17.000000
v 37.000000 -1.800000 18.000000
v 37.000000 -1.800000 19.000000
v 37.000000 -1.800000 20.000000
v 37.000000 -1.800000 21.000000
v 37.000000 -1.800000 22.000000
v 37.000000 -1.800000 23.000000
v 37.000000 -1.800000 24.000000
v 37.000000 -1.800000 25.000000
v 37.000000 -1.800000 26.000000
v 37.000000 -1.800000 27.000000
v 37.000000 -1.800000 28.000000
v 37.000000 -1.800000 29.000000
v 37.000000 -1.800000 30.000000
v 37.000000 -1.800000 31.000000
v 37.000000 -1.800000 32.000000
v 37.000000 -1.800000 33.000000
v 37.000000 -1.800000 34.000000
v 37.000000 -1.800000 35.000000
v 37.000000 -1.800000 36.000000
v 37.000000 -1.800000 37.000000
v 37.000000 -1.800000 38.000000
v 37.000000 -1.800000 39.000000
v 37.000000 -1.800000 40.000000
v 38.000000 -1.800000 -40.000000
v 38.000000 -1.800000 -39.000000
v 38.000000 -1.800000 -38.000000
v 38.000000 -1.800000 -37.000000
v 38.000000 -1.800000 -36.000000
v 38.000000 -1.800000 -35.000000
v 38.000000 -1.800000 -34.000000
v 38.000000 -1.800000 -33.000000
v 38.000000 -1.800000 -32.000000
v 38.000000 -1.800000 -31.000000
v 38.000000 -1.800000 -30.000000
v 38.000000 -1.800000 -29.000000
v 38.000000 -1.800000 -28.000000
v 38.000000 -1.800000 -27.000000
v 38.000000 -1.800000 -26.000000
v 38.000000 -1.800000 -25.000000
v 38.000000 -1.800000 -24.000000
v 38.000000 -1.800000 -23.000000
v 38.000000 -1.800000 -22.000000
v 38.000000 -1.800000 -21.000000
v 38.000000 -1.800000 -20.000000
v 38.000000 -1.800000 -19.000000
v 38.000000 -1.800000 -18.000000
v 38.000000 -1.800000 -17.000000
v 38.000000 -1.800000 -16.000000
v 38.000000 -1.800000 -15.000000
v 38.000000 -1.800000 -14.000000
v 38.000000 -1.800000 -13.000000
v 38.000000 -1.800000 -12.000000
v 38.000000 -1.800000 -11.000000
v 38.000000 -1.800000 -10.000000
v 38.000000 -1.800000 -9.000000
v 38.000000 -1.800000 -8.000000
v 38.000000 -1.584217 -7.000000
v 38.000000 -1.255427 -6.000000
v 38.000000 -0.895503 -5.000000
v 38.000000 -0.517943 -4.000000
v 38.000000 -0.138526 -3.000000
v 38.000000 0.226885 -2.000000
v 38.000000 0.564085 -1.000000
v 38.000000 2.500000 0.000000
v 38.000000 2.500000 1.000000
v 38.000000 2.500000 2.000000
v 38.000000 2.500000 3.000000
v 38.000000 2.500000 4.000000
v 38.000000 2.500000 5.000000
v 38.000000 2.500000 6.000000
v 38.000000 2.500000 7.000000
v 38.000000 2.500000 8.000000
v 38.000000 2.500000 9.000000
v 38.000000 0.705945 10.000000
v 38.000000 0.367705 11.000000
v 38.000000 -0.020026 12.000000
v 38.000000 -0.450666 13.000000
v 38.000000 -0.915611 14.000000
v 38.000000 -1.404339 15.000000
v 38.000000 -1.800000 16.000000
v 38.000000 -1.800000 17.000000
v 38.000000 -1.800000 18.000000
v 38.000000 -1.800000 19.000000
v 38.000000 -1.800000 20.000000
v 38.000000 -1.800000 21.000000
v 38.000000 -1.800000 22.000000
v 38.000000 -1.800000 23.000000
v 38.000000 -1.800000 24.000000
v 38.000000 -1.800000 25.000000
v 38.000000 -1.800000 26.000000
v 38.000000 -1.800000 27.000000
v 38.000000 -1.800000 28.000000
v 38.000000 -1.800000 29.000000
v 38.000000 -1.800000 30.000000
v 38.000000 -1.800000 31.000000
v 38.000000 -1.800000 32.000000
v 38.000000 -1.800000 33.000000
v 38.000000 -1.800000 34.000000
v 38.000000 -1.800000 35.000000
v 38.000000 -1.800000 36.000000
v 38.000000 -1.800000 37.000000
v 38.000000 -1.800000 38.000000
v 38.000000 -1.800000 39.000000
v 38.000000 -1.800000 40.000000
v 39.000000 -1.800000 -40.000000
v 39.000000 -1.800000 -39.000000
v 39.000000 -1.800000 -38.000000
v 39.000000 -1.800000 -37.000000
v 39.000000 -1.800000 -36.000000
v 39.000000 -1.800000 -35.000000
v 39.000000 -1.800000 -34.000000
v 39.000000 -1.800000 -33.000000
v 39.000000 -1.800000 -32.000000
v 39.000000 -1.800000 -31.000000
v 39.000000 -1.800000 -30.000000
v 39.000000 -1.800000 -29.000000
v 39.000000 -1.800000 -28.000000
v 39.000000 -1.800000 -27.000000
v 39.000000 -1.800000 -26.000000
v 39.000000 -1.800000 -25.000000
v 39.000000 -1.800000 -24.000000
v 39.000000 -1.800000 -23.000000
v 39.000000 -1.800000 -22.000000
v 39.000000 -1.800000 -21.000000
v 39.000000 -1.800000 -20.000000
v 39.000000 -1.800000 -19.000000
v 39.000000 -1.800000 -18.000000
v 39.000000 -1.800000 -17.000000
v 39.000000 -1.800000 -16.000000
v 39.000000 -1.800000 -15.000000
v 39.000000 -1.800000 -14.000000
v 39.000000 -1.800000 -13.000000
v 39.000000 -1.800000 -12.000000
v 39.000000 -1.800000 -11.000000
v 39.000000 -1.800000 -10.000000
v 39.000000 -1.800000 -9.000000
v 39.000000 -1.800000 -8.000000
v 39.000000 -1.799764 -7.000000
v 39.000000 -1.464989 -6.000000
v 39.000000 -1.101653 -5.000000
v 39.000000 -0.723020 -4.000000
v 39.000000 -0.344192 -3.000000
v 39.000000 0.019841 -2.000000
v 39.000000 0.355731 -1.000000
v 39.000000 0.652631 0.000000
v 39.000000 2.500000 1.000000
v 39.000000 2.500000 2.000000
v 39.000000 2.500000 3.000000
v 39.000000 2.500000 4.000000
v 39.000000 2.500000 5.000000
v 39.000000 2.500000 6.000000
v 39.000000 2.500000 7.000000
v 39.000000 2.500000 8.000000
v 39.000000 2.500000 9.000000
v 39.000000 0.573145 10.000000
v 39.000000 0.249100 11.000000
v 39.000000 -0.124647 12.000000
v 39.000000 -0.542390 13.000000
v 39.000000 -0.996579 14.000000
v 39.000000 -1.477826 15.000000
v 39.000000 -1.800000 16.000000
v 39.000000 -1.800000 17.000000
v 39.000000 -1.800000 18.000000
v 39.000000 -1.800000 19.000000
v 39.000000 -1.800000 20.000000
v 39.000000 -1.800000 21.000000
v 39.000000 -1.800000 22.000000
v 39.000000 -1.800000 23.000000
v 39.000000 -1.800000 24.000000
v 39.000000 -1.800000 25.000000
v 39.000000 -1.800000 26.000000
v 39.000000 -1.800000 27.000000
v 39.000000 -1.800000 28.000000
v 39.000000 -1.800000 29.000000
v 39.000000 -1.800000 30.000000
v 39.000000 -1.800000 31.000000
v 39.000000 -1.800000 32.000000
v 39.000000 -1.800000 33.000000
v 39.000000 -1.800000 34.000000
v 39.000000 -1.800000 35.000000
v 39.000000 -1.800000 36.000000
v 39.000000 -1.800000 37.000000
v 39.000000 -1.800000 38.000000
v 39.000000 -1.800000 39.000000
v 39.000000 -1.800000 40.000000
v 40.000000 -1.800000 -40.000000
v 40.000000 -1.800000 -39.000000
v 40.000000 -1.800000 -38.000000
v 40.000000 -1.800000 -37.000000
v 40.000000 -1.800000 -36.000000
v 40.000000 -1.800000 -35.000000
v 40.000000 -1.800000 -34.000000
v 40.000000 -1.800000 -33.000000
v 40.000000 -1.800000 -32.000000
v 40.000000 -1.800000 -31.000000
v 40.000000 -1.800000 -30.000000
v 40.000000 -1.800000 -29.000000
v 40.000000 -1.800000 -28.000000
v 40.000000 -1.800000 -27.000000
v 40.000000 -1.800000 -26.000000
v 40.000000 -1.800000 -25.000000
v 40.000000 -1.800000 -24.000000
v 40.000000 -1.800000 -23.000000
v 40.000000 -1.800000 -22.000000
v 40.000000 -1.800000 -21.000000
v 40.000000 -1.800000 -20.000000
v 40.000000 -1.800000 -19.000000
v 40.000000 -1.800000 -18.000000
v 40.000000 -1.800000 -17.000000
v 40.000000 -1.800000 -16.000000
v 40.000000 -1.800000 -15.000000
v 40.000000 -1.800000 -14.000000
v 40.000000 -1.800000 -13.000000
v 40.000000 -1.800000 -12.000000
v 40.000000 -1.800000 -11.000000
v 40.000000 -1.800000 -10.000000
v 40.000000 -1.800000 -9.000000
v 40.000000 -1.800000 -8.000000
v 40.000000 -1.800000 -7.000000
v 40.000000 -1.673866 -6.000000
v 40.000000 -1.307549 -5.000000
v 40.000000 -0.928094 -4.000000
v 40.000000 -0.549947 -3.000000
v 40.000000 -0.187276 -2.000000
v 40.000000 0.147352 -1.000000
v 40.000000 0.443724 0.000000
v 40.000000 0.694163 1.000000
v 40.000000 2.500000 2.000000
v 40.000000 2.500000 3.000000
v 40.000000 2.500000 4.000000
v 40.000000 2.500000 5.000000
v 40.000000 2.500000 6.000000
v 40.000000 2.500000 7.000000
v 40.000000 2.500000 8.000000
v 40.000000 0.693880 9.000000
v 40.000000 0.436803 10.000000
v 40.000000 0.126530 11.000000
v 40.000000 -0.233445 12.000000
v 40.000000 -0.638176 13.000000
v 40.000000 -1.081043 14.000000
v 40.000000 -1.553697 15.000000
v 40.000000 -1.800000 16.000000
v 40.000000 -1.800000 17.000000
v 40.000000 -1.800000 18.000000
v 40.000000 -1.800000 19.000000
v 40.000000 -1.800000 20.000000
v 40.000000 -1.800000 21.000000
v 40.000000 -1.800000 22.000000
v 40.000000 -1.800000 23.000000
v 40.000000 -1.800000 24.000000
v 40.000000 -1.800000 25.000000
v 40.000000 -1.800000 26.000000
v 40.000000 -1.800000 27.000000
v 40.000000 -1.800000 28.000000
v 40.000000 -1.800000 29.000000
v 40.000000 -1.800000 30.000000
v 40.000000 -1.800000 31.000000
v 40.000000 -1.800000 32.000000
v 40.000000 -1.800000 33.000000
v 40.000000 -1.800000 34.000000
v 40.000000 -1.800000 35.000000
v 40.000000 -1.800000 36.000000
v 40.000000 -1.800000 37.000000
v 40.000000 -1.800000 38.000000
v 40.000000 -1.800000 39.000000
v 40.000000 -1.800000 40.000000
v 41.000000 -1.800000 -40.000000
v 41.000000 -1.800000 -39.000000
v 41.000000 -1.800000 -38.000000
v 41.000000 -1.800000 -37.000000
v 41.000000 -1.800000 -36.000000
v 41.000000 -1.800000 -35.000000
v 41.000000 -1.800000 -34.000000
v 41.000000 -1.800000 -33.000000
v 41.000000 -1.800000 -32.000000
v 41.000000 -1.800000 -31.000000
v 41.000000 -1.800000 -30.000000
v 41.000000 -1.800000 -29.000000
v 41.000000 -1.800000 -28.000000
v 41.000000 -1.800000 -27.000000
v 41.000000 -1.800000 -26.000000
v 41.000000 -1.800000 -25.000000
v 41.000000 -1.800000 -24.000000
v 41.000000 -1.800000 -23.000000
v 41.000000 -1.800000 -22.000000
v 41.000000 -1.800000 -21.000000
v 41.000000 -1.800000 -20.000000
v 41.000000 -1.800000 -19.000000
v 41.000000 -1.800000 -18.000000
v 41.000000 -1.800000 -17.000000
v 41.000000 -1.800000 -16.000000
v 41.000000 -1.800000 -15.000000
v 41.000000 -1.800000 -14.000000
v 41.000000 -1.800000 -13.000000
v 41.000000 -1.800000 -12.000000
v 41.000000 -1.800000 -11.000000
v 41.000000 -1.800000 -10.000000
v 41.000000 -1.800000 -9.000000
v 41.000000 -1.800000 -8.000000
v 41.000000 -1.800000 -7.000000
v 41.000000 -1.800000 -6.000000
v 41.000000 -1.513237 -5.000000
v 41.000000 -1.133181 -4.000000
v 41.000000 -0.755789 -3.000000
v 41.000000 -0.394465 -2.000000
v 41.000000 -0.061051 -1.000000
v 41.000000 0.234817 0.000000
v 41.000000 0.485863 1.000000
v 41.000000 0.686973 2.000000
v 41.000000 2.500000 3.000000
v 41.000000 2.500000 4.000000
v 41.000000 2.500000 5.000000
v 41.000000 2.500000 6.000000
v 41.000000 2.500000 7.000000
v 41.000000 0.731350 8.000000
v 41.000000 0.541515 9.000000
v 41.000000 0.297129 10.000000
v 41.000000 0.000192 11.000000
v 41.000000 -0.346283 12.000000
v 41.000000 -0.738002 13.000000
v 41.000000 -1.169166 14.000000
v 41.000000 -1.632365 15.000000
v 41.000000 -1.800000 16.000000
v 41.000000 -1.800000 17.000000
v 41.000000 -1.800000 18.000000
v 41.000000 -1.800000 19.000000
v 41.000000 -1.800000 20.000000
v 41.000000 -1.800000 21.000000
v 41.000000 -1.800000 22.000000
v 41.000000 -1.800000 23.000000
v 41.000000 -1.800000 24.000000
v 41.000000 -1.800000 25.000000
v 41.000000 -1.800000 26.000000
v 41.000000 -1.800000 27.000000
v 41.000000 -1.800000 28.000000
v 41.000000 -1.800000 29.000000
v 41.000000 -1.800000 30.000000
v 41.000000 -1.800000 31.000000
v 41.000000 -1.800000 32.000000
v 41.000000 -1.800000 33.000000
v 41.000000 -1.800000 34.000000
v 41.000000 -1.800000 35.000000
v 41.000000 -1.800000 36.000000
v 41.000000 -1.800000 37.000000
v 41.000000 -1.800000 38.000000
v 41.000000 -1.800000 39.000000
v 41.000000 -1.800000 40.000000
v 42.000000 -1.800000 -40.000000
v 42.000000 -1.800000 -39.000000
v 42.000000 -1.800000 -38.000000
v 42.000000 -1.800000 -37.000000
v 42.000000 -1.800000 -36.000000
v 42.000000 -1.800000 -35.000000
v 42.000000 -1.800000 -34.000000
v 42.000000 -1.800000 -33.000000
v 42.000000 -1.800000 -32.000000
v 42.000000 -1.800000 -31.000000
v 42.000000 -1.800000 -30.000000
v 42.000000 -1.800000 -29.000000
v 42.000000 -1.800000 -28.000000
v 42.000000 -1.800000 -27.000000
v 42.000000 -1.800000 -26.000000
v 42.000000 -1.800000 -25.000000
v 42.000000 -1.800000 -24.000000
v 42.000000 -1.800000 -23.000000
v 42.000000 -1.800000 -22.000000
v 42.000000 -1.800000 -21.000000
v 42.000000 -1.800000 -20.000000
v 42.000000 -1.800000 -19.000000
v 42.000000 -1.800000 -18.000000
v 42.000000 -1.800000 -17.000000
v 42.000000 -1.800000 -16.000000
v 42.000000 -1.800000 -15.000000
v 42.000000 -1.800000 -14.000000
v 42.000000 -1.800000 -13.000000
v 42.000000 -1.800000 -12.000000
v 42.000000 -1.800000 -11.000000
v 42.000000 -1.800000 -10.000000
v 42.000000 -1.800000 -9.000000
v 42.000000 -1.800000 -8.000000
v 42.000000 -1.800000 -7.000000
v 42.000000 -1.800000 -6.000000
v 42.000000 -1.718757 -5.000000
v 42.000000 -1.338294 -4.000000
v 42.000000 -0.961717 -3.000000
v 42.000000 -0.601720 -2.000000
v 42.000000 -0.269477 -1.000000
v 42.000000 0.025910 0.000000
v 42.000000 0.277534 1.000000
v 42.000000 0.480501 2.000000
v 42.000000 0.631576 3.000000
v 42.000000 0.728782 4.000000
v 42.000000 0.771030 5.000000
v 42.000000 0.757834 6.000000
v 42.000000 0.689118 7.000000
v 42.000000 0.565142 8.000000
v 42.000000 0.386518 9.000000
v 42.000000 0.154323 10.000000
v 42.000000 -0.129720 11.000000
v 42.000000 -0.463007 12.000000
v 42.000000 -0.841806 13.000000
v 42.000000 -1.261035 14.000000
v 42.000000 -1.714128 15.000000
v 42.000000 -1.800000 16.000000
v 42.000000 -1.800000 17.000000
v 42.000000 -1.800000 18.000000
v 42.000000 -1.800000 19.000000
v 42.000000 -1.800000 20.000000
v 42.000000 -1.800000 21.000000
v 42.000000 -1.800000 22.000000
v 42.000000 -1.800000 23.000000
v 42.000000 -1.800000 24.000000
v 42.000000 -1.800000 25.000000
v 42.000000 -1.800000 26.000000
v 42.000000 -1.800000 27.000000
v 42.000000 -1.800000 28.000000
v 42.000000 -1.800000 29.000000
v 42.000000 -1.800000 30.000000
v 42.000000 -1.800000 31.000000
v 42.000000 -1.800000 32.000000
v 42.000000 -1.800000 33.000000
v 42.000000 -1.800000 34.000000
v 42.000000 -1.800000 35.000000
v 42.000000 -1.800000 36.000000
v 42.000000 -1.800000 37.000000
v 42.000000 -1.800000 38.000000
v 42.000000 -1.800000 39.000000
v 42.000000 -1.800000 40.000000
v 43.000000 -1.800000 -40.000000
v 43.000000 -1.800000 -39.000000
v 43.000000 -1.800000 -38.000000
v 43.000000 -1.800000 -37.000000
v 43.000000 -1.800000 -36.000000
v 43.000000 -1.800000 -35.000000
v 43.000000 -1.800000 -34.000000
v 43.000000 -1.800000 -33.000000
v 43.000000 -1.800000 -32.000000
v 43.000000 -1.800000 -31.000000
v 43.000000 -1.800000 -30.000000
v 43.000000 -1.800000 -29.000000
v 43.000000 -1.800000 -28.000000
v 43.000000 -1.800000 -27.000000
v 43.000000 -1.800000 -26.000000
v 43.000000 -1.800000 -25.000000
v 43.000000 -1.800000 -24.000000
v 43.000000 -1.800000 -23.000000
v 43.000000 -1.800000 -22.000000
v 43.000000 -1.800000 -21.000000
v 43.000000 -1.800000 -20.000000
v 43.000000 -1.800000 -19.000000
v 43.000000 -1.800000 -18.000000
v 43.000000 -1.800000 -17.000000
v 43.000000 -1.800000 -16.000000
v 43.000000 -1.800000 -15.000000
v 43.000000 -1.800000 -14.000000
v 43.000000 -1.800000 -13.000000
v 43.000000 -1.800000 -12.000000
v 43.000000 -1.800000 -11.000000
v 43.000000 -1.800000 -10.000000
v 43.000000 -1.800000 -9.000000
v 43.000000 -1.800000 -8.000000
v 43.000000 -1.800000 -7.000000
v 43.000000 -1.800000 -6.000000
v 43.000000 -1.800000 -5.000000
v 43.000000 -1.543442 -4.000000
v 43.000000 -1.167731 -3.000000
v 43.000000 -0.809039 -2.000000
v 43.000000 -0.477923 -1.000000
v 43.000000 -0.182997 0.000000
v 43.000000 0.069177 1.000000
v 43.000000 0.273910 2.000000
v 43.000000 0.428070 3.000000
v 43.000000 0.529714 4.000000
v 43.000000 0.577746 5.000000
v 43.000000 0.571653 6.000000
v 43.000000 0.511321 7.000000
v 43.000000 0.396949 8.000000
v 43.000000 0.229057 9.000000
v 43.000000 0.008572 10.000000
v 43.000000 -0.263017 11.000000
v 43.000000 -0.583455 12.000000
v 43.000000 -0.949493 13.000000
v 43.000000 -1.356676 14.000000
v 43.000000 -1.799192 15.000000
v 43.000000 -1.800000 16.000000
v 43.000000 -1.800000 17.000000
v 43.000000 -1.800000 18.000000
v 43.000000 -1.800000 19.000000
v 43.000000 -1.800000 20.000000
v 43.000000 -1.800000 21.000000
v 43.000000 -1.800000 22.000000
v 43.000000 -1.800000 23.000000
v 43.000000 -1.800000 24.000000
v 43.000000 -1.800000 25.000000
v 43.000000 -1.800000 26.000000
v 43.000000 -1.800000 27.000000
v 43.000000 -1.800000 28.000000
v 43.000000 -1.800000 29.000000
v 43.000000 -1.800000 30.000000
v 43.000000 -1.800000 31.000000
v 43.000000 -1.800000 32.000000
v 43.000000 -1.800000 33.000000
v 43.000000 -1.800000 34.000000
v 43.000000 -1.800000 35.000000
v 43.000000 -1.800000 36.000000
v 43.000000 -1.800000 37.000000
v 43.000000 -1.800000 38.000000
v 43.000000 -1.800000 39.000000
v 43.000000 -1.800000 40.000000
v 44.000000 -1.800000 -40.000000
v 44.000000 -1.800000 -39.000000
v 44.000000 -1.800000 -38.000000
v 44.000000 -1.800000 -37.000000
v 44.000000 -1.800000 -36.000000
v 44.000000 -1.800000 -35.000000
v 44.000000 -1.800000 -34.000000
v 44.000000 -1.800000 -33.000000
v 44.000000 -1.800000 -32.000000
v 44.000000 -1.800000 -31.000000
v 44.000000 -1.800000 -30.000000
v 44.000000 -1.800000 -29.000000
v 44.000000 -1.800000 -28.000000
v 44.000000 -1.800000 -27.000000
v 44.000000 -1.800000 -26.000000
v 44.000000 -1.800000 -25.000000
v 44.000000 -1.800000 -24.000000
v 44.000000 -1.800000 -23.000000
v 44.000000 -1.800000 -22.000000
v 44.000000 -1.800000 -21.000000
v 44.000000 -1.800000 -20.000000
v 44.000000 -1.800000 -19.000000
v 44.000000 -1.800000 -18.000000
v 44.000000 -1.800000 -17.000000
v 44.000000 -1.800000 -16.000000
v 44.000000 -1.800000 -15.000000
v 44.000000 -1.800000 -14.000000
v 44.000000 -1.800000 -13.000000
v 44.000000 -1.800000 -12.000000
v 44.000000 -1.800000 -11.000000
v 44.000000 -1.800000 -10.000000
v 44.000000 -1.800000 -9.000000
v 44.000000 -1.800000 -8.000000
v 44.000000 -1.800000 -7.000000
v 44.000000 -1.800000 -6.000000
v 44.000000 -1.800000 -5.000000
v 44.000000 -1.748634 -4.000000
v 44.000000 -1.373829 -3.000000
v 44.000000 -1.016418 -2.000000
v 44.000000 -0.686390 -1.000000
v 44.000000 -0.391904 0.000000
v 44.000000 -0.139206 1.000000
v 44.000000 0.067210 2.000000
v 44.000000 0.224309 3.000000
v 44.000000 0.330181 4.000000
v 44.000000 0.383729 5.000000
v 44.000000 0.384416 6.000000
v 44.000000 0.332090 7.000000
v 44.000000 0.226901 8.000000
v 44.000000 0.069289 9.000000
v 44.000000 -0.139947 10.000000
v 44.000000 -0.399516 11.000000
v 44.000000 -0.707462 12.000000
v 44.000000 -1.060950 13.000000
v 44.000000 -1.456072 14.000000
v 44.000000 -1.800000 15.000000
v 44.000000 -1.800000 16.000000
v 44.000000 -1.800000 17.000000
v 44.000000 -1.800000 18.000000
v 44.000000 -1.800000 19.000000
v 44.000000 -1.800000 20.000000
v 44.000000 -1.800000 21.000000
v 44.000000 -1.800000 22.000000
v 44.000000 -1.800000 23.000000
v 44.000000 -1.800000 24.000000
v 44.000000 -1.800000 25.000000
v 44.000000 -1.800000 26.000000
v 44.000000 -1.800000 27.000000
v 44.000000 -1.800000 28.000000
v 44.000000 -1.800000 29.000000
v 44.000000 -1.800000 30.000000
v 44.000000 -1.800000 31.000000
v 44.000000 -1.800000 32.000000
v 44.000000 -1.800000 33.000000
v 44.000000 -1.800000 34.000000
v 44.000000 -1.800000 35.000000
v 44.000000 -1.800000 36.000000
v 44.000000 -1.800000 37.000000
v 44.000000 -1.800000 38.000000
v 44.000000 -1.800000 39.000000
v 44.000000 -1.800000 40.000000
v 45.000000 -1.800000 -40.000000
v 45.000000 -1.800000 -39.000000
v 45.000000 -1.800000 -38.000000
v 45.000000 -1.800000 -37.000000
v 45.000000 -1.800000 -36.000000
v 45.000000 -1.800000 -35.000000
v 45.000000 -1.800000 -34.000000
v 45.000000 -1.800000 -33.000000
v 45.000000 -1.800000 -32.000000
v 45.000000 -1.800000 -31.000000
v 45.000000 -1.800000 -30.000000
v 45.000000 -1.800000 -29.000000
v 45.000000 -1.800000 -28.000000
v 45.000000 -1.800000 -27.000000
v 45.000000 -1.800000 -26.000000
v 45.000000 -1.800000 -25.000000
v 45.000000 -1.800000 -24.000000
v 45.000000 -1.800000 -23.000000
v 45.000000 -1.800000 -22.000000
v 45.000000 -1.800000 -21.000000
v 45.000000 -1.800000 -20.000000
v 45.000000 -1.800000 -19.000000
v 45.000000 -1.800000 -18.000000
v 45.000000 -1.800000 -17.000000
v 45.000000 -1.800000 -16.000000
v 45.000000 -1.800000 -15.000000
v 45.000000 -1.800000 -14.000000
v 45.000000 -1.800000 -13.000000
v 45.000000 -1.800000 -12.000000
v 45.000000 -1.800000 -11.000000
v 45.000000 -1.800000 -10.000000
v 45.000000 -1.800000 -9.000000
v 45.000000 -1.800000 -8.000000
v 45.000000 -1.800000 -7.000000
v 45.000000 -1.800000 -6.000000
v 45.000000 -1.800000 -5.000000
v 45.000000 -1.800000 -4.000000
v 45.000000 -1.580008 -3.000000
v 45.000000 -1.223853 -2.000000
v 45.000000 -0.894875 -1.000000
v 45.000000 -0.600811 0.000000
v 45.000000 -0.347612 1.000000
v 45.000000 -0.139592 2.000000
v 45.000000 0.020309 3.000000
v 45.000000 0.130216 4.000000
v 45.000000 0.189029 5.000000
v 45.000000 0.196191 6.000000
v 45.000000 0.151520 7.000000
v 45.000000 0.055119 8.000000
v 45.000000 -0.092641 9.000000
v 45.000000 -0.291069 10.000000
v 45.000000 -0.539045 11.000000
v 45.000000 -0.834863 12.000000
v 45.000000 -1.176050 13.000000
v 45.000000 -1.559172 14.000000
v 45.000000 -1.800000 15.000000
v 45.000000 -1.800000 16.000000
v 45.000000 -1.800000 17.000000
v 45.000000 -1.800000 18.000000
v 45.000000 -1.800000 19.000000
v 45.000000 -1.800000 20.000000
v 45.000000 -1.800000 21.000000
v 45.000000 -1.800000 22.000000
v 45.000000 -1.800000 23.000000
v 45.000000 -1.800000 24.000000
v 45.000000 -1.800000 25.000000
v 45.000000 -1.800000 26.000000
v 45.000000 -1.800000 27.000000
v 45.000000 -1.800000 28.000000
v 45.000000 -1.800000 29.000000
v 45.000000 -1.800000 30.000000
v 45.000000 -1.800000 31.000000
v 45.000000 -1.800000 32.000000
v 45.000000 -1.800000 33.000000
v 45.000000 -1.800000 34.000000
v 45.000000 -1.800000 35.000000
v 45.000000 -1.800000 36.000000
v 45.000000 -1.800000 37.000000
v 45.000000 -1.800000 38.000000
v 45.000000 -1.800000 39.000000
v 45.000000 -1.800000 40.000000
v 46.000000 -1.800000 -40.000000
v 46.000000 -1.800000 -39.000000
v 46.000000 -1.800000 -38.000000
v 46.000000 -1.800000 -37.000000
v 46.000000 -1.800000 -36.000000
v 46.000000 -1.800000 -35.000000
v 46.000000 -1.800000 -34.000000
v 46.000000 -1.800000 -33.000000
v 46.000000 -1.800000 -32.000000
v 46.000000 -1.800000 -31.000000
v 46.000000 -1.800000 -30.000000
v 46.000000 -1.800000 -29.000000
v 46.000000 -1.800000 -28.000000
v 46.000000 -1.800000 -27.000000
v 46.000000 -1.800000 -26.000000
v 46.000000 -1.800000 -25.000000
v 46.000000 -1.800000 -24.000000
v 46.000000 -1.800000 -23.000000
v 46.000000 -1.800000 -22.000000
v 46.000000 -1.800000 -21.000000
v 46.000000 -1.800000 -20.000000
v 46.000000 -1.800000 -19.000000
v 46.000000 -1.800000 -18.000000
v 46.000000 -1.800000 -17.000000
v 46.000000 -1.800000 -16.000000
v 46.000000 -1.800000 -15.000000
v 46.000000 -1.800000 -14.000000
v 46.000000 -1.800000 -13.000000
v 46.000000 -1.800000 -12.000000
v 46.000000 -1.800000 -11.000000
v 46.000000 -1.800000 -10.000000
v 46.000000 -1.800000 -9.000000
v 46.000000 -1.800000 -8.000000
v 46.000000 -1.800000 -7.000000
v 46.000000 -1.800000 -6.000000
v 46.000000 -1.800000 -5.000000
v 46.000000 -1.800000 -4.000000
v 46.000000 -1.786266 -3.000000
v 46.000000 -1.431343 -2.000000
v 46.000000 -1.103377 -1.000000
v 46.000000 -0.809717 0.000000
v 46.000000 -0.556041 1.000000
v 46.000000 -0.346490 2.000000
v 46.000000 -0.183914 3.000000
v 46.000000 -0.070154 4.000000
v 46.000000 -0.006310 5.000000
v 46.000000 0.007045 6.000000
v 46.000000 -0.030302 7.000000
v 46.000000 -0.118288 8.000000
v 46.000000 -0.256600 9.000000
v 46.000000 -0.444642 10.000000
v 46.000000 -0.681437 11.000000
v 46.000000 -0.965497 12.000000
v 46.000000 -1.294657 13.000000
v 46.000000 -1.665899 14.000000
v 46.000000 -1.800000 15.000000
v 46.000000 -1.800000 16.000000
v 46.000000 -1.800000 17.000000
v 46.000000 -1.800000 18.000000
v 46.000000 -1.800000 19.000000
v 46.000000 -1.800000 20.000000
v 46.000000 -1.800000 21.000000
v 46.000000 -1.800000 22.000000
v 46.000000 -1.800000 23.000000
v 46.000000 -1.800000 24.000000
v 46.000000 -1.800000 25.000000
v 46.000000 -1.800000 26.000000
v 46.000000 -1.800000 27.000000
v 46.000000 -1.800000 28.000000
v 46.000000 -1.800000 29.000000
v 46.000000 -1.800000 30.000000
v 46.000000 -1.800000 31.000000
v 46.000000 -1.800000 32.000000
v 46.000000 -1.800000 33.000000
v 46.000000 -1.800000 34.000000
v 46.000000 -1.800000 35.000000
v 46.000000 -1.800000 36.000000
v 46.000000 -1.800000 37.000000
v 46.000000 -1.800000 38.000000
v 46.000000 -1.800000 39.000000
v 46.000000 -1.800000 40.000000
v 47.000000 -1.800000 -40.000000
v 47.000000 -1.800000 -39.000000
v 47.000000 -1.800000 -38.000000
v 47.000000 -1.800000 -37.000000
v 47.000000 -1.800000 -36.000000
v 47.000000 -1.800000 -35.000000
v 47.000000 -1.800000 -34.000000
v 47.000000 -1.800000 -33.000000
v 47.000000 -1.800000 -32.000000
v 47.000000 -1.800000 -31.000000
v 47.000000 -1.800000 -30.000000
v 47.000000 -1.800000 -29.000000
v 47.000000 -1.800000 -28.000000
v 47.000000 -1.800000 -27.000000
v 47.000000 -1.800000 -26.000000
v 47.000000 -1.800000 -25.000000
v 47.000000 -1.800000 -24.000000
v 47.000000 -1.800000 -23.000000
v 47.000000 -1.800000 -22.000000
v 47.000000 -1.800000 -21.000000
v 47.000000 -1.800000 -20.000000
v 47.000000 -1.800000 -19.000000
v 47.000000 -1.800000 -18.000000
v 47.000000 -1.800000 -17.000000
v 47.000000 -1.800000 -16.000000
v 47.000000 -1.800000 -15.000000
v 47.000000 -1.800000 -14.000000
v 47.000000 -1.800000 -13.000000
v 47.000000 -1.800000 -12.000000
v 47.000000 -1.800000 -11.000000
v 47.000000 -1.800000 -10.000000
v 47.000000 -1.800000 -9.000000
v 47.000000 -1.800000 -8.000000
v 47.000000 -1.800000 -7.000000
v 47.000000 -1.800000 -6.000000
v 47.000000 -1.800000 -5.000000
v 47.000000 -1.800000 -4.000000
v 47.000000 -1.800000 -3.000000
v 47.000000 -1.638884 -2.000000
v 47.000000 -1.311895 -1.000000
v 47.000000 -1.018624 0.000000
v 47.000000 -0.764491 1.000000
v 47.000000 -0.553476 2.000000
v 47.000000 -0.388344 3.000000
v 47.000000 -0.270902 4.000000
v 47.000000 -0.202245 5.000000
v 47.000000 -0.182965 6.000000
v 47.000000 -0.213299 7.000000
v 47.000000 -0.293218 8.000000
v 47.000000 -0.422465 9.000000
v 47.000000 -0.600521 10.000000
v 47.000000 -0.826535 11.000000
v 47.000000 -1.099206 12.000000
v 47.000000 -1.416632 13.000000
v 47.000000 -1.776159 14.000000
v 47.000000 -1.800000 15.000000
v 47.000000 -1.800000 16.000000
v 47.000000 -1.800000 17.000000
v 47.000000 -1.800000 18.000000
v 47.000000 -1.800000 19.000000
v 47.000000 -1.800000 20.000000
v 47.000000 -1.800000 21.000000
v 47.000000 -1.800000 22.000000
v 47.000000 -1.800000 23.000000
v 47.000000 -1.800000 24.000000
v 47.000000 -1.800000 25.000000
v 47.000000 -1.800000 26.000000
v 47.000000 -1.800000 27.000000
v 47.000000 -1.800000 28.000000
v 47.000000 -1.800000 29.000000
v 47.000000 -1.800000 30.000000
v 47.000000 -1.800000 31.000000
v 47.000000 -1.800000 32.000000
v 47.000000 -1.800000 33.000000
v 47.000000 -1.800000 34.000000
v 47.000000 -1.800000 35.000000
v 47.000000 -1.800000 36.000000
v 47.000000 -1.800000 37.000000
v 47.000000 -1.800000 38.000000
v 47.000000 -1.800000 39.000000
v 47.000000 -1.800000 40.000000
v 48.000000 -1.800000 -40.000000
v 48.000000 -1.800000 -39.000000
v 48.000000 -1.800000 -38.000000
v 48.000000 -1.800000 -37.000000
v 48.000000 -1.800000 -36.000000
v 48.000000 -1.800000 -35.000000
v 48.000000 -1.800000 -34.000000
v 48.000000 -1.800000 -33.000000
v 48.000000 -1.800000 -32.000000
v 48.000000 -1.800000 -31.000000
v 48.000000 -1.800000 -30.000000
v 48.000000 -1.800000 -29.000000
v 48.000000 -1.800000 -28.000000
v 48.000000 -1.800000 -27.000000
v 48.000000 -1.800000 -26.000000
v 48.000000 -1.800000 -25.000000
v 48.000000 -1.800000 -24.000000
v 48.000000 -1.800000 -23.000000
v 48.000000 -1.800000 -22.000000
v 48.000000 -1.800000 -21.000000
v 48.000000 -1.800000 -20.000000
v 48.000000 -1.800000 -19.000000
v 48.000000 -1.800000 -18.000000
v 48.000000 -1.800000 -17.000000
v 48.000000 -1.800000 -16.000000
v 48.000000 -1.800000 -15.000000
v 48.000000 -1.800000 -14.000000
v 48.000000 -1.800000 -13.000000
v 48.000000 -1.800000 -12.000000
v 48.000000 -1.800000 -11.000000
v 48.000000 -1.800000 -10.000000
v 48.000000 -1.800000 -9.000000
v 48.000000 -1.800000 -8.000000
v 48.000000 -1.800000 -7.000000
v 48.000000 -1.800000 -6.000000
v 48.000000 -1.800000 -5.000000
v 48.000000 -1.800000 -4.000000
v 48.000000 -1.800000 -3.000000
v 48.000000 -1.800000 -2.000000
v 48.000000 -1.520429 -1.000000
v 48.000000 -1.227531 0.000000
v 48.000000 -0.972961 1.000000
v 48.000000 -0.760546 2.000000
v 48.000000 -0.592969 3.000000
v 48.000000 -0.472003 4.000000
v 48.000000 -0.398740 5.000000
v 48.000000 -0.373785 6.000000
v 48.000000 -0.397396 7.000000
v 48.000000 -0.469579 8.000000
v 48.000000 -0.590121 9.000000
v 48.000000 -0.758574 10.000000
v 48.000000 -0.974193 11.000000
v 48.000000 -1.235836 12.000000
v 48.000000 -1.541834 13.000000
v 48.000000 -1.800000 14.000000
v 48.000000 -1.800000 15.000000
v 48.000000 -1.800000 16.000000
v 48.000000 -1.800000 17.000000
v 48.000000 -1.800000 18.000000
v 48.000000 -1.800000 19.000000
v 48.000000 -1.800000 20.000000
v 48.000000 -1.800000 21.000000
v 48.000000 -1.800000 22.000000
v 48.000000 -1.800000 23.000000
v 48.000000 -1.800000 24.000000
v 48.000000 -1.800000 25.000000
v 48.000000 -1.800000 26.000000
v 48.000000 -1.800000 27.000000
v 48.000000 -1.800000 28.000000
v 48.000000 -1.800000 29.000000
v 48.000000 -1.800000 30.000000
v 48.000000 -1.800000 31.000000
v 48.000000 -1.800000 32.000000
v 48.000000 -1.800000 33.000000
v 48.000000 -1.800000 34.000000
v 48.000000 -1.800000 35.000000
v 48.000000 -1.800000 36.000000
v 48.000000 -1.800000 37.000000
v 48.000000 -1.800000 38.000000
v 48.000000 -1.800000 39.000000
v 48.000000 -1.800000 40.000000
v 49.000000 -1.800000 -40.000000
v 49.000000 -1.800000 -39.000000
v 49.000000 -1.800000 -38.000000
v 49.000000 -1.800000 -37.000000
v 49.000000 -1.800000 -36.000000
v 49.000000 -1.800000 -35.000000
v 49.000000 -1.800000 -34.000000
v 49.000000 -1.800000 -33.000000
v 49.000000 -1.800000 -32.000000
v 49.000000 -1.800000 -31.000000
v 49.000000 -1.800000 -30.000000
v 49.000000 -1.800000 -29.000000
v 49.000000 -1.800000 -28.000000
v 49.000000 -1.800000 -27.000000
v 49.000000 -1.800000 -26.000000
v 49.000000 -1.800000 -25.000000
v 49.000000 -1.800000 -24.000000
v 49.000000 -1.800000 -23.000000
v 49.000000 -1.800000 -22.000000
v 49.000000 -1.800000 -21.000000
v 49.000000 -1.800000 -20.000000
v 49.000000 -1.800000 -19.000000
v 49.000000 -1.800000 -18.000000
v 49.000000 -1.800000 -17.000000
v 49.000000 -1.800000 -16.000000
v 49.000000 -1.800000 -15.000000
v 49.000000 -1.800000 -14.000000
v 49.000000 -1.800000 -13.000000
v 49.000000 -1.800000 -12.000000
v 49.000000 -1.800000 -11.000000
v 49.000000 -1.800000 -10.000000
v 49.000000 -1.800000 -9.000000
v 49.000000 -1.800000 -8.000000
v 49.000000 -1.800000 -7.000000
v 49.000000 -1.800000 -6.000000
v 49.000000 -1.800000 -5.000000
v 49.000000 -1.800000 -4.000000
v 49.000000 -1.800000 -3.000000
v 49.000000 -1.800000 -2.000000
v 49.000000 -1.728977 -1.000000
v 49.000000 -1.436438 0.000000
v 49.000000 -1.181449 1.000000
v 49.000000 -0.967694 2.000000
v 49.000000 -0.797777 3.000000
v 49.000000 -0.673436 4.000000
v 49.000000 -0.595760 5.000000
v 49.000000 -0.565364 6.000000
v 49.000000 -0.582527 7.000000
v 49.000000 -0.647285 8.000000
v 49.000000 -0.759464 9.000000
v 49.000000 -0.918676 10.000000
v 49.000000 -1.124271 11.000000
v 49.000000 -1.375243 12.000000
v 49.000000 -1.670123 13.000000
v 49.000000 -1.800000 14.000000
v 49.000000 -1.800000 15.000000
v 49.000000 -1.800000 16.000000
v 49.000000 -1.800000 17.000000
v 49.000000 -1.800000 18.000000
v 49.000000 -1.800000 19.000000
v 49.000000 -1.800000 20.000000
v 49.000000 -1.800000 21.000000
v 49.000000 -1.800000 22.000000
v 49.000000 -1.800000 23.000000
v 49.000000 -1.800000 24.000000
v 49.000000 -1.800000 25.000000
v 49.000000 -1.800000 26.000000
v 49.000000 -1.800000 27.000000
v 49.000000 -1.800000 28.000000
v 49.000000 -1.800000 29.000000
v 49.000000 -1.800000 30.000000
v 49.000000 -1.800000 31.000000
v 49.000000 -1.800000 32.000000
v 49.000000 -1.800000 33.000000
v 49.000000 -1.800000 34.000000
v 49.000000 -1.800000 35.000000
v 49.000000 -1.800000 36.000000
v 49.000000 -1.800000 37.000000
v 49.000000 -1.800000 38.000000
v 49.000000 -1.800000 39.000000
v 49.000000 -1.800000 40.000000
v 50.000000 -1.800000 -40.000000
v 50.000000 -1.800000 -39.000000
v 50.000000 -1.800000 -38.000000
v 50.000000 -1.800000 -37.000000
v 50.000000 -1.800000 -36.000000
v 50.000000 -1.800000 -35.000000
v 50.000000 -1.800000 -34.000000
v 50.000000 -1.800000 -33.000000
v 50.000000 -1.800000 -32.000000
v 50.000000 -1.800000 -31.000000
v 50.000000 -1.800000 -30.000000
v 50.000000 -1.800000 -29.000000
v 50.000000 -1.800000 -28.000000
v 50.000000 -1.800000 -27.000000
v 50.000000 -1.800000 -26.000000
v 50.000000 -1.800000 -25.000000
v 50.000000 -1.800000 -24.000000
v 50.000000 -1.800000 -23.000000
v 50.000000 -1.800000 -22.000000
v 50.000000 -1.800000 -21.000000
v 50.000000 -1.800000 -20.000000
v 50.000000 -1.800000 -19.000000
v 50.000000 -1.800000 -18.000000
v 50.000000 -1.800000 -17.000000
v 50.000000 -1.800000 -16.000000
v 50.000000 -1.800000 -15.000000
v 50.000000 -1.800000 -14.000000
v 50.000000 -1.800000 -13.000000
v 50.000000 -1.800000 -12.000000
v 50.000000 -1.800000 -11.000000
v 50.000000 -1.800000 -10.000000
v 50.000000 -1.800000 -9.000000
v 50.000000 -1.800000 -8.000000
v 50.000000 -1.800000 -7.000000
v 50.000000 -1.800000 -6.000000
v 50.000000 -1.800000 -5.000000
v 50.000000 -1.800000 -4.000000
v 50.000000 -1.800000 -3.000000
v 50.000000 -1.800000 -2.000000
v 50.000000 -1.800000 -1.000000
v 50.000000 -1.645345 0.000000
v 50.000000 -1.389954 1.000000
v 50.000000 -1.174915 2.000000
v 50.000000 -1.002755 3.000000
v 50.000000 -0.875181 4.000000
v 50.000000 -0.793273 5.000000
v 50.000000 -0.757656 6.000000
v 50.000000 -0.768630 7.000000
v 50.000000 -0.826255 8.000000
v 50.000000 -0.930394 9.000000
v 50.000000 -1.080712 10.000000
v 50.000000 -1.276638 11.000000
v 50.000000 -1.517287 12.000000
v 50.000000 -1.800000 13.000000
v 50.000000 -1.800000 14.000000
v 50.000000 -1.800000 15.000000
v 50.000000 -1.800000 16.000000
v 50.000000 -1.800000 17.000000
v 50.000000 -1.800000 18.000000
v 50.000000 -1.800000 19.000000
v 50.000000 -1.800000 20.000000
v 50.000000 -1.800000 21.000000
v 50.000000 -1.800000 22.000000
v 50.000000 -1.800000 23.000000
v 50.000000 -1.800000 24.000000
v 50.000000 -1.800000 25.000000
v 50.000000 -1.800000 26.000000
v 50.000000 -1.800000 27.000000
v 50.000000 -1.800000 28.000000
v 50.000000 -1.800000 29.000000
v 50.000000 -1.800000 30.000000
v 50.000000 -1.800000 31.000000
v 50.000000 -1.800000 32.000000
v 50.000000 -1.800000 33.000000
v 50.000000 -1.800000 34.000000
v 50.000000 -1.800000 35.000000
v 50.000000 -1.800000 36.000000
v 50.000000 -1.800000 37.000000
v 50.000000 -1.800000 38.000000
v 50.000000 -1.800000 39.000000
v 50.000000 -1.800000 40.000000
v -50.000000 0.000000 -50.000000
v -45.000000 0.000000 -50.000000
v -40.000000 0.000000 -50.000000
v -35.000000 0.000000 -50.000000
v -30.000000 0.000000 -50.000000
v -25.000000 0.000000 -50.000000
v -20.000000 0.000000 -50.000000
v -15.000000 0.000000 -50.000000
v -10.000000 0.000000 -50.000000
v -5.000000 0.000000 -50.000000
v 0.000000 0.000000 -50.000000
v 5.000000 0.000000 -50.000000
v 10.000000 0.000000 -50.000000
v 15.000000 0.000000 -50.000000
v 20.000000 0.000000 -50.000000
v 25.000000 0.000000 -50.000000
v 30.000000 0.000000 -50.000000
v 35.000000 0.000000 -50.000000
v 40.000000 0.000000 -50.000000
v 45.000000 0.000000 -50.000000
v 50.000000 0.000000 -50.000000
v -50.000000 0.000000 -45.000000
v -45.000000 0.000000 -45.000000
v -40.000000 0.000000 -45.000000
v -35.000000 0.000000 -45.000000
v -30.000000 0.000000 -45.000000
v -25.000000 0.000000 -45.000000
v -20.000000 0.000000 -45.000000
v -15.000000 0.000000 -45.000000
v -10.000000 0.000000 -45.000000
v -5.000000 0.000000 -45.000000
v 0.000000 0.000000 -45.000000
v 5.000000 0.000000 -45.000000
v 10.000000 0.000000 -45.000000
v 15.000000 0.000000 -45.000000
v 20.000000 0.000000 -45.000000
v 25.000000 0.000000 -45.000000
v 30.000000 0.000000 -45.000000
v 35.000000 0.000000 -45.000000
v 40.000000 0.000000 -45.000000
v 45.000000 0.000000 -45.000000
v 50.000000 0.000000 -45.000000
v -50.000000 0.000000 -40.000000
v -45.000000 0.000000 -40.000000
v -40.000000 0.000000 -40.000000
v -35.000000 0.000000 -40.000000
v -30.000000 0.000000 -40.000000
v -25.000000 0.000000 -40.000000
v -20.000000 0.000000 -40.000000
v -15.000000 0.000000 -40.000000
v -10.000000 0.000000 -40.000000
v -5.000000 0.000000 -40.000000
v 0.000000 0.000000 -40.000000
v 5.000000 0.000000 -40.000000
v 10.000000 0.000000 -40.000000
v 15.000000 0.000000 -40.000000
v 20.000000 0.000000 -40.000000
v 25.000000 0.000000 -40.000000
v 30.000000 0.000000 -40.000000
v 35.000000 0.000000 -40.000000
v 40.000000 0.000000 -40.000000
v 45.000000 0.000000 -40.000000
v 50.000000 0.000000 -40.000000
v -50.000000 0.000000 -35.000000
v -45.000000 0.000000 -35.000000
v -40.000000 0.000000 -35.000000
v -35.000000 0.000000 -35.000000
v -30.000000 0.000000 -35.000000
v -25.000000 0.000000 -35.000000
v -20.000000 0.000000 -35.000000
v -15.000000 0.000000 -35.000000
v -10.000000 0.000000 -35.000000
v -5.000000 0.000000 -35.000000
v 0.000000 0.000000 -35.000000
v 5.000000 0.000000 -35.000000
v 10.000000 0.000000 -35.000000
v 15.000000 0.000000 -35.000000
v 20.000000 0.000000 -35.000000
v 25.000000 0.000000 -35.000000
v 30.000000 0.000000 -35.000000
v 35.000000 0.000000 -35.000000
v 40.000000 0.000000 -35.000000
v 45.000000 0.000000 -35.000000
v 50.000000 0.000000 -35.000000
v -50.000000 0.000000 -30.000000
v -45.000000 0.000000 -30.000000
v -40.000000 0.000000 -30.000000
v -35.000000 0.000000 -30.000000
v -30.000000 0.000000 -30.000000
v -25.000000 0.000000 -30.000000
v -20.000000 0.000000 -30.000000
v -15.000000 0.000000 -30.000000
v -10.000000 0.000000 -30.000000
v -5.000000 0.000000 -30.000000
v 0.000000 0.000000 -30.000000
v 5.000000 0.000000 -30.000000
v 10.000000 0.000000 -30.000000
v 15.000000 0.000000 -30.000000
v 20.000000 0.000000 -30.000000
v 25.000000 0.000000 -30.000000
v 30.000000 0.000000 -30.000000
v 35.000000 0.000000 -30.000000
v 40.000000 0.000000 -30.000000
v 45.000000 0.000000 -30.000000
v 50.000000 0.000000 -30.000000
v -50.000000 0.000000 -25.000000
v -45.000000 0.000000 -25.000000
v -40.000000 0.000000 -25.000000
v -35.000000 0.000000 -25.000000
v -30.000000 0.000000 -25.000000
v -25.000000 0.000000 -25.000000
v -20.000000 0.000000 -25.000000
v -15.000000 0.000000 -25.000000
v -10.000000 0.000000 -25.000000
v -5.000000 0.000000 -25.000000
v 0.000000 0.000000 -25.000000
v 5.000000 0.000000 -25.000000
v 10.000000 0.000000 -25.000000
v 15.000000 0.000000 -25.000000
v 20.000000 0.000000 -25.000000
v 25.000000 0.000000 -25.000000
v 30.000000 0.000000 -25.000000
v 35.000000 0.000000 -25.000000
v 40.000000 0.000000 -25.000000
v 45.000000 0.000000 -25.000000
v 50.000000 0.000000 -25.000000
v -50.000000 0.000000 -20.000000
v -45.000000 0.000000 -20.000000
v -40.000000 0.000000 -20.000000
v -35.000000 0.000000 -20.000000
v -30.000000 0.000000 -20.000000
v -25.000000 0.000000 -20.000000
v -20.000000 0.000000 -20.000000
v -15.000000 0.000000 -20.000000
v -10.000000 0.000000 -20.000000
v -5.000000 0.000000 -20.000000
v 0.000000 0.000000 -20.000000
v 5.000000 0.000000 -20.000000
v 10.000000 0.000000 -20.000000
v 15.000000 0.000000 -20.000000
v 20.000000 0.000000 -20.000000
v 25.000000 0.000000 -20.000000
v 30.000000 0.000000 -20.000000
v 35.000000 0.000000 -20.000000
v 40.000000 0.000000 -20.000000
v 45.000000 0.000000 -20.000000
v 50.000000 0.000000 -20.000000
v -50.000000 0.000000 -15.000000
v -45.000000 0.000000 -15.000000
v -40.000000 0.000000 -15.000000
v -35.000000 0.000000 -15.000000
v -30.000000 0.000000 -15.000000
v -25.000000 0.000000 -15.000000
v -20.000000 0.000000 -15.000000
v -15.000000 0.000000 -15.000000
v -10.000000 0.000000 -15.000000
v -5.000000 0.000000 -15.000000
v 0.000000 0.000000 -15.000000
v 5.000000 0.000000 -15.000000
v 10.000000 0.000000 -15.000000
v 15.000000 0.000000 -15.000000
v 20.000000 0.000000 -15.000000
v 25.000000 0.000000 -15.000000
v 30.000000 0.000000 -15.000000
v 35.000000 0.000000 -15.000000
v 40.000000 0.000000 -15.000000
v 45.000000 0.000000 -15.000000
v 50.000000 0.000000 -15.000000
v -50.000000 0.000000 -10.000000
v -45.000000 0.000000 -10.000000
v -40.000000 0.000000 -10.000000
v -35.000000 0.000000 -10.000000
v -30.000000 0.000000 -10.000000
v -25.000000 0.000000 -10.000000
v -20.000000 0.000000 -10.000000
v -15.000000 0.000000 -10.000000
v -10.000000 0.000000 -10.000000
v -5.000000 0.000000 -10.000000
v 0.000000 0.000000 -10.000000
v 5.000000 0.000000 -10.000000
v 10.000000 0.000000 -10.000000
v 15.000000 0.000000 -10.000000
v 20.000000 0.000000 -10.000000
v 25.000000 0.000000 -10.000000
v 30.000000 0.000000 -10.000000
v 35.000000 0.000000 -10.000000
v 40.000000 0.000000 -10.000000
v 45.000000 0.000000 -10.000000
v 50.000000 0.000000 -10.000000
v -50.000000 0.000000 -5.000000
v -45.000000 0.000000 -5.000000
v -40.000000 0.000000 -5.000000
v -35.000000 0.000000 -5.000000
v -30.000000 0.000000 -5.000000
v -25.000000 0.000000 -5.000000
v -20.000000 0.000000 -5.000000
v -15.000000 0.000000 -5.000000
v -10.000000 0.000000 -5.000000
v -5.000000 0.000000 -5.000000
v 0.000000 0.000000 -5.000000
v 5.000000 0.000000 -5.000000
v 10.000000 0.000000 -5.000000
v 15.000000 0.000000 -5.000000
v 20.000000 0.000000 -5.000000
v 25.000000 0.000000 -5.000000
v 30.000000 0.000000 -5.000000
v 35.000000 0.000000 -5.000000
v 40.000000 0.000000 -5.000000
v 45.000000 0.000000 -5.000000
v 50.000000 0.000000 -5.000000
v -50.000000 0.000000 0.000000
v -45.000000 0.000000 0.000000
v -40.000000 0.000000 0.000000
v -35.000000 0.000000 0.000000
v -30.000000 0.000000 0.000000
v -25.000000 0.000000 0.000000
v -20.000000 0.000000 0.000000
v -15.000000 0.000000 0.000000
v -10.000000 0.000000 0.000000
v -5.000000 0.000000 0.000000
v 0.000000 0.000000 0.000000
v 5.000000 0.000000 0.000000
v 10.000000 0.000000 0.000000
v 15.000000 0.000000 0.000000
v 20.000000 0.000000 0.000000
v 25.000000 0.000000 0.000000
v 30.000000 0.000000 0.000000
v 35.000000 0.000000 0.000000
v 40.000000 0.000000 0.000000
v 45.000000 0.000000 0.000000
v 50.000000 0.000000 0.000000
v -50.000000 0.000000 5.000000
v -45.000000 0.000000 5.000000
v -40.000000 0.000000 5.000000
v -35.000000 0.000000 5.000000
v -30.000000 0.000000 5.000000
v -25.000000 0.000000 5.000000
v -20.000000 0.000000 5.000000
v -15.000000 0.000000 5.000000
v -10.000000 0.000000 5.000000
v -5.000000 0.000000 5.000000
v 0.000000 0.000000 5.000000
v 5.000000 0.000000 5.000000
v 10.000000 0.000000 5.000000
v 15.000000 0.000000 5.000000
v 20.000000 0.000000 5.000000
v 25.000000 0.000000 5.000000
v 30.000000 0.000000 5.000000
v 35.000000 0.000000 5.000000
v 40.000000 0.000000 5.000000
v 45.000000 0.000000 5.000000
v 50.000000 0.000000 5.000000
v -50.000000 0.000000 10.000000
v -45.000000 0.000000 10.000000
v -40.000000 0.000000 10.000000
v -35.000000 0.000000 10.000000
v -30.000000 0.000000 10.000000
v -25.000000 0.000000 10.000000
v -20.000000 0.000000 10.000000
v -15.000000 0.000000 10.000000
v -10.000000 0.000000 10.000000
v -5.000000 0.000000 10.000000
v 0.000000 0.000000 10.000000
v 5.000000 0.000000 10.000000
v 10.000000 0.000000 10.000000
v 15.000000 0.000000 10.000000
v 20.000000 0.000000 10.000000
v 25.000000 0.000000 10.000000
v 30.000000 0.000000 10.000000
v 35.000000 0.000000 10.000000
v 40.000000 0.000000 10.000000
v 45.000000 0.000000 10.000000
v 50.000000 0.000000 10.000000
v -50.000000 0.000000 15.000000
v -45.000000 0.000000 15.000000
v -40.000000 0.000000 15.000000
v -35.000000 0.000000 15.000000
v -30.000000 0.000000 15.000000
v -25.000000 0.000000 15.000000
v -20.000000 0.000000 15.000000
v -15.000000 0.000000 15.000000
v -10.000000 0.000000 15.000000
v -5.000000 0.000000 15.000000
v 0.000000 0.000000 15.000000
v 5.000000 0.000000 15.000000
v 10.000000 0.000000 15.000000
v 15.000000 0.000000 15.000000
v 20.000000 0.000000 15.000000
v 25.000000 0.000000 15.000000
v 30.000000 0.000000 15.000000
v 35.000000 0.000000 15.000000
v 40.000000 0.000000 15.000000
v 45.000000 0.000000 15.000000
v 50.000000 0.000000 15.000000
v -50.000000 0.000000 20.000000
v -45.000000 0.000000 20.000000
v -40.000000 0.000000 20.000000
v -35.000000 0.000000 20.000000
v -30.000000 0.000000 20.000000
v -25.000000 0.000000 20.000000
v -20.000000 0.000000 20.000000
v -15.000000 0.000000 20.000000
v -10.000000 0.000000 20.000000
v -5.000000 0.000000 20.000000
v 0.000000 0.000000 20.000000
v 5.000000 0.000000 20.000000
v 10.000000 0.000000 20.000000
v 15.000000 0.000000 20.000000
v 20.000000 0.000000 20.000000
v 25.000000 0.000000 20.000000
v 30.000000 0.000000 20.000000
v 35.000000 0.000000 20.000000
v 40.000000 0.000000 20.000000
v 45.000000 0.000000 20.000000
v 50.000000 0.000000 20.000000
v -50.000000 0.000000 25.000000
v -45.000000 0.000000 25.000000
v -40.000000 0.000000 25.000000
v -35.000000 0.000000 25.000000
v -30.000000 0.000000 25.000000
v -25.000000 0.000000 25.000000
v -20.000000 0.000000 25.000000
v -15.000000 0.000000 25.000000
v -10.000000 0.000000 25.000000
v -5.000000 0.000000 25.000000
v 0.000000 0.000000 25.000000
v 5.000000 0.000000 25.000000
v 10.000000 0.000000 25.000000
v 15.000000 0.000000 25.000000
v 20.000000 0.000000 25.000000
v 25.000000 0.000000 25.000000
v 30.000000 0.000000 25.000000
v 35.000000 0.000000 25.000000
v 40.000000 0.000000 25.000000
v 45.000000 0.000000 25.000000
v 50.000000 0.000000 25.000000
v -50.000000 0.000000 30.000000
v -45.000000 0.000000 30.000000
v -40.000000 0.000000 30.000000
v -35.000000 0.000000 30.000000
v -30.000000 0.000000 30.000000
v -25.000000 0.000000 30.000000
v -20.000000 0.000000 30.000000
v -15.000000 0.000000 30.000000
v -10.000000 0.000000 30.000000
v -5.000000 0.000000 30.000000
v 0.000000 0.000000 30.000000
v 5.000000 0.000000 30.000000
v 10.000000 0.000000 30.000000
v 15.000000 0.000000 30.000000
v 20.000000 0.000000 30.000000
v 25.000000 0.000000 30.000000
v 30.000000 0.000000 30.000000
v 35.000000 0.000000 30.000000
v 40.000000 0.000000 30.000000
v 45.000000 0.000000 30.000000
v 50.000000 0.000000 30.000000
v -50.000000 0.000000 35.000000
v -45.000000 0.000000 35.000000
v -40.000000 0.000000 35.000000
v -35.000000 0.000000 35.000000
v -30.000000 0.000000 35.000000
v -25.000000 0.000000 35.000000
v -20.000000 0.000000 35.000000
v -15.000000 0.000000 35.000000
v -10.000000 0.000000 35.000000
v -5.000000 0.000000 35.000000
v 0.000000 0.000000 35.000000
v 5.000000 0.000000 35.000000
v 10.000000 0.000000 35.000000
v 15.000000 0.000000 35.000000
v 20.000000 0.000000 35.000000
v 25.000000 0.000000 35.000000
v 30.000000 0.000000 35.000000
v 35.000000 0.000000 35.000000
v 40.000000 0.000000 35.000000
v 45.000000 0.000000 35.000000
v 50.000000 0.000000 35.000000
v -50.000000 0.000000 40.000000
v -45.000000 0.000000 40.000000
v -40.000000 0.000000 40.000000
v -35.000000 0.000000 40.000000
v -30.000000 0.000000 40.000000
v -25.000000 0.000000 40.000000
v -20.000000 0.000000 40.000000
v -15.000000 0.000000 40.000000
v -10.000000 0.000000 40.000000
v -5.000000 0.000000 40.000000
v 0.000000 0.000000 40.000000
v 5.000000 0.000000 40.000000
v 10.000000 0.000000 40.000000
v 15.000000 0.000000 40.000000
v 20.000000 0.000000 40.000000
v 25.000000 0.000000 40.000000
v 30.000000 0.000000 40.000000
v 35.000000 0.000000 40.000000
v 40.000000 0.000000 40.000000
v 45.000000 0.000000 40.000000
v 50.000000 0.000000 40.000000
v -50.000000 0.000000 45.000000
v -45.000000 0.000000 45.000000
v -40.000000 0.000000 45.000000
v -35.000000 0.000000 45.000000
v -30.000000 0.000000 45.000000
v -25.000000 0.000000 45.000000
v -20.000000 0.000000 45.000000
v -15.000000 0.000000 45.000000
v -10.000000 0.000000 45.000000
v -5.000000 0.000000 45.000000
v 0.000000 0.000000 45.000000
v 5.000000 0.000000 45.000000
v 10.000000 0.000000 45.000000
v 15.000000 0.000000 45.000000
v 20.000000 0.000000 45.000000
v 25.000000 0.000000 45.000000
v 30.000000 0.000000 45.000000
v 35.000000 0.000000 45.000000
v 40.000000 0.000000 45.000000
v 45.000000 0.000000 45.000000
v 50.000000 0.000000 45.000000
v -50.000000 0.000000 50.000000
v -45.000000 0.000000 50.000000
v -40.000000 0.000000 50.000000
v -35.000000 0.000000 50.000000
v -30.000000 0.000000 50.000000
v -25.000000 0.000000 50.000000
v -20.000000 0.000000 50.000000
v -15.000000 0.000000 50.000000
v -10.000000 0.000000 50.000000
v -5.000000 0.000000 50.000000
v 0.000000 0.000000 50.000000
v 5.000000 0.000000 50.000000
v 10.000000 0.000000 50.000000
v 15.000000 0.000000 50.000000
v 20.000000 0.000000 50.000000
v 25.000000 0.000000 50.000000
v 30.000000 0.000000 50.000000
v 35.000000 0.000000 50.000000
v 40.000000 0.000000 50.000000
v 45.000000 0.000000 50.000000
v 50.000000 0.000000 50.000000
v 3.333014 8.200000 0.000000
v 3.371333 8.200000 0.670600
v 2.872954 8.200000 1.190017
v 2.527583 8.200000 1.688877
v 2.406762 8.200000 2.406762
v 1.943164 8.200000 2.908150
v 1.208583 8.200000 2.917778
v 0.603263 8.200000 3.032809
v 0.000000 8.200000 3.377919
v -0.686878 8.200000 3.453167
v -1.157054 8.200000 2.793376
v -1.653355 8.200000 2.474420
v -2.243792 8.200000 2.243792
v -2.607194 8.200000 1.742071
v -3.075695 8.200000 1.273995
v -3.001471 8.200000 0.597030
v -2.963852 8.200000 0.000000
v -3.092506 8.200000 -0.615138
v -2.858801 8.200000 -1.184154
v -2.608073 8.200000 -1.742659
v -2.269563 8.200000 -2.269563
v -1.710306 8.200000 -2.559654
v -1.365111 8.200000 -3.295669
v -0.651983 8.200000 -3.277741
v -0.000000 8.200000 -3.411313
v 0.621093 8.200000 -3.122446
v 1.355743 8.200000 -3.273053
v 1.934190 8.200000 -2.894720
v 2.193313 8.200000 -2.193313
v 2.826119 8.200000 -1.888353
v 3.278708 8.200000 -1.358085
v 3.246115 8.200000 -0.645692
v 2.982222 9.200000 0.000000
v 2.928866 9.200000 0.582588
v 3.012189 9.200000 1.247690
v 2.561367 9.200000 1.711451
v 2.348365 9.200000 2.348365
v 1.762215 9.200000 2.637341
v 1.244076 9.200000 3.003464
v 0.616385 9.200000 3.098777
v 0.000000 9.200000 2.985686
v -0.576959 9.200000 2.900568
v -1.276418 9.200000 3.081545
v -1.766327 9.200000 2.643495
v -2.123954 9.200000 2.123954
v -2.342414 9.200000 1.565151
v -2.780000 9.200000 1.151514
v -3.128915 9.200000 0.622380
v -2.958695 9.200000 0.000000
v -3.224206 9.200000 -0.641334
v -2.614482 9.200000 -1.082954
v -2.595833 9.200000 -1.734480
v -2.241812 9.200000 -2.241812
v -1.554134 9.200000 -2.325926
v -1.207880 9.200000 -2.916081
v -0.616874 9.200000 -3.101237
v -0.000000 9.200000 -3.188248
v 0.623482 9.200000 -3.134456
v 1.217454 9.200000 -2.939193
v 1.858426 9.200000 -2.781331
v 2.338670 9.200000 -2.338670
v 2.461699 9.200000 -1.644855
v 2.850351 9.200000 -1.180654
v 3.266073 9.200000 -0.649662
v 2.400000 10.200000 0.000000
v 2.353885 10.200000 0.468217
v 2.217311 10.200000 0.918440
v 1.995527 10.200000 1.333369
v 1.697056 10.200000 1.697056
v 1.333369 10.200000 1.995527
v 0.918440 10.200000 2.217311
v 0.468217 10.200000 2.353885
v 0.000000 10.200000 2.400000
v -0.468217 10.200000 2.353885
v -0.918440 10.200000 2.217311
v -1.333369 10.200000 1.995527
v -1.697056 10.200000 1.697056
v -1.995527 10.200000 1.333369
v -2.217311 10.200000 0.918440
v -2.353885 10.200000 0.468217
v -2.400000 10.200000 0.000000
v -2.353885 10.200000 -0.468217
v -2.217311 10.200000 -0.918440
v -1.995527 10.200000 -1.333369
v -1.697056 10.200000 -1.697056
v -1.333369 10.200000 -1.995527
v -0.918440 10.200000 -2.217311
v -0.468217 10.200000 -2.353885
v -0.000000 10.200000 -2.400000
v 0.468217 10.200000 -2.353885
v 0.918440 10.200000 -2.217311
v 1.333369 10.200000 -1.995527
v 1.697056 10.200000 -1.697056
v 1.995527 10.200000 -1.333369
v 2.217311 10.200000 -0.918440
v 2.353885 10.200000 -0.468217
v 0.000000 8.200000 0.000000
v 0.000000 10.200000 0.000000
v 2.200000 10.200000 0.000000
v 2.157728 10.200000 0.429199
v 2.032535 10.200000 0.841904
v 1.829233 10.200000 1.222255
v 1.555635 10.200000 1.555635
v 1.222255 10.200000 1.829233
v 0.841904 10.200000 2.032535
v 0.429199 10.200000 2.157728
v 0.000000 10.200000 2.200000
v -0.429199 10.200000 2.157728
v -0.841904 10.200000 2.032535
v -1.222255 10.200000 1.829233
v -1.555635 10.200000 1.555635
v -1.829233 10.200000 1.222255
v -2.032535 10.200000 0.841904
v -2.157728 10.200000 0.429199
v -2.200000 10.200000 0.000000
v -2.157728 10.200000 -0.429199
v -2.032535 10.200000 -0.841904
v -1.829233 10.200000 -1.222255
v -1.555635 10.200000 -1.555635
v -1.222255 10.200000 -1.829233
v -0.841904 10.200000 -2.032535
v -0.429199 10.200000 -2.157728
v -0.000000 10.200000 -2.200000
v 0.429199 10.200000 -2.157728
v 0.841904 10.200000 -2.032535
v 1.222255 10.200000 -1.829233
v 1.555635 10.200000 -1.555635
v 1.829233 10.200000 -1.222255
v 2.032535 10.200000 -0.841904
v 2.157728 10.200000 -0.429199
v 2.085714 12.485714 0.000000
v 2.045638 12.485714 0.406903
v 1.926949 12.485714 0.798168
v 1.734208 12.485714 1.158761
v 1.474823 12.485714 1.474823
v 1.158761 12.485714 1.734208
v 0.798168 12.485714 1.926949
v 0.406903 12.485714 2.045638
v 0.000000 12.485714 2.085714
v -0.406903 12.485714 2.045638
v -0.798168 12.485714 1.926949
v -1.158761 12.485714 1.734208
v -1.474823 12.485714 1.474823
v -1.734208 12.485714 1.158761
v -1.926949 12.485714 0.798168
v -2.045638 12.485714 0.406903
v -2.085714 12.485714 0.000000
v -2.045638 12.485714 -0.406903
v -1.926949 12.485714 -0.798168
v -1.734208 12.485714 -1.158761
v -1.474823 12.485714 -1.474823
v -1.158761 12.485714 -1.734208
v -0.798168 12.485714 -1.926949
v -0.406903 12.485714 -2.045638
v -0.000000 12.485714 -2.085714
v 0.406903 12.485714 -2.045638
v 0.798168 12.485714 -1.926949
v 1.158761 12.485714 -1.734208
v 1.474823 12.485714 -1.474823
v 1.734208 12.485714 -1.158761
v 1.926949 12.485714 -0.798168
v 2.045638 12.485714 -0.406903
v 1.971429 14.771429 0.000000
v 1.933548 14.771429 0.384607
v 1.821363 14.771429 0.754433
v 1.639183 14.771429 1.095267
v 1.394011 14.771429 1.394011
v 1.095267 14.771429 1.639183
v 0.754433 14.771429 1.821363
v 0.384607 14.771429 1.933548
v 0.000000 14.771429 1.971429
v -0.384607 14.771429 1.933548
v -0.754433 14.771429 1.821363
v -1.095267 14.771429 1.639183
v -1.394011 14.771429 1.394011
v -1.639183 14.771429 1.095267
v -1.821363 14.771429 0.754433
v -1.933548 14.771429 0.384607
v -1.971429 14.771429 0.000000
v -1.933548 14.771429 -0.384607
v -1.821363 14.771429 -0.754433
v -1.639183 14.771429 -1.095267
v -1.394011 14.771429 -1.394011
v -1.095267 14.771429 -1.639183
v -0.754433 14.771429 -1.821363
v -0.384607 14.771429 -1.933548
v -0.000000 14.771429 -1.971429
v 0.384607 14.771429 -1.933548
v 0.754433 14.771429 -1.821363
v 1.095267 14.771429 -1.639183
v 1.394011 14.771429 -1.394011
v 1.639183 14.771429 -1.095267
v 1.821363 14.771429 -0.754433
v 1.933548 14.771429 -0.384607
v 1.857143 17.057143 0.000000
v 1.821458 17.057143 0.362311
v 1.715776 17.057143 0.710698
v 1.544158 17.057143 1.031773
v 1.313198 17.057143 1.313198
v 1.031773 17.057143 1.544158
v 0.710698 17.057143 1.715776
v 0.362311 17.057143 1.821458
v 0.000000 17.057143 1.857143
v -0.362311 17.057143 1.821458
v -0.710698 17.057143 1.715776
v -1.031773 17.057143 1.544158
v -1.313198 17.057143 1.313198
v -1.544158 17.057143 1.031773
v -1.715776 17.057143 0.710698
v -1.821458 17.057143 0.362311
v -1.857143 17.057143 0.000000
v -1.821458 17.057143 -0.362311
v -1.715776 17.057143 -0.710698
v -1.544158 17.057143 -1.031773
v -1.313198 17.057143 -1.313198
v -1.031773 17.057143 -1.544158
v -0.710698 17.057143 -1.715776
v -0.362311 17.057143 -1.821458
v -0.000000 17.057143 -1.857143
v 0.362311 17.057143 -1.821458
v 0.710698 17.057143 -1.715776
v 1.031773 17.057143 -1.544158
v 1.313198 17.057143 -1.313198
v 1.544158 17.057143 -1.031773
v 1.715776 17.057143 -0.710698
v 1.821458 17.057143 -0.362311
v 1.742857 19.342857 0.000000
v 1.709369 19.342857 0.340015
v 1.610190 19.342857 0.666963
v 1.449133 19.342857 0.968280
v 1.232386 19.342857 1.232386
v 0.968280 19.342857 1.449133
v 0.666963 19.342857 1.610190
v 0.340015 19.342857 1.709369
v 0.000000 19.342857 1.742857
v -0.340015 19.342857 1.709369
v -0.666963 19.342857 1.610190
v -0.968280 19.342857 1.449133
v -1.232386 19.342857 1.232386
v -1.449133 19.342857 0.968280
v -1.610190 19.342857 0.666963
v -1.709369 19.342857 0.340015
v -1.742857 19.342857 0.000000
v -1.709369 19.342857 -0.340015
v -1.610190 19.342857 -0.666963
v -1.449133 19.342857 -0.968280
v -1.232386 19.342857 -1.232386
v -0.968280 19.342857 -1.449133
v -0.666963 19.342857 -1.610190
v -0.340015 19.342857 -1.709369
v -0.000000 19.342857 -1.742857
v 0.340015 19.342857 -1.709369
v 0.666963 19.342857 -1.610190
v 0.968280 19.342857 -1.449133
v 1.232386 19.342857 -1.232386
v 1.449133 19.342857 -0.968280
v 1.610190 19.342857 -0.666963
v 1.709369 19.342857 -0.340015
v 1.628571 21.628571 0.000000
v 1.597279 21.628571 0.317719
v 1.504604 21.628571 0.623227
v 1.354108 21.628571 0.904786
v 1.151574 21.628571 1.151574
v 0.904786 21.628571 1.354108
v 0.623227 21.628571 1.504604
v 0.317719 21.628571 1.597279
v 0.000000 21.628571 1.628571
v -0.317719 21.628571 1.597279
v -0.623227 21.628571 1.504604
v -0.904786 21.628571 1.354108
v -1.151574 21.628571 1.151574
v -1.354108 21.628571 0.904786
v -1.504604 21.628571 0.623227
v -1.597279 21.628571 0.317719
v -1.628571 21.628571 0.000000
v -1.597279 21.628571 -0.317719
v -1.504604 21.628571 -0.623227
v -1.354108 21.628571 -0.904786
v -1.151574 21.628571 -1.151574
v -0.904786 21.628571 -1.354108
v -0.623227 21.628571 -1.504604
v -0.317719 21.628571 -1.597279
v -0.000000 21.628571 -1.628571
v 0.317719 21.628571 -1.597279
v 0.623227 21.628571 -1.504604
v 0.904786 21.628571 -1.354108
v 1.151574 21.628571 -1.151574
v 1.354108 21.628571 -0.904786
v 1.504604 21.628571 -0.623227
v 1.597279 21.628571 -0.317719
v 1.514286 23.914286 0.000000
v 1.485189 23.914286 0.295422
v 1.399018 23.914286 0.579492
v 1.259083 23.914286 0.841292
v 1.070762 23.914286 1.070762
v 0.841292 23.914286 1.259083
v 0.579492 23.914286 1.399018
v 0.295422 23.914286 1.485189
v 0.000000 23.914286 1.514286
v -0.295422 23.914286 1.485189
v -0.579492 23.914286 1.399018
v -0.841292 23.914286 1.259083
v -1.070762 23.914286 1.070762
v -1.259083 23.914286 0.841292
v -1.399018 23.914286 0.579492
v -1.485189 23.914286 0.295422
v -1.514286 23.914286 0.000000
v -1.485189 23.914286 -0.295422
v -1.399018 23.914286 -0.579492
v -1.259083 23.914286 -0.841292
v -1.070762 23.914286 -1.070762
v -0.841292 23.914286 -1.259083
v -0.579492 23.914286 -1.399018
v -0.295422 23.914286 -1.485189
v -0.000000 23.914286 -1.514286
v 0.295422 23.914286 -1.485189
v 0.579492 23.914286 -1.399018
v 0.841292 23.914286 -1.259083
v 1.070762 23.914286 -1.070762
v 1.259083 23.914286 -0.841292
v 1.399018 23.914286 -0.579492
v 1.485189 23.914286 -0.295422
v 1.400000 26.200000 0.000000
v 1.373099 26.200000 0.273126
v 1.293431 26.200000 0.535757
v 1.164057 26.200000 0.777798
v 0.989949 26.200000 0.989949
v 0.777798 26.200000 1.164057
v 0.535757 26.200000 1.293431
v 0.273126 26.200000 1.373099
v 0.000000 26.200000 1.400000
v -0.273126 26.200000 1.373099
v -0.535757 26.200000 1.293431
v -0.777798 26.200000 1.164057
v -0.989949 26.200000 0.989949
v -1.164057 26.200000 0.777798
v -1.293431 26.200000 0.535757
v -1.373099 26.200000 0.273126
v -1.400000 26.200000 0.000000
v -1.373099 26.200000 -0.273126
v -1.293431 26.200000 -0.535757
v -1.164057 26.200000 -0.777798
v -0.989949 26.200000 -0.989949
v -0.777798 26.200000 -1.164057
v -0.535757 26.200000 -1.293431
v -0.273126 26.200000 -1.373099
v -0.000000 26.200000 -1.400000
v 0.273126 26.200000 -1.373099
v 0.535757 26.200000 -1.293431
v 0.777798 26.200000 -1.164057
v 0.989949 26.200000 -0.989949
v 1.164057 26.200000 -0.777798
v 1.293431 26.200000 -0.535757
v 1.373099 26.200000 -0.273126
v 1.500000 26.100000 0.000000
v 1.471178 26.100000 0.292635
v 1.385819 26.100000 0.574025
v 1.247204 26.100000 0.833355
v 1.060660 26.100000 1.060660
v 0.833355 26.100000 1.247204
v 0.574025 26.100000 1.385819
v 0.292635 26.100000 1.471178
v 0.000000 26.100000 1.500000
v -0.292635 26.100000 1.471178
v -0.574025 26.100000 1.385819
v -0.833355 26.100000 1.247204
v -1.060660 26.100000 1.060660
v -1.247204 26.100000 0.833355
v -1.385819 26.100000 0.574025
v -1.471178 26.100000 0.292635
v -1.500000 26.100000 0.000000
v -1.471178 26.100000 -0.292635
v -1.385819 26.100000 -0.574025
v -1.247204 26.100000 -0.833355
v -1.060660 26.100000 -1.060660
v -0.833355 26.100000 -1.247204
v -0.574025 26.100000 -1.385819
v -0.292635 26.100000 -1.471178
v -0.000000 26.100000 -1.500000
v 0.292635 26.100000 -1.471178
v 0.574025 26.100000 -1.385819
v 0.833355 26.100000 -1.247204
v 1.060660 26.100000 -1.060660
v 1.247204 26.100000 -0.833355
v 1.385819 26.100000 -0.574025
v 1.471178 26.100000 -0.292635
v 2.600000 26.500000 0.000000
v 2.550042 26.500000 0.507235
v 2.402087 26.500000 0.994977
v 2.161821 26.500000 1.444483
v 1.838478 26.500000 1.838478
v 1.444483 26.500000 2.161821
v 0.994977 26.500000 2.402087
v 0.507235 26.500000 2.550042
v 0.000000 26.500000 2.600000
v -0.507235 26.500000 2.550042
v -0.994977 26.500000 2.402087
v -1.444483 26.500000 2.161821
v -1.838478 26.500000 1.838478
v -2.161821 26.500000 1.444483
v -2.402087 26.500000 0.994977
v -2.550042 26.500000 0.507235
v -2.600000 26.500000 0.000000
v -2.550042 26.500000 -0.507235
v -2.402087 26.500000 -0.994977
v -2.161821 26.500000 -1.444483
v -1.838478 26.500000 -1.838478
v -1.444483 26.500000 -2.161821
v -0.994977 26.500000 -2.402087
v -0.507235 26.500000 -2.550042
v -0.000000 26.500000 -2.600000
v 0.507235 26.500000 -2.550042
v 0.994977 26.500000 -2.402087
v 1.444483 26.500000 -2.161821
v 1.838478 26.500000 -1.838478
v 2.161821 26.500000 -1.444483
v 2.402087 26.500000 -0.994977
v 2.550042 26.500000 -0.507235
v 0.000000 26.500000 0.000000
v 0.000000 26.100000 0.000000
v 2.550000 26.500000 0.000000
v 2.501002 26.500000 0.497480
v 2.355893 26.500000 0.975843
v 2.120248 26.500000 1.416704
v 1.803122 26.500000 1.803122
v 1.416704 26.500000 2.120248
v 0.975843 26.500000 2.355893
v 0.497480 26.500000 2.501002
v 0.000000 26.500000 2.550000
v -0.497480 26.500000 2.501002
v -0.975843 26.500000 2.355893
v -1.416704 26.500000 2.120248
v -1.803122 26.500000 1.803122
v -2.120248 26.500000 1.416704
v -2.355893 26.500000 0.975843
v -2.501002 26.500000 0.497480
v -2.550000 26.500000 0.000000
v -2.501002 26.500000 -0.497480
v -2.355893 26.500000 -0.975843
v -2.120248 26.500000 -1.416704
v -1.803122 26.500000 -1.803122
v -1.416704 26.500000 -2.120248
v -0.975843 26.500000 -2.355893
v -0.497480 26.500000 -2.501002
v -0.000000 26.500000 -2.550000
v 0.497480 26.500000 -2.501002
v 0.975843 26.500000 -2.355893
v 1.416704 26.500000 -2.120248
v 1.803122 26.500000 -1.803122
v 2.120248 26.500000 -1.416704
v 2.355893 26.500000 -0.975843
v 2.501002 26.500000 -0.497480
v 2.550000 27.200000 0.000000
v 2.501002 27.200000 0.497480
v 2.355893 27.200000 0.975843
v 2.120248 27.200000 1.416704
v 1.803122 27.200000 1.803122
v 1.416704 27.200000 2.120248
v 0.975843 27.200000 2.355893
v 0.497480 27.200000 2.501002
v 0.000000 27.200000 2.550000
v -0.497480 27.200000 2.501002
v -0.975843 27.200000 2.355893
v -1.416704 27.200000 2.120248
v -1.803122 27.200000 1.803122
v -2.120248 27.200000 1.416704
v -2.355893 27.200000 0.975843
v -2.501002 27.200000 0.497480
v -2.550000 27.200000 0.000000
v -2.501002 27.200000 -0.497480
v -2.355893 27.200000 -0.975843
v -2.120248 27.200000 -1.416704
v -1.803122 27.200000 -1.803122
v -1.416704 27.200000 -2.120248
v -0.975843 27.200000 -2.355893
v -0.497480 27.200000 -2.501002
v -0.000000 27.200000 -2.550000
v 0.497480 27.200000 -2.501002
v 0.975843 27.200000 -2.355893
v 1.416704 27.200000 -2.120248
v 1.803122 27.200000 -1.803122
v 2.120248 27.200000 -1.416704
v 2.355893 27.200000 -0.975843
v 2.501002 27.200000 -0.497480
v 2.650000 27.200000 0.000000
v 2.599081 27.200000 0.516989
v 2.448281 27.200000 1.014111
v 2.203394 27.200000 1.472261
v 1.873833 27.200000 1.873833
v 1.472261 27.200000 2.203394
v 1.014111 27.200000 2.448281
v 0.516989 27.200000 2.599081
v 0.000000 27.200000 2.650000
v -0.516989 27.200000 2.599081
v -1.014111 27.200000 2.448281
v -1.472261 27.200000 2.203394
v -1.873833 27.200000 1.873833
v -2.203394 27.200000 1.472261
v -2.448281 27.200000 1.014111
v -2.599081 27.200000 0.516989
v -2.650000 27.200000 0.000000
v -2.599081 27.200000 -0.516989
v -2.448281 27.200000 -1.014111
v -2.203394 27.200000 -1.472261
v -1.873833 27.200000 -1.873833
v -1.472261 27.200000 -2.203394
v -1.014111 27.200000 -2.448281
v -0.516989 27.200000 -2.599081
v -0.000000 27.200000 -2.650000
v 0.516989 27.200000 -2.599081
v 1.014111 27.200000 -2.448281
v 1.472261 27.200000 -2.203394
v 1.873833 27.200000 -1.873833
v 2.203394 27.200000 -1.472261
v 2.448281 27.200000 -1.014111
v 2.599081 27.200000 -0.516989
v 2.650000 27.350000 0.000000
v 2.599081 27.350000 0.516989
v 2.448281 27.350000 1.014111
v 2.203394 27.350000 1.472261
v 1.873833 27.350000 1.873833
v 1.472261 27.350000 2.203394
v 1.014111 27.350000 2.448281
v 0.516989 27.350000 2.599081
v 0.000000 27.350000 2.650000
v -0.516989 27.350000 2.599081
v -1.014111 27.350000 2.448281
v -1.472261 27.350000 2.203394
v -1.873833 27.350000 1.873833
v -2.203394 27.350000 1.472261
v -2.448281 27.350000 1.014111
v -2.599081 27.350000 0.516989
v -2.650000 27.350000 0.000000
v -2.599081 27.350000 -0.516989
v -2.448281 27.350000 -1.014111
v -2.203394 27.350000 -1.472261
v -1.873833 27.350000 -1.873833
v -1.472261 27.350000 -2.203394
v -1.014111 27.350000 -2.448281
v -0.516989 27.350000 -2.599081
v -0.000000 27.350000 -2.650000
v 0.516989 27.350000 -2.599081
v 1.014111 27.350000 -2.448281
v 1.472261 27.350000 -2.203394
v 1.873833 27.350000 -1.873833
v 2.203394 27.350000 -1.472261
v 2.448281 27.350000 -1.014111
v 2.599081 27.350000 -0.516989
v 0.000000 27.350000 0.000000
v 1.500000 27.350000 0.000000
v 1.471178 27.350000 0.292635
v 1.385819 27.350000 0.574025
v 1.247204 27.350000 0.833355
v 1.060660 27.350000 1.060660
v 0.833355 27.350000 1.247204
v 0.574025 27.350000 1.385819
v 0.292635 27.350000 1.471178
v 0.000000 27.350000 1.500000
v -0.292635 27.350000 1.471178
v -0.574025 27.350000 1.385819
v -0.833355 27.350000 1.247204
v -1.060660 27.350000 1.060660
v -1.247204 27.350000 0.833355
v -1.385819 27.350000 0.574025
v -1.471178 27.350000 0.292635
v -1.500000 27.350000 0.000000
v -1.471178 27.350000 -0.292635
v -1.385819 27.350000 -0.574025
v -1.247204 27.350000 -0.833355
v -1.060660 27.350000 -1.060660
v -0.833355 27.350000 -1.247204
v -0.574025 27.350000 -1.385819
v -0.292635 27.350000 -1.471178
v -0.000000 27.350000 -1.500000
v 0.292635 27.350000 -1.471178
v 0.574025 27.350000 -1.385819
v 0.833355 27.350000 -1.247204
v 1.060660 27.350000 -1.060660
v 1.247204 27.350000 -0.833355
v 1.385819 27.350000 -0.574025
v 1.471178 27.350000 -0.292635
v 1.550000 28.700000 0.000000
v 1.520217 28.700000 0.302390
v 1.432013 28.700000 0.593159
v 1.288778 28.700000 0.861134
v 1.096016 28.700000 1.096016
v 0.861134 28.700000 1.288778
v 0.593159 28.700000 1.432013
v 0.302390 28.700000 1.520217
v 0.000000 28.700000 1.550000
v -0.302390 28.700000 1.520217
v -0.593159 28.700000 1.432013
v -0.861134 28.700000 1.288778
v -1.096016 28.700000 1.096016
v -1.288778 28.700000 0.861134
v -1.432013 28.700000 0.593159
v -1.520217 28.700000 0.302390
v -1.550000 28.700000 0.000000
v -1.520217 28.700000 -0.302390
v -1.432013 28.700000 -0.593159
v -1.288778 28.700000 -0.861134
v -1.096016 28.700000 -1.096016
v -0.861134 28.700000 -1.288778
v -0.593159 28.700000 -1.432013
v -0.302390 28.700000 -1.520217
v -0.000000 28.700000 -1.550000
v 0.302390 28.700000 -1.520217
v 0.593159 28.700000 -1.432013
v 0.861134 28.700000 -1.288778
v 1.096016 28.700000 -1.096016
v 1.288778 28.700000 -0.861134
v 1.432013 28.700000 -0.593159
v 1.520217 28.700000 -0.302390
v 1.500000 30.000000 0.000000
v 1.471178 30.000000 0.292635
v 1.385819 30.000000 0.574025
v 1.247204 30.000000 0.833355
v 1.060660 30.000000 1.060660
v 0.833355 30.000000 1.247204
v 0.574025 30.000000 1.385819
v 0.292635 30.000000 1.471178
v 0.000000 30.000000 1.500000
v -0.292635 30.000000 1.471178
v -0.574025 30.000000 1.385819
v -0.833355 30.000000 1.247204
v -1.060660 30.000000 1.060660
v -1.247204 30.000000 0.833355
v -1.385819 30.000000 0.574025
v -1.471178 30.000000 0.292635
v -1.500000 30.000000 0.000000
v -1.471178 30.000000 -0.292635
v -1.385819 30.000000 -0.574025
v -1.247204 30.000000 -0.833355
v -1.060660 30.000000 -1.060660
v -0.833355 30.000000 -1.247204
v -0.574025 30.000000 -1.385819
v -0.292635 30.000000 -1.471178
v -0.000000 30.000000 -1.500000
v 0.292635 30.000000 -1.471178
v 0.574025 30.000000 -1.385819
v 0.833355 30.000000 -1.247204
v 1.060660 30.000000 -1.060660
v 1.247204 30.000000 -0.833355
v 1.385819 30.000000 -0.574025
v 1.471178 30.000000 -0.292635
v 0.000000 27.350000 0.000000
v 1.850000 30.200000 0.000000
v 1.814453 30.200000 0.360917
v 1.709177 30.200000 0.707964
v 1.538219 30.200000 1.027805
v 1.308148 30.200000 1.308148
v 1.027805 30.200000 1.538219
v 0.707964 30.200000 1.709177
v 0.360917 30.200000 1.814453
v 0.000000 30.200000 1.850000
v -0.360917 30.200000 1.814453
v -0.707964 30.200000 1.709177
v -1.027805 30.200000 1.538219
v -1.308148 30.200000 1.308148
v -1.538219 30.200000 1.027805
v -1.709177 30.200000 0.707964
v -1.814453 30.200000 0.360917
v -1.850000 30.200000 0.000000
v -1.814453 30.200000 -0.360917
v -1.709177 30.200000 -0.707964
v -1.538219 30.200000 -1.027805
v -1.308148 30.200000 -1.308148
v -1.027805 30.200000 -1.538219
v -0.707964 30.200000 -1.709177
v -0.360917 30.200000 -1.814453
v -0.000000 30.200000 -1.850000
v 0.360917 30.200000 -1.814453
v 0.707964 30.200000 -1.709177
v 1.027805 30.200000 -1.538219
v 1.308148 30.200000 -1.308148
v 1.538219 30.200000 -1.027805
v 1.709177 30.200000 -0.707964
v 1.814453 30.200000 -0.360917
v 0.000000 33.200000 0.000000
v 0.000000 30.200000 0.000000
v 2.000000 10.400000 -0.500000
v 2.400000 10.400000 -0.500000
v 2.400000 10.400000 0.500000
v 2.000000 10.400000 0.500000
v 2.000000 12.800000 -0.500000
v 2.400000 12.800000 -0.500000
v 2.400000 12.800000 0.500000
v 2.000000 12.800000 0.500000
v -21.880000 5.200000 2.520000
v -16.120000 5.200000 2.520000
v -16.120000 5.200000 7.480000
v -21.880000 5.200000 7.480000
v -21.880000 5.700000 2.520000
v -16.120000 5.700000 2.520000
v -16.120000 5.700000 7.480000
v -21.880000 5.700000 7.480000
v -21.800000 5.500000 2.600000
v -16.200000 5.500000 2.600000
v -16.200000 5.500000 7.400000
v -21.800000 5.500000 7.400000
v -21.800000 8.700000 2.600000
v -16.200000 8.700000 2.600000
v -16.200000 8.700000 7.400000
v -21.800000 8.700000 7.400000
v -22.100000 8.700000 2.300000
v -15.900000 8.700000 2.300000
v -22.100000 8.700000 7.700000
v -15.900000 8.700000 7.700000
v -22.100000 10.300000 5.000000
v -15.900000 10.300000 5.000000
v -18.100000 8.700000 4.780000
v -17.660000 8.700000 4.780000
v -17.660000 8.700000 5.220000
v -18.100000 8.700000 5.220000
v -18.100000 10.700000 4.780000
v -17.660000 10.700000 4.780000
v -17.660000 10.700000 5.220000
v -18.100000 10.700000 5.220000
v -20.920000 6.630000 7.380000
v -19.880000 6.630000 7.380000
v -19.880000 6.630000 7.450000
v -20.920000 6.630000 7.450000
v -20.920000 7.570000 7.380000
v -19.880000 7.570000 7.380000
v -19.880000 7.570000 7.450000
v -20.920000 7.570000 7.450000
v -20.850000 6.700000 7.420000
v -19.950000 6.700000 7.420000
v -19.950000 6.700000 7.470000
v -20.850000 6.700000 7.470000
v -20.850000 7.500000 7.420000
v -19.950000 7.500000 7.420000
v -19.950000 7.500000 7.470000
v -20.850000 7.500000 7.470000
v -18.120000 6.630000 7.380000
v -17.080000 6.630000 7.380000
v -17.080000 6.630000 7.450000
v -18.120000 6.630000 7.450000
v -18.120000 7.570000 7.380000
v -17.080000 7.570000 7.380000
v -17.080000 7.570000 7.450000
v -18.120000 7.570000 7.450000
v -18.050000 6.700000 7.420000
v -17.150000 6.700000 7.420000
v -17.150000 6.700000 7.470000
v -18.050000 6.700000 7.470000
v -18.050000 7.500000 7.420000
v -17.150000 7.500000 7.420000
v -17.150000 7.500000 7.470000
v -18.050000 7.500000 7.470000
v -21.480000 5.700000 2.560000
v -21.320000 5.700000 2.560000
v -21.320000 5.700000 2.600000
v -21.480000 5.700000 2.600000
v -21.480000 8.700000 2.560000
v -21.320000 8.700000 2.560000
v -21.320000 8.700000 2.600000
v -21.480000 8.700000 2.600000
v -20.200000 5.700000 2.560000
v -20.040000 5.700000 2.560000
v -20.040000 5.700000 2.600000
v -20.200000 5.700000 2.600000
v -20.200000 8.700000 2.560000
v -20.040000 8.700000 2.560000
v -20.040000 8.700000 2.600000
v -20.200000 8.700000 2.600000
v -17.960000 5.700000 2.560000
v -17.800000 5.700000 2.560000
v -17.800000 5.700000 2.600000
v -17.960000 5.700000 2.600000
v -17.960000 8.700000 2.560000
v -17.800000 8.700000 2.560000
v -17.800000 8.700000 2.600000
v -17.960000 8.700000 2.600000
v -16.680000 5.700000 2.560000
v -16.520000 5.700000 2.560000
v -16.520000 5.700000 2.600000
v -16.680000 5.700000 2.600000
v -16.680000 8.700000 2.560000
v -16.520000 8.700000 2.560000
v -16.520000 8.700000 2.600000
v -16.680000 8.700000 2.600000
v -21.800000 7.180000 2.560000
v -16.200000 7.180000 2.560000
v -16.200000 7.180000 2.600000
v -21.800000 7.180000 2.600000
v -21.800000 7.340000 2.560000
v -16.200000 7.340000 2.560000
v -16.200000 7.340000 2.600000
v -21.800000 7.340000 2.600000
v -20.761359 5.500000 2.540000
v -19.761359 5.500000 2.540000
v -19.761359 5.500000 2.620000
v -20.761359 5.500000 2.620000
v -20.761359 7.600000 2.540000
v -19.761359 7.600000 2.540000
v -19.761359 7.600000 2.620000
v -20.761359 7.600000 2.620000
v -15.280000 8.700000 2.520000
v -9.720000 8.700000 2.520000
v -9.720000 8.700000 7.480000
v -15.280000 8.700000 7.480000
v -15.280000 9.200000 2.520000
v -9.720000 9.200000 2.520000
v -9.720000 9.200000 7.480000
v -15.280000 9.200000 7.480000
v -15.200000 9.000000 2.600000
v -9.800000 9.000000 2.600000
v -9.800000 9.000000 7.400000
v -15.200000 9.000000 7.400000
v -15.200000 11.400000 2.600000
v -9.800000 11.400000 2.600000
v -9.800000 11.400000 7.400000
v -15.200000 11.400000 7.400000
v -15.500000 11.400000 2.300000
v -9.500000 11.400000 2.300000
v -15.500000 11.400000 7.700000
v -9.500000 11.400000 7.700000
v -15.500000 12.600000 5.000000
v -9.500000 12.600000 5.000000
v -11.640000 11.400000 4.780000
v -11.200000 11.400000 4.780000
v -11.200000 11.400000 5.220000
v -11.640000 11.400000 5.220000
v -11.640000 13.000000 4.780000
v -11.200000 13.000000 4.780000
v -11.200000 13.000000 5.220000
v -11.640000 13.000000 5.220000
v -14.370000 9.730000 7.380000
v -13.330000 9.730000 7.380000
v -13.330000 9.730000 7.450000
v -14.370000 9.730000 7.450000
v -14.370000 10.670000 7.380000
v -13.330000 10.670000 7.380000
v -13.330000 10.670000 7.450000
v -14.370000 10.670000 7.450000
v -14.300000 9.800000 7.420000
v -13.400000 9.800000 7.420000
v -13.400000 9.800000 7.470000
v -14.300000 9.800000 7.470000
v -14.300000 10.600000 7.420000
v -13.400000 10.600000 7.420000
v -13.400000 10.600000 7.470000
v -14.300000 10.600000 7.470000
v -11.670000 9.730000 7.380000
v -10.630000 9.730000 7.380000
v -10.630000 9.730000 7.450000
v -11.670000 9.730000 7.450000
v -11.670000 10.670000 7.380000
v -10.630000 10.670000 7.380000
v -10.630000 10.670000 7.450000
v -11.670000 10.670000 7.450000
v -11.600000 9.800000 7.420000
v -10.700000 9.800000 7.420000
v -10.700000 9.800000 7.470000
v -11.600000 9.800000 7.470000
v -11.600000 10.600000 7.420000
v -10.700000 10.600000 7.420000
v -10.700000 10.600000 7.470000
v -11.600000 10.600000 7.470000
v -13.858617 9.000000 2.540000
v -12.858617 9.000000 2.540000
v -12.858617 9.000000 2.620000
v -13.858617 9.000000 2.620000
v -13.858617 11.040000 2.540000
v -12.858617 11.040000 2.540000
v -12.858617 11.040000 2.620000
v -13.858617 11.040000 2.620000
v -21.680000 5.200000 9.320000
v -16.320000 5.200000 9.320000
v -16.320000 5.200000 13.680000
v -21.680000 5.200000 13.680000
v -21.680000 5.700000 9.320000
v -16.320000 5.700000 9.320000
v -16.320000 5.700000 13.680000
v -21.680000 5.700000 13.680000
v -21.600000 5.500000 9.400000
v -16.400000 5.500000 9.400000
v -16.400000 5.500000 13.600000
v -21.600000 5.500000 13.600000
v -21.600000 10.900000 9.400000
v -16.400000 10.900000 9.400000
v -16.400000 10.900000 13.600000
v -21.600000 10.900000 13.600000
v -21.900000 10.900000 9.100000
v -16.100000 10.900000 9.100000
v -21.900000 10.900000 13.900000
v -16.100000 10.900000 13.900000
v -21.900000 12.500000 11.500000
v -16.100000 12.500000 11.500000
v -18.180000 10.900000 11.280000
v -17.740000 10.900000 11.280000
v -17.740000 10.900000 11.720000
v -18.180000 10.900000 11.720000
v -18.180000 12.900000 11.280000
v -17.740000 12.900000 11.280000
v -17.740000 12.900000 11.720000
v -18.180000 12.900000 11.720000
v -20.820000 6.488000 13.580000
v -19.780000 6.488000 13.580000
v -19.780000 6.488000 13.650000
v -20.820000 6.488000 13.650000
v -20.820000 7.428000 13.580000
v -19.780000 7.428000 13.580000
v -19.780000 7.428000 13.650000
v -20.820000 7.428000 13.650000
v -20.750000 6.558000 13.620000
v -19.850000 6.558000 13.620000
v -19.850000 6.558000 13.670000
v -20.750000 6.558000 13.670000
v -20.750000 7.358000 13.620000
v -19.850000 7.358000 13.620000
v -19.850000 7.358000 13.670000
v -20.750000 7.358000 13.670000
v -18.220000 6.488000 13.580000
v -17.180000 6.488000 13.580000
v -17.180000 6.488000 13.650000
v -18.220000 6.488000 13.650000
v -18.220000 7.428000 13.580000
v -17.180000 7.428000 13.580000
v -17.180000 7.428000 13.650000
v -18.220000 7.428000 13.650000
v -18.150000 6.558000 13.620000
v -17.250000 6.558000 13.620000
v -17.250000 6.558000 13.670000
v -18.150000 6.558000 13.670000
v -18.150000 7.358000 13.620000
v -17.250000 7.358000 13.620000
v -17.250000 7.358000 13.670000
v -18.150000 7.358000 13.670000
v -20.820000 8.972000 13.580000
v -19.780000 8.972000 13.580000
v -19.780000 8.972000 13.650000
v -20.820000 8.972000 13.650000
v -20.820000 9.912000 13.580000
v -19.780000 9.912000 13.580000
v -19.780000 9.912000 13.650000
v -20.820000 9.912000 13.650000
v -20.750000 9.042000 13.620000
v -19.850000 9.042000 13.620000
v -19.850000 9.042000 13.670000
v -20.750000 9.042000 13.670000
v -20.750000 9.842000 13.620000
v -19.850000 9.842000 13.620000
v -19.850000 9.842000 13.670000
v -20.750000 9.842000 13.670000
v -18.220000 8.972000 13.580000
v -17.180000 8.972000 13.580000
v -17.180000 8.972000 13.650000
v -18.220000 8.972000 13.650000
v -18.220000 9.912000 13.580000
v -17.180000 9.912000 13.580000
v -17.180000 9.912000 13.650000
v -18.220000 9.912000 13.650000
v -18.150000 9.042000 13.620000
v -17.250000 9.042000 13.620000
v -17.250000 9.042000 13.670000
v -18.150000 9.042000 13.670000
v -18.150000 9.842000 13.620000
v -17.250000 9.842000 13.620000
v -17.250000 9.842000 13.670000
v -18.150000 9.842000 13.670000
v -20.770224 5.500000 9.340000
v -19.770224 5.500000 9.340000
v -19.770224 5.500000 9.420000
v -20.770224 5.500000 9.420000
v -20.770224 7.600000 9.340000
v -19.770224 7.600000 9.340000
v -19.770224 7.600000 9.420000
v -20.770224 7.600000 9.420000
v -15.180000 5.200000 9.120000
v -9.820000 5.200000 9.120000
v -9.820000 5.200000 13.880000
v -15.180000 5.200000 13.880000
v -15.180000 5.700000 9.120000
v -9.820000 5.700000 9.120000
v -9.820000 5.700000 13.880000
v -15.180000 5.700000 13.880000
v -15.100000 5.500000 9.200000
v -9.900000 5.500000 9.200000
v -9.900000 5.500000 13.800000
v -15.100000 5.500000 13.800000
v -15.100000 8.700000 9.200000
v -9.900000 8.700000 9.200000
v -9.900000 8.700000 13.800000
v -15.100000 8.700000 13.800000
v -15.400000 8.700000 8.900000
v -9.600000 8.700000 8.900000
v -15.400000 8.700000 14.100000
v -9.600000 8.700000 14.100000
v -15.400000 10.300000 11.500000
v -9.600000 10.300000 11.500000
v -11.680000 8.700000 11.280000
v -11.240000 8.700000 11.280000
v -11.240000 8.700000 11.720000
v -11.680000 8.700000 11.720000
v -11.680000 10.700000 11.280000
v -11.240000 10.700000 11.280000
v -11.240000 10.700000 11.720000
v -11.680000 10.700000 11.720000
v -14.320000 6.630000 13.780000
v -13.280000 6.630000 13.780000
v -13.280000 6.630000 13.850000
v -14.320000 6.630000 13.850000
v -14.320000 7.570000 13.780000
v -13.280000 7.570000 13.780000
v -13.280000 7.570000 13.850000
v -14.320000 7.570000 13.850000
v -14.250000 6.700000 13.820000
v -13.350000 6.700000 13.820000
v -13.350000 6.700000 13.870000
v -14.250000 6.700000 13.870000
v -14.250000 7.500000 13.820000
v -13.350000 7.500000 13.820000
v -13.350000 7.500000 13.870000
v -14.250000 7.500000 13.870000
v -11.720000 6.630000 13.780000
v -10.680000 6.630000 13.780000
v -10.680000 6.630000 13.850000
v -11.720000 6.630000 13.850000
v -11.720000 7.570000 13.780000
v -10.680000 7.570000 13.780000
v -10.680000 7.570000 13.850000
v -11.720000 7.570000 13.850000
v -11.650000 6.700000 13.820000
v -10.750000 6.700000 13.820000
v -10.750000 6.700000 13.870000
v -11.650000 6.700000 13.870000
v -11.650000 7.500000 13.820000
v -10.750000 7.500000 13.820000
v -10.750000 7.500000 13.870000
v -11.650000 7.500000 13.870000
v -14.780000 5.700000 9.160000
v -14.620000 5.700000 9.160000
v -14.620000 5.700000 9.200000
v -14.780000 5.700000 9.200000
v -14.780000 8.700000 9.160000
v -14.620000 8.700000 9.160000
v -14.620000 8.700000 9.200000
v -14.780000 8.700000 9.200000
v -13.620000 5.700000 9.160000
v -13.460000 5.700000 9.160000
v -13.460000 5.700000 9.200000
v -13.620000 5.700000 9.200000
v -13.620000 8.700000 9.160000
v -13.460000 8.700000 9.160000
v -13.460000 8.700000 9.200000
v -13.620000 8.700000 9.200000
v -11.540000 5.700000 9.160000
v -11.380000 5.700000 9.160000
v -11.380000 5.700000 9.200000
v -11.540000 5.700000 9.200000
v -11.540000 8.700000 9.160000
v -11.380000 8.700000 9.160000
v -11.380000 8.700000 9.200000
v -11.540000 8.700000 9.200000
v -10.380000 5.700000 9.160000
v -10.220000 5.700000 9.160000
v -10.220000 5.700000 9.200000
v -10.380000 5.700000 9.200000
v -10.380000 8.700000 9.160000
v -10.220000 8.700000 9.160000
v -10.220000 8.700000 9.200000
v -10.380000 8.700000 9.200000
v -15.100000 7.180000 9.160000
v -9.900000 7.180000 9.160000
v -9.900000 7.180000 9.200000
v -15.100000 7.180000 9.200000
v -15.100000 7.340000 9.160000
v -9.900000 7.340000 9.160000
v -9.900000 7.340000 9.200000
v -15.100000 7.340000 9.200000
v -12.157386 5.500000 9.140000
v -11.157386 5.500000 9.140000
v -11.157386 5.500000 9.220000
v -12.157386 5.500000 9.220000
v -12.157386 7.600000 9.140000
v -11.157386 7.600000 9.140000
v -11.157386 7.600000 9.220000
v -12.157386 7.600000 9.220000
v 11.120000 8.700000 -5.280000
v 16.880000 8.700000 -5.280000
v 16.880000 8.700000 -0.720000
v 11.120000 8.700000 -0.720000
v 11.120000 9.200000 -5.280000
v 16.880000 9.200000 -5.280000
v 16.880000 9.200000 -0.720000
v 11.120000 9.200000 -0.720000
v 11.200000 9.000000 -5.200000
v 16.800000 9.000000 -5.200000
v 16.800000 9.000000 -0.800000
v 11.200000 9.000000 -0.800000
v 11.200000 11.400000 -5.200000
v 16.800000 11.400000 -5.200000
v 16.800000 11.400000 -0.800000
v 11.200000 11.400000 -0.800000
v 10.900000 11.400000 -5.500000
v 17.100000 11.400000 -5.500000
v 10.900000 11.400000 -0.500000
v 17.100000 11.400000 -0.500000
v 10.900000 12.600000 -3.000000
v 17.100000 12.600000 -3.000000
v 14.900000 11.400000 -3.220000
v 15.340000 11.400000 -3.220000
v 15.340000 11.400000 -2.780000
v 14.900000 11.400000 -2.780000
v 14.900000 13.000000 -3.220000
v 15.340000 13.000000 -3.220000
v 15.340000 13.000000 -2.780000
v 14.900000 13.000000 -2.780000
v 12.080000 9.730000 -0.820000
v 13.120000 9.730000 -0.820000
v 13.120000 9.730000 -0.750000
v 12.080000 9.730000 -0.750000
v 12.080000 10.670000 -0.820000
v 13.120000 10.670000 -0.820000
v 13.120000 10.670000 -0.750000
v 12.080000 10.670000 -0.750000
v 12.150000 9.800000 -0.780000
v 13.050000 9.800000 -0.780000
v 13.050000 9.800000 -0.730000
v 12.150000 9.800000 -0.730000
v 12.150000 10.600000 -0.780000
v 13.050000 10.600000 -0.780000
v 13.050000 10.600000 -0.730000
v 12.150000 10.600000 -0.730000
v 14.880000 9.730000 -0.820000
v 15.920000 9.730000 -0.820000
v 15.920000 9.730000 -0.750000
v 14.880000 9.730000 -0.750000
v 14.880000 10.670000 -0.820000
v 15.920000 10.670000 -0.820000
v 15.920000 10.670000 -0.750000
v 14.880000 10.670000 -0.750000
v 14.950000 9.800000 -0.780000
v 15.850000 9.800000 -0.780000
v 15.850000 9.800000 -0.730000
v 14.950000 9.800000 -0.730000
v 14.950000 10.600000 -0.780000
v 15.850000 10.600000 -0.780000
v 15.850000 10.600000 -0.730000
v 14.950000 10.600000 -0.730000
v 15.017965 9.000000 -5.260000
v 16.017965 9.000000 -5.260000
v 16.017965 9.000000 -5.180000
v 15.017965 9.000000 -5.180000
v 15.017965 11.040000 -5.260000
v 16.017965 11.040000 -5.260000
v 16.017965 11.040000 -5.180000
v 15.017965 11.040000 -5.180000
v 17.620000 5.200000 -5.380000
v 23.380000 5.200000 -5.380000
v 23.380000 5.200000 -0.620000
v 17.620000 5.200000 -0.620000
v 17.620000 5.700000 -5.380000
v 23.380000 5.700000 -5.380000
v 23.380000 5.700000 -0.620000
v 17.620000 5.700000 -0.620000
v 17.700000 5.500000 -5.300000
v 23.300000 5.500000 -5.300000
v 23.300000 5.500000 -0.700000
v 17.700000 5.500000 -0.700000
v 17.700000 10.900000 -5.300000
v 23.300000 10.900000 -5.300000
v 23.300000 10.900000 -0.700000
v 17.700000 10.900000 -0.700000
v 17.400000 10.900000 -5.600000
v 23.600000 10.900000 -5.600000
v 17.400000 10.900000 -0.400000
v 23.600000 10.900000 -0.400000
v 17.400000 12.500000 -3.000000
v 23.600000 12.500000 -3.000000
v 21.400000 10.900000 -3.220000
v 21.840000 10.900000 -3.220000
v 21.840000 10.900000 -2.780000
v 21.400000 10.900000 -2.780000
v 21.400000 12.900000 -3.220000
v 21.840000 12.900000 -3.220000
v 21.840000 12.900000 -2.780000
v 21.400000 12.900000 -2.780000
v 18.580000 6.488000 -0.720000
v 19.620000 6.488000 -0.720000
v 19.620000 6.488000 -0.650000
v 18.580000 6.488000 -0.650000
v 18.580000 7.428000 -0.720000
v 19.620000 7.428000 -0.720000
v 19.620000 7.428000 -0.650000
v 18.580000 7.428000 -0.650000
v 18.650000 6.558000 -0.680000
v 19.550000 6.558000 -0.680000
v 19.550000 6.558000 -0.630000
v 18.650000 6.558000 -0.630000
v 18.650000 7.358000 -0.680000
v 19.550000 7.358000 -0.680000
v 19.550000 7.358000 -0.630000
v 18.650000 7.358000 -0.630000
v 21.380000 6.488000 -0.720000
v 22.420000 6.488000 -0.720000
v 22.420000 6.488000 -0.650000
v 21.380000 6.488000 -0.650000
v 21.380000 7.428000 -0.720000
v 22.420000 7.428000 -0.720000
v 22.420000 7.428000 -0.650000
v 21.380000 7.428000 -0.650000
v 21.450000 6.558000 -0.680000
v 22.350000 6.558000 -0.680000
v 22.350000 6.558000 -0.630000
v 21.450000 6.558000 -0.630000
v 21.450000 7.358000 -0.680000
v 22.350000 7.358000 -0.680000
v 22.350000 7.358000 -0.630000
v 21.450000 7.358000 -0.630000
v 18.580000 8.972000 -0.720000
v 19.620000 8.972000 -0.720000
v 19.620000 8.972000 -0.650000
v 18.580000 8.972000 -0.650000
v 18.580000 9.912000 -0.720000
v 19.620000 9.912000 -0.720000
v 19.620000 9.912000 -0.650000
v 18.580000 9.912000 -0.650000
v 18.650000 9.042000 -0.680000
v 19.550000 9.042000 -0.680000
v 19.550000 9.042000 -0.630000
v 18.650000 9.042000 -0.630000
v 18.650000 9.842000 -0.680000
v 19.550000 9.842000 -0.680000
v 19.550000 9.842000 -0.630000
v 18.650000 9.842000 -0.630000
v 21.380000 8.972000 -0.720000
v 22.420000 8.972000 -0.720000
v 22.420000 8.972000 -0.650000
v 21.380000 8.972000 -0.650000
v 21.380000 9.912000 -0.720000
v 22.420000 9.912000 -0.720000
v 22.420000 9.912000 -0.650000
v 21.380000 9.912000 -0.650000
v 21.450000 9.042000 -0.680000
v 22.350000 9.042000 -0.680000
v 22.350000 9.042000 -0.630000
v 21.450000 9.042000 -0.630000
v 21.450000 9.842000 -0.680000
v 22.350000 9.842000 -0.680000
v 22.350000 9.842000 -0.630000
v 21.450000 9.842000 -0.630000
v 19.035422 5.500000 -5.360000
v 20.035422 5.500000 -5.360000
v 20.035422 5.500000 -5.280000
v 19.035422 5.500000 -5.280000
v 19.035422 7.600000 -5.360000
v 20.035422 7.600000 -5.360000
v 20.035422 7.600000 -5.280000
v 19.035422 7.600000 -5.280000
v 11.220000 8.700000 0.920000
v 16.780000 8.700000 0.920000
v 16.780000 8.700000 6.080000
v 11.220000 8.700000 6.080000
v 11.220000 9.200000 0.920000
v 16.780000 9.200000 0.920000
v 16.780000 9.200000 6.080000
v 11.220000 9.200000 6.080000
v 11.300000 9.000000 1.000000
v 16.700000 9.000000 1.000000
v 16.700000 9.000000 6.000000
v 11.300000 9.000000 6.000000
v 11.300000 12.200000 1.000000
v 16.700000 12.200000 1.000000
v 16.700000 12.200000 6.000000
v 11.300000 12.200000 6.000000
v 11.000000 12.200000 0.700000
v 17.000000 12.200000 0.700000
v 11.000000 12.200000 6.300000
v 17.000000 12.200000 6.300000
v 11.000000 13.800000 3.500000
v 17.000000 13.800000 3.500000
v 14.860000 12.200000 3.280000
v 15.300000 12.200000 3.280000
v 15.300000 12.200000 3.720000
v 14.860000 12.200000 3.720000
v 14.860000 14.200000 3.280000
v 15.300000 14.200000 3.280000
v 15.300000 14.200000 3.720000
v 14.860000 14.200000 3.720000
v 12.130000 10.130000 5.980000
v 13.170000 10.130000 5.980000
v 13.170000 10.130000 6.050000
v 12.130000 10.130000 6.050000
v 12.130000 11.070000 5.980000
v 13.170000 11.070000 5.980000
v 13.170000 11.070000 6.050000
v 12.130000 11.070000 6.050000
v 12.200000 10.200000 6.020000
v 13.100000 10.200000 6.020000
v 13.100000 10.200000 6.070000
v 12.200000 10.200000 6.070000
v 12.200000 11.000000 6.020000
v 13.100000 11.000000 6.020000
v 13.100000 11.000000 6.070000
v 12.200000 11.000000 6.070000
v 14.830000 10.130000 5.980000
v 15.870000 10.130000 5.980000
v 15.870000 10.130000 6.050000
v 14.830000 10.130000 6.050000
v 14.830000 11.070000 5.980000
v 15.870000 11.070000 5.980000
v 15.870000 11.070000 6.050000
v 14.830000 11.070000 6.050000
v 14.900000 10.200000 6.020000
v 15.800000 10.200000 6.020000
v 15.800000 10.200000 6.070000
v 14.900000 10.200000 6.070000
v 14.900000 11.000000 6.020000
v 15.800000 11.000000 6.020000
v 15.800000 11.000000 6.070000
v 14.900000 11.000000 6.070000
v 11.620000 9.200000 0.960000
v 11.780000 9.200000 0.960000
v 11.780000 9.200000 1.000000
v 11.620000 9.200000 1.000000
v 11.620000 12.200000 0.960000
v 11.780000 12.200000 0.960000
v 11.780000 12.200000 1.000000
v 11.620000 12.200000 1.000000
v 12.840000 9.200000 0.960000
v 13.000000 9.200000 0.960000
v 13.000000 9.200000 1.000000
v 12.840000 9.200000 1.000000
v 12.840000 12.200000 0.960000
v 13.000000 12.200000 0.960000
v 13.000000 12.200000 1.000000
v 12.840000 12.200000 1.000000
v 15.000000 9.200000 0.960000
v 15.160000 9.200000 0.960000
v 15.160000 9.200000 1.000000
v 15.000000 9.200000 1.000000
v 15.000000 12.200000 0.960000
v 15.160000 12.200000 0.960000
v 15.160000 12.200000 1.000000
v 15.000000 12.200000 1.000000
v 16.220000 9.200000 0.960000
v 16.380000 9.200000 0.960000
v 16.380000 9.200000 1.000000
v 16.220000 9.200000 1.000000
v 16.220000 12.200000 0.960000
v 16.380000 12.200000 0.960000
v 16.380000 12.200000 1.000000
v 16.220000 12.200000 1.000000
v 11.300000 10.680000 0.960000
v 16.700000 10.680000 0.960000
v 16.700000 10.680000 1.000000
v 11.300000 10.680000 1.000000
v 11.300000 10.840000 0.960000
v 16.700000 10.840000 0.960000
v 16.700000 10.840000 1.000000
v 11.300000 10.840000 1.000000
v 14.113256 9.000000 0.940000
v 15.113256 9.000000 0.940000
v 15.113256 9.000000 1.020000
v 14.113256 9.000000 1.020000
v 14.113256 11.100000 0.940000
v 15.113256 11.100000 0.940000
v 15.113256 11.100000 1.020000
v 14.113256 11.100000 1.020000
v -5.580000 2.200000 15.620000
v -0.420000 2.200000 15.620000
v -0.420000 2.200000 20.380000
v -5.580000 2.200000 20.380000
v -5.580000 2.700000 15.620000
v -0.420000 2.700000 15.620000
v -0.420000 2.700000 20.380000
v -5.580000 2.700000 20.380000
v -5.500000 2.500000 15.700000
v -0.500000 2.500000 15.700000
v -0.500000 2.500000 20.300000
v -5.500000 2.500000 20.300000
v -5.500000 4.900000 15.700000
v -0.500000 4.900000 15.700000
v -0.500000 4.900000 20.300000
v -5.500000 4.900000 20.300000
v -5.800000 4.900000 15.400000
v -0.200000 4.900000 15.400000
v -5.800000 4.900000 20.600000
v -0.200000 4.900000 20.600000
v -5.800000 6.100000 18.000000
v -0.200000 6.100000 18.000000
v -2.220000 4.900000 17.780000
v -1.780000 4.900000 17.780000
v -1.780000 4.900000 18.220000
v -2.220000 4.900000 18.220000
v -2.220000 6.500000 17.780000
v -1.780000 6.500000 17.780000
v -1.780000 6.500000 18.220000
v -2.220000 6.500000 18.220000
v -4.770000 3.230000 20.280000
v -3.730000 3.230000 20.280000
v -3.730000 3.230000 20.350000
v -4.770000 3.230000 20.350000
v -4.770000 4.170000 20.280000
v -3.730000 4.170000 20.280000
v -3.730000 4.170000 20.350000
v -4.770000 4.170000 20.350000
v -4.700000 3.300000 20.320000
v -3.800000 3.300000 20.320000
v -3.800000 3.300000 20.370000
v -4.700000 3.300000 20.370000
v -4.700000 4.100000 20.320000
v -3.800000 4.100000 20.320000
v -3.800000 4.100000 20.370000
v -4.700000 4.100000 20.370000
v -2.270000 3.230000 20.280000
v -1.230000 3.230000 20.280000
v -1.230000 3.230000 20.350000
v -2.270000 3.230000 20.350000
v -2.270000 4.170000 20.280000
v -1.230000 4.170000 20.280000
v -1.230000 4.170000 20.350000
v -2.270000 4.170000 20.350000
v -2.200000 3.300000 20.320000
v -1.300000 3.300000 20.320000
v -1.300000 3.300000 20.370000
v -2.200000 3.300000 20.370000
v -2.200000 4.100000 20.320000
v -1.300000 4.100000 20.320000
v -1.300000 4.100000 20.370000
v -2.200000 4.100000 20.370000
v -3.568773 2.500000 15.640000
v -2.568773 2.500000 15.640000
v -2.568773 2.500000 15.720000
v -3.568773 2.500000 15.720000
v -3.568773 4.540000 15.640000
v -2.568773 4.540000 15.640000
v -2.568773 4.540000 15.720000
v -3.568773 4.540000 15.720000
v 1.020000 2.200000 15.920000
v 5.980000 2.200000 15.920000
v 5.980000 2.200000 20.080000
v 1.020000 2.200000 20.080000
v 1.020000 2.700000 15.920000
v 5.980000 2.700000 15.920000
v 5.980000 2.700000 20.080000
v 1.020000 2.700000 20.080000
v 1.100000 2.500000 16.000000
v 5.900000 2.500000 16.000000
v 5.900000 2.500000 20.000000
v 1.100000 2.500000 20.000000
v 1.100000 7.900000 16.000000
v 5.900000 7.900000 16.000000
v 5.900000 7.900000 20.000000
v 1.100000 7.900000 20.000000
v 0.800000 7.900000 15.700000
v 6.200000 7.900000 15.700000
v 0.800000 7.900000 20.300000
v 6.200000 7.900000 20.300000
v 0.800000 9.500000 18.000000
v 6.200000 9.500000 18.000000
v 4.240000 7.900000 17.780000
v 4.680000 7.900000 17.780000
v 4.680000 7.900000 18.220000
v 4.240000 7.900000 18.220000
v 4.240000 9.900000 17.780000
v 4.680000 9.900000 17.780000
v 4.680000 9.900000 18.220000
v 4.240000 9.900000 18.220000
v 1.798000 3.488000 19.980000
v 2.802000 3.488000 19.980000
v 2.802000 3.488000 20.050000
v 1.798000 3.488000 20.050000
v 1.798000 4.428000 19.980000
v 2.802000 4.428000 19.980000
v 2.802000 4.428000 20.050000
v 1.798000 4.428000 20.050000
v 1.868000 3.558000 20.020000
v 2.732000 3.558000 20.020000
v 2.732000 3.558000 20.070000
v 1.868000 3.558000 20.070000
v 1.868000 4.358000 20.020000
v 2.732000 4.358000 20.020000
v 2.732000 4.358000 20.070000
v 1.868000 4.358000 20.070000
v 4.198000 3.488000 19.980000
v 5.202000 3.488000 19.980000
v 5.202000 3.488000 20.050000
v 4.198000 3.488000 20.050000
v 4.198000 4.428000 19.980000
v 5.202000 4.428000 19.980000
v 5.202000 4.428000 20.050000
v 4.198000 4.428000 20.050000
v 4.268000 3.558000 20.020000
v 5.132000 3.558000 20.020000
v 5.132000 3.558000 20.070000
v 4.268000 3.558000 20.070000
v 4.268000 4.358000 20.020000
v 5.132000 4.358000 20.020000
v 5.132000 4.358000 20.070000
v 4.268000 4.358000 20.070000
v 1.798000 5.972000 19.980000
v 2.802000 5.972000 19.980000
v 2.802000 5.972000 20.050000
v 1.798000 5.972000 20.050000
v 1.798000 6.912000 19.980000
v 2.802000 6.912000 19.980000
v 2.802000 6.912000 20.050000
v 1.798000 6.912000 20.050000
v 1.868000 6.042000 20.020000
v 2.732000 6.042000 20.020000
v 2.732000 6.042000 20.070000
v 1.868000 6.042000 20.070000
v 1.868000 6.842000 20.020000
v 2.732000 6.842000 20.020000
v 2.732000 6.842000 20.070000
v 1.868000 6.842000 20.070000
v 4.198000 5.972000 19.980000
v 5.202000 5.972000 19.980000
v 5.202000 5.972000 20.050000
v 4.198000 5.972000 20.050000
v 4.198000 6.912000 19.980000
v 5.202000 6.912000 19.980000
v 5.202000 6.912000 20.050000
v 4.198000 6.912000 20.050000
v 4.268000 6.042000 20.020000
v 5.132000 6.042000 20.020000
v 5.132000 6.042000 20.070000
v 4.268000 6.042000 20.070000
v 4.268000 6.842000 20.020000
v 5.132000 6.842000 20.020000
v 5.132000 6.842000 20.070000
v 4.268000 6.842000 20.070000
v 2.325968 2.500000 15.940000
v 3.325968 2.500000 15.940000
v 3.325968 2.500000 16.020000
v 2.325968 2.500000 16.020000
v 2.325968 4.600000 15.940000
v 3.325968 4.600000 15.940000
v 3.325968 4.600000 16.020000
v 2.325968 4.600000 16.020000
v -1.500000 0.200000 -31.000000
v -1.033333 0.200000 -31.000000
v -1.033333 0.200000 -24.000000
v -1.500000 0.200000 -24.000000
v -1.500000 0.400000 -31.000000
v -1.033333 0.400000 -31.000000
v -1.033333 0.400000 -24.000000
v -1.500000 0.400000 -24.000000
v -0.993333 0.200000 -31.000000
v -0.526667 0.200000 -31.000000
v -0.526667 0.200000 -24.000000
v -0.993333 0.200000 -24.000000
v -0.993333 0.400000 -31.000000
v -0.526667 0.400000 -31.000000
v -0.526667 0.400000 -24.000000
v -0.993333 0.400000 -24.000000
v -0.486667 0.200000 -31.000000
v -0.020000 0.200000 -31.000000
v -0.020000 0.200000 -24.000000
v -0.486667 0.200000 -24.000000
v -0.486667 0.400000 -31.000000
v -0.020000 0.400000 -31.000000
v -0.020000 0.400000 -24.000000
v -0.486667 0.400000 -24.000000
v 0.020000 0.200000 -31.000000
v 0.486667 0.200000 -31.000000
v 0.486667 0.200000 -24.000000
v 0.020000 0.200000 -24.000000
v 0.020000 0.400000 -31.000000
v 0.486667 0.400000 -31.000000
v 0.486667 0.400000 -24.000000
v 0.020000 0.400000 -24.000000
v 0.526667 0.200000 -31.000000
v 0.993333 0.200000 -31.000000
v 0.993333 0.200000 -24.000000
v 0.526667 0.200000 -24.000000
v 0.526667 0.400000 -31.000000
v 0.993333 0.400000 -31.000000
v 0.993333 0.400000 -24.000000
v 0.526667 0.400000 -24.000000
v 1.033333 0.200000 -31.000000
v 1.500000 0.200000 -31.000000
v 1.500000 0.200000 -24.000000
v 1.033333 0.200000 -24.000000
v 1.033333 0.400000 -31.000000
v 1.500000 0.400000 -31.000000
v 1.500000 0.400000 -24.000000
v 1.033333 0.400000 -24.000000
v -1.500000 -0.800000 -31.000000
v -1.200000 -0.800000 -31.000000
v -1.200000 -0.800000 -30.700000
v -1.500000 -0.800000 -30.700000
v -1.500000 0.200000 -31.000000
v -1.200000 0.200000 -31.000000
v -1.200000 0.200000 -30.700000
v -1.500000 0.200000 -30.700000
v 1.200000 -0.800000 -31.000000
v 1.500000 -0.800000 -31.000000
v 1.500000 -0.800000 -30.700000
v 1.200000 -0.800000 -30.700000
v 1.200000 0.200000 -31.000000
v 1.500000 0.200000 -31.000000
v 1.500000 0.200000 -30.700000
v 1.200000 0.200000 -30.700000
v -1.500000 -0.800000 -29.400000
v -1.200000 -0.800000 -29.400000
v -1.200000 -0.800000 -29.100000
v -1.500000 -0.800000 -29.100000
v -1.500000 0.200000 -29.400000
v -1.200000 0.200000 -29.400000
v -1.200000 0.200000 -29.100000
v -1.500000 0.200000 -29.100000
v 1.200000 -0.800000 -29.400000
v 1.500000 -0.800000 -29.400000
v 1.500000 -0.800000 -29.100000
v 1.200000 -0.800000 -29.100000
v 1.200000 0.200000 -29.400000
v 1.500000 0.200000 -29.400000
v 1.500000 0.200000 -29.100000
v 1.200000 0.200000 -29.100000
v -1.500000 -0.800000 -27.650000
v -1.200000 -0.800000 -27.650000
v -1.200000 -0.800000 -27.350000
v -1.500000 -0.800000 -27.350000
v -1.500000 0.200000 -27.650000
v -1.200000 0.200000 -27.650000
v -1.200000 0.200000 -27.350000
v -1.500000 0.200000 -27.350000
v 1.200000 -0.800000 -27.650000
v 1.500000 -0.800000 -27.650000
v 1.500000 -0.800000 -27.350000
v 1.200000 -0.800000 -27.350000
v 1.200000 0.200000 -27.650000
v 1.500000 0.200000 -27.650000
v 1.500000 0.200000 -27.350000
v 1.200000 0.200000 -27.350000
v -1.500000 -0.800000 -25.900000
v -1.200000 -0.800000 -25.900000
v -1.200000 -0.800000 -25.600000
v -1.500000 -0.800000 -25.600000
v -1.500000 0.200000 -25.900000
v -1.200000 0.200000 -25.900000
v -1.200000 0.200000 -25.600000
v -1.500000 0.200000 -25.600000
v 1.200000 -0.800000 -25.900000
v 1.500000 -0.800000 -25.900000
v 1.500000 -0.800000 -25.600000
v 1.200000 -0.800000 -25.600000
v 1.200000 0.200000 -25.900000
v 1.500000 0.200000 -25.900000
v 1.500000 0.200000 -25.600000
v 1.200000 0.200000 -25.600000
v -1.500000 -0.800000 -24.300000
v -1.200000 -0.800000 -24.300000
v -1.200000 -0.800000 -24.000000
v -1.500000 -0.800000 -24.000000
v -1.500000 0.200000 -24.300000
v -1.200000 0.200000 -24.300000
v -1.200000 0.200000 -24.000000
v -1.500000 0.200000 -24.000000
v 1.200000 -0.800000 -24.300000
v 1.500000 -0.800000 -24.300000
v 1.500000 -0.800000 -24.000000
v 1.200000 -0.800000 -24.000000
v 1.200000 0.200000 -24.300000
v 1.500000 0.200000 -24.300000
v 1.500000 0.200000 -24.000000
v 1.200000 0.200000 -24.000000
v -1.500000 0.400000 -31.000000
v -1.420000 0.400000 -31.000000
v -1.420000 0.400000 -30.920000
v -1.500000 0.400000 -30.920000
v -1.500000 1.400000 -31.000000
v -1.420000 1.400000 -31.000000
v -1.420000 1.400000 -30.920000
v -1.500000 1.400000 -30.920000
v -1.500000 0.400000 -29.290000
v -1.420000 0.400000 -29.290000
v -1.420000 0.400000 -29.210000
v -1.500000 0.400000 -29.210000
v -1.500000 1.400000 -29.290000
v -1.420000 1.400000 -29.290000
v -1.420000 1.400000 -29.210000
v -1.500000 1.400000 -29.210000
v -1.500000 0.400000 -27.540000
v -1.420000 0.400000 -27.540000
v -1.420000 0.400000 -27.460000
v -1.500000 0.400000 -27.460000
v -1.500000 1.400000 -27.540000
v -1.420000 1.400000 -27.540000
v -1.420000 1.400000 -27.460000
v -1.500000 1.400000 -27.460000
v -1.500000 0.400000 -25.790000
v -1.420000 0.400000 -25.790000
v -1.420000 0.400000 -25.710000
v -1.500000 0.400000 -25.710000
v -1.500000 1.400000 -25.790000
v -1.420000 1.400000 -25.790000
v -1.420000 1.400000 -25.710000
v -1.500000 1.400000 -25.710000
v -1.500000 0.400000 -24.080000
v -1.420000 0.400000 -24.080000
v -1.420000 0.400000 -24.000000
v -1.500000 0.400000 -24.000000
v -1.500000 1.400000 -24.080000
v -1.420000 1.400000 -24.080000
v -1.420000 1.400000 -24.000000
v -1.500000 1.400000 -24.000000
v -1.500000 1.250000 -31.000000
v -1.420000 1.250000 -31.000000
v -1.420000 1.250000 -24.000000
v -1.500000 1.250000 -24.000000
v -1.500000 1.400000 -31.000000
v -1.420000 1.400000 -31.000000
v -1.420000 1.400000 -24.000000
v -1.500000 1.400000 -24.000000
v 1.420000 0.400000 -31.000000
v 1.500000 0.400000 -31.000000
v 1.500000 0.400000 -30.920000
v 1.420000 0.400000 -30.920000
v 1.420000 1.400000 -31.000000
v 1.500000 1.400000 -31.000000
v 1.500000 1.400000 -30.920000
v 1.420000 1.400000 -30.920000
v 1.420000 0.400000 -29.290000
v 1.500000 0.400000 -29.290000
v 1.500000 0.400000 -29.210000
v 1.420000 0.400000 -29.210000
v 1.420000 1.400000 -29.290000
v 1.500000 1.400000 -29.290000
v 1.500000 1.400000 -29.210000
v 1.420000 1.400000 -29.210000
v 1.420000 0.400000 -27.540000
v 1.500000 0.400000 -27.540000
v 1.500000 0.400000 -27.460000
v 1.420000 0.400000 -27.460000
v 1.420000 1.400000 -27.540000
v 1.500000 1.400000 -27.540000
v 1.500000 1.400000 -27.460000
v 1.420000 1.400000 -27.460000
v 1.420000 0.400000 -25.790000
v 1.500000 0.400000 -25.790000
v 1.500000 0.400000 -25.710000
v 1.420000 0.400000 -25.710000
v 1.420000 1.400000 -25.790000
v 1.500000 1.400000 -25.790000
v 1.500000 1.400000 -25.710000
v 1.420000 1.400000 -25.710000
v 1.420000 0.400000 -24.080000
v 1.500000 0.400000 -24.080000
v 1.500000 0.400000 -24.000000
v 1.420000 0.400000 -24.000000
v 1.420000 1.400000 -24.080000
v 1.500000 1.400000 -24.080000
v 1.500000 1.400000 -24.000000
v 1.420000 1.400000 -24.000000
v 1.420000 1.250000 -31.000000
v 1.500000 1.250000 -31.000000
v 1.500000 1.250000 -24.000000
v 1.420000 1.250000 -24.000000
v 1.420000 1.400000 -31.000000
v 1.500000 1.400000 -31.000000
v 1.500000 1.400000 -24.000000
v 1.420000 1.400000 -24.000000
v -1.000000 0.400000 -30.700000
v -0.800000 0.400000 -30.700000
v -0.800000 0.400000 -30.500000
v -1.000000 0.400000 -30.500000
v -1.000000 0.900000 -30.700000
v -0.800000 0.900000 -30.700000
v -0.800000 0.900000 -30.500000
v -1.000000 0.900000 -30.500000
v 0.800000 0.400000 -30.700000
v 1.000000 0.400000 -30.700000
v 1.000000 0.400000 -30.500000
v 0.800000 0.400000 -30.500000
v 0.800000 0.900000 -30.700000
v 1.000000 0.900000 -30.700000
v 1.000000 0.900000 -30.500000
v 0.800000 0.900000 -30.500000
v -1.500000 0.200000 -38.000000
v -1.033333 0.200000 -38.000000
v -1.033333 0.200000 -31.000000
v -1.500000 0.200000 -31.000000
v -1.500000 0.400000 -38.000000
v -1.033333 0.400000 -38.000000
v -1.033333 0.400000 -31.000000
v -1.500000 0.400000 -31.000000
v -0.993333 0.200000 -38.000000
v -0.526667 0.200000 -38.000000
v -0.526667 0.200000 -31.000000
v -0.993333 0.200000 -31.000000
v -0.993333 0.400000 -38.000000
v -0.526667 0.400000 -38.000000
v -0.526667 0.400000 -31.000000
v -0.993333 0.400000 -31.000000
v -0.486667 0.200000 -38.000000
v -0.020000 0.200000 -38.000000
v -0.020000 0.200000 -31.000000
v -0.486667 0.200000 -31.000000
v -0.486667 0.400000 -38.000000
v -0.020000 0.400000 -38.000000
v -0.020000 0.400000 -31.000000
v -0.486667 0.400000 -31.000000
v 0.020000 0.200000 -38.000000
v 0.486667 0.200000 -38.000000
v 0.486667 0.200000 -31.000000
v 0.020000 0.200000 -31.000000
v 0.020000 0.400000 -38.000000
v 0.486667 0.400000 -38.000000
v 0.486667 0.400000 -31.000000
v 0.020000 0.400000 -31.000000
v 0.526667 0.200000 -38.000000
v 0.993333 0.200000 -38.000000
v 0.993333 0.200000 -31.000000
v 0.526667 0.200000 -31.000000
v 0.526667 0.400000 -38.000000
v 0.993333 0.400000 -38.000000
v 0.993333 0.400000 -31.000000
v 0.526667 0.400000 -31.000000
v 1.033333 0.200000 -38.000000
v 1.500000 0.200000 -38.000000
v 1.500000 0.200000 -31.000000
v 1.033333 0.200000 -31.000000
v 1.033333 0.400000 -38.000000
v 1.500000 0.400000 -38.000000
v 1.500000 0.400000 -31.000000
v 1.033333 0.400000 -31.000000
v -1.500000 -0.800000 -38.000000
v -1.200000 -0.800000 -38.000000
v -1.200000 -0.800000 -37.700000
v -1.500000 -0.800000 -37.700000
v -1.500000 0.200000 -38.000000
v -1.200000 0.200000 -38.000000
v -1.200000 0.200000 -37.700000
v -1.500000 0.200000 -37.700000
v 1.200000 -0.800000 -38.000000
v 1.500000 -0.800000 -38.000000
v 1.500000 -0.800000 -37.700000
v 1.200000 -0.800000 -37.700000
v 1.200000 0.200000 -38.000000
v 1.500000 0.200000 -38.000000
v 1.500000 0.200000 -37.700000
v 1.200000 0.200000 -37.700000
v -1.500000 -0.800000 -36.400000
v -1.200000 -0.800000 -36.400000
v -1.200000 -0.800000 -36.100000
v -1.500000 -0.800000 -36.100000
v -1.500000 0.200000 -36.400000
v -1.200000 0.200000 -36.400000
v -1.200000 0.200000 -36.100000
v -1.500000 0.200000 -36.100000
v 1.200000 -0.800000 -36.400000
v 1.500000 -0.800000 -36.400000
v 1.500000 -0.800000 -36.100000
v 1.200000 -0.800000 -36.100000
v 1.200000 0.200000 -36.400000
v 1.500000 0.200000 -36.400000
v 1.500000 0.200000 -36.100000
v 1.200000 0.200000 -36.100000
v -1.500000 -0.800000 -34.650000
v -1.200000 -0.800000 -34.650000
v -1.200000 -0.800000 -34.350000
v -1.500000 -0.800000 -34.350000
v -1.500000 0.200000 -34.650000
v -1.200000 0.200000 -34.650000
v -1.200000 0.200000 -34.350000
v -1.500000 0.200000 -34.350000
v 1.200000 -0.800000 -34.650000
v 1.500000 -0.800000 -34.650000
v 1.500000 -0.800000 -34.350000
v 1.200000 -0.800000 -34.350000
v 1.200000 0.200000 -34.650000
v 1.500000 0.200000 -34.650000
v 1.500000 0.200000 -34.350000
v 1.200000 0.200000 -34.350000
v -1.500000 -0.800000 -32.900000
v -1.200000 -0.800000 -32.900000
v -1.200000 -0.800000 -32.600000
v -1.500000 -0.800000 -32.600000
v -1.500000 0.200000 -32.900000
v -1.200000 0.200000 -32.900000
v -1.200000 0.200000 -32.600000
v -1.500000 0.200000 -32.600000
v 1.200000 -0.800000 -32.900000
v 1.500000 -0.800000 -32.900000
v 1.500000 -0.800000 -32.600000
v 1.200000 -0.800000 -32.600000
v 1.200000 0.200000 -32.900000
v 1.500000 0.200000 -32.900000
v 1.500000 0.200000 -32.600000
v 1.200000 0.200000 -32.600000
v -1.500000 -0.800000 -31.300000
v -1.200000 -0.800000 -31.300000
v -1.200000 -0.800000 -31.000000
v -1.500000 -0.800000 -31.000000
v -1.500000 0.200000 -31.300000
v -1.200000 0.200000 -31.300000
v -1.200000 0.200000 -31.000000
v -1.500000 0.200000 -31.000000
v 1.200000 -0.800000 -31.300000
v 1.500000 -0.800000 -31.300000
v 1.500000 -0.800000 -31.000000
v 1.200000 -0.800000 -31.000000
v 1.200000 0.200000 -31.300000
v 1.500000 0.200000 -31.300000
v 1.500000 0.200000 -31.000000
v 1.200000 0.200000 -31.000000
v -1.500000 0.400000 -38.000000
v -1.420000 0.400000 -38.000000
v -1.420000 0.400000 -37.920000
v -1.500000 0.400000 -37.920000
v -1.500000 1.400000 -38.000000
v -1.420000 1.400000 -38.000000
v -1.420000 1.400000 -37.920000
v -1.500000 1.400000 -37.920000
v -1.500000 0.400000 -36.290000
v -1.420000 0.400000 -36.290000
v -1.420000 0.400000 -36.210000
v -1.500000 0.400000 -36.210000
v -1.500000 1.400000 -36.290000
v -1.420000 1.400000 -36.290000
v -1.420000 1.400000 -36.210000
v -1.500000 1.400000 -36.210000
v -1.500000 0.400000 -34.540000
v -1.420000 0.400000 -34.540000
v -1.420000 0.400000 -34.460000
v -1.500000 0.400000 -34.460000
v -1.500000 1.400000 -34.540000
v -1.420000 1.400000 -34.540000
v -1.420000 1.400000 -34.460000
v -1.500000 1.400000 -34.460000
v -1.500000 0.400000 -32.790000
v -1.420000 0.400000 -32.790000
v -1.420000 0.400000 -32.710000
v -1.500000 0.400000 -32.710000
v -1.500000 1.400000 -32.790000
v -1.420000 1.400000 -32.790000
v -1.420000 1.400000 -32.710000
v -1.500000 1.400000 -32.710000
v -1.500000 0.400000 -31.080000
v -1.420000 0.400000 -31.080000
v -1.420000 0.400000 -31.000000
v -1.500000 0.400000 -31.000000
v -1.500000 1.400000 -31.080000
v -1.420000 1.400000 -31.080000
v -1.420000 1.400000 -31.000000
v -1.500000 1.400000 -31.000000
v -1.500000 1.250000 -38.000000
v -1.420000 1.250000 -38.000000
v -1.420000 1.250000 -31.000000
v -1.500000 1.250000 -31.000000
v -1.500000 1.400000 -38.000000
v -1.420000 1.400000 -38.000000
v -1.420000 1.400000 -31.000000
v -1.500000 1.400000 -31.000000
v 1.420000 0.400000 -38.000000
v 1.500000 0.400000 -38.000000
v 1.500000 0.400000 -37.920000
v 1.420000 0.400000 -37.920000
v 1.420000 1.400000 -38.000000
v 1.500000 1.400000 -38.000000
v 1.500000 1.400000 -37.920000
v 1.420000 1.400000 -37.920000
v 1.420000 0.400000 -36.290000
v 1.500000 0.400000 -36.290000
v 1.500000 0.400000 -36.210000
v 1.420000 0.400000 -36.210000
v 1.420000 1.400000 -36.290000
v 1.500000 1.400000 -36.290000
v 1.500000 1.400000 -36.210000
v 1.420000 1.400000 -36.210000
v 1.420000 0.400000 -34.540000
v 1.500000 0.400000 -34.540000
v 1.500000 0.400000 -34.460000
v 1.420000 0.400000 -34.460000
v 1.420000 1.400000 -34.540000
v 1.500000 1.400000 -34.540000
v 1.500000 1.400000 -34.460000
v 1.420000 1.400000 -34.460000
v 1.420000 0.400000 -32.790000
v 1.500000 0.400000 -32.790000
v 1.500000 0.400000 -32.710000
v 1.420000 0.400000 -32.710000
v 1.420000 1.400000 -32.790000
v 1.500000 1.400000 -32.790000
v 1.500000 1.400000 -32.710000
v 1.420000 1.400000 -32.710000
v 1.420000 0.400000 -31.080000
v 1.500000 0.400000 -31.080000
v 1.500000 0.400000 -31.000000
v 1.420000 0.400000 -31.000000
v 1.420000 1.400000 -31.080000
v 1.500000 1.400000 -31.080000
v 1.500000 1.400000 -31.000000
v 1.420000 1.400000 -31.000000
v 1.420000 1.250000 -38.000000
v 1.500000 1.250000 -38.000000
v 1.500000 1.250000 -31.000000
v 1.420000 1.250000 -31.000000
v 1.420000 1.400000 -38.000000
v 1.500000 1.400000 -38.000000
v 1.500000 1.400000 -31.000000
v 1.420000 1.400000 -31.000000
v -1.000000 0.400000 -37.700000
v -0.800000 0.400000 -37.700000
v -0.800000 0.400000 -37.500000
v -1.000000 0.400000 -37.500000
v -1.000000 0.900000 -37.700000
v -0.800000 0.900000 -37.700000
v -0.800000 0.900000 -37.500000
v -1.000000 0.900000 -37.500000
v 0.800000 0.400000 -37.700000
v 1.000000 0.400000 -37.700000
v 1.000000 0.400000 -37.500000
v 0.800000 0.400000 -37.500000
v 0.800000 0.900000 -37.700000
v 1.000000 0.900000 -37.700000
v 1.000000 0.900000 -37.500000
v 0.800000 0.900000 -37.500000
v -0.580000 0.400000 -25.500000
v -0.622872 0.400000 -25.340000
v -0.740000 0.400000 -25.222872
v -0.900000 0.400000 -25.180000
v -1.060000 0.400000 -25.222872
v -1.177128 0.400000 -25.340000
v -1.220000 0.400000 -25.500000
v -1.177128 0.400000 -25.660000
v -1.060000 0.400000 -25.777128
v -0.900000 0.400000 -25.820000
v -0.740000 0.400000 -25.777128
v -0.622872 0.400000 -25.660000
v -0.540000 0.850000 -25.500000
v -0.588231 0.850000 -25.320000
v -0.720000 0.850000 -25.188231
v -0.900000 0.850000 -25.140000
v -1.080000 0.850000 -25.188231
v -1.211769 0.850000 -25.320000
v -1.260000 0.850000 -25.500000
v -1.211769 0.850000 -25.680000
v -1.080000 0.850000 -25.811769
v -0.900000 0.850000 -25.860000
v -0.720000 0.850000 -25.811769
v -0.588231 0.850000 -25.680000
v -0.580000 1.300000 -25.500000
v -0.622872 1.300000 -25.340000
v -0.740000 1.300000 -25.222872
v -0.900000 1.300000 -25.180000
v -1.060000 1.300000 -25.222872
v -1.177128 1.300000 -25.340000
v -1.220000 1.300000 -25.500000
v -1.177128 1.300000 -25.660000
v -1.060000 1.300000 -25.777128
v -0.900000 1.300000 -25.820000
v -0.740000 1.300000 -25.777128
v -0.622872 1.300000 -25.660000
v -0.900000 0.400000 -25.500000
v -0.580000 0.400000 -25.500000
v -0.622872 0.400000 -25.340000
v -0.740000 0.400000 -25.222872
v -0.900000 0.400000 -25.180000
v -1.060000 0.400000 -25.222872
v -1.177128 0.400000 -25.340000
v -1.220000 0.400000 -25.500000
v -1.177128 0.400000 -25.660000
v -1.060000 0.400000 -25.777128
v -0.900000 0.400000 -25.820000
v -0.740000 0.400000 -25.777128
v -0.622872 0.400000 -25.660000
v -0.900000 1.300000 -25.500000
v -0.580000 1.300000 -25.500000
v -0.622872 1.300000 -25.340000
v -0.740000 1.300000 -25.222872
v -0.900000 1.300000 -25.180000
v -1.060000 1.300000 -25.222872
v -1.177128 1.300000 -25.340000
v -1.220000 1.300000 -25.500000
v -1.177128 1.300000 -25.660000
v -1.060000 1.300000 -25.777128
v -0.900000 1.300000 -25.820000
v -0.740000 1.300000 -25.777128
v -0.622872 1.300000 -25.660000
v -0.541489 0.540000 -25.500000
v -0.589520 0.540000 -25.320744
v -0.720744 0.540000 -25.189520
v -0.900000 0.540000 -25.141489
v -1.079256 0.540000 -25.189520
v -1.210480 0.540000 -25.320744
v -1.258511 0.540000 -25.500000
v -1.210480 0.540000 -25.679256
v -1.079256 0.540000 -25.810480
v -0.900000 0.540000 -25.858511
v -0.720744 0.540000 -25.810480
v -0.589520 0.540000 -25.679256
v -0.541489 0.620000 -25.500000
v -0.589520 0.620000 -25.320744
v -0.720744 0.620000 -25.189520
v -0.900000 0.620000 -25.141489
v -1.079256 0.620000 -25.189520
v -1.210480 0.620000 -25.320744
v -1.258511 0.620000 -25.500000
v -1.210480 0.620000 -25.679256
v -1.079256 0.620000 -25.810480
v -0.900000 0.620000 -25.858511
v -0.720744 0.620000 -25.810480
v -0.589520 0.620000 -25.679256
v -0.525000 0.810000 -25.500000
v -0.575240 0.810000 -25.312500
v -0.712500 0.810000 -25.175240
v -0.900000 0.810000 -25.125000
v -1.087500 0.810000 -25.175240
v -1.224760 0.810000 -25.312500
v -1.275000 0.810000 -25.500000
v -1.224760 0.810000 -25.687500
v -1.087500 0.810000 -25.824760
v -0.900000 0.810000 -25.875000
v -0.712500 0.810000 -25.824760
v -0.575240 0.810000 -25.687500
v -0.525000 0.890000 -25.500000
v -0.575240 0.890000 -25.312500
v -0.712500 0.890000 -25.175240
v -0.900000 0.890000 -25.125000
v -1.087500 0.890000 -25.175240
v -1.224760 0.890000 -25.312500
v -1.275000 0.890000 -25.500000
v -1.224760 0.890000 -25.687500
v -1.087500 0.890000 -25.824760
v -0.900000 0.890000 -25.875000
v -0.712500 0.890000 -25.824760
v -0.575240 0.890000 -25.687500
v -0.541489 1.080000 -25.500000
v -0.589520 1.080000 -25.320744
v -0.720744 1.080000 -25.189520
v -0.900000 1.080000 -25.141489
v -1.079256 1.080000 -25.189520
v -1.210480 1.080000 -25.320744
v -1.258511 1.080000 -25.500000
v -1.210480 1.080000 -25.679256
v -1.079256 1.080000 -25.810480
v -0.900000 1.080000 -25.858511
v -0.720744 1.080000 -25.810480
v -0.589520 1.080000 -25.679256
v -0.541489 1.160000 -25.500000
v -0.589520 1.160000 -25.320744
v -0.720744 1.160000 -25.189520
v -0.900000 1.160000 -25.141489
v -1.079256 1.160000 -25.189520
v -1.210480 1.160000 -25.320744
v -1.258511 1.160000 -25.500000
v -1.210480 1.160000 -25.679256
v -1.079256 1.160000 -25.810480
v -0.900000 1.160000 -25.858511
v -0.720744 1.160000 -25.810480
v -0.589520 1.160000 -25.679256
v 1.200000 0.400000 -26.500000
v 1.159808 0.400000 -26.350000
v 1.050000 0.400000 -26.240192
v 0.900000 0.400000 -26.200000
v 0.750000 0.400000 -26.240192
v 0.640192 0.400000 -26.350000
v 0.600000 0.400000 -26.500000
v 0.640192 0.400000 -26.650000
v 0.750000 0.400000 -26.759808
v 0.900000 0.400000 -26.800000
v 1.050000 0.400000 -26.759808
v 1.159808 0.400000 -26.650000
v 1.240000 0.900000 -26.500000
v 1.194449 0.900000 -26.330000
v 1.070000 0.900000 -26.205551
v 0.900000 0.900000 -26.160000
v 0.730000 0.900000 -26.205551
v 0.605551 0.900000 -26.330000
v 0.560000 0.900000 -26.500000
v 0.605551 0.900000 -26.670000
v 0.730000 0.900000 -26.794449
v 0.900000 0.900000 -26.840000
v 1.070000 0.900000 -26.794449
v 1.194449 0.900000 -26.670000
v 1.200000 1.400000 -26.500000
v 1.159808 1.400000 -26.350000
v 1.050000 1.400000 -26.240192
v 0.900000 1.400000 -26.200000
v 0.750000 1.400000 -26.240192
v 0.640192 1.400000 -26.350000
v 0.600000 1.400000 -26.500000
v 0.640192 1.400000 -26.650000
v 0.750000 1.400000 -26.759808
v 0.900000 1.400000 -26.800000
v 1.050000 1.400000 -26.759808
v 1.159808 1.400000 -26.650000
v 0.900000 0.400000 -26.500000
v 1.200000 0.400000 -26.500000
v 1.159808 0.400000 -26.350000
v 1.050000 0.400000 -26.240192
v 0.900000 0.400000 -26.200000
v 0.750000 0.400000 -26.240192
v 0.640192 0.400000 -26.350000
v 0.600000 0.400000 -26.500000
v 0.640192 0.400000 -26.650000
v 0.750000 0.400000 -26.759808
v 0.900000 0.400000 -26.800000
v 1.050000 0.400000 -26.759808
v 1.159808 0.400000 -26.650000
v 0.900000 1.400000 -26.500000
v 1.200000 1.400000 -26.500000
v 1.159808 1.400000 -26.350000
v 1.050000 1.400000 -26.240192
v 0.900000 1.400000 -26.200000
v 0.750000 1.400000 -26.240192
v 0.640192 1.400000 -26.350000
v 0.600000 1.400000 -26.500000
v 0.640192 1.400000 -26.650000
v 0.750000 1.400000 -26.759808
v 0.900000 1.400000 -26.800000
v 1.050000 1.400000 -26.759808
v 1.159808 1.400000 -26.650000
v 1.238511 0.560000 -26.500000
v 1.193159 0.560000 -26.330744
v 1.069256 0.560000 -26.206841
v 0.900000 0.560000 -26.161489
v 0.730744 0.560000 -26.206841
v 0.606841 0.560000 -26.330744
v 0.561489 0.560000 -26.500000
v 0.606841 0.560000 -26.669256
v 0.730744 0.560000 -26.793159
v 0.900000 0.560000 -26.838511
v 1.069256 0.560000 -26.793159
v 1.193159 0.560000 -26.669256
v 1.238511 0.640000 -26.500000
v 1.193159 0.640000 -26.330744
v 1.069256 0.640000 -26.206841
v 0.900000 0.640000 -26.161489
v 0.730744 0.640000 -26.206841
v 0.606841 0.640000 -26.330744
v 0.561489 0.640000 -26.500000
v 0.606841 0.640000 -26.669256
v 0.730744 0.640000 -26.793159
v 0.900000 0.640000 -26.838511
v 1.069256 0.640000 -26.793159
v 1.193159 0.640000 -26.669256
v 1.255000 0.860000 -26.500000
v 1.207439 0.860000 -26.322500
v 1.077500 0.860000 -26.192561
v 0.900000 0.860000 -26.145000
v 0.722500 0.860000 -26.192561
v 0.592561 0.860000 -26.322500
v 0.545000 0.860000 -26.500000
v 0.592561 0.860000 -26.677500
v 0.722500 0.860000 -26.807439
v 0.900000 0.860000 -26.855000
v 1.077500 0.860000 -26.807439
v 1.207439 0.860000 -26.677500
v 1.255000 0.940000 -26.500000
v 1.207439 0.940000 -26.322500
v 1.077500 0.940000 -26.192561
v 0.900000 0.940000 -26.145000
v 0.722500 0.940000 -26.192561
v 0.592561 0.940000 -26.322500
v 0.545000 0.940000 -26.500000
v 0.592561 0.940000 -26.677500
v 0.722500 0.940000 -26.807439
v 0.900000 0.940000 -26.855000
v 1.077500 0.940000 -26.807439
v 1.207439 0.940000 -26.677500
v 1.238511 1.160000 -26.500000
v 1.193159 1.160000 -26.330744
v 1.069256 1.160000 -26.206841
v 0.900000 1.160000 -26.161489
v 0.730744 1.160000 -26.206841
v 0.606841 1.160000 -26.330744
v 0.561489 1.160000 -26.500000
v 0.606841 1.160000 -26.669256
v 0.730744 1.160000 -26.793159
v 0.900000 1.160000 -26.838511
v 1.069256 1.160000 -26.793159
v 1.193159 1.160000 -26.669256
v 1.238511 1.240000 -26.500000
v 1.193159 1.240000 -26.330744
v 1.069256 1.240000 -26.206841
v 0.900000 1.240000 -26.161489
v 0.730744 1.240000 -26.206841
v 0.606841 1.240000 -26.330744
v 0.561489 1.240000 -26.500000
v 0.606841 1.240000 -26.669256
v 0.730744 1.240000 -26.793159
v 0.900000 1.240000 -26.838511
v 1.069256 1.240000 -26.793159
v 1.193159 1.240000 -26.669256
v -0.470000 0.400000 -36.000000
v -0.514212 0.400000 -35.835000
v -0.635000 0.400000 -35.714212
v -0.800000 0.400000 -35.670000
v -0.965000 0.400000 -35.714212
v -1.085788 0.400000 -35.835000
v -1.130000 0.400000 -36.000000
v -1.085788 0.400000 -36.165000
v -0.965000 0.400000 -36.285788
v -0.800000 0.400000 -36.330000
v -0.635000 0.400000 -36.285788
v -0.514212 0.400000 -36.165000
v -0.430000 0.825000 -36.000000
v -0.479571 0.825000 -35.815000
v -0.615000 0.825000 -35.679571
v -0.800000 0.825000 -35.630000
v -0.985000 0.825000 -35.679571
v -1.120429 0.825000 -35.815000
v -1.170000 0.825000 -36.000000
v -1.120429 0.825000 -36.185000
v -0.985000 0.825000 -36.320429
v -0.800000 0.825000 -36.370000
v -0.615000 0.825000 -36.320429
v -0.479571 0.825000 -36.185000
v -0.470000 1.250000 -36.000000
v -0.514212 1.250000 -35.835000
v -0.635000 1.250000 -35.714212
v -0.800000 1.250000 -35.670000
v -0.965000 1.250000 -35.714212
v -1.085788 1.250000 -35.835000
v -1.130000 1.250000 -36.000000
v -1.085788 1.250000 -36.165000
v -0.965000 1.250000 -36.285788
v -0.800000 1.250000 -36.330000
v -0.635000 1.250000 -36.285788
v -0.514212 1.250000 -36.165000
v -0.800000 0.400000 -36.000000
v -0.470000 0.400000 -36.000000
v -0.514212 0.400000 -35.835000
v -0.635000 0.400000 -35.714212
v -0.800000 0.400000 -35.670000
v -0.965000 0.400000 -35.714212
v -1.085788 0.400000 -35.835000
v -1.130000 0.400000 -36.000000
v -1.085788 0.400000 -36.165000
v -0.965000 0.400000 -36.285788
v -0.800000 0.400000 -36.330000
v -0.635000 0.400000 -36.285788
v -0.514212 0.400000 -36.165000
v -0.800000 1.250000 -36.000000
v -0.470000 1.250000 -36.000000
v -0.514212 1.250000 -35.835000
v -0.635000 1.250000 -35.714212
v -0.800000 1.250000 -35.670000
v -0.965000 1.250000 -35.714212
v -1.085788 1.250000 -35.835000
v -1.130000 1.250000 -36.000000
v -1.085788 1.250000 -36.165000
v -0.965000 1.250000 -36.285788
v -0.800000 1.250000 -36.330000
v -0.635000 1.250000 -36.285788
v -0.514212 1.250000 -36.165000
v -0.431489 0.530000 -36.000000
v -0.480860 0.530000 -35.815744
v -0.615744 0.530000 -35.680860
v -0.800000 0.530000 -35.631489
v -0.984256 0.530000 -35.680860
v -1.119140 0.530000 -35.815744
v -1.168511 0.530000 -36.000000
v -1.119140 0.530000 -36.184256
v -0.984256 0.530000 -36.319140
v -0.800000 0.530000 -36.368511
v -0.615744 0.530000 -36.319140
v -0.480860 0.530000 -36.184256
v -0.431489 0.610000 -36.000000
v -0.480860 0.610000 -35.815744
v -0.615744 0.610000 -35.680860
v -0.800000 0.610000 -35.631489
v -0.984256 0.610000 -35.680860
v -1.119140 0.610000 -35.815744
v -1.168511 0.610000 -36.000000
v -1.119140 0.610000 -36.184256
v -0.984256 0.610000 -36.319140
v -0.800000 0.610000 -36.368511
v -0.615744 0.610000 -36.319140
v -0.480860 0.610000 -36.184256
v -0.415000 0.785000 -36.000000
v -0.466580 0.785000 -35.807500
v -0.607500 0.785000 -35.666580
v -0.800000 0.785000 -35.615000
v -0.992500 0.785000 -35.666580
v -1.133420 0.785000 -35.807500
v -1.185000 0.785000 -36.000000
v -1.133420 0.785000 -36.192500
v -0.992500 0.785000 -36.333420
v -0.800000 0.785000 -36.385000
v -0.607500 0.785000 -36.333420
v -0.466580 0.785000 -36.192500
v -0.415000 0.865000 -36.000000
v -0.466580 0.865000 -35.807500
v -0.607500 0.865000 -35.666580
v -0.800000 0.865000 -35.615000
v -0.992500 0.865000 -35.666580
v -1.133420 0.865000 -35.807500
v -1.185000 0.865000 -36.000000
v -1.133420 0.865000 -36.192500
v -0.992500 0.865000 -36.333420
v -0.800000 0.865000 -36.385000
v -0.607500 0.865000 -36.333420
v -0.466580 0.865000 -36.192500
v -0.431489 1.040000 -36.000000
v -0.480860 1.040000 -35.815744
v -0.615744 1.040000 -35.680860
v -0.800000 1.040000 -35.631489
v -0.984256 1.040000 -35.680860
v -1.119140 1.040000 -35.815744
v -1.168511 1.040000 -36.000000
v -1.119140 1.040000 -36.184256
v -0.984256 1.040000 -36.319140
v -0.800000 1.040000 -36.368511
v -0.615744 1.040000 -36.319140
v -0.480860 1.040000 -36.184256
v -0.431489 1.120000 -36.000000
v -0.480860 1.120000 -35.815744
v -0.615744 1.120000 -35.680860
v -0.800000 1.120000 -35.631489
v -0.984256 1.120000 -35.680860
v -1.119140 1.120000 -35.815744
v -1.168511 1.120000 -36.000000
v -1.119140 1.120000 -36.184256
v -0.984256 1.120000 -36.319140
v -0.800000 1.120000 -36.368511
v -0.615744 1.120000 -36.319140
v -0.480860 1.120000 -36.184256
v 1.190000 0.400000 -34.500000
v 1.144449 0.400000 -34.330000
v 1.020000 0.400000 -34.205551
v 0.850000 0.400000 -34.160000
v 0.680000 0.400000 -34.205551
v 0.555551 0.400000 -34.330000
v 0.510000 0.400000 -34.500000
v 0.555551 0.400000 -34.670000
v 0.680000 0.400000 -34.794449
v 0.850000 0.400000 -34.840000
v 1.020000 0.400000 -34.794449
v 1.144449 0.400000 -34.670000
v 1.230000 0.875000 -34.500000
v 1.179090 0.875000 -34.310000
v 1.040000 0.875000 -34.170910
v 0.850000 0.875000 -34.120000
v 0.660000 0.875000 -34.170910
v 0.520910 0.875000 -34.310000
v 0.470000 0.875000 -34.500000
v 0.520910 0.875000 -34.690000
v 0.660000 0.875000 -34.829090
v 0.850000 0.875000 -34.880000
v 1.040000 0.875000 -34.829090
v 1.179090 0.875000 -34.690000
v 1.190000 1.350000 -34.500000
v 1.144449 1.350000 -34.330000
v 1.020000 1.350000 -34.205551
v 0.850000 1.350000 -34.160000
v 0.680000 1.350000 -34.205551
v 0.555551 1.350000 -34.330000
v 0.510000 1.350000 -34.500000
v 0.555551 1.350000 -34.670000
v 0.680000 1.350000 -34.794449
v 0.850000 1.350000 -34.840000
v 1.020000 1.350000 -34.794449
v 1.144449 1.350000 -34.670000
v 0.850000 0.400000 -34.500000
v 1.190000 0.400000 -34.500000
v 1.144449 0.400000 -34.330000
v 1.020000 0.400000 -34.205551
v 0.850000 0.400000 -34.160000
v 0.680000 0.400000 -34.205551
v 0.555551 0.400000 -34.330000
v 0.510000 0.400000 -34.500000
v 0.555551 0.400000 -34.670000
v 0.680000 0.400000 -34.794449
v 0.850000 0.400000 -34.840000
v 1.020000 0.400000 -34.794449
v 1.144449 0.400000 -34.670000
v 0.850000 1.350000 -34.500000
v 1.190000 1.350000 -34.500000
v 1.144449 1.350000 -34.330000
v 1.020000 1.350000 -34.205551
v 0.850000 1.350000 -34.160000
v 0.680000 1.350000 -34.205551
v 0.555551 1.350000 -34.330000
v 0.510000 1.350000 -34.500000
v 0.555551 1.350000 -34.670000
v 0.680000 1.350000 -34.794449
v 0.850000 1.350000 -34.840000
v 1.020000 1.350000 -34.794449
v 1.144449 1.350000 -34.670000
v 1.228511 0.550000 -34.500000
v 1.177800 0.550000 -34.310744
v 1.039256 0.550000 -34.172200
v 0.850000 0.550000 -34.121489
v 0.660744 0.550000 -34.172200
v 0.522200 0.550000 -34.310744
v 0.471489 0.550000 -34.500000
v 0.522200 0.550000 -34.689256
v 0.660744 0.550000 -34.827800
v 0.850000 0.550000 -34.878511
v 1.039256 0.550000 -34.827800
v 1.177800 0.550000 -34.689256
v 1.228511 0.630000 -34.500000
v 1.177800 0.630000 -34.310744
v 1.039256 0.630000 -34.172200
v 0.850000 0.630000 -34.121489
v 0.660744 0.630000 -34.172200
v 0.522200 0.630000 -34.310744
v 0.471489 0.630000 -34.500000
v 0.522200 0.630000 -34.689256
v 0.660744 0.630000 -34.827800
v 0.850000 0.630000 -34.878511
v 1.039256 0.630000 -34.827800
v 1.177800 0.630000 -34.689256
v 1.245000 0.835000 -34.500000
v 1.192080 0.835000 -34.302500
v 1.047500 0.835000 -34.157920
v 0.850000 0.835000 -34.105000
v 0.652500 0.835000 -34.157920
v 0.507920 0.835000 -34.302500
v 0.455000 0.835000 -34.500000
v 0.507920 0.835000 -34.697500
v 0.652500 0.835000 -34.842080
v 0.850000 0.835000 -34.895000
v 1.047500 0.835000 -34.842080
v 1.192080 0.835000 -34.697500
v 1.245000 0.915000 -34.500000
v 1.192080 0.915000 -34.302500
v 1.047500 0.915000 -34.157920
v 0.850000 0.915000 -34.105000
v 0.652500 0.915000 -34.157920
v 0.507920 0.915000 -34.302500
v 0.455000 0.915000 -34.500000
v 0.507920 0.915000 -34.697500
v 0.652500 0.915000 -34.842080
v 0.850000 0.915000 -34.895000
v 1.047500 0.915000 -34.842080
v 1.192080 0.915000 -34.697500
v 1.228511 1.120000 -34.500000
v 1.177800 1.120000 -34.310744
v 1.039256 1.120000 -34.172200
v 0.850000 1.120000 -34.121489
v 0.660744 1.120000 -34.172200
v 0.522200 1.120000 -34.310744
v 0.471489 1.120000 -34.500000
v 0.522200 1.120000 -34.689256
v 0.660744 1.120000 -34.827800
v 0.850000 1.120000 -34.878511
v 1.039256 1.120000 -34.827800
v 1.177800 1.120000 -34.689256
v 1.228511 1.200000 -34.500000
v 1.177800 1.200000 -34.310744
v 1.039256 1.200000 -34.172200
v 0.850000 1.200000 -34.121489
v 0.660744 1.200000 -34.172200
v 0.522200 1.200000 -34.310744
v 0.471489 1.200000 -34.500000
v 0.522200 1.200000 -34.689256
v 0.660744 1.200000 -34.827800
v 0.850000 1.200000 -34.878511
v 1.039256 1.200000 -34.827800
v 1.177800 1.200000 -34.689256
v 0.400000 0.400000 -24.850000
v 1.100000 0.400000 -24.850000
v 1.100000 0.400000 -24.150000
v 0.400000 0.400000 -24.150000
v 0.400000 1.100000 -24.850000
v 1.100000 1.100000 -24.850000
v 1.100000 1.100000 -24.150000
v 0.400000 1.100000 -24.150000
v 0.375000 0.400000 -24.875000
v 0.425000 0.400000 -24.875000
v 0.425000 0.400000 -24.825000
v 0.375000 0.400000 -24.825000
v 0.375000 1.100000 -24.875000
v 0.425000 1.100000 -24.875000
v 0.425000 1.100000 -24.825000
v 0.375000 1.100000 -24.825000
v 0.375000 0.400000 -24.175000
v 0.425000 0.400000 -24.175000
v 0.425000 0.400000 -24.125000
v 0.375000 0.400000 -24.125000
v 0.375000 1.100000 -24.175000
v 0.425000 1.100000 -24.175000
v 0.425000 1.100000 -24.125000
v 0.375000 1.100000 -24.125000
v 1.075000 0.400000 -24.875000
v 1.125000 0.400000 -24.875000
v 1.125000 0.400000 -24.825000
v 1.075000 0.400000 -24.825000
v 1.075000 1.100000 -24.875000
v 1.125000 1.100000 -24.875000
v 1.125000 1.100000 -24.825000
v 1.075000 1.100000 -24.825000
v 1.075000 0.400000 -24.175000
v 1.125000 0.400000 -24.175000
v 1.125000 0.400000 -24.125000
v 1.075000 0.400000 -24.125000
v 1.075000 1.100000 -24.175000
v 1.125000 1.100000 -24.175000
v 1.125000 1.100000 -24.125000
v 1.075000 1.100000 -24.125000
v -1.050000 0.400000 -30.900000
v -0.450000 0.400000 -30.900000
v -0.450000 0.400000 -30.100000
v -1.050000 0.400000 -30.100000
v -1.050000 1.000000 -30.900000
v -0.450000 1.000000 -30.900000
v -0.450000 1.000000 -30.100000
v -1.050000 1.000000 -30.100000
v -1.075000 0.400000 -30.925000
v -1.025000 0.400000 -30.925000
v -1.025000 0.400000 -30.875000
v -1.075000 0.400000 -30.875000
v -1.075000 1.000000 -30.925000
v -1.025000 1.000000 -30.925000
v -1.025000 1.000000 -30.875000
v -1.075000 1.000000 -30.875000
v -1.075000 0.400000 -30.125000
v -1.025000 0.400000 -30.125000
v -1.025000 0.400000 -30.075000
v -1.075000 0.400000 -30.075000
v -1.075000 1.000000 -30.125000
v -1.025000 1.000000 -30.125000
v -1.025000 1.000000 -30.075000
v -1.075000 1.000000 -30.075000
v -0.475000 0.400000 -30.925000
v -0.425000 0.400000 -30.925000
v -0.425000 0.400000 -30.875000
v -0.475000 0.400000 -30.875000
v -0.475000 1.000000 -30.925000
v -0.425000 1.000000 -30.925000
v -0.425000 1.000000 -30.875000
v -0.475000 1.000000 -30.875000
v -0.475000 0.400000 -30.125000
v -0.425000 0.400000 -30.125000
v -0.425000 0.400000 -30.075000
v -0.475000 0.400000 -30.075000
v -0.475000 1.000000 -30.125000
v -0.425000 1.000000 -30.125000
v -0.425000 1.000000 -30.075000
v -0.475000 1.000000 -30.075000
v 0.200000 0.400000 -37.300000
v 1.000000 0.400000 -37.300000
v 1.000000 0.400000 -36.700000
v 0.200000 0.400000 -36.700000
v 0.200000 1.150000 -37.300000
v 1.000000 1.150000 -37.300000
v 1.000000 1.150000 -36.700000
v 0.200000 1.150000 -36.700000
v 0.175000 0.400000 -37.325000
v 0.225000 0.400000 -37.325000
v 0.225000 0.400000 -37.275000
v 0.175000 0.400000 -37.275000
v 0.175000 1.150000 -37.325000
v 0.225000 1.150000 -37.325000
v 0.225000 1.150000 -37.275000
v 0.175000 1.150000 -37.275000
v 0.175000 0.400000 -36.725000
v 0.225000 0.400000 -36.725000
v 0.225000 0.400000 -36.675000
v 0.175000 0.400000 -36.675000
v 0.175000 1.150000 -36.725000
v 0.225000 1.150000 -36.725000
v 0.225000 1.150000 -36.675000
v 0.175000 1.150000 -36.675000
v 0.975000 0.400000 -37.325000
v 1.025000 0.400000 -37.325000
v 1.025000 0.400000 -37.275000
v 0.975000 0.400000 -37.275000
v 0.975000 1.150000 -37.325000
v 1.025000 1.150000 -37.325000
v 1.025000 1.150000 -37.275000
v 0.975000 1.150000 -37.275000
v 0.975000 0.400000 -36.725000
v 1.025000 0.400000 -36.725000
v 1.025000 0.400000 -36.675000
v 0.975000 0.400000 -36.675000
v 0.975000 1.150000 -36.725000
v 1.025000 1.150000 -36.725000
v 1.025000 1.150000 -36.675000
v 0.975000 1.150000 -36.675000
v -3.000000 0.633063 -20.500000
v -3.331662 0.633063 -20.250000
v -3.447214 0.633063 -20.000000
v -3.519615 0.633063 -19.750000
v -3.565685 0.633063 -19.500000
v -3.591608 0.633063 -19.250000
v -3.600000 0.633063 -19.000000
v -3.591608 0.633063 -18.750000
v -3.565685 0.633063 -18.500000
v -3.519615 0.633063 -18.250000
v -3.447214 0.633063 -18.000000
v -3.331662 0.633063 -17.750000
v -3.000000 0.633063 -17.500000
v -3.000000 0.633063 -20.500000
v -2.668338 0.633063 -20.250000
v -2.552786 0.633063 -20.000000
v -2.480385 0.633063 -19.750000
v -2.434315 0.633063 -19.500000
v -2.408392 0.633063 -19.250000
v -2.400000 0.633063 -19.000000
v -2.408392 0.633063 -18.750000
v -2.434315 0.633063 -18.500000
v -2.480385 0.633063 -18.250000
v -2.552786 0.633063 -18.000000
v -2.668338 0.633063 -17.750000
v -3.000000 0.633063 -17.500000
v -3.000000 0.233063 -20.500000
v -3.000000 0.159729 -20.250000
v -3.000000 0.099729 -20.000000
v -3.000000 0.053063 -19.750000
v -3.000000 0.019729 -19.500000
v -3.000000 -0.000271 -19.250000
v -3.000000 -0.006937 -19.000000
v -3.000000 -0.000271 -18.750000
v -3.000000 0.019729 -18.500000
v -3.000000 0.053063 -18.250000
v -3.000000 0.099729 -18.000000
v -3.000000 0.159729 -17.750000
v -3.000000 0.233063 -17.500000
v -3.334219 0.353063 -20.140000
v -2.665781 0.353063 -20.140000
v -2.665781 0.353063 -19.960000
v -3.334219 0.353063 -19.960000
v -3.334219 0.453063 -20.140000
v -2.665781 0.453063 -20.140000
v -2.665781 0.453063 -19.960000
v -3.334219 0.453063 -19.960000
v -3.334219 0.353063 -18.040000
v -2.665781 0.353063 -18.040000
v -2.665781 0.353063 -17.860000
v -3.334219 0.353063 -17.860000
v -3.334219 0.453063 -18.040000
v -2.665781 0.453063 -18.040000
v -2.665781 0.453063 -17.860000
v -3.334219 0.453063 -17.860000
v 3.500000 0.420000 -34.800000
v 3.126880 0.420000 -34.500000
v 2.996885 0.420000 -34.200000
v 2.915433 0.420000 -33.900000
v 2.863604 0.420000 -33.600000
v 2.834441 0.420000 -33.300000
v 2.825000 0.420000 -33.000000
v 2.834441 0.420000 -32.700000
v 2.863604 0.420000 -32.400000
v 2.915433 0.420000 -32.100000
v 2.996885 0.420000 -31.800000
v 3.126880 0.420000 -31.500000
v 3.500000 0.420000 -31.200000
v 3.500000 0.420000 -34.800000
v 3.873120 0.420000 -34.500000
v 4.003115 0.420000 -34.200000
v 4.084567 0.420000 -33.900000
v 4.136396 0.420000 -33.600000
v 4.165559 0.420000 -33.300000
v 4.175000 0.420000 -33.000000
v 4.165559 0.420000 -32.700000
v 4.136396 0.420000 -32.400000
v 4.084567 0.420000 -32.100000
v 4.003115 0.420000 -31.800000
v 3.873120 0.420000 -31.500000
v 3.500000 0.420000 -31.200000
v 3.500000 0.000000 -34.800000
v 3.500000 -0.079444 -34.500000
v 3.500000 -0.144444 -34.200000
v 3.500000 -0.195000 -33.900000
v 3.500000 -0.231111 -33.600000
v 3.500000 -0.252778 -33.300000
v 3.500000 -0.260000 -33.000000
v 3.500000 -0.252778 -32.700000
v 3.500000 -0.231111 -32.400000
v 3.500000 -0.195000 -32.100000
v 3.500000 -0.144444 -31.800000
v 3.500000 -0.079444 -31.500000
v 3.500000 0.000000 -31.200000
v 3.124004 0.120000 -34.350000
v 3.875996 0.120000 -34.350000
v 3.875996 0.120000 -34.170000
v 3.124004 0.120000 -34.170000
v 3.124004 0.220000 -34.350000
v 3.875996 0.220000 -34.350000
v 3.875996 0.220000 -34.170000
v 3.124004 0.220000 -34.170000
v 3.124004 0.120000 -31.830000
v 3.875996 0.120000 -31.830000
v 3.875996 0.120000 -31.650000
v 3.124004 0.120000 -31.650000
v 3.124004 0.220000 -31.830000
v 3.875996 0.220000 -31.830000
v 3.875996 0.220000 -31.650000
v 3.124004 0.220000 -31.650000
v 22.000000 0.500000 -36.200000
v 21.530145 0.500000 -35.833333
v 21.366447 0.500000 -35.466667
v 21.263878 0.500000 -35.100000
v 21.198612 0.500000 -34.733333
v 21.161889 0.500000 -34.366667
v 21.150000 0.500000 -34.000000
v 21.161889 0.500000 -33.633333
v 21.198612 0.500000 -33.266667
v 21.263878 0.500000 -32.900000
v 21.366447 0.500000 -32.533333
v 21.530145 0.500000 -32.166667
v 22.000000 0.500000 -31.800000
v 22.000000 0.500000 -36.200000
v 22.469855 0.500000 -35.833333
v 22.633553 0.500000 -35.466667
v 22.736122 0.500000 -35.100000
v 22.801388 0.500000 -34.733333
v 22.838111 0.500000 -34.366667
v 22.850000 0.500000 -34.000000
v 22.838111 0.500000 -33.633333
v 22.801388 0.500000 -33.266667
v 22.736122 0.500000 -32.900000
v 22.633553 0.500000 -32.533333
v 22.469855 0.500000 -32.166667
v 22.000000 0.500000 -31.800000
v 22.000000 0.000000 -36.200000
v 22.000000 -0.085556 -35.833333
v 22.000000 -0.155556 -35.466667
v 22.000000 -0.210000 -35.100000
v 22.000000 -0.248889 -34.733333
v 22.000000 -0.272222 -34.366667
v 22.000000 -0.280000 -34.000000
v 22.000000 -0.272222 -33.633333
v 22.000000 -0.248889 -33.266667
v 22.000000 -0.210000 -32.900000
v 22.000000 -0.155556 -32.533333
v 22.000000 -0.085556 -32.166667
v 22.000000 0.000000 -31.800000
v 21.526523 0.120000 -35.630000
v 22.473477 0.120000 -35.630000
v 22.473477 0.120000 -35.450000
v 21.526523 0.120000 -35.450000
v 21.526523 0.220000 -35.630000
v 22.473477 0.220000 -35.630000
v 22.473477 0.220000 -35.450000
v 21.526523 0.220000 -35.450000
v 21.337000 0.120000 -34.090000
v 22.663000 0.120000 -34.090000
v 22.663000 0.120000 -33.910000
v 21.337000 0.120000 -33.910000
v 21.337000 0.220000 -34.090000
v 22.663000 0.220000 -34.090000
v 22.663000 0.220000 -33.910000
v 21.337000 0.220000 -33.910000
v 21.526523 0.120000 -32.550000
v 22.473477 0.120000 -32.550000
v 22.473477 0.120000 -32.370000
v 21.526523 0.120000 -32.370000
v 21.526523 0.220000 -32.550000
v 22.473477 0.220000 -32.550000
v 22.473477 0.220000 -32.370000
v 21.526523 0.220000 -32.370000
v 25.256618 2.500000 8.754983
v 25.496618 2.500000 8.754983
v 25.496618 2.500000 8.994983
v 25.256618 2.500000 8.994983
v 25.256618 4.420000 8.754983
v 25.496618 4.420000 8.754983
v 25.496618 4.420000 8.994983
v 25.256618 4.420000 8.994983
v 26.876618 4.420000 8.874983
v 26.437278 4.420000 9.935644
v 25.376618 4.420000 10.374983
v 24.315958 4.420000 9.935644
v 23.876618 4.420000 8.874983
v 24.315958 4.420000 7.814323
v 25.376618 4.420000 7.374983
v 26.437278 4.420000 7.814323
v 25.376618 5.913333 8.874983
v 26.551618 5.689333 8.874983
v 26.207469 5.689333 9.705834
v 25.376618 5.689333 10.049983
v 24.545768 5.689333 9.705834
v 24.201618 5.689333 8.874983
v 24.545768 5.689333 8.044133
v 25.376618 5.689333 7.699983
v 26.207469 5.689333 8.044133
v 25.376618 7.406667 8.874983
v 26.226618 6.958667 8.874983
v 25.977659 6.958667 9.476024
v 25.376618 6.958667 9.724983
v 24.775577 6.958667 9.476024
v 24.526618 6.958667 8.874983
v 24.775577 6.958667 8.273943
v 25.376618 6.958667 8.024983
v 25.977659 6.958667 8.273943
v 25.376618 8.900000 8.874983
v 17.118521 2.500000 16.428226
v 17.358521 2.500000 16.428226
v 17.358521 2.500000 16.668226
v 17.118521 2.500000 16.668226
v 17.118521 3.880000 16.428226
v 17.358521 3.880000 16.428226
v 17.358521 3.880000 16.668226
v 17.118521 3.880000 16.668226
v 18.338521 3.880000 16.548226
v 18.016339 3.880000 17.326043
v 17.238521 3.880000 17.648226
v 16.460704 3.880000 17.326043
v 16.138521 3.880000 16.548226
v 16.460704 3.880000 15.770408
v 17.238521 3.880000 15.448226
v 18.016339 3.880000 15.770408
v 17.238521 4.953333 16.548226
v 18.100188 4.792333 16.548226
v 17.847812 4.792333 17.157516
v 17.238521 4.792333 17.409892
v 16.629231 4.792333 17.157516
v 16.376855 4.792333 16.548226
v 16.629231 4.792333 15.938935
v 17.238521 4.792333 15.686559
v 17.847812 4.792333 15.938935
v 17.238521 6.026667 16.548226
v 17.861855 5.704667 16.548226
v 17.679285 5.704667 16.988989
v 17.238521 5.704667 17.171559
v 16.797758 5.704667 16.988989
v 16.615188 5.704667 16.548226
v 16.797758 5.704667 16.107463
v 17.238521 5.704667 15.924892
v 17.679285 5.704667 16.107463
v 17.238521 7.100000 16.548226
v 11.567726 2.500000 21.576102
v 11.807726 2.500000 21.576102
v 11.807726 2.500000 21.816102
v 11.567726 2.500000 21.816102
v 11.567726 4.660000 21.576102
v 11.807726 4.660000 21.576102
v 11.807726 4.660000 21.816102
v 11.567726 4.660000 21.816102
v 13.387726 4.660000 21.696102
v 12.889807 4.660000 22.898184
v 11.687726 4.660000 23.396102
v 10.485644 4.660000 22.898184
v 9.987726 4.660000 21.696102
v 10.485644 4.660000 20.494021
v 11.687726 4.660000 19.996102
v 12.889807 4.660000 20.494021
v 11.687726 5.920000 21.696102
v 13.111476 5.731000 21.696102
v 12.694469 5.731000 22.702845
v 11.687726 5.731000 23.119852
v 10.680982 5.731000 22.702845
v 10.263976 5.731000 21.696102
v 10.680982 5.731000 20.689359
v 11.687726 5.731000 20.272352
v 12.694469 5.731000 20.689359
v 11.687726 7.180000 21.696102
v 12.835226 6.802000 21.696102
v 12.499131 6.802000 22.507507
v 11.687726 6.802000 22.843602
v 10.876321 6.802000 22.507507
v 10.540226 6.802000 21.696102
v 10.876321 6.802000 20.884697
v 11.687726 6.802000 20.548602
v 12.499131 6.802000 20.884697
v 11.687726 8.440000 21.696102
v 12.558976 7.873000 21.696102
v 12.303792 7.873000 22.312169
v 11.687726 7.873000 22.567352
v 11.071659 7.873000 22.312169
v 10.816476 7.873000 21.696102
v 11.071659 7.873000 21.080035
v 11.687726 7.873000 20.824852
v 12.303792 7.873000 21.080035
v 11.687726 9.700000 21.696102
v -11.807726 2.500000 21.576102
v -11.567726 2.500000 21.576102
v -11.567726 2.500000 21.816102
v -11.807726 2.500000 21.816102
v -11.807726 4.060000 21.576102
v -11.567726 4.060000 21.576102
v -11.567726 4.060000 21.816102
v -11.807726 4.060000 21.816102
v -10.487726 4.060000 21.696102
v -10.839198 4.060000 22.544630
v -11.687726 4.060000 22.896102
v -12.536254 4.060000 22.544630
v -12.887726 4.060000 21.696102
v -12.536254 4.060000 20.847574
v -11.687726 4.060000 20.496102
v -10.839198 4.060000 20.847574
v -11.687726 5.273333 21.696102
v -10.747726 5.091333 21.696102
v -11.023045 5.091333 22.360783
v -11.687726 5.091333 22.636102
v -12.352406 5.091333 22.360783
v -12.627726 5.091333 21.696102
v -12.352406 5.091333 21.031422
v -11.687726 5.091333 20.756102
v -11.023045 5.091333 21.031422
v -11.687726 6.486667 21.696102
v -11.007726 6.122667 21.696102
v -11.206893 6.122667 22.176935
v -11.687726 6.122667 22.376102
v -12.168558 6.122667 22.176935
v -12.367726 6.122667 21.696102
v -12.168558 6.122667 21.215270
v -11.687726 6.122667 21.016102
v -11.206893 6.122667 21.215270
v -11.687726 7.700000 21.696102
v -29.609474 2.500000 15.366564
v -29.369474 2.500000 15.366564
v -29.369474 2.500000 15.606564
v -29.609474 2.500000 15.606564
v -29.609474 4.300000 15.366564
v -29.369474 4.300000 15.366564
v -29.369474 4.300000 15.606564
v -29.609474 4.300000 15.606564
v -28.089474 4.300000 15.486564
v -28.499524 4.300000 16.476513
v -29.489474 4.300000 16.886564
v -30.479423 4.300000 16.476513
v -30.889474 4.300000 15.486564
v -30.479423 4.300000 14.496614
v -29.489474 4.300000 14.086564
v -28.499524 4.300000 14.496614
v -29.489474 5.700000 15.486564
v -28.392807 5.490000 15.486564
v -28.714013 5.490000 16.262024
v -29.489474 5.490000 16.583230
v -30.264934 5.490000 16.262024
v -30.586140 5.490000 15.486564
v -30.264934 5.490000 14.711103
v -29.489474 5.490000 14.389897
v -28.714013 5.490000 14.711103
v -29.489474 7.100000 15.486564
v -28.696140 6.680000 15.486564
v -28.928502 6.680000 16.047535
v -29.489474 6.680000 16.279897
v -30.050445 6.680000 16.047535
v -30.282807 6.680000 15.486564
v -30.050445 6.680000 14.925592
v -29.489474 6.680000 14.693230
v -28.928502 6.680000 14.925592
v -29.489474 8.500000 15.486564
v -26.431393 2.500000 7.062423
v -26.191393 2.500000 7.062423
v -26.191393 2.500000 7.302423
v -26.431393 2.500000 7.302423
v -26.431393 3.700000 7.062423
v -26.191393 3.700000 7.062423
v -26.191393 3.700000 7.302423
v -26.431393 3.700000 7.302423
v -25.311393 3.700000 7.182423
v -25.604287 3.700000 7.889530
v -26.311393 3.700000 8.182423
v -27.018500 3.700000 7.889530
v -27.311393 3.700000 7.182423
v -27.018500 3.700000 6.475316
v -26.311393 3.700000 6.182423
v -25.604287 3.700000 6.475316
v -26.311393 5.100000 7.182423
v -25.636393 4.890000 7.182423
v -25.834096 4.890000 7.659720
v -26.311393 4.890000 7.857423
v -26.788690 4.890000 7.659720
v -26.986393 4.890000 7.182423
v -26.788690 4.890000 6.705126
v -26.311393 4.890000 6.507423
v -25.834096 4.890000 6.705126
v -26.311393 6.500000 7.182423
v -28.013452 2.500000 1.710271
v -27.773452 2.500000 1.710271
v -27.773452 2.500000 1.950271
v -28.013452 2.500000 1.950271
v -28.013452 4.240000 1.710271
v -27.773452 4.240000 1.710271
v -27.773452 4.240000 1.950271
v -28.013452 4.240000 1.950271
v -26.543452 4.240000 1.830271
v -26.938857 4.240000 2.784865
v -27.893452 4.240000 3.180271
v -28.848046 4.240000 2.784865
v -29.243452 4.240000 1.830271
v -28.848046 4.240000 0.875676
v -27.893452 4.240000 0.480271
v -26.938857 4.240000 0.875676
v -27.893452 5.593333 1.830271
v -26.835952 5.390333 1.830271
v -27.145686 5.390333 2.578036
v -27.893452 5.390333 2.887771
v -28.641217 5.390333 2.578036
v -28.950952 5.390333 1.830271
v -28.641217 5.390333 1.082505
v -27.893452 5.390333 0.772771
v -27.145686 5.390333 1.082505
v -27.893452 6.946667 1.830271
v -27.128452 6.540667 1.830271
v -27.352515 6.540667 2.371207
v -27.893452 6.540667 2.595271
v -28.434388 6.540667 2.371207
v -28.658452 6.540667 1.830271
v -28.434388 6.540667 1.289334
v -27.893452 6.540667 1.065271
v -27.352515 6.540667 1.289334
v -27.893452 8.300000 1.830271
v -16.800000 5.500000 6.000000
v -16.800000 6.600000 6.000000
v -16.436201 5.785667 6.000000
v -16.580740 5.748997 6.379770
v -17.016522 5.799985 6.375028
v -17.253042 5.752568 6.000000
v -17.011079 5.771606 5.634400
v -16.574074 5.796614 5.608684
v -16.476104 6.360399 6.000000
v -16.583064 6.307706 6.375744
v -17.026542 6.298036 6.392383
v -17.249789 6.332686 6.000000
v -16.962377 6.349875 5.718755
v -16.617665 6.290771 5.684187
v -16.530000 5.588000 5.865000
v -16.530000 6.292000 5.865000
v -16.323592 5.730964 5.865000
v -16.415067 5.746960 6.064070
v -16.664056 5.754718 6.097193
v -16.731638 5.724308 5.865000
v -16.655371 5.732637 5.647850
v -16.394349 5.784059 5.630046
v -16.290572 6.121800 5.865000
v -16.422092 6.148276 6.051901
v -16.639127 6.087587 6.054013
v -16.770233 6.145222 5.865000
v -16.666120 6.106351 5.629233
v -16.423755 6.113038 5.680979
v -17.025000 5.621000 6.180000
v -17.025000 6.369000 6.180000
v -16.840109 5.815927 6.180000
v -16.928369 5.791755 6.347369
v -17.142975 5.843542 6.384339
v -17.248371 5.790568 6.180000
v -17.148955 5.815664 5.965303
v -16.915845 5.800315 5.990938
v -16.786190 6.167818 6.180000
v -16.930556 6.170635 6.343582
v -17.125308 6.155135 6.353738
v -17.211397 6.197732 6.180000
v -17.122521 6.211162 6.011089
v -16.912186 6.209224 5.984600
v -10.300000 9.000000 6.000000
v -10.300000 9.800000 6.000000
v -9.923420 9.238247 6.000000
v -10.069932 9.204320 6.398490
v -10.543971 9.236192 6.422571
v -10.714403 9.228945 6.000000
v -10.500595 9.216315 5.652560
v -10.058614 9.190219 5.581908
v -9.843337 9.618378 6.000000
v -10.114685 9.620942 6.320975
v -10.493462 9.583185 6.335086
v -10.693792 9.582763 6.000000
v -10.550109 9.594670 5.566798
v -10.056470 9.570941 5.578194
v -10.000000 9.064000 5.850000
v -10.000000 9.576000 5.850000
v -9.763104 9.152929 5.850000
v -9.871315 9.228034 6.072889
v -10.130816 9.209549 6.076581
v -10.229212 9.156767 5.850000
v -10.117322 9.228214 5.646792
v -9.861129 9.226382 5.609468
v -9.715194 9.428866 5.850000
v -9.884129 9.457010 6.050695
v -10.113606 9.446726 6.046771
v -10.263272 9.428200 5.850000
v -10.151323 9.412668 5.587900
v -9.850802 9.411232 5.591581
v -10.550000 9.088000 6.200000
v -10.550000 9.632000 6.200000
v -10.272836 9.216835 6.200000
v -10.445442 9.233974 6.381100
v -10.677755 9.215714 6.421278
v -10.786165 9.237403 6.200000
v -10.659642 9.208993 6.010094
v -10.422640 9.220469 5.979406
v -10.283963 9.491667 6.200000
v -10.421513 9.499660 6.422546
v -10.658181 9.485154 6.387374
v -10.793014 9.493805 6.200000
v -10.677596 9.509920 5.978998
v -10.422813 9.475512 5.979706
v -16.800000 5.500000 12.500000
v -16.800000 6.800000 12.500000
v -16.480703 5.816289 12.500000
v -16.616428 5.858928 12.817956
v -17.004798 5.838986 12.854721
v -17.139744 5.860099 12.500000
v -16.966589 5.812026 12.211459
v -16.638065 5.832121 12.219520
v -16.393855 6.491145 12.500000
v -16.594894 6.491195 12.855254
v -16.993895 6.455119 12.835835
v -17.227128 6.514239 12.500000
v -16.999015 6.514760 12.155296
v -16.591265 6.505181 12.138460
v -16.545000 5.604000 12.372500
v -16.545000 6.436000 12.372500
v -16.304313 5.836945 12.372500
v -16.427199 5.782211 12.576536
v -16.668454 5.800194 12.586328
v -16.776941 5.843946 12.372500
v -16.655159 5.793633 12.181699
v -16.432521 5.842059 12.177681
v -16.297819 6.267508 12.372500
v -16.418821 6.252389 12.591048
v -16.654833 6.202615 12.562736
v -16.799288 6.191077 12.372500
v -16.672695 6.239141 12.151326
v -16.444783 6.201281 12.198919
v -17.012500 5.643000 12.670000
v -17.012500 6.527000 12.670000
v -16.794696 5.829783 12.670000
v -16.913726 5.832535 12.841082
v -17.100782 5.844115 12.822908
v -17.225751 5.826155 12.670000
v -17.126245 5.874417 12.472988
v -16.919844 5.881159 12.509516
v -16.841025 6.286271 12.670000
v -16.911145 6.334339 12.845552
v -17.119924 6.269180 12.856064
v -17.247443 6.278319 12.670000
v -17.102541 6.312227 12.514044
v -16.926502 6.298876 12.521048
v -10.300000 5.500000 12.500000
v -10.300000 6.450000 12.500000
v -9.875971 5.728009 12.500000
v -10.056412 5.773852 12.921907
v -10.575479 5.722237 12.977144
v -10.820441 5.734216 12.500000
v -10.504925 5.718964 12.145059
v -10.077054 5.729273 12.113846
v -9.740724 6.236561 12.500000
v -10.095556 6.218890 12.854108
v -10.520805 6.193306 12.882446
v -10.838547 6.177903 12.500000
v -10.557716 6.243535 12.053623
v -10.103342 6.196005 12.159378
v -9.970000 5.576000 12.335000
v -9.970000 6.184000 12.335000
v -9.655208 5.691761 12.335000
v -9.833885 5.706811 12.570758
v -10.132203 5.752845 12.615944
v -10.282252 5.710084 12.335000
v -10.093512 5.760340 12.121071
v -9.840842 5.705281 12.111291
v -9.726080 6.057909 12.335000
v -9.829774 6.006124 12.577879
v -10.088971 6.028661 12.541064
v -10.209938 5.992188 12.335000
v -10.111682 6.037090 12.089599
v -9.825044 6.065482 12.083929
v -10.575000 5.604500 12.720000
v -10.575000 6.250500 12.720000
v -10.354806 5.731318 12.720000
v -10.462644 5.775087 12.914607
v -10.713226 5.744170 12.959415
v -10.843789 5.730367 12.720000
v -10.688954 5.748013 12.522626
v -10.460722 5.747476 12.522065
v -10.331700 6.081765 12.720000
v -10.427566 6.109567 12.975363
v -10.720127 6.061572 12.971367
v -10.863920 6.079399 12.720000
v -10.724754 6.098489 12.460618
v -10.435713 6.095881 12.478748
v 16.200000 5.500000 -2.000000
v 16.200000 6.650000 -2.000000
v 16.610412 5.768315 -2.000000
v 16.436208 5.768871 -1.590875
v 16.019684 5.757968 -1.687683
v 15.783057 5.820234 -2.000000
v 16.004880 5.823851 -2.337958
v 16.433252 5.767463 -2.404004
v 16.610893 6.369826 -2.000000
v 16.416771 6.377314 -1.624542
v 16.025600 6.378286 -1.697930
v 15.836934 6.362061 -2.000000
v 15.992144 6.331176 -2.360018
v 16.415780 6.368074 -2.373742
v 16.485000 5.592000 -2.142500
v 16.485000 6.328000 -2.142500
v 16.709112 5.796659 -2.142500
v 16.592954 5.809878 -1.955518
v 16.379824 5.800608 -1.960329
v 16.234652 5.747520 -2.142500
v 16.371318 5.813347 -2.339404
v 16.615873 5.783659 -2.369179
v 16.749773 6.116777 -2.142500
v 16.609717 6.174696 -1.926483
v 16.370261 6.139335 -1.943766
v 16.195090 6.176868 -2.142500
v 16.369899 6.178783 -2.341860
v 16.587170 6.147951 -2.319463
v 15.962500 5.626500 -1.810000
v 15.962500 6.408500 -1.810000
v 16.216175 5.839516 -1.810000
v 16.079815 5.804402 -1.606805
v 15.831026 5.827027 -1.582280
v 15.704117 5.855724 -1.810000
v 15.841695 5.820587 -2.019240
v 16.082374 5.795687 -2.017627
v 16.176902 6.250842 -1.810000
v 16.062228 6.175628 -1.637266
v 15.833645 6.213019 -1.586817
v 15.753766 6.247060 -1.810000
v 15.838802 6.208982 -2.024251
v 16.075079 6.198240 -2.004992
v 22.700000 5.500000 -2.000000
v 22.700000 6.200000 -2.000000
v 23.055729 5.682896 -2.000000
v 22.882725 5.712966 -1.683511
v 22.531963 5.708898 -1.708952
v 22.406687 5.656210 -2.000000
v 22.520638 5.683900 -2.310664
v 22.892823 5.695422 -2.333979
v 23.020034 6.011411 -2.000000
v 22.867165 6.002904 -1.710462
v 22.503671 6.055408 -1.659948
v 22.349003 6.027109 -2.000000
v 22.556602 6.051949 -2.248372
v 22.874290 6.000724 -2.301879
v 22.940000 5.556000 -2.120000
v 22.940000 6.004000 -2.120000
v 23.169914 5.671767 -2.120000
v 23.027915 5.668333 -1.967727
v 22.847177 5.631297 -1.959225
v 22.748627 5.674174 -2.120000
v 22.823405 5.641073 -2.321949
v 23.039775 5.685924 -2.292815
v 23.124912 5.924599 -2.120000
v 23.044260 5.905417 -1.939417
v 22.852950 5.894513 -1.969225
v 22.752463 5.863673 -2.120000
v 22.836199 5.917052 -2.299788
v 23.030186 5.903377 -2.276207
v 22.500000 5.577000 -1.840000
v 22.500000 6.053000 -1.840000
v 22.691151 5.703305 -1.840000
v 22.586115 5.703091 -1.690844
v 22.419701 5.672900 -1.700917
v 22.323998 5.708880 -1.840000
v 22.400428 5.720068 -2.012463
v 22.588416 5.733689 -1.993141
v 22.669258 5.926178 -1.840000
v 22.607399 5.916077 -1.653979
v 22.394395 5.914370 -1.657087
v 22.336306 5.939449 -1.840000
v 22.392992 5.948338 -2.025343
v 22.596648 5.967592 -2.007399
v 16.200000 9.000000 4.500000
v 16.200000 10.250000 4.500000
v 16.687902 9.341902 4.500000
v 16.391066 9.299416 4.830936
v 15.992614 9.292332 4.859203
v 15.761876 9.313238 4.500000
v 15.945379 9.297803 4.058983
v 16.415693 9.343225 4.126410
v 16.581785 9.898752 4.500000
v 16.389848 9.960140 4.828826
v 15.951946 9.945287 4.929643
v 15.790746 9.956451 4.500000
v 16.001186 9.960772 4.155643
v 16.467104 9.961452 4.037363
v 16.515000 9.100000 4.342500
v 16.515000 9.900000 4.342500
v 16.754466 9.283243 4.342500
v 16.641309 9.333258 4.561273
v 16.367113 9.293140 4.598647
v 16.262474 9.265942 4.342500
v 16.367928 9.280372 4.087764
v 16.658126 9.303955 4.094599
v 16.792966 9.737542 4.342500
v 16.630086 9.673274 4.541835
v 16.373393 9.660611 4.587771
v 16.203670 9.667989 4.342500
v 16.355187 9.719630 4.065696
v 16.666872 9.673007 4.079450
v 15.937500 9.137500 4.710000
v 15.937500 9.987500 4.710000
v 16.151931 9.389758 4.710000
v 16.057467 9.385090 4.917789
v 15.831767 9.352240 4.893136
v 15.677845 9.369969 4.710000
v 15.821254 9.338492 4.508657
v 16.080451 9.389425 4.462402
v 16.160747 9.767009 4.710000
v 16.050873 9.751663 4.906368
v 15.816999 9.793897 4.918713
v 15.675208 9.758586 4.710000
v 15.828202 9.796252 4.520690
v 16.065882 9.803179 4.487636
v -0.800000 0.191317 19.000000
v -0.800000 1.091317 19.000000
v -0.393022 0.431178 19.000000
v -0.606940 0.425235 19.334389
v -0.989231 0.449197 19.327757
v -1.185370 0.420876 19.000000
v -0.977808 0.408405 18.692028
v -0.587241 0.416995 18.631491
v -0.440997 0.841461 19.000000
v -0.574849 0.861651 19.389973
v -0.983618 0.866560 19.318035
v -1.217703 0.864768 19.000000
v -0.978538 0.854282 18.690764
v -0.633566 0.872310 18.711727
v -0.530000 0.263317 18.865000
v -0.530000 0.839317 18.865000
v -0.291264 0.434783 18.865000
v -0.423018 0.379925 19.050299
v -0.662336 0.429814 19.094213
v -0.740037 0.409262 18.865000
v -0.631104 0.423090 18.689883
v -0.413842 0.375663 18.663809
v -0.256985 0.709389 18.865000
v -0.393383 0.680123 19.101628
v -0.664425 0.704684 19.097832
v -0.744485 0.701365 18.865000
v -0.652397 0.661505 18.653003
v -0.401086 0.686559 18.641714
v -1.025000 0.290317 19.180000
v -1.025000 0.902317 19.180000
v -0.776176 0.469904 19.180000
v -0.900984 0.458667 19.394801
v -1.123882 0.480144 19.351268
v -1.226200 0.459640 19.180000
v -1.136007 0.466719 18.987730
v -0.917297 0.409247 18.993452
v -0.813385 0.732112 19.180000
v -0.902893 0.734319 19.391496
v -1.123085 0.713893 19.349887
v -1.225819 0.777126 19.180000
v -1.127206 0.768938 19.002975
v -0.927374 0.750097 19.010907
v 42.911824 1.042955 0.000000
v 42.522545 1.086913 0.589725
v 41.782073 1.072518 0.859322
v 41.125317 1.052789 0.379102
v 41.070144 1.065201 -0.403016
v 41.766560 1.070681 -0.920489
v 42.666504 1.056383 -0.752192
v 42.834329 0.367816 0.000000
v 42.641673 0.366679 0.724169
v 41.776218 0.337511 0.882407
v 41.277819 0.326987 0.313005
v 41.286005 0.321674 -0.309458
v 41.761994 0.363567 -0.938494
v 42.642329 0.330332 -0.724909
v 42.000000 1.369521 0.000000
v 42.000000 -0.034090 0.000000
v 37.100662 -0.995972 15.750000
v 36.770049 -0.985983 16.198019
v 36.205776 -0.963127 16.409656
v 35.660729 -0.992851 16.058740
v 35.766403 -0.995731 15.487061
v 36.234516 -0.971763 15.203670
v 36.731406 -0.987212 15.345591
v 37.103271 -1.534298 15.750000
v 36.761560 -1.536532 16.188439
v 36.201727 -1.507160 16.425622
v 35.680135 -1.542019 16.050329
v 35.784756 -1.514669 15.495016
v 36.193525 -1.523797 15.042036
v 36.741702 -1.511707 15.333972
v 36.373067 -0.657006 15.750000
v 36.373067 -1.822489 15.750000
v 22.011024 -0.518350 27.279800
v 21.659042 -0.536017 28.023571
v 20.713536 -0.511037 28.409371
v 19.926042 -0.533315 27.745272
v 20.096726 -0.538296 26.888306
v 20.742603 -0.506551 26.264845
v 21.768727 -0.513882 26.412242
v 22.183658 -1.348704 27.279800
v 21.851428 -1.397393 28.240691
v 20.742265 -1.342622 28.296090
v 19.902745 -1.372880 27.755369
v 19.800550 -1.380534 26.759938
v 20.729559 -1.378866 26.213410
v 21.722448 -1.339083 26.464471
v 21.000000 -0.179529 27.279800
v 21.000000 -1.860000 27.279800
v 0.753759 -0.836926 31.500000
v 0.549299 -0.858231 32.119919
v -0.156278 -0.866837 32.116227
v -0.605323 -0.868020 31.762357
v -0.615445 -0.838574 31.233255
v -0.204001 -0.828088 30.695593
v 0.464693 -0.844912 30.975564
v 0.833103 -1.477233 31.500000
v 0.411357 -1.507292 31.964243
v -0.180757 -1.464746 32.212753
v -0.593547 -1.463733 31.757253
v -0.818254 -1.464496 31.145355
v -0.181262 -1.514759 30.785254
v 0.404613 -1.480718 31.043369
v 0.000000 -0.518024 31.500000
v 0.000000 -1.860000 31.500000
v -20.046116 0.298495 27.279800
v -20.449582 0.288175 27.900982
v -21.195647 0.265525 28.051268
v -21.863456 0.272898 27.654037
v -21.872620 0.316151 26.901592
v -21.192602 0.307958 26.520340
v -20.437188 0.319717 26.644631
v -19.872114 -0.448703 27.279800
v -20.270857 -0.483698 28.102685
v -21.195865 -0.462328 28.052127
v -22.003881 -0.497913 27.714899
v -21.825826 -0.451527 26.921873
v -21.254152 -0.500658 26.277638
v -20.446812 -0.440327 26.655492
v -21.000000 0.718045 27.279800
v -21.000000 -0.827378 27.279800
v -35.682114 0.000447 15.750000
v -35.983038 0.022172 16.190173
v -36.494780 0.005915 16.229935
v -36.935714 0.026302 15.993861
v -36.827265 -0.015195 15.553143
v -36.499226 0.020533 15.252535
v -35.948404 -0.012056 15.270741
v -35.675289 -0.521140 15.750000
v -35.931430 -0.540359 16.248416
v -36.488194 -0.542242 16.203965
v -36.915071 -0.503579 15.984914
v -36.912488 -0.499715 15.516206
v -36.520049 -0.521927 15.170426
v -36.048248 -0.506898 15.383420
v -36.373067 0.268293 15.750000
v -36.373067 -0.808646 15.750000
v -40.934214 -0.636641 0.000000
v -41.309762 -0.642729 0.778978
v -42.251644 -0.639293 0.992271
v -42.846698 -0.637459 0.366973
v -42.840399 -0.659648 -0.364243
v -42.229220 -0.599057 -0.903849
v -41.302716 -0.628463 -0.786930
v -40.704993 -1.439732 0.000000
v -41.280980 -1.392790 0.811460
v -42.252620 -1.401848 0.996121
v -43.181499 -1.378976 0.512082
v -42.968391 -1.424910 -0.419717
v -42.259628 -1.415797 -1.023755
v -41.231873 -1.393392 -0.866881
v -42.000000 -0.193917 0.000000
v -42.000000 -1.860000 0.000000
v -35.536079 -0.628694 -15.750000
v -35.821041 -0.618789 -15.127004
v -36.585029 -0.625158 -14.914201
v -37.184226 -0.626732 -15.398430
v -37.238691 -0.585571 -16.125176
v -36.530273 -0.598611 -16.369889
v -35.912173 -0.606618 -16.270148
v -35.446588 -1.233229 -15.750000
v -35.912348 -1.228485 -15.230049
v -36.527372 -1.253227 -15.141549
v -37.024397 -1.231713 -15.467702
v -37.167191 -1.241185 -16.094187
v -36.545535 -1.243859 -16.430069
v -35.797021 -1.240031 -16.400105
v -36.373067 -0.267076 -15.750000
v -36.373067 -1.626964 -15.750000
v -20.159358 -0.558920 -27.279800
v -20.466117 -0.535771 -26.677279
v -21.222515 -0.583755 -26.402387
v -21.750261 -0.536876 -26.954624
v -21.785646 -0.537026 -27.620313
v -21.232022 -0.552701 -28.194700
v -20.299512 -0.545987 -28.070346
v -19.977770 -1.305168 -27.279800
v -20.435214 -1.287264 -26.642403
v -21.215492 -1.303527 -26.430083
v -21.985313 -1.296171 -26.852749
v -21.864533 -1.342467 -27.654504
v -21.231212 -1.323009 -28.191505
v -20.337044 -1.340008 -28.027988
v -21.000000 -0.213624 -27.279800
v -21.000000 -1.728429 -27.279800
v 1.384412 -0.116878 -31.500000
v 0.906670 -0.119267 -30.476765
v -0.305356 -0.045899 -30.295934
v -1.061990 -0.111717 -31.039715
v -1.327718 -0.135116 -32.075456
v -0.269852 -0.060521 -32.564070
v 1.013134 -0.111519 -32.643387
v 1.230489 -1.260924 -31.500000
v 0.810724 -1.223770 -30.585046
v -0.320266 -1.226915 -30.237141
v -1.435109 -1.259924 -30.877999
v -1.335226 -1.246059 -32.078710
v -0.340949 -1.227735 -32.844416
v 0.842253 -1.185812 -32.450536
v -0.000000 0.419553 -31.500000
v -0.000000 -1.860000 -31.500000
v 22.179093 -0.189185 -27.279800
v 21.711366 -0.158177 -26.476978
v 20.738888 -0.184314 -26.250195
v 19.649965 -0.199375 -26.694672
v 19.632475 -0.166901 -27.872509
v 20.705930 -0.176869 -28.439365
v 21.835031 -0.202987 -28.222187
v 22.531330 -1.260059 -27.279800
v 21.951015 -1.303670 -26.206518
v 20.760019 -1.245897 -26.333516
v 19.838976 -1.299979 -26.776593
v 19.965434 -1.280660 -27.728199
v 20.724755 -1.297168 -28.365133
v 21.934273 -1.294878 -28.334187
v 21.000000 0.290976 -27.279800
v 21.000000 -1.860000 -27.279800
v 37.743535 -0.512584 -15.750000
v 37.161228 -0.477112 -14.860509
v 36.071540 -0.483474 -14.561031
v 35.160733 -0.503939 -15.224554
v 35.132089 -0.482968 -16.287861
v 36.142585 -0.488494 -16.658826
v 37.136334 -0.514263 -16.611396
v 37.494718 -1.353386 -15.750000
v 36.989004 -1.366538 -15.054875
v 36.138139 -1.375136 -14.823641
v 35.214241 -1.386838 -15.247745
v 35.184170 -1.426702 -16.265288
v 36.075896 -1.430765 -16.921791
v 37.121919 -1.407921 -16.595128
v 36.373067 0.046262 -15.750000
v 36.373067 -1.860000 -15.750000
v -0.890955 0.214643 -21.872721
v 0.890955 0.231103 -22.127279
v -0.681338 0.316015 -20.405403
v 1.100571 0.281820 -20.659962
v -0.471721 0.384008 -18.938086
v 1.310188 0.383146 -19.192644
v -0.262104 0.486170 -17.470768
v 1.519805 0.415098 -17.725327
v -0.053488 0.537251 -16.010664
v 1.730422 0.513371 -16.250796
v 0.128587 0.588332 -14.572350
v 1.919862 0.562224 -14.749369
v 0.232115 0.690494 -13.118289
v 2.027541 0.659281 -13.246534
v 0.337718 5.550000 -11.639841
v 2.133144 5.550000 -11.768086
v 0.443322 9.050000 -10.161394
v 2.238747 5.550000 -10.289638
v 0.546714 9.050000 -8.735343
v 2.346562 9.050000 -8.758794
v 0.484470 9.050000 -7.371610
v 2.274441 9.050000 -7.181858
v 0.248027 9.050000 -5.962645
v 2.023536 9.050000 -5.666727
v 0.004352 9.050000 -4.500598
v 1.779861 9.050000 -4.204680
v -0.236908 9.050000 -3.052375
v 1.533772 9.050000 -2.728808
v -0.518686 9.050000 -1.634956
v 1.237665 9.050000 -1.240963
v -0.873128 9.050000 -0.218282
v 0.873128 9.050000 0.218282
v 11.0000 6.5000 18.2000
v 12.0000 6.5000 18.2000
v 12.0000 6.5000 18.8000
v 11.0000 6.5000 18.8000
v 11.0000 6.9000 18.2000
v 12.0000 6.9000 18.2000
v 12.0000 6.9000 18.8000
v 11.0000 6.9000 18.8000
v 12.0000 6.5000 18.2000
v 13.0000 6.5000 18.2000
v 13.0000 6.5000 18.8000
v 12.0000 6.5000 18.8000
v 12.0000 6.9000 18.2000
v 13.0000 6.9000 18.2000
v 13.0000 6.9000 18.8000
v 12.0000 6.9000 18.8000
v 13.0000 6.5000 18.2000
v 14.0000 6.5000 18.2000
v 14.0000 6.5000 18.8000
v 13.0000 6.5000 18.8000
v 13.0000 6.9000 18.2000
v 14.0000 6.9000 18.2000
v 14.0000 6.9000 18.8000
v 13.0000 6.9000 18.8000
v 14.0000 6.5000 18.2000
v 15.0000 6.5000 18.2000
v 15.0000 6.5000 18.8000
v 14.0000 6.5000 18.8000
v 14.0000 6.9000 18.2000
v 15.0000 6.9000 18.2000
v 15.0000 6.9000 18.8000
v 14.0000 6.9000 18.8000
v 15.0000 6.5000 18.2000
v 16.0000 6.5000 18.2000
v 16.0000 6.5000 18.8000
v 15.0000 6.5000 18.8000
v 15.0000 6.9000 18.2000
v 16.0000 6.9000 18.2000
v 16.0000 6.9000 18.8000
v 15.0000 6.9000 18.8000
v 16.0000 6.5000 18.2000
v 17.0000 6.5000 18.2000
v 17.0000 6.5000 18.8000
v 16.0000 6.5000 18.8000
v 16.0000 6.9000 18.2000
v 17.0000 6.9000 18.2000
v 17.0000 6.9000 18.8000
v 16.0000 6.9000 18.8000
v 11.0000 6.9000 18.2000
v 11.5000 6.9000 18.2000
v 11.5000 6.9000 18.8000
v 11.0000 6.9000 18.8000
v 11.0000 7.3000 18.2000
v 11.5000 7.3000 18.2000
v 11.5000 7.3000 18.8000
v 11.0000 7.3000 18.8000
v 11.5000 6.9000 18.2000
v 12.5000 6.9000 18.2000
v 12.5000 6.9000 18.8000
v 11.5000 6.9000 18.8000
v 11.5000 7.3000 18.2000
v 12.5000 7.3000 18.2000
v 12.5000 7.3000 18.8000
v 11.5000 7.3000 18.8000
v 12.5000 6.9000 18.2000
v 13.5000 6.9000 18.2000
v 13.5000 6.9000 18.8000
v 12.5000 6.9000 18.8000
v 12.5000 7.3000 18.2000
v 13.5000 7.3000 18.2000
v 13.5000 7.3000 18.8000
v 12.5000 7.3000 18.8000
v 13.5000 6.9000 18.2000
v 14.5000 6.9000 18.2000
v 14.5000 6.9000 18.8000
v 13.5000 6.9000 18.8000
v 13.5000 7.3000 18.2000
v 14.5000 7.3000 18.2000
v 14.5000 7.3000 18.8000
v 13.5000 7.3000 18.8000
v 14.5000 6.9000 18.2000
v 15.5000 6.9000 18.2000
v 15.5000 6.9000 18.8000
v 14.5000 6.9000 18.8000
v 14.5000 7.3000 18.2000
v 15.5000 7.3000 18.2000
v 15.5000 7.3000 18.8000
v 14.5000 7.3000 18.8000
v 15.5000 6.9000 18.2000
v 16.5000 6.9000 18.2000
v 16.5000 6.9000 18.8000
v 15.5000 6.9000 18.8000
v 15.5000 7.3000 18.2000
v 16.5000 7.3000 18.2000
v 16.5000 7.3000 18.8000
v 15.5000 7.3000 18.8000
v 16.5000 6.9000 18.2000
v 17.0000 6.9000 18.2000
v 17.0000 6.9000 18.8000
v 16.5000 6.9000 18.8000
v 16.5000 7.3000 18.2000
v 17.0000 7.3000 18.2000
v 17.0000 7.3000 18.8000
v 16.5000 7.3000 18.8000
v 11.0000 7.3000 18.2000
v 12.0000 7.3000 18.2000
v 12.0000 7.3000 18.8000
v 11.0000 7.3000 18.8000
v 11.0000 7.7000 18.2000
v 12.0000 7.7000 18.2000
v 12.0000 7.7000 18.8000
v 11.0000 7.7000 18.8000
v 12.0000 7.3000 18.2000
v 13.0000 7.3000 18.2000
v 13.0000 7.3000 18.8000
v 12.0000 7.3000 18.8000
v 12.0000 7.7000 18.2000
v 13.0000 7.7000 18.2000
v 13.0000 7.7000 18.8000
v 12.0000 7.7000 18.8000
v 13.0000 7.3000 18.2000
v 14.0000 7.3000 18.2000
v 14.0000 7.3000 18.8000
v 13.0000 7.3000 18.8000
v 13.0000 7.7000 18.2000
v 14.0000 7.7000 18.2000
v 14.0000 7.7000 18.8000
v 13.0000 7.7000 18.8000
v 14.0000 7.3000 18.2000
v 15.0000 7.3000 18.2000
v 15.0000 7.3000 18.8000
v 14.0000 7.3000 18.8000
v 14.0000 7.7000 18.2000
v 15.0000 7.7000 18.2000
v 15.0000 7.7000 18.8000
v 14.0000 7.7000 18.8000
v 15.0000 7.3000 18.2000
v 16.0000 7.3000 18.2000
v 16.0000 7.3000 18.8000
v 15.0000 7.3000 18.8000
v 15.0000 7.7000 18.2000
v 16.0000 7.7000 18.2000
v 16.0000 7.7000 18.8000
v 15.0000 7.7000 18.8000
v 16.0000 7.3000 18.2000
v 17.0000 7.3000 18.2000
v 17.0000 7.3000 18.8000
v 16.0000 7.3000 18.8000
v 16.0000 7.7000 18.2000
v 17.0000 7.7000 18.2000
v 17.0000 7.7000 18.8000
v 16.0000 7.7000 18.8000
v 11.0000 7.7000 18.2000
v 11.5000 7.7000 18.2000
v 11.5000 7.7000 18.8000
v 11.0000 7.7000 18.8000
v 11.0000 8.1000 18.2000
v 11.5000 8.1000 18.2000
v 11.5000 8.1000 18.8000
v 11.0000 8.1000 18.8000
v 11.5000 7.7000 18.2000
v 12.5000 7.7000 18.2000
v 12.5000 7.7000 18.8000
v 11.5000 7.7000 18.8000
v 11.5000 8.1000 18.2000
v 12.5000 8.1000 18.2000
v 12.5000 8.1000 18.8000
v 11.5000 8.1000 18.8000
v 12.5000 7.7000 18.2000
v 13.5000 7.7000 18.2000
v 13.5000 7.7000 18.8000
v 12.5000 7.7000 18.8000
v 12.5000 8.1000 18.2000
v 13.5000 8.1000 18.2000
v 13.5000 8.1000 18.8000
v 12.5000 8.1000 18.8000
v 13.5000 7.7000 18.2000
v 14.5000 7.7000 18.2000
v 14.5000 7.7000 18.8000
v 13.5000 7.7000 18.8000
v 13.5000 8.1000 18.2000
v 14.5000 8.1000 18.2000
v 14.5000 8.1000 18.8000
v 13.5000 8.1000 18.8000
v 14.5000 7.7000 18.2000
v 15.5000 7.7000 18.2000
v 15.5000 7.7000 18.8000
v 14.5000 7.7000 18.8000
v 14.5000 8.1000 18.2000
v 15.5000 8.1000 18.2000
v 15.5000 8.1000 18.8000
v 14.5000 8.1000 18.8000
v 15.5000 7.7000 18.2000
v 16.5000 7.7000 18.2000
v 16.5000 7.7000 18.8000
v 15.5000 7.7000 18.8000
v 15.5000 8.1000 18.2000
v 16.5000 8.1000 18.2000
v 16.5000 8.1000 18.8000
v 15.5000 8.1000 18.8000
v 16.5000 7.7000 18.2000
v 17.0000 7.7000 18.2000
v 17.0000 7.7000 18.8000
v 16.5000 7.7000 18.8000
v 16.5000 8.1000 18.2000
v 17.0000 8.1000 18.2000
v 17.0000 8.1000 18.8000
v 16.5000 8.1000 18.8000
v 5.0000 13.0000 6.7000
v 6.0000 13.0000 6.7000
v 6.0000 13.0000 7.3000
v 5.0000 13.0000 7.3000
v 5.0000 13.4500 6.7000
v 6.0000 13.4500 6.7000
v 6.0000 13.4500 7.3000
v 5.0000 13.4500 7.3000
v 6.0000 13.0000 6.7000
v 7.0000 13.0000 6.7000
v 7.0000 13.0000 7.3000
v 6.0000 13.0000 7.3000
v 6.0000 13.4500 6.7000
v 7.0000 13.4500 6.7000
v 7.0000 13.4500 7.3000
v 6.0000 13.4500 7.3000
v 7.0000 13.0000 6.7000
v 8.0000 13.0000 6.7000
v 8.0000 13.0000 7.3000
v 7.0000 13.0000 7.3000
v 7.0000 13.4500 6.7000
v 8.0000 13.4500 6.7000
v 8.0000 13.4500 7.3000
v 7.0000 13.4500 7.3000
v 8.0000 13.0000 6.7000
v 9.0000 13.0000 6.7000
v 9.0000 13.0000 7.3000
v 8.0000 13.0000 7.3000
v 8.0000 13.4500 6.7000
v 9.0000 13.4500 6.7000
v 9.0000 13.4500 7.3000
v 8.0000 13.4500 7.3000
v 5.0000 13.4500 6.7000
v 5.5000 13.4500 6.7000
v 5.5000 13.4500 7.3000
v 5.0000 13.4500 7.3000
v 5.0000 13.9000 6.7000
v 5.5000 13.9000 6.7000
v 5.5000 13.9000 7.3000
v 5.0000 13.9000 7.3000
v 5.5000 13.4500 6.7000
v 6.5000 13.4500 6.7000
v 6.5000 13.4500 7.3000
v 5.5000 13.4500 7.3000
v 5.5000 13.9000 6.7000
v 6.5000 13.9000 6.7000
v 6.5000 13.9000 7.3000
v 5.5000 13.9000 7.3000
v 6.5000 13.4500 6.7000
v 7.5000 13.4500 6.7000
v 7.5000 13.4500 7.3000
v 6.5000 13.4500 7.3000
v 6.5000 13.9000 6.7000
v 7.5000 13.9000 6.7000
v 7.5000 13.9000 7.3000
v 6.5000 13.9000 7.3000
v 7.5000 13.4500 6.7000
v 8.5000 13.4500 6.7000
v 8.5000 13.4500 7.3000
v 7.5000 13.4500 7.3000
v 7.5000 13.9000 6.7000
v 8.5000 13.9000 6.7000
v 8.5000 13.9000 7.3000
v 7.5000 13.9000 7.3000
v 8.5000 13.4500 6.7000
v 9.0000 13.4500 6.7000
v 9.0000 13.4500 7.3000
v 8.5000 13.4500 7.3000
v 8.5000 13.9000 6.7000
v 9.0000 13.9000 6.7000
v 9.0000 13.9000 7.3000
v 8.5000 13.9000 7.3000
v 5.0000 13.9000 6.7000
v 6.0000 13.9000 6.7000
v 6.0000 13.9000 7.3000
v 5.0000 13.9000 7.3000
v 5.0000 14.3500 6.7000
v 6.0000 14.3500 6.7000
v 6.0000 14.3500 7.3000
v 5.0000 14.3500 7.3000
v 6.0000 13.9000 6.7000
v 7.0000 13.9000 6.7000
v 7.0000 13.9000 7.3000
v 6.0000 13.9000 7.3000
v 6.0000 14.3500 6.7000
v 7.0000 14.3500 6.7000
v 7.0000 14.3500 7.3000
v 6.0000 14.3500 7.3000
v 7.0000 13.9000 6.7000
v 8.0000 13.9000 6.7000
v 8.0000 13.9000 7.3000
v 7.0000 13.9000 7.3000
v 7.0000 14.3500 6.7000
v 8.0000 14.3500 6.7000
v 8.0000 14.3500 7.3000
v 7.0000 14.3500 7.3000
v 8.0000 13.9000 6.7000
v 9.0000 13.9000 6.7000
v 9.0000 13.9000 7.3000
v 8.0000 13.9000 7.3000
v 8.0000 14.3500 6.7000
v 9.0000 14.3500 6.7000
v 9.0000 14.3500 7.3000
v 8.0000 14.3500 7.3000
v 5.0000 14.3500 6.7000
v 5.5000 14.3500 6.7000
v 5.5000 14.3500 7.3000
v 5.0000 14.3500 7.3000
v 5.0000 14.8000 6.7000
v 5.5000 14.8000 6.7000
v 5.5000 14.8000 7.3000
v 5.0000 14.8000 7.3000
v 5.5000 14.3500 6.7000
v 6.5000 14.3500 6.7000
v 6.5000 14.3500 7.3000
v 5.5000 14.3500 7.3000
v 5.5000 14.8000 6.7000
v 6.5000 14.8000 6.7000
v 6.5000 14.8000 7.3000
v 5.5000 14.8000 7.3000
v 6.5000 14.3500 6.7000
v 7.5000 14.3500 6.7000
v 7.5000 14.3500 7.3000
v 6.5000 14.3500 7.3000
v 6.5000 14.8000 6.7000
v 7.5000 14.8000 6.7000
v 7.5000 14.8000 7.3000
v 6.5000 14.8000 7.3000
v 7.5000 14.3500 6.7000
v 8.5000 14.3500 6.7000
v 8.5000 14.3500 7.3000
v 7.5000 14.3500 7.3000
v 7.5000 14.8000 6.7000
v 8.5000 14.8000 6.7000
v 8.5000 14.8000 7.3000
v 7.5000 14.8000 7.3000
v 8.5000 14.3500 6.7000
v 9.0000 14.3500 6.7000
v 9.0000 14.3500 7.3000
v 8.5000 14.3500 7.3000
v 8.5000 14.8000 6.7000
v 9.0000 14.8000 6.7000
v 9.0000 14.8000 7.3000
v 8.5000 14.8000 7.3000
v 9.900000 2.500000 20.180000
v 8.100000 2.500000 20.180000
v 8.100000 2.500000 19.760000
v 9.900000 2.500000 19.760000
v 9.900000 2.875000 20.180000
v 8.100000 2.875000 20.180000
v 8.100000 2.875000 19.760000
v 9.900000 2.875000 19.760000
v 9.900000 2.500000 19.760000
v 8.100000 2.500000 19.760000
v 8.100000 2.500000 19.340000
v 9.900000 2.500000 19.340000
v 9.900000 3.250000 19.760000
v 8.100000 3.250000 19.760000
v 8.100000 3.250000 19.340000
v 9.900000 3.250000 19.340000
v 9.900000 2.500000 19.340000
v 8.100000 2.500000 19.340000
v 8.100000 2.500000 18.920000
v 9.900000 2.500000 18.920000
v 9.900000 3.625000 19.340000
v 8.100000 3.625000 19.340000
v 8.100000 3.625000 18.920000
v 9.900000 3.625000 18.920000
v 9.900000 2.500000 18.920000
v 8.100000 2.500000 18.920000
v 8.100000 2.500000 18.500000
v 9.900000 2.500000 18.500000
v 9.900000 4.000000 18.920000
v 8.100000 4.000000 18.920000
v 8.100000 4.000000 18.500000
v 9.900000 4.000000 18.500000
v 9.900000 2.500000 18.500000
v 8.100000 2.500000 18.500000
v 8.100000 2.500000 18.080000
v 9.900000 2.500000 18.080000
v 9.900000 4.375000 18.500000
v 8.100000 4.375000 18.500000
v 8.100000 4.375000 18.080000
v 9.900000 4.375000 18.080000
v 9.900000 2.500000 18.080000
v 8.100000 2.500000 18.080000
v 8.100000 2.500000 17.660000
v 9.900000 2.500000 17.660000
v 9.900000 4.750000 18.080000
v 8.100000 4.750000 18.080000
v 8.100000 4.750000 17.660000
v 9.900000 4.750000 17.660000
v 9.900000 2.500000 17.660000
v 8.100000 2.500000 17.660000
v 8.100000 2.500000 17.240000
v 9.900000 2.500000 17.240000
v 9.900000 5.125000 17.660000
v 8.100000 5.125000 17.660000
v 8.100000 5.125000 17.240000
v 9.900000 5.125000 17.240000
v 9.900000 2.500000 17.240000
v 8.100000 2.500000 17.240000
v 8.100000 2.500000 16.820000
v 9.900000 2.500000 16.820000
v 9.900000 5.500000 17.240000
v 8.100000 5.500000 17.240000
v 8.100000 5.500000 16.820000
v 9.900000 5.500000 16.820000
v 28.800000 7.000000 -7.200000
v 31.200000 7.000000 -7.200000
v 31.200000 7.000000 -4.800000
v 28.800000 7.000000 -4.800000
v 28.800000 9.400000 -7.200000
v 31.200000 9.400000 -7.200000
v 31.200000 9.400000 -4.800000
v 28.800000 9.400000 -4.800000
v 28.550000 9.400000 -7.450000
v 31.450000 9.400000 -7.450000
v 31.450000 9.400000 -4.550000
v 28.550000 9.400000 -4.550000
v 30.000000 10.800000 -6.000000
v 29.930000 10.800000 -6.070000
v 30.070000 10.800000 -6.070000
v 30.070000 10.800000 -5.930000
v 29.930000 10.800000 -5.930000
v 29.930000 11.700000 -6.070000
v 30.070000 11.700000 -6.070000
v 30.070000 11.700000 -5.930000
v 29.930000 11.700000 -5.930000
v 29.650000 11.288000 -6.070000
v 30.350000 11.288000 -6.070000
v 30.350000 11.288000 -5.930000
v 29.650000 11.288000 -5.930000
v 29.650000 11.428000 -6.070000
v 30.350000 11.428000 -6.070000
v 30.350000 11.428000 -5.930000
v 29.650000 11.428000 -5.930000
v 19.000000 6.250000 -5.650000
v 19.000000 6.250000 -5.550000
v 19.000000 6.150000 -5.550000
v 19.000000 6.150000 -5.650000
v 19.642857 6.090816 -5.650000
v 19.642857 6.090816 -5.550000
v 19.642857 5.990816 -5.550000
v 19.642857 5.990816 -5.650000
v 20.285714 5.956122 -5.650000
v 20.285714 5.956122 -5.550000
v 20.285714 5.856122 -5.550000
v 20.285714 5.856122 -5.650000
v 20.928571 2.845918 -5.650000
v 20.928571 2.845918 -5.550000
v 20.928571 2.745918 -5.550000
v 20.928571 2.745918 -5.650000
v 21.571429 2.760204 -5.650000
v 21.571429 2.760204 -5.550000
v 21.571429 2.660204 -5.550000
v 21.571429 2.660204 -5.650000
v 22.214286 2.698980 -5.650000
v 22.214286 2.698980 -5.550000
v 22.214286 2.598980 -5.550000
v 22.214286 2.598980 -5.650000
v 22.857143 2.662245 -5.650000
v 22.857143 2.662245 -5.550000
v 22.857143 2.562245 -5.550000
v 22.857143 2.562245 -5.650000
v 23.500000 2.650000 -5.650000
v 23.500000 2.650000 -5.550000
v 23.500000 2.550000 -5.550000
v 23.500000 2.550000 -5.650000
v 24.142857 2.662245 -5.650000
v 24.142857 2.662245 -5.550000
v 24.142857 2.562245 -5.550000
v 24.142857 2.562245 -5.650000
v 24.785714 2.698980 -5.650000
v 24.785714 2.698980 -5.550000
v 24.785714 2.598980 -5.550000
v 24.785714 2.598980 -5.650000
v 25.428571 2.760204 -5.650000
v 25.428571 2.760204 -5.550000
v 25.428571 2.660204 -5.550000
v 25.428571 2.660204 -5.650000
v 26.071429 3.012585 -5.650000
v 26.071429 3.012585 -5.550000
v 26.071429 2.912585 -5.550000
v 26.071429 2.912585 -5.650000
v 26.714286 4.206122 -5.650000
v 26.714286 4.206122 -5.550000
v 26.714286 4.106122 -5.550000
v 26.714286 4.106122 -5.650000
v 27.357143 4.340816 -5.650000
v 27.357143 4.340816 -5.550000
v 27.357143 4.240816 -5.550000
v 27.357143 4.240816 -5.650000
v 28.000000 5.583333 -5.650000
v 28.000000 5.583333 -5.550000
v 28.000000 5.483333 -5.550000
v 28.000000 5.483333 -5.650000
v 19.000000 6.250000 -4.450000
v 19.000000 6.250000 -4.350000
v 19.000000 6.150000 -4.350000
v 19.000000 6.150000 -4.450000
v 19.642857 6.090816 -4.450000
v 19.642857 6.090816 -4.350000
v 19.642857 5.990816 -4.350000
v 19.642857 5.990816 -4.450000
v 20.285714 5.956122 -4.450000
v 20.285714 5.956122 -4.350000
v 20.285714 5.856122 -4.350000
v 20.285714 5.856122 -4.450000
v 20.928571 5.845918 -4.450000
v 20.928571 5.845918 -4.350000
v 20.928571 5.745918 -4.350000
v 20.928571 5.745918 -4.450000
v 21.571429 5.760204 -4.450000
v 21.571429 5.760204 -4.350000
v 21.571429 5.660204 -4.350000
v 21.571429 5.660204 -4.450000
v 22.214286 5.698980 -4.450000
v 22.214286 5.698980 -4.350000
v 22.214286 5.598980 -4.350000
v 22.214286 5.598980 -4.450000
v 22.857143 2.662245 -4.450000
v 22.857143 2.662245 -4.350000
v 22.857143 2.562245 -4.350000
v 22.857143 2.562245 -4.450000
v 23.500000 2.650000 -4.450000
v 23.500000 2.650000 -4.350000
v 23.500000 2.550000 -4.350000
v 23.500000 2.550000 -4.450000
v 24.142857 2.662245 -4.450000
v 24.142857 2.662245 -4.350000
v 24.142857 2.562245 -4.350000
v 24.142857 2.562245 -4.450000
v 24.785714 2.698980 -4.450000
v 24.785714 2.698980 -4.350000
v 24.785714 2.598980 -4.350000
v 24.785714 2.598980 -4.450000
v 25.428571 2.760204 -4.450000
v 25.428571 2.760204 -4.350000
v 25.428571 2.660204 -4.350000
v 25.428571 2.660204 -4.450000
v 26.071429 2.845918 -4.450000
v 26.071429 2.845918 -4.350000
v 26.071429 2.745918 -4.350000
v 26.071429 2.745918 -4.450000
v 26.714286 3.550109 -4.450000
v 26.714286 3.550109 -4.350000
v 26.714286 3.450109 -4.350000
v 26.714286 3.450109 -4.450000
v 27.357143 3.684802 -4.450000
v 27.357143 3.684802 -4.350000
v 27.357143 3.584802 -4.350000
v 27.357143 3.584802 -4.450000
v 28.000000 4.685871 -4.450000
v 28.000000 4.685871 -4.350000
v 28.000000 4.585871 -4.350000
v 28.000000 4.585871 -4.450000
v 19.289091 6.095868 -5.700000
v 19.529091 6.095868 -5.700000
v 19.529091 6.095868 -4.300000
v 19.289091 6.095868 -4.300000
v 19.289091 6.165868 -5.700000
v 19.529091 6.165868 -5.700000
v 19.529091 6.165868 -4.300000
v 19.289091 6.165868 -4.300000
v 20.107273 5.917355 -5.700000
v 20.347273 5.917355 -5.700000
v 20.347273 5.917355 -4.300000
v 20.107273 5.917355 -4.300000
v 20.107273 5.987355 -5.700000
v 20.347273 5.987355 -5.700000
v 20.347273 5.987355 -4.300000
v 20.107273 5.987355 -4.300000
v 20.925455 2.778512 -5.700000
v 21.165455 2.778512 -5.700000
v 21.165455 5.778512 -4.300000
v 20.925455 5.778512 -4.300000
v 20.925455 2.848512 -5.700000
v 21.165455 2.848512 -5.700000
v 21.165455 5.848512 -4.300000
v 20.925455 5.848512 -4.300000
v 21.743636 2.679339 -5.700000
v 21.983636 2.679339 -5.700000
v 21.983636 5.679339 -4.300000
v 21.743636 5.679339 -4.300000
v 21.743636 2.749339 -5.700000
v 21.983636 2.749339 -5.700000
v 21.983636 5.749339 -4.300000
v 21.743636 5.749339 -4.300000
v 22.561818 2.619835 -5.700000
v 22.801818 2.619835 -5.700000
v 22.801818 2.619835 -4.300000
v 22.561818 2.619835 -4.300000
v 22.561818 2.689835 -5.700000
v 22.801818 2.689835 -5.700000
v 22.801818 2.689835 -4.300000
v 22.561818 2.689835 -4.300000
v 23.380000 2.600000 -5.700000
v 23.620000 2.600000 -5.700000
v 23.620000 2.600000 -4.300000
v 23.380000 2.600000 -4.300000
v 23.380000 2.670000 -5.700000
v 23.620000 2.670000 -5.700000
v 23.620000 2.670000 -4.300000
v 23.380000 2.670000 -4.300000
v 24.198182 2.619835 -5.700000
v 24.438182 2.619835 -5.700000
v 24.438182 2.619835 -4.300000
v 24.198182 2.619835 -4.300000
v 24.198182 2.689835 -5.700000
v 24.438182 2.689835 -5.700000
v 24.438182 2.689835 -4.300000
v 24.198182 2.689835 -4.300000
v 25.016364 2.679339 -5.700000
v 25.256364 2.679339 -5.700000
v 25.256364 2.679339 -4.300000
v 25.016364 2.679339 -4.300000
v 25.016364 2.749339 -5.700000
v 25.256364 2.749339 -5.700000
v 25.256364 2.749339 -4.300000
v 25.016364 2.749339 -4.300000
v 25.834545 2.945179 -5.700000
v 26.074545 2.945179 -5.700000
v 26.074545 2.778512 -4.300000
v 25.834545 2.778512 -4.300000
v 25.834545 3.015179 -5.700000
v 26.074545 3.015179 -5.700000
v 26.074545 2.848512 -4.300000
v 25.834545 2.848512 -4.300000
v 26.652727 4.167355 -5.700000
v 26.892727 4.167355 -5.700000
v 26.892727 3.511341 -4.300000
v 26.652727 3.511341 -4.300000
v 26.652727 4.237355 -5.700000
v 26.892727 4.237355 -5.700000
v 26.892727 3.581341 -4.300000
v 26.652727 3.581341 -4.300000
v 27.470909 4.345868 -5.700000
v 27.710909 5.429201 -5.700000
v 27.710909 4.531738 -4.300000
v 27.470909 3.689854 -4.300000
v 27.470909 4.415868 -5.700000
v 27.710909 5.499201 -5.700000
v 27.710909 4.601738 -4.300000
v 27.470909 3.759854 -4.300000

o terrain
usemtl terrain_seabed
f 1 82 83 2
f 2 83 84 3
f 3 84 85 4
f 4 85 86 5
f 5 86 87 6
f 6 87 88 7
f 7 88 89 8
f 8 89 90 9
f 9 90 91 10
f 10 91 92 11
f 11 92 93 12
f 12 93 94 13
f 13 94 95 14
f 14 95 96 15
f 15 96 97 16
f 16 97 98 17
f 17 98 99 18
f 18 99 100 19
f 19 100 101 20
f 20 101 102 21
f 21 102 103 22
f 22 103 104 23
f 23 104 105 24
f 24 105 106 25
f 25 106 107 26
f 26 107 108 27
f 27 108 109 28
f 28 109 110 29
f 29 110 111 30
f 30 111 112 31
f 31 112 113 32
f 32 113 114 33
f 33 114 115 34
f 34 115 116 35
f 35 116 117 36
f 36 117 118 37
f 37 118 119 38
f 38 119 120 39
f 39 120 121 40
f 40 121 122 41
f 41 122 123 42
f 42 123 124 43
f 43 124 125 44
f 44 125 126 45
f 45 126 127 46
f 46 127 128 47
f 47 128 129 48
f 48 129 130 49
f 49 130 131 50
f 50 131 132 51
f 51 132 133 52
f 52 133 134 53
f 53 134 135 54
f 54 135 136 55
f 55 136 137 56
f 56 137 138 57
f 57 138 139 58
f 58 139 140 59
f 59 140 141 60
f 60 141 142 61
f 61 142 143 62
f 62 143 144 63
f 63 144 145 64
f 64 145 146 65
f 65 146 147 66
f 66 147 148 67
f 67 148 149 68
f 68 149 150 69
f 69 150 151 70
f 70 151 152 71
f 71 152 153 72
f 72 153 154 73
f 73 154 155 74
f 74 155 156 75
f 75 156 157 76
f 76 157 158 77
f 77 158 159 78
f 78 159 160 79
f 79 160 161 80
f 80 161 162 81
f 82 163 164 83
f 83 164 165 84
f 84 165 166 85
f 85 166 167 86
f 86 167 168 87
f 87 168 169 88
f 88 169 170 89
f 89 170 171 90
f 90 171 172 91
f 91 172 173 92
f 92 173 174 93
f 93 174 175 94
f 94 175 176 95
f 95 176 177 96
f 96 177 178 97
f 97 178 179 98
f 98 179 180 99
f 99 180 181 100
f 100 181 182 101
f 101 182 183 102
f 102 183 184 103
f 103 184 185 104
f 104 185 186 105
f 105 186 187 106
f 106 187 188 107
f 107 188 189 108
f 108 189 190 109
f 109 190 191 110
f 110 191 192 111
f 111 192 193 112
f 112 193 194 113
f 113 194 195 114
f 114 195 196 115
f 115 196 197 116
f 116 197 198 117
f 117 198 199 118
f 118 199 200 119
f 119 200 201 120
f 120 201 202 121
f 121 202 203 122
f 122 203 204 123
f 123 204 205 124
f 124 205 206 125
f 125 206 207 126
f 126 207 208 127
f 127 208 209 128
f 128 209 210 129
f 129 210 211 130
f 130 211 212 131
f 131 212 213 132
f 132 213 214 133
f 133 214 215 134
f 134 215 216 135
f 135 216 217 136
f 136 217 218 137
f 137 218 219 138
f 138 219 220 139
f 139 220 221 140
f 140 221 222 141
f 141 222 223 142
f 142 223 224 143
f 143 224 225 144
f 144 225 226 145
f 145 226 227 146
f 146 227 228 147
f 147 228 229 148
f 148 229 230 149
f 149 230 231 150
f 150 231 232 151
f 151 232 233 152
f 152 233 234 153
f 153 234 235 154
f 154 235 236 155
f 155 236 237 156
f 156 237 238 157
f 157 238 239 158
f 158 239 240 159
f 159 240 241 160
f 160 241 242 161
f 161 242 243 162
f 163 244 245 164
f 164 245 246 165
f 165 246 247 166
f 166 247 248 167
f 167 248 249 168
f 168 249 250 169
f 169 250 251 170
f 170 251 252 171
f 171 252 253 172
f 172 253 254 173
f 173 254 255 174
f 174 255 256 175
f 175 256 257 176
f 176 257 258 177
f 177 258 259 178
f 178 259 260 179
f 179 260 261 180
f 180 261 262 181
f 181 262 263 182
f 182 263 264 183
f 183 264 265 184
f 184 265 266 185
f 185 266 267 186
f 186 267 268 187
f 187 268 269 188
f 188 269 270 189
f 189 270 271 190
f 190 271 272 191
f 191 272 273 192
f 192 273 274 193
f 193 274 275 194
f 194 275 276 195
f 195 276 277 196
f 196 277 278 197
f 197 278 279 198
f 198 279 280 199
f 199 280 281 200
f 200 281 282 201
f 201 282 283 202
f 202 283 284 203
f 203 284 285 204
f 204 285 286 205
f 205 286 287 206
f 206 287 288 207
f 207 288 289 208
f 208 289 290 209
f 209 290 291 210
f 210 291 292 211
f 211 292 293 212
f 212 293 294 213
f 213 294 295 214
f 214 295 296 215
f 215 296 297 216
f 216 297 298 217
f 217 298 299 218
f 218 299 300 219
f 219 300 301 220
f 220 301 302 221
f 221 302 303 222
f 222 303 304 223
f 223 304 305 224
f 224 305 306 225
f 225 306 307 226
f 226 307 308 227
f 227 308 309 228
f 228 309 310 229
f 229 310 311 230
f 230 311 312 231
f 231 312 313 232
f 232 313 314 233
f 233 314 315 234
f 234 315 316 235
f 235 316 317 236
f 236 317 318 237
f 237 318 319 238
f 238 319 320 239
f 239 320 321 240
f 240 321 322 241
f 241 322 323 242
f 242 323 324 243
f 244 325 326 245
f 245 326 327 246
f 246 327 328 247
f 247 328 329 248
f 248 329 330 249
f 249 330 331 250
f 250 331 332 251
f 251 332 333 252
f 252 333 334 253
f 253 334 335 254
f 254 335 336 255
f 255 336 337 256
f 256 337 338 257
f 257 338 339 258
f 258 339 340 259
f 259 340 341 260
f 260 341 342 261
f 261 342 343 262
f 262 343 344 263
f 263 344 345 264
f 264 345 346 265
f 265 346 347 266
f 266 347 348 267
f 267 348 349 268
f 268 349 350 269
f 269 350 351 270
f 270 351 352 271
f 271 352 353 272
f 272 353 354 273
f 273 354 355 274
f 274 355 356 275
f 275 356 357 276
f 276 357 358 277
f 277 358 359 278
f 278 359 360 279
f 279 360 361 280
f 280 361 362 281
f 281 362 363 282
f 282 363 364 283
f 283 364 365 284
f 284 365 366 285
f 285 366 367 286
f 286 367 368 287
f 287 368 369 288
f 288 369 370 289
f 289 370 371 290
f 290 371 372 291
f 291 372 373 292
f 292 373 374 293
f 293 374 375 294
f 294 375 376 295
f 295 376 377 296
f 296 377 378 297
f 297 378 379 298
f 298 379 380 299
f 299 380 381 300
f 300 381 382 301
f 301 382 383 302
f 302 383 384 303
f 303 384 385 304
f 304 385 386 305
f 305 386 387 306
f 306 387 388 307
f 307 388 389 308
f 308 389 390 309
f 309 390 391 310
f 310 391 392 311
f 311 392 393 312
f 312 393 394 313
f 313 394 395 314
f 314 395 396 315
f 315 396 397 316
f 316 397 398 317
f 317 398 399 318
f 318 399 400 319
f 319 400 401 320
f 320 401 402 321
f 321 402 403 322
f 322 403 404 323
f 323 404 405 324
f 325 406 407 326
f 326 407 408 327
f 327 408 409 328
f 328 409 410 329
f 329 410 411 330
f 330 411 412 331
f 331 412 413 332
f 332 413 414 333
f 333 414 415 334
f 334 415 416 335
f 335 416 417 336
f 336 417 418 337
f 337 418 419 338
f 338 419 420 339
f 339 420 421 340
f 340 421 422 341
f 341 422 423 342
f 342 423 424 343
f 343 424 425 344
f 344 425 426 345
f 345 426 427 346
f 346 427 428 347
f 347 428 429 348
f 348 429 430 349
f 349 430 431 350
f 350 431 432 351
f 351 432 433 352
f 352 433 434 353
f 353 434 435 354
f 354 435 436 355
f 355 436 437 356
f 356 437 438 357
f 357 438 439 358
f 358 439 440 359
f 359 440 441 360
f 360 441 442 361
f 361 442 443 362
f 362 443 444 363
f 363 444 445 364
f 364 445 446 365
f 365 446 447 366
f 366 447 448 367
f 367 448 449 368
f 368 449 450 369
f 369 450 451 370
f 370 451 452 371
f 371 452 453 372
f 372 453 454 373
f 373 454 455 374
f 374 455 456 375
f 375 456 457 376
f 376 457 458 377
f 377 458 459 378
f 378 459 460 379
f 379 460 461 380
f 380 461 462 381
f 381 462 463 382
f 382 463 464 383
f 383 464 465 384
f 384 465 466 385
f 385 466 467 386
f 386 467 468 387
f 387 468 469 388
f 388 469 470 389
f 389 470 471 390
f 390 471 472 391
f 391 472 473 392
f 392 473 474 393
f 393 474 475 394
f 394 475 476 395
f 395 476 477 396
f 396 477 478 397
f 397 478 479 398
f 398 479 480 399
f 399 480 481 400
f 400 481 482 401
f 401 482 483 402
f 402 483 484 403
f 403 484 485 404
f 404 485 486 405
f 406 487 488 407
f 407 488 489 408
f 408 489 490 409
f 409 490 491 410
f 410 491 492 411
f 411 492 493 412
f 412 493 494 413
f 413 494 495 414
f 414 495 496 415
f 415 496 497 416
f 416 497 498 417
f 417 498 499 418
f 418 499 500 419
f 419 500 501 420
f 420 501 502 421
f 421 502 503 422
f 422 503 504 423
f 423 504 505 424
f 424 505 506 425
f 425 506 507 426
f 426 507 508 427
f 427 508 509 428
f 428 509 510 429
f 429 510 511 430
f 430 511 512 431
f 431 512 513 432
f 432 513 514 433
f 433 514 515 434
f 434 515 516 435
f 435 516 517 436
f 436 517 518 437
f 437 518 519 438
f 438 519 520 439
f 439 520 521 440
f 440 521 522 441
f 441 522 523 442
f 442 523 524 443
f 443 524 525 444
f 444 525 526 445
f 445 526 527 446
f 446 527 528 447
f 447 528 529 448
f 448 529 530 449
f 449 530 531 450
f 450 531 532 451
f 451 532 533 452
f 452 533 534 453
f 453 534 535 454
f 454 535 536 455
f 455 536 537 456
f 456 537 538 457
f 457 538 539 458
f 458 539 540 459
f 459 540 541 460
f 460 541 542 461
f 461 542 543 462
f 462 543 544 463
f 463 544 545 464
f 464 545 546 465
f 465 546 547 466
f 466 547 548 467
f 467 548 549 468
f 468 549 550 469
f 469 550 551 470
f 470 551 552 471
f 471 552 553 472
f 472 553 554 473
f 473 554 555 474
f 474 555 556 475
f 475 556 557 476
f 476 557 558 477
f 477 558 559 478
f 478 559 560 479
f 479 560 561 480
f 480 561 562 481
f 481 562 563 482
f 482 563 564 483
f 483 564 565 484
f 484 565 566 485
f 485 566 567 486
f 487 568 569 488
f 488 569 570 489
f 489 570 571 490
f 490 571 572 491
f 491 572 573 492
f 492 573 574 493
f 493 574 575 494
f 494 575 576 495
f 495 576 577 496
f 496 577 578 497
f 497 578 579 498
f 498 579 580 499
f 499 580 581 500
f 500 581 582 501
f 501 582 583 502
f 502 583 584 503
f 503 584 585 504
f 504 585 586 505
f 505 586 587 506
f 506 587 588 507
f 507 588 589 508
f 508 589 590 509
f 509 590 591 510
f 510 591 592 511
f 511 592 593 512
f 512 593 594 513
f 513 594 595 514
f 514 595 596 515
f 515 596 597 516
f 516 597 598 517
f 517 598 599 518
f 518 599 600 519
f 519 600 601 520
f 520 601 602 521
f 521 602 603 522
f 522 603 604 523
f 523 604 605 524
f 524 605 606 525
f 525 606 607 526
f 526 607 608 527
f 527 608 609 528
f 528 609 610 529
f 529 610 611 530
f 530 611 612 531
f 531 612 613 532
f 532 613 614 533
f 533 614 615 534
f 534 615 616 535
f 535 616 617 536
f 536 617 618 537
f 537 618 619 538
f 538 619 620 539
f 539 620 621 540
f 540 621 622 541
f 541 622 623 542
f 542 623 624 543
f 543 624 625 544
f 544 625 626 545
f 545 626 627 546
f 546 627 628 547
f 547 628 629 548
f 548 629 630 549
f 549 630 631 550
f 550 631 632 551
f 551 632 633 552
f 552 633 634 553
f 553 634 635 554
f 554 635 636 555
f 555 636 637 556
f 556 637 638 557
f 557 638 639 558
f 558 639 640 559
f 559 640 641 560
f 560 641 642 561
f 561 642 643 562
f 562 643 644 563
f 563 644 645 564
f 564 645 646 565
f 565 646 647 566
f 566 647 648 567
f 568 649 650 569
f 569 650 651 570
f 570 651 652 571
f 571 652 653 572
f 572 653 654 573
f 573 654 655 574
f 574 655 656 575
f 575 656 657 576
f 576 657 658 577
f 577 658 659 578
f 578 659 660 579
f 579 660 661 580
f 580 661 662 581
f 581 662 663 582
f 582 663 664 583
f 583 664 665 584
f 584 665 666 585
f 585 666 667 586
f 586 667 668 587
f 587 668 669 588
f 588 669 670 589
f 589 670 671 590
f 590 671 672 591
f 591 672 673 592
f 592 673 674 593
f 593 674 675 594
f 594 675 676 595
f 595 676 677 596
f 596 677 678 597
f 597 678 679 598
f 598 679 680 599
f 599 680 681 600
f 600 681 682 601
f 601 682 683 602
f 602 683 684 603
f 603 684 685 604
f 604 685 686 605
f 605 686 687 606
f 606 687 688 607
f 607 688 689 608
f 608 689 690 609
f 609 690 691 610
f 610 691 692 611
f 611 692 693 612
f 612 693 694 613
f 613 694 695 614
f 614 695 696 615
f 615 696 697 616
f 616 697 698 617
f 617 698 699 618
f 618 699 700 619
f 619 700 701 620
f 620 701 702 621
f 621 702 703 622
f 622 703 704 623
f 623 704 705 624
f 624 705 706 625
f 625 706 707 626
f 626 707 708 627
f 627 708 709 628
f 628 709 710 629
f 629 710 711 630
f 630 711 712 631
f 631 712 713 632
f 632 713 714 633
f 633 714 715 634
f 634 715 716 635
f 635 716 717 636
f 636 717 718 637
f 637 718 719 638
f 638 719 720 639
f 639 720 721 640
f 640 721 722 641
f 641 722 723 642
f 642 723 724 643
f 643 724 725 644
f 644 725 726 645
f 645 726 727 646
f 646 727 728 647
f 647 728 729 648
f 649 730 731 650
f 650 731 732 651
f 651 732 733 652
f 652 733 734 653
f 653 734 735 654
f 654 735 736 655
f 655 736 737 656
f 656 737 738 657
f 657 738 739 658
f 658 739 740 659
f 659 740 741 660
f 660 741 742 661
f 661 742 743 662
f 662 743 744 663
f 663 744 745 664
f 664 745 746 665
f 665 746 747 666
f 666 747 748 667
f 667 748 749 668
f 668 749 750 669
f 669 750 751 670
f 670 751 752 671
f 671 752 753 672
f 672 753 754 673
f 673 754 755 674
f 674 755 756 675
f 675 756 757 676
f 676 757 758 677
f 677 758 759 678
f 678 759 760 679
f 679 760 761 680
f 680 761 762 681
f 681 762 763 682
f 682 763 764 683
f 683 764 765 684
f 684 765 766 685
f 685 766 767 686
f 686 767 768 687
f 687 768 769 688
f 688 769 770 689
f 689 770 771 690
f 690 771 772 691
f 691 772 773 692
f 692 773 774 693
f 693 774 775 694
f 694 775 776 695
f 695 776 777 696
f 696 777 778 697
f 697 778 779 698
f 698 779 780 699
f 699 780 781 700
f 700 781 782 701
f 701 782 783 702
f 702 783 784 703
f 703 784 785 704
f 704 785 786 705
f 705 786 787 706
f 706 787 788 707
f 707 788 789 708
f 708 789 790 709
f 709 790 791 710
f 710 791 792 711
f 711 792 793 712
f 712 793 794 713
f 713 794 795 714
f 714 795 796 715
f 715 796 797 716
f 716 797 798 717
f 717 798 799 718
f 718 799 800 719
f 719 800 801 720
f 720 801 802 721
f 721 802 803 722
f 722 803 804 723
f 723 804 805 724
f 724 805 806 725
f 725 806 807 726
f 726 807 808 727
f 727 808 809 728
f 728 809 810 729
f 730 811 812 731
f 731 812 813 732
f 732 813 814 733
f 733 814 815 734
f 734 815 816 735
f 735 816 817 736
f 736 817 818 737
f 737 818 819 738
f 738 819 820 739
f 739 820 821 740
f 740 821 822 741
f 741 822 823 742
f 742 823 824 743
f 743 824 825 744
f 744 825 826 745
f 745 826 827 746
f 746 827 828 747
f 747 828 829 748
f 748 829 830 749
f 749 830 831 750
f 750 831 832 751
f 751 832 833 752
f 752 833 834 753
f 753 834 835 754
f 754 835 836 755
f 755 836 837 756
f 756 837 838 757
f 757 838 839 758
f 758 839 840 759
f 759 840 841 760
f 760 841 842 761
f 761 842 843 762
f 762 843 844 763
f 763 844 845 764
f 764 845 846 765
f 765 846 847 766
f 766 847 848 767
f 767 848 849 768
f 768 849 850 769
f 769 850 851 770
f 770 851 852 771
f 771 852 853 772
f 772 853 854 773
f 773 854 855 774
f 774 855 856 775
f 775 856 857 776
f 776 857 858 777
f 777 858 859 778
f 778 859 860 779
f 779 860 861 780
f 780 861 862 781
f 781 862 863 782
f 782 863 864 783
f 783 864 865 784
f 784 865 866 785
f 785 866 867 786
f 786 867 868 787
f 787 868 869 788
f 788 869 870 789
f 789 870 871 790
f 790 871 872 791
f 791 872 873 792
f 792 873 874 793
f 793 874 875 794
f 794 875 876 795
f 795 876 877 796
f 796 877 878 797
f 797 878 879 798
f 798 879 880 799
f 799 880 881 800
f 800 881 882 801
f 801 882 883 802
f 802 883 884 803
f 803 884 885 804
f 804 885 886 805
f 805 886 887 806
f 806 887 888 807
f 807 888 889 808
f 808 889 890 809
f 809 890 891 810
f 811 892 893 812
f 812 893 894 813
f 813 894 895 814
f 814 895 896 815
f 815 896 897 816
f 816 897 898 817
f 817 898 899 818
f 818 899 900 819
f 819 900 901 820
f 820 901 902 821
f 821 902 903 822
f 822 903 904 823
f 823 904 905 824
f 824 905 906 825
f 825 906 907 826
f 826 907 908 827
f 827 908 909 828
f 828 909 910 829
f 829 910 911 830
f 830 911 912 831
f 831 912 913 832
f 832 913 914 833
f 833 914 915 834
f 834 915 916 835
f 835 916 917 836
f 836 917 918 837
f 837 918 919 838
f 838 919 920 839
f 839 920 921 840
f 840 921 922 841
f 841 922 923 842
f 842 923 924 843
f 843 924 925 844
f 844 925 926 845
f 845 926 927 846
f 846 927 928 847
f 847 928 929 848
f 848 929 930 849
f 849 930 931 850
f 850 931 932 851
f 851 932 933 852
f 852 933 934 853
f 853 934 935 854
f 854 935 936 855
f 855 936 937 856
f 856 937 938 857
f 857 938 939 858
f 858 939 940 859
f 859 940 941 860
f 860 941 942 861
f 861 942 943 862
f 862 943 944 863
f 863 944 945 864
f 864 945 946 865
f 865 946 947 866
f 866 947 948 867
f 867 948 949 868
f 868 949 950 869
f 869 950 951 870
f 870 951 952 871
f 871 952 953 872
f 872 953 954 873
f 873 954 955 874
f 874 955 956 875
f 875 956 957 876
f 876 957 958 877
f 877 958 959 878
f 878 959 960 879
f 879 960 961 880
f 880 961 962 881
f 881 962 963 882
f 882 963 964 883
f 883 964 965 884
f 884 965 966 885
f 885 966 967 886
f 886 967 968 887
f 887 968 969 888
f 888 969 970 889
f 889 970 971 890
f 890 971 972 891
f 892 973 974 893
f 893 974 975 894
f 894 975 976 895
f 895 976 977 896
f 896 977 978 897
f 897 978 979 898
f 898 979 980 899
f 899 980 981 900
f 900 981 982 901
f 901 982 983 902
f 902 983 984 903
f 903 984 985 904
f 904 985 986 905
f 905 986 987 906
f 906 987 988 907
f 907 988 989 908
f 908 989 990 909
f 909 990 991 910
f 910 991 992 911
f 911 992 993 912
f 912 993 994 913
f 913 994 995 914
f 914 995 996 915
f 915 996 997 916
f 916 997 998 917
f 917 998 999 918
f 918 999 1000 919
f 919 1000 1001 920
f 920 1001 1002 921
f 921 1002 1003 922
f 922 1003 1004 923
f 923 1004 1005 924
f 924 1005 1006 925
f 925 1006 1007 926
f 926 1007 1008 927
f 927 1008 1009 928
f 928 1009 1010 929
f 929 1010 1011 930
f 930 1011 1012 931
f 931 1012 1013 932
f 932 1013 1014 933
f 933 1014 1015 934
f 934 1015 1016 935
f 935 1016 1017 936
f 936 1017 1018 937
f 937 1018 1019 938
f 938 1019 1020 939
f 939 1020 1021 940
f 940 1021 1022 941
f 941 1022 1023 942
f 942 1023 1024 943
f 943 1024 1025 944
f 944 1025 1026 945
f 945 1026 1027 946
f 946 1027 1028 947
f 947 1028 1029 948
f 948 1029 1030 949
f 949 1030 1031 950
f 950 1031 1032 951
f 951 1032 1033 952
f 952 1033 1034 953
f 953 1034 1035 954
f 954 1035 1036 955
f 955 1036 1037 956
f 956 1037 1038 957
f 957 1038 1039 958
f 958 1039 1040 959
f 959 1040 1041 960
f 960 1041 1042 961
f 961 1042 1043 962
f 962 1043 1044 963
f 963 1044 1045 964
f 964 1045 1046 965
f 965 1046 1047 966
f 966 1047 1048 967
f 967 1048 1049 968
f 968 1049 1050 969
f 969 1050 1051 970
f 970 1051 1052 971
f 971 1052 1053 972
f 973 1054 1055 974
f 974 1055 1056 975
f 975 1056 1057 976
f 976 1057 1058 977
f 977 1058 1059 978
f 978 1059 1060 979
f 979 1060 1061 980
f 980 1061 1062 981
f 981 1062 1063 982
f 982 1063 1064 983
f 983 1064 1065 984
f 984 1065 1066 985
f 985 1066 1067 986
f 986 1067 1068 987
f 987 1068 1069 988
f 988 1069 1070 989
f 989 1070 1071 990
f 990 1071 1072 991
f 991 1072 1073 992
f 992 1073 1074 993
f 993 1074 1075 994
f 994 1075 1076 995
f 995 1076 1077 996
f 996 1077 1078 997
f 997 1078 1079 998
f 998 1079 1080 999
f 999 1080 1081 1000
f 1000 1081 1082 1001
f 1001 1082 1083 1002
f 1002 1083 1084 1003
f 1003 1084 1085 1004
f 1004 1085 1086 1005
f 1005 1086 1087 1006
f 1006 1087 1088 1007
f 1007 1088 1089 1008
f 1008 1089 1090 1009
f 1009 1090 1091 1010
f 1010 1091 1092 1011
f 1011 1092 1093 1012
f 1012 1093 1094 1013
f 1013 1094 1095 1014
f 1014 1095 1096 1015
f 1015 1096 1097 1016
f 1016 1097 1098 1017
f 1017 1098 1099 1018
f 1018 1099 1100 1019
f 1019 1100 1101 1020
f 1020 1101 1102 1021
f 1021 1102 1103 1022
f 1022 1103 1104 1023
f 1023 1104 1105 1024
f 1024 1105 1106 1025
f 1025 1106 1107 1026
f 1026 1107 1108 1027
f 1027 1108 1109 1028
f 1028 1109 1110 1029
f 1029 1110 1111 1030
f 1030 1111 1112 1031
f 1031 1112 1113 1032
f 1032 1113 1114 1033
f 1033 1114 1115 1034
f 1034 1115 1116 1035
f 1035 1116 1117 1036
f 1036 1117 1118 1037
f 1037 1118 1119 1038
f 1038 1119 1120 1039
f 1039 1120 1121 1040
f 1040 1121 1122 1041
f 1041 1122 1123 1042
f 1042 1123 1124 1043
f 1043 1124 1125 1044
f 1044 1125 1126 1045
f 1045 1126 1127 1046
f 1046 1127 1128 1047
f 1047 1128 1129 1048
f 1048 1129 1130 1049
f 1049 1130 1131 1050
f 1050 1131 1132 1051
f 1051 1132 1133 1052
f 1052 1133 1134 1053
f 1054 1135 1136 1055
f 1055 1136 1137 1056
f 1056 1137 1138 1057
f 1057 1138 1139 1058
f 1058 1139 1140 1059
f 1059 1140 1141 1060
f 1060 1141 1142 1061
f 1061 1142 1143 1062
f 1062 1143 1144 1063
f 1063 1144 1145 1064
f 1064 1145 1146 1065
f 1065 1146 1147 1066
f 1066 1147 1148 1067
f 1067 1148 1149 1068
f 1068 1149 1150 1069
f 1069 1150 1151 1070
f 1070 1151 1152 1071
f 1071 1152 1153 1072
f 1072 1153 1154 1073
f 1073 1154 1155 1074
f 1074 1155 1156 1075
f 1075 1156 1157 1076
f 1076 1157 1158 1077
f 1077 1158 1159 1078
f 1078 1159 1160 1079
f 1079 1160 1161 1080
f 1080 1161 1162 1081
f 1081 1162 1163 1082
f 1082 1163 1164 1083
f 1083 1164 1165 1084
f 1084 1165 1166 1085
f 1085 1166 1167 1086
f 1086 1167 1168 1087
f 1087 1168 1169 1088
f 1088 1169 1170 1089
f 1089 1170 1171 1090
f 1090 1171 1172 1091
f 1091 1172 1173 1092
f 1092 1173 1174 1093
f 1093 1174 1175 1094
f 1094 1175 1176 1095
f 1095 1176 1177 1096
f 1096 1177 1178 1097
f 1097 1178 1179 1098
f 1098 1179 1180 1099
f 1099 1180 1181 1100
usemtl terrain_grass
f 1100 1181 1182 1101
f 1101 1182 1183 1102
f 1102 1183 1184 1103
f 1103 1184 1185 1104
f 1104 1185 1186 1105
usemtl terrain_seabed
f 1105 1186 1187 1106
f 1106 1187 1188 1107
f 1107 1188 1189 1108
f 1108 1189 1190 1109
f 1109 1190 1191 1110
f 1110 1191 1192 1111
f 1111 1192 1193 1112
f 1112 1193 1194 1113
f 1113 1194 1195 1114
f 1114 1195 1196 1115
f 1115 1196 1197 1116
f 1116 1197 1198 1117
f 1117 1198 1199 1118
f 1118 1199 1200 1119
f 1119 1200 1201 1120
f 1120 1201 1202 1121
f 1121 1202 1203 1122
f 1122 1203 1204 1123
f 1123 1204 1205 1124
f 1124 1205 1206 1125
f 1125 1206 1207 1126
f 1126 1207 1208 1127
f 1127 1208 1209 1128
f 1128 1209 1210 1129
f 1129 1210 1211 1130
f 1130 1211 1212 1131
f 1131 1212 1213 1132
f 1132 1213 1214 1133
f 1133 1214 1215 1134
f 1135 1216 1217 1136
f 1136 1217 1218 1137
f 1137 1218 1219 1138
f 1138 1219 1220 1139
f 1139 1220 1221 1140
f 1140 1221 1222 1141
f 1141 1222 1223 1142
f 1142 1223 1224 1143
f 1143 1224 1225 1144
f 1144 1225 1226 1145
f 1145 1226 1227 1146
f 1146 1227 1228 1147
f 1147 1228 1229 1148
f 1148 1229 1230 1149
f 1149 1230 1231 1150
f 1150 1231 1232 1151
f 1151 1232 1233 1152
f 1152 1233 1234 1153
f 1153 1234 1235 1154
f 1154 1235 1236 1155
f 1155 1236 1237 1156
f 1156 1237 1238 1157
f 1157 1238 1239 1158
f 1158 1239 1240 1159
f 1159 1240 1241 1160
f 1160 1241 1242 1161
f 1161 1242 1243 1162
f 1162 1243 1244 1163
f 1163 1244 1245 1164
f 1164 1245 1246 1165
f 1165 1246 1247 1166
f 1166 1247 1248 1167
f 1167 1248 1249 1168
f 1168 1249 1250 1169
f 1169 1250 1251 1170
f 1170 1251 1252 1171
f 1171 1252 1253 1172
f 1172 1253 1254 1173
f 1173 1254 1255 1174
f 1174 1255 1256 1175
f 1175 1256 1257 1176
f 1176 1257 1258 1177
f 1177 1258 1259 1178
f 1178 1259 1260 1179
usemtl terrain_grass
f 1179 1260 1261 1180
f 1180 1261 1262 1181
f 1181 1262 1263 1182
f 1182 1263 1264 1183
f 1183 1264 1265 1184
f 1184 1265 1266 1185
f 1185 1266 1267 1186
f 1186 1267 1268 1187
f 1187 1268 1269 1188
usemtl terrain_seabed
f 1188 1269 1270 1189
f 1189 1270 1271 1190
f 1190 1271 1272 1191
f 1191 1272 1273 1192
f 1192 1273 1274 1193
f 1193 1274 1275 1194
f 1194 1275 1276 1195
f 1195 1276 1277 1196
f 1196 1277 1278 1197
f 1197 1278 1279 1198
f 1198 1279 1280 1199
f 1199 1280 1281 1200
f 1200 1281 1282 1201
f 1201 1282 1283 1202
f 1202 1283 1284 1203
f 1203 1284 1285 1204
f 1204 1285 1286 1205
f 1205 1286 1287 1206
f 1206 1287 1288 1207
f 1207 1288 1289 1208
f 1208 1289 1290 1209
f 1209 1290 1291 1210
f 1210 1291 1292 1211
f 1211 1292 1293 1212
f 1212 1293 1294 1213
f 1213 1294 1295 1214
f 1214 1295 1296 1215
f 1216 1297 1298 1217
f 1217 1298 1299 1218
f 1218 1299 1300 1219
f 1219 1300 1301 1220
f 1220 1301 1302 1221
f 1221 1302 1303 1222
f 1222 1303 1304 1223
f 1223 1304 1305 1224
f 1224 1305 1306 1225
f 1225 1306 1307 1226
f 1226 1307 1308 1227
f 1227 1308 1309 1228
f 1228 1309 1310 1229
f 1229 1310 1311 1230
f 1230 1311 1312 1231
f 1231 1312 1313 1232
f 1232 1313 1314 1233
f 1233 1314 1315 1234
f 1234 1315 1316 1235
f 1235 1316 1317 1236
f 1236 1317 1318 1237
f 1237 1318 1319 1238
f 1238 1319 1320 1239
f 1239 1320 1321 1240
f 1240 1321 1322 1241
f 1241 1322 1323 1242
f 1242 1323 1324 1243
f 1243 1324 1325 1244
f 1244 1325 1326 1245
f 1245 1326 1327 1246
f 1246 1327 1328 1247
f 1247 1328 1329 1248
f 1248 1329 1330 1249
f 1249 1330 1331 1250
f 1250 1331 1332 1251
f 1251 1332 1333 1252
f 1252 1333 1334 1253
f 1253 1334 1335 1254
f 1254 1335 1336 1255
f 1255 1336 1337 1256
f 1256 1337 1338 1257
f 1257 1338 1339 1258
f 1258 1339 1340 1259
usemtl terrain_grass
f 1259 1340 1341 1260
f 1260 1341 1342 1261
f 1261 1342 1343 1262
f 1262 1343 1344 1263
f 1263 1344 1345 1264
f 1264 1345 1346 1265
f 1265 1346 1347 1266
f 1266 1347 1348 1267
f 1267 1348 1349 1268
f 1268 1349 1350 1269
f 1269 1350 1351 1270
usemtl terrain_seabed
f 1270 1351 1352 1271
f 1271 1352 1353 1272
f 1272 1353 1354 1273
f 1273 1354 1355 1274
f 1274 1355 1356 1275
f 1275 1356 1357 1276
f 1276 1357 1358 1277
f 1277 1358 1359 1278
f 1278 1359 1360 1279
f 1279 1360 1361 1280
f 1280 1361 1362 1281
f 1281 1362 1363 1282
f 1282 1363 1364 1283
f 1283 1364 1365 1284
f 1284 1365 1366 1285
f 1285 1366 1367 1286
f 1286 1367 1368 1287
f 1287 1368 1369 1288
f 1288 1369 1370 1289
f 1289 1370 1371 1290
f 1290 1371 1372 1291
f 1291 1372 1373 1292
f 1292 1373 1374 1293
f 1293 1374 1375 1294
f 1294 1375 1376 1295
f 1295 1376 1377 1296
f 1297 1378 1379 1298
f 1298 1379 1380 1299
f 1299 1380 1381 1300
f 1300 1381 1382 1301
f 1301 1382 1383 1302
f 1302 1383 1384 1303
f 1303 1384 1385 1304
f 1304 1385 1386 1305
f 1305 1386 1387 1306
f 1306 1387 1388 1307
f 1307 1388 1389 1308
f 1308 1389 1390 1309
f 1309 1390 1391 1310
f 1310 1391 1392 1311
f 1311 1392 1393 1312
f 1312 1393 1394 1313
f 1313 1394 1395 1314
f 1314 1395 1396 1315
f 1315 1396 1397 1316
f 1316 1397 1398 1317
f 1317 1398 1399 1318
f 1318 1399 1400 1319
f 1319 1400 1401 1320
f 1320 1401 1402 1321
f 1321 1402 1403 1322
f 1322 1403 1404 1323
f 1323 1404 1405 1324
f 1324 1405 1406 1325
f 1325 1406 1407 1326
f 1326 1407 1408 1327
f 1327 1408 1409 1328
f 1328 1409 1410 1329
f 1329 1410 1411 1330
f 1330 1411 1412 1331
f 1331 1412 1413 1332
f 1332 1413 1414 1333
f 1333 1414 1415 1334
f 1334 1415 1416 1335
f 1335 1416 1417 1336
f 1336 1417 1418 1337
f 1337 1418 1419 1338
f 1338 1419 1420 1339
usemtl terrain_grass
f 1339 1420 1421 1340
f 1340 1421 1422 1341
f 1341 1422 1423 1342
f 1342 1423 1424 1343
f 1343 1424 1425 1344
f 1344 1425 1426 1345
f 1345 1426 1427 1346
f 1346 1427 1428 1347
f 1347 1428 1429 1348
f 1348 1429 1430 1349
f 1349 1430 1431 1350
f 1350 1431 1432 1351
f 1351 1432 1433 1352
f 1352 1433 1434 1353
usemtl terrain_seabed
f 1353 1434 1435 1354
f 1354 1435 1436 1355
f 1355 1436 1437 1356
f 1356 1437 1438 1357
f 1357 1438 1439 1358
f 1358 1439 1440 1359
f 1359 1440 1441 1360
f 1360 1441 1442 1361
f 1361 1442 1443 1362
f 1362 1443 1444 1363
f 1363 1444 1445 1364
f 1364 1445 1446 1365
f 1365 1446 1447 1366
f 1366 1447 1448 1367
f 1367 1448 1449 1368
f 1368 1449 1450 1369
f 1369 1450 1451 1370
f 1370 1451 1452 1371
f 1371 1452 1453 1372
f 1372 1453 1454 1373
f 1373 1454 1455 1374
f 1374 1455 1456 1375
f 1375 1456 1457 1376
f 1376 1457 1458 1377
f 1378 1459 1460 1379
f 1379 1460 1461 1380
f 1380 1461 1462 1381
f 1381 1462 1463 1382
f 1382 1463 1464 1383
f 1383 1464 1465 1384
f 1384 1465 1466 1385
f 1385 1466 1467 1386
f 1386 1467 1468 1387
f 1387 1468 1469 1388
f 1388 1469 1470 1389
f 1389 1470 1471 1390
f 1390 1471 1472 1391
f 1391 1472 1473 1392
f 1392 1473 1474 1393
f 1393 1474 1475 1394
f 1394 1475 1476 1395
f 1395 1476 1477 1396
f 1396 1477 1478 1397
f 1397 1478 1479 1398
f 1398 1479 1480 1399
f 1399 1480 1481 1400
f 1400 1481 1482 1401
f 1401 1482 1483 1402
f 1402 1483 1484 1403
f 1403 1484 1485 1404
f 1404 1485 1486 1405
f 1405 1486 1487 1406
f 1406 1487 1488 1407
f 1407 1488 1489 1408
f 1408 1489 1490 1409
f 1409 1490 1491 1410
f 1410 1491 1492 1411
f 1411 1492 1493 1412
f 1412 1493 1494 1413
f 1413 1494 1495 1414
f 1414 1495 1496 1415
f 1415 1496 1497 1416
f 1416 1497 1498 1417
f 1417 1498 1499 1418
f 1418 1499 1500 1419
f 1419 1500 1501 1420
usemtl terrain_grass
f 1420 1501 1502 1421
f 1421 1502 1503 1422
f 1422 1503 1504 1423
f 1423 1504 1505 1424
f 1424 1505 1506 1425
f 1425 1506 1507 1426
f 1426 1507 1508 1427
f 1427 1508 1509 1428
f 1428 1509 1510 1429
f 1429 1510 1511 1430
f 1430 1511 1512 1431
f 1431 1512 1513 1432
f 1432 1513 1514 1433
f 1433 1514 1515 1434
f 1434 1515 1516 1435
usemtl terrain_seabed
f 1435 1516 1517 1436
f 1436 1517 1518 1437
f 1437 1518 1519 1438
f 1438 1519 1520 1439
f 1439 1520 1521 1440
f 1440 1521 1522 1441
f 1441 1522 1523 1442
f 1442 1523 1524 1443
f 1443 1524 1525 1444
f 1444 1525 1526 1445
f 1445 1526 1527 1446
f 1446 1527 1528 1447
f 1447 1528 1529 1448
f 1448 1529 1530 1449
f 1449 1530 1531 1450
f 1450 1531 1532 1451
f 1451 1532 1533 1452
f 1452 1533 1534 1453
f 1453 1534 1535 1454
f 1454 1535 1536 1455
f 1455 1536 1537 1456
f 1456 1537 1538 1457
f 1457 1538 1539 1458
f 1459 1540 1541 1460
f 1460 1541 1542 1461
f 1461 1542 1543 1462
f 1462 1543 1544 1463
f 1463 1544 1545 1464
f 1464 1545 1546 1465
f 1465 1546 1547 1466
f 1466 1547 1548 1467
f 1467 1548 1549 1468
f 1468 1549 1550 1469
f 1469 1550 1551 1470
f 1470 1551 1552 1471
f 1471 1552 1553 1472
f 1472 1553 1554 1473
f 1473 1554 1555 1474
f 1474 1555 1556 1475
f 1475 1556 1557 1476
f 1476 1557 1558 1477
f 1477 1558 1559 1478
f 1478 1559 1560 1479
f 1479 1560 1561 1480
f 1480 1561 1562 1481
f 1481 1562 1563 1482
usemtl terrain_grass
f 1482 1563 1564 1483
f 1483 1564 1565 1484
usemtl terrain_seabed
f 1484 1565 1566 1485
f 1485 1566 1567 1486
f 1486 1567 1568 1487
f 1487 1568 1569 1488
f 1488 1569 1570 1489
f 1489 1570 1571 1490
f 1490 1571 1572 1491
f 1491 1572 1573 1492
f 1492 1573 1574 1493
f 1493 1574 1575 1494
f 1494 1575 1576 1495
f 1495 1576 1577 1496
f 1496 1577 1578 1497
f 1497 1578 1579 1498
f 1498 1579 1580 1499
f 1499 1580 1581 1500
usemtl terrain_grass
f 1500 1581 1582 1501
f 1501 1582 1583 1502
f 1502 1583 1584 1503
f 1503 1584 1585 1504
f 1504 1585 1586 1505
f 1505 1586 1587 1506
f 1506 1587 1588 1507
f 1507 1588 1589 1508
f 1508 1589 1590 1509
f 1509 1590 1591 1510
f 1510 1591 1592 1511
f 1511 1592 1593 1512
f 1512 1593 1594 1513
f 1513 1594 1595 1514
f 1514 1595 1596 1515
f 1515 1596 1597 1516
f 1516 1597 1598 1517
f 1517 1598 1599 1518
usemtl terrain_seabed
f 1518 1599 1600 1519
f 1519 1600 1601 1520
f 1520 1601 1602 1521
f 1521 1602 1603 1522
f 1522 1603 1604 1523
f 1523 1604 1605 1524
f 1524 1605 1606 1525
f 1525 1606 1607 1526
f 1526 1607 1608 1527
f 1527 1608 1609 1528
f 1528 1609 1610 1529
f 1529 1610 1611 1530
f 1530 1611 1612 1531
f 1531 1612 1613 1532
f 1532 1613 1614 1533
f 1533 1614 1615 1534
f 1534 1615 1616 1535
f 1535 1616 1617 1536
f 1536 1617 1618 1537
f 1537 1618 1619 1538
f 1538 1619 1620 1539
f 1540 1621 1622 1541
f 1541 1622 1623 1542
f 1542 1623 1624 1543
f 1543 1624 1625 1544
f 1544 1625 1626 1545
f 1545 1626 1627 1546
f 1546 1627 1628 1547
f 1547 1628 1629 1548
f 1548 1629 1630 1549
f 1549 1630 1631 1550
f 1550 1631 1632 1551
f 1551 1632 1633 1552
f 1552 1633 1634 1553
f 1553 1634 1635 1554
f 1554 1635 1636 1555
f 1555 1636 1637 1556
f 1556 1637 1638 1557
f 1557 1638 1639 1558
f 1558 1639 1640 1559
f 1559 1640 1641 1560
f 1560 1641 1642 1561
usemtl terrain_grass
f 1561 1642 1643 1562
f 1562 1643 1644 1563
f 1563 1644 1645 1564
f 1564 1645 1646 1565
f 1565 1646 1647 1566
f 1566 1647 1648 1567
f 1567 1648 1649 1568
usemtl terrain_seabed
f 1568 1649 1650 1569
f 1569 1650 1651 1570
f 1570 1651 1652 1571
f 1571 1652 1653 1572
f 1572 1653 1654 1573
f 1573 1654 1655 1574
f 1574 1655 1656 1575
f 1575 1656 1657 1576
f 1576 1657 1658 1577
f 1577 1658 1659 1578
f 1578 1659 1660 1579
f 1579 1660 1661 1580
usemtl terrain_grass
f 1580 1661 1662 1581
f 1581 1662 1663 1582
f 1582 1663 1664 1583
f 1583 1664 1665 1584
f 1584 1665 1666 1585
f 1585 1666 1667 1586
f 1586 1667 1668 1587
f 1587 1668 1669 1588
f 1588 1669 1670 1589
f 1589 1670 1671 1590
f 1590 1671 1672 1591
f 1591 1672 1673 1592
f 1592 1673 1674 1593
f 1593 1674 1675 1594
f 1594 1675 1676 1595
f 1595 1676 1677 1596
f 1596 1677 1678 1597
f 1597 1678 1679 1598
f 1598 1679 1680 1599
f 1599 1680 1681 1600
f 1600 1681 1682 1601
usemtl terrain_seabed
f 1601 1682 1683 1602
f 1602 1683 1684 1603
f 1603 1684 1685 1604
f 1604 1685 1686 1605
f 1605 1686 1687 1606
f 1606 1687 1688 1607
f 1607 1688 1689 1608
f 1608 1689 1690 1609
f 1609 1690 1691 1610
f 1610 1691 1692 1611
f 1611 1692 1693 1612
f 1612 1693 1694 1613
f 1613 1694 1695 1614
f 1614 1695 1696 1615
f 1615 1696 1697 1616
f 1616 1697 1698 1617
f 1617 1698 1699 1618
f 1618 1699 1700 1619
f 1619 1700 1701 1620
f 1621 1702 1703 1622
f 1622 1703 1704 1623
f 1623 1704 1705 1624
f 1624 1705 1706 1625
f 1625 1706 1707 1626
f 1626 1707 1708 1627
f 1627 1708 1709 1628
f 1628 1709 1710 1629
f 1629 1710 1711 1630
f 1630 1711 1712 1631
f 1631 1712 1713 1632
f 1632 1713 1714 1633
f 1633 1714 1715 1634
f 1634 1715 1716 1635
f 1635 1716 1717 1636
f 1636 1717 1718 1637
f 1637 1718 1719 1638
f 1638 1719 1720 1639
f 1639 1720 1721 1640
f 1640 1721 1722 1641
usemtl terrain_grass
f 1641 1722 1723 1642
f 1642 1723 1724 1643
f 1643 1724 1725 1644
f 1644 1725 1726 1645
f 1645 1726 1727 1646
f 1646 1727 1728 1647
f 1647 1728 1729 1648
f 1648 1729 1730 1649
f 1649 1730 1731 1650
f 1650 1731 1732 1651
usemtl terrain_seabed
f 1651 1732 1733 1652
f 1652 1733 1734 1653
f 1653 1734 1735 1654
f 1654 1735 1736 1655
f 1655 1736 1737 1656
f 1656 1737 1738 1657
f 1657 1738 1739 1658
f 1658 1739 1740 1659
f 1659 1740 1741 1660
f 1660 1741 1742 1661
usemtl terrain_grass
f 1661 1742 1743 1662
f 1662 1743 1744 1663
f 1663 1744 1745 1664
f 1664 1745 1746 1665
f 1665 1746 1747 1666
f 1666 1747 1748 1667
f 1667 1748 1749 1668
f 1668 1749 1750 1669
f 1669 1750 1751 1670
f 1670 1751 1752 1671
f 1671 1752 1753 1672
f 1672 1753 1754 1673
f 1673 1754 1755 1674
f 1674 1755 1756 1675
f 1675 1756 1757 1676
f 1676 1757 1758 1677
f 1677 1758 1759 1678
f 1678 1759 1760 1679
f 1679 1760 1761 1680
f 1680 1761 1762 1681
f 1681 1762 1763 1682
f 1682 1763 1764 1683
f 1683 1764 1765 1684
usemtl terrain_seabed
f 1684 1765 1766 1685
f 1685 1766 1767 1686
f 1686 1767 1768 1687
f 1687 1768 1769 1688
f 1688 1769 1770 1689
f 1689 1770 1771 1690
f 1690 1771 1772 1691
f 1691 1772 1773 1692
f 1692 1773 1774 1693
f 1693 1774 1775 1694
f 1694 1775 1776 1695
f 1695 1776 1777 1696
f 1696 1777 1778 1697
f 1697 1778 1779 1698
f 1698 1779 1780 1699
f 1699 1780 1781 1700
f 1700 1781 1782 1701
f 1702 1783 1784 1703
f 1703 1784 1785 1704
f 1704 1785 1786 1705
f 1705 1786 1787 1706
f 1706 1787 1788 1707
f 1707 1788 1789 1708
f 1708 1789 1790 1709
f 1709 1790 1791 1710
f 1710 1791 1792 1711
f 1711 1792 1793 1712
f 1712 1793 1794 1713
f 1713 1794 1795 1714
f 1714 1795 1796 1715
f 1715 1796 1797 1716
f 1716 1797 1798 1717
f 1717 1798 1799 1718
f 1718 1799 1800 1719
f 1719 1800 1801 1720
f 1720 1801 1802 1721
f 1721 1802 1803 1722
usemtl terrain_grass
f 1722 1803 1804 1723
f 1723 1804 1805 1724
f 1724 1805 1806 1725
f 1725 1806 1807 1726
f 1726 1807 1808 1727
f 1727 1808 1809 1728
f 1728 1809 1810 1729
f 1729 1810 1811 1730
f 1730 1811 1812 1731
f 1731 1812 1813 1732
f 1732 1813 1814 1733
usemtl terrain_seabed
f 1733 1814 1815 1734
f 1734 1815 1816 1735
f 1735 1816 1817 1736
f 1736 1817 1818 1737
f 1737 1818 1819 1738
f 1738 1819 1820 1739
f 1739 1820 1821 1740
f 1740 1821 1822 1741
usemtl terrain_grass
f 1741 1822 1823 1742
f 1742 1823 1824 1743
f 1743 1824 1825 1744
f 1744 1825 1826 1745
f 1745 1826 1827 1746
f 1746 1827 1828 1747
f 1747 1828 1829 1748
f 1748 1829 1830 1749
f 1749 1830 1831 1750
f 1750 1831 1832 1751
f 1751 1832 1833 1752
f 1752 1833 1834 1753
f 1753 1834 1835 1754
f 1754 1835 1836 1755
f 1755 1836 1837 1756
f 1756 1837 1838 1757
f 1757 1838 1839 1758
f 1758 1839 1840 1759
f 1759 1840 1841 1760
f 1760 1841 1842 1761
f 1761 1842 1843 1762
f 1762 1843 1844 1763
f 1763 1844 1845 1764
f 1764 1845 1846 1765
f 1765 1846 1847 1766
usemtl terrain_seabed
f 1766 1847 1848 1767
f 1767 1848 1849 1768
f 1768 1849 1850 1769
f 1769 1850 1851 1770
f 1770 1851 1852 1771
f 1771 1852 1853 1772
f 1772 1853 1854 1773
f 1773 1854 1855 1774
f 1774 1855 1856 1775
f 1775 1856 1857 1776
f 1776 1857 1858 1777
f 1777 1858 1859 1778
f 1778 1859 1860 1779
f 1779 1860 1861 1780
f 1780 1861 1862 1781
f 1781 1862 1863 1782
f 1783 1864 1865 1784
f 1784 1865 1866 1785
f 1785 1866 1867 1786
f 1786 1867 1868 1787
f 1787 1868 1869 1788
f 1788 1869 1870 1789
f 1789 1870 1871 1790
f 1790 1871 1872 1791
f 1791 1872 1873 1792
f 1792 1873 1874 1793
f 1793 1874 1875 1794
f 1794 1875 1876 1795
f 1795 1876 1877 1796
f 1796 1877 1878 1797
f 1797 1878 1879 1798
f 1798 1879 1880 1799
f 1799 1880 1881 1800
f 1800 1881 1882 1801
f 1801 1882 1883 1802
usemtl terrain_grass
f 1802 1883 1884 1803
f 1803 1884 1885 1804
f 1804 1885 1886 1805
f 1805 1886 1887 1806
f 1806 1887 1888 1807
f 1807 1888 1889 1808
f 1808 1889 1890 1809
f 1809 1890 1891 1810
f 1810 1891 1892 1811
f 1811 1892 1893 1812
f 1812 1893 1894 1813
f 1813 1894 1895 1814
f 1814 1895 1896 1815
usemtl terrain_seabed
f 1815 1896 1897 1816
f 1816 1897 1898 1817
f 1817 1898 1899 1818
f 1818 1899 1900 1819
f 1819 1900 1901 1820
f 1820 1901 1902 1821
f 1821 1902 1903 1822
usemtl terrain_grass
f 1822 1903 1904 1823
f 1823 1904 1905 1824
f 1824 1905 1906 1825
f 1825 1906 1907 1826
f 1826 1907 1908 1827
f 1827 1908 1909 1828
f 1828 1909 1910 1829
f 1829 1910 1911 1830
f 1830 1911 1912 1831
f 1831 1912 1913 1832
f 1832 1913 1914 1833
f 1833 1914 1915 1834
f 1834 1915 1916 1835
f 1835 1916 1917 1836
f 1836 1917 1918 1837
f 1837 1918 1919 1838
f 1838 1919 1920 1839
f 1839 1920 1921 1840
f 1840 1921 1922 1841
f 1841 1922 1923 1842
f 1842 1923 1924 1843
f 1843 1924 1925 1844
f 1844 1925 1926 1845
f 1845 1926 1927 1846
f 1846 1927 1928 1847
usemtl terrain_seabed
f 1847 1928 1929 1848
f 1848 1929 1930 1849
f 1849 1930 1931 1850
f 1850 1931 1932 1851
f 1851 1932 1933 1852
f 1852 1933 1934 1853
f 1853 1934 1935 1854
f 1854 1935 1936 1855
f 1855 1936 1937 1856
f 1856 1937 1938 1857
f 1857 1938 1939 1858
f 1858 1939 1940 1859
f 1859 1940 1941 1860
f 1860 1941 1942 1861
f 1861 1942 1943 1862
f 1862 1943 1944 1863
f 1864 1945 1946 1865
f 1865 1946 1947 1866
f 1866 1947 1948 1867
f 1867 1948 1949 1868
f 1868 1949 1950 1869
f 1869 1950 1951 1870
f 1870 1951 1952 1871
f 1871 1952 1953 1872
f 1872 1953 1954 1873
f 1873 1954 1955 1874
f 1874 1955 1956 1875
f 1875 1956 1957 1876
f 1876 1957 1958 1877
f 1877 1958 1959 1878
f 1878 1959 1960 1879
f 1879 1960 1961 1880
f 1880 1961 1962 1881
f 1881 1962 1963 1882
f 1882 1963 1964 1883
usemtl terrain_grass
f 1883 1964 1965 1884
f 1884 1965 1966 1885
f 1885 1966 1967 1886
f 1886 1967 1968 1887
f 1887 1968 1969 1888
f 1888 1969 1970 1889
f 1889 1970 1971 1890
f 1890 1971 1972 1891
f 1891 1972 1973 1892
f 1892 1973 1974 1893
f 1893 1974 1975 1894
f 1894 1975 1976 1895
f 1895 1976 1977 1896
f 1896 1977 1978 1897
usemtl terrain_seabed
f 1897 1978 1979 1898
f 1898 1979 1980 1899
f 1899 1980 1981 1900
f 1900 1981 1982 1901
f 1901 1982 1983 1902
usemtl terrain_grass
f 1902 1983 1984 1903
f 1903 1984 1985 1904
f 1904 1985 1986 1905
f 1905 1986 1987 1906
f 1906 1987 1988 1907
f 1907 1988 1989 1908
f 1908 1989 1990 1909
f 1909 1990 1991 1910
f 1910 1991 1992 1911
f 1911 1992 1993 1912
f 1912 1993 1994 1913
f 1913 1994 1995 1914
f 1914 1995 1996 1915
f 1915 1996 1997 1916
f 1916 1997 1998 1917
f 1917 1998 1999 1918
f 1918 1999 2000 1919
f 1919 2000 2001 1920
f 1920 2001 2002 1921
f 1921 2002 2003 1922
f 1922 2003 2004 1923
f 1923 2004 2005 1924
f 1924 2005 2006 1925
f 1925 2006 2007 1926
f 1926 2007 2008 1927
f 1927 2008 2009 1928
f 1928 2009 2010 1929
usemtl terrain_seabed
f 1929 2010 2011 1930
f 1930 2011 2012 1931
f 1931 2012 2013 1932
f 1932 2013 2014 1933
f 1933 2014 2015 1934
f 1934 2015 2016 1935
f 1935 2016 2017 1936
f 1936 2017 2018 1937
f 1937 2018 2019 1938
f 1938 2019 2020 1939
f 1939 2020 2021 1940
f 1940 2021 2022 1941
f 1941 2022 2023 1942
f 1942 2023 2024 1943
f 1943 2024 2025 1944
f 1945 2026 2027 1946
f 1946 2027 2028 1947
f 1947 2028 2029 1948
f 1948 2029 2030 1949
f 1949 2030 2031 1950
f 1950 2031 2032 1951
f 1951 2032 2033 1952
f 1952 2033 2034 1953
f 1953 2034 2035 1954
f 1954 2035 2036 1955
f 1955 2036 2037 1956
f 1956 2037 2038 1957
f 1957 2038 2039 1958
f 1958 2039 2040 1959
f 1959 2040 2041 1960
f 1960 2041 2042 1961
f 1961 2042 2043 1962
f 1962 2043 2044 1963
usemtl terrain_grass
f 1963 2044 2045 1964
f 1964 2045 2046 1965
f 1965 2046 2047 1966
f 1966 2047 2048 1967
f 1967 2048 2049 1968
f 1968 2049 2050 1969
f 1969 2050 2051 1970
f 1970 2051 2052 1971
f 1971 2052 2053 1972
f 1972 2053 2054 1973
f 1973 2054 2055 1974
f 1974 2055 2056 1975
f 1975 2056 2057 1976
f 1976 2057 2058 1977
f 1977 2058 2059 1978
f 1978 2059 2060 1979
usemtl terrain_seabed
f 1979 2060 2061 1980
f 1980 2061 2062 1981
f 1981 2062 2063 1982
f 1982 2063 2064 1983
usemtl terrain_grass
f 1983 2064 2065 1984
f 1984 2065 2066 1985
f 1985 2066 2067 1986
f 1986 2067 2068 1987
f 1987 2068 2069 1988
f 1988 2069 2070 1989
f 1989 2070 2071 1990
f 1990 2071 2072 1991
f 1991 2072 2073 1992
f 1992 2073 2074 1993
f 1993 2074 2075 1994
f 1994 2075 2076 1995
f 1995 2076 2077 1996
f 1996 2077 2078 1997
f 1997 2078 2079 1998
f 1998 2079 2080 1999
f 1999 2080 2081 2000
f 2000 2081 2082 2001
f 2001 2082 2083 2002
f 2002 2083 2084 2003
f 2003 2084 2085 2004
f 2004 2085 2086 2005
f 2005 2086 2087 2006
f 2006 2087 2088 2007
f 2007 2088 2089 2008
f 2008 2089 2090 2009
f 2009 2090 2091 2010
usemtl terrain_seabed
f 2010 2091 2092 2011
f 2011 2092 2093 2012
f 2012 2093 2094 2013
f 2013 2094 2095 2014
f 2014 2095 2096 2015
f 2015 2096 2097 2016
f 2016 2097 2098 2017
f 2017 2098 2099 2018
f 2018 2099 2100 2019
f 2019 2100 2101 2020
f 2020 2101 2102 2021
f 2021 2102 2103 2022
f 2022 2103 2104 2023
f 2023 2104 2105 2024
f 2024 2105 2106 2025
f 2026 2107 2108 2027
f 2027 2108 2109 2028
f 2028 2109 2110 2029
f 2029 2110 2111 2030
f 2030 2111 2112 2031
f 2031 2112 2113 2032
f 2032 2113 2114 2033
f 2033 2114 2115 2034
f 2034 2115 2116 2035
f 2035 2116 2117 2036
f 2036 2117 2118 2037
f 2037 2118 2119 2038
f 2038 2119 2120 2039
f 2039 2120 2121 2040
f 2040 2121 2122 2041
f 2041 2122 2123 2042
f 2042 2123 2124 2043
f 2043 2124 2125 2044
usemtl terrain_grass
f 2044 2125 2126 2045
f 2045 2126 2127 2046
f 2046 2127 2128 2047
f 2047 2128 2129 2048
f 2048 2129 2130 2049
f 2049 2130 2131 2050
f 2050 2131 2132 2051
f 2051 2132 2133 2052
f 2052 2133 2134 2053
f 2053 2134 2135 2054
f 2054 2135 2136 2055
f 2055 2136 2137 2056
f 2056 2137 2138 2057
f 2057 2138 2139 2058
f 2058 2139 2140 2059
f 2059 2140 2141 2060
f 2060 2141 2142 2061
usemtl terrain_seabed
f 2061 2142 2143 2062
f 2062 2143 2144 2063
usemtl terrain_grass
f 2063 2144 2145 2064
f 2064 2145 2146 2065
f 2065 2146 2147 2066
f 2066 2147 2148 2067
f 2067 2148 2149 2068
f 2068 2149 2150 2069
usemtl terrain_rock_face
f 2069 2150 2151 2070
f 2070 2151 2152 2071
f 2071 2152 2153 2072
f 2072 2153 2154 2073
f 2073 2154 2155 2074
f 2074 2155 2156 2075
usemtl terrain_grass
f 2075 2156 2157 2076
f 2076 2157 2158 2077
f 2077 2158 2159 2078
f 2078 2159 2160 2079
f 2079 2160 2161 2080
f 2080 2161 2162 2081
f 2081 2162 2163 2082
f 2082 2163 2164 2083
f 2083 2164 2165 2084
f 2084 2165 2166 2085
f 2085 2166 2167 2086
f 2086 2167 2168 2087
f 2087 2168 2169 2088
f 2088 2169 2170 2089
f 2089 2170 2171 2090
f 2090 2171 2172 2091
usemtl terrain_seabed
f 2091 2172 2173 2092
f 2092 2173 2174 2093
f 2093 2174 2175 2094
f 2094 2175 2176 2095
f 2095 2176 2177 2096
f 2096 2177 2178 2097
f 2097 2178 2179 2098
f 2098 2179 2180 2099
f 2099 2180 2181 2100
f 2100 2181 2182 2101
f 2101 2182 2183 2102
f 2102 2183 2184 2103
f 2103 2184 2185 2104
f 2104 2185 2186 2105
f 2105 2186 2187 2106
f 2107 2188 2189 2108
f 2108 2189 2190 2109
f 2109 2190 2191 2110
f 2110 2191 2192 2111
f 2111 2192 2193 2112
f 2112 2193 2194 2113
f 2113 2194 2195 2114
f 2114 2195 2196 2115
f 2115 2196 2197 2116
f 2116 2197 2198 2117
f 2117 2198 2199 2118
f 2118 2199 2200 2119
f 2119 2200 2201 2120
f 2120 2201 2202 2121
f 2121 2202 2203 2122
f 2122 2203 2204 2123
f 2123 2204 2205 2124
f 2124 2205 2206 2125
usemtl terrain_grass
f 2125 2206 2207 2126
f 2126 2207 2208 2127
f 2127 2208 2209 2128
f 2128 2209 2210 2129
f 2129 2210 2211 2130
f 2130 2211 2212 2131
f 2131 2212 2213 2132
f 2132 2213 2214 2133
f 2133 2214 2215 2134
f 2134 2215 2216 2135
f 2135 2216 2217 2136
f 2136 2217 2218 2137
f 2137 2218 2219 2138
f 2138 2219 2220 2139
f 2139 2220 2221 2140
f 2140 2221 2222 2141
f 2141 2222 2223 2142
f 2142 2223 2224 2143
f 2143 2224 2225 2144
f 2144 2225 2226 2145
f 2145 2226 2227 2146
f 2146 2227 2228 2147
f 2147 2228 2229 2148
f 2148 2229 2230 2149
usemtl terrain_rock_face
f 2149 2230 2231 2150
f 2150 2231 2232 2151
f 2151 2232 2233 2152
f 2152 2233 2234 2153
f 2153 2234 2235 2154
f 2154 2235 2236 2155
f 2155 2236 2237 2156
f 2156 2237 2238 2157
usemtl terrain_grass
f 2157 2238 2239 2158
f 2158 2239 2240 2159
f 2159 2240 2241 2160
f 2160 2241 2242 2161
f 2161 2242 2243 2162
f 2162 2243 2244 2163
f 2163 2244 2245 2164
f 2164 2245 2246 2165
f 2165 2246 2247 2166
f 2166 2247 2248 2167
f 2167 2248 2249 2168
f 2168 2249 2250 2169
f 2169 2250 2251 2170
f 2170 2251 2252 2171
f 2171 2252 2253 2172
usemtl terrain_seabed
f 2172 2253 2254 2173
f 2173 2254 2255 2174
f 2174 2255 2256 2175
f 2175 2256 2257 2176
f 2176 2257 2258 2177
f 2177 2258 2259 2178
f 2178 2259 2260 2179
f 2179 2260 2261 2180
f 2180 2261 2262 2181
f 2181 2262 2263 2182
f 2182 2263 2264 2183
f 2183 2264 2265 2184
f 2184 2265 2266 2185
f 2185 2266 2267 2186
f 2186 2267 2268 2187
f 2188 2269 2270 2189
f 2189 2270 2271 2190
f 2190 2271 2272 2191
f 2191 2272 2273 2192
f 2192 2273 2274 2193
f 2193 2274 2275 2194
f 2194 2275 2276 2195
f 2195 2276 2277 2196
f 2196 2277 2278 2197
f 2197 2278 2279 2198
f 2198 2279 2280 2199
f 2199 2280 2281 2200
f 2200 2281 2282 2201
f 2201 2282 2283 2202
f 2202 2283 2284 2203
f 2203 2284 2285 2204
f 2204 2285 2286 2205
usemtl terrain_grass
f 2205 2286 2287 2206
f 2206 2287 2288 2207
f 2207 2288 2289 2208
f 2208 2289 2290 2209
f 2209 2290 2291 2210
f 2210 2291 2292 2211
f 2211 2292 2293 2212
f 2212 2293 2294 2213
f 2213 2294 2295 2214
f 2214 2295 2296 2215
f 2215 2296 2297 2216
f 2216 2297 2298 2217
f 2217 2298 2299 2218
f 2218 2299 2300 2219
f 2219 2300 2301 2220
f 2220 2301 2302 2221
f 2221 2302 2303 2222
f 2222 2303 2304 2223
f 2223 2304 2305 2224
f 2224 2305 2306 2225
f 2225 2306 2307 2226
f 2226 2307 2308 2227
f 2227 2308 2309 2228
f 2228 2309 2310 2229
usemtl terrain_rock_face
f 2229 2310 2311 2230
f 2230 2311 2312 2231
f 2231 2312 2313 2232
f 2232 2313 2314 2233
f 2233 2314 2315 2234
f 2234 2315 2316 2235
f 2235 2316 2317 2236
f 2236 2317 2318 2237
f 2237 2318 2319 2238
f 2238 2319 2320 2239
f 2239 2320 2321 2240
usemtl terrain_grass
f 2240 2321 2322 2241
f 2241 2322 2323 2242
f 2242 2323 2324 2243
f 2243 2324 2325 2244
f 2244 2325 2326 2245
f 2245 2326 2327 2246
f 2246 2327 2328 2247
f 2247 2328 2329 2248
f 2248 2329 2330 2249
f 2249 2330 2331 2250
f 2250 2331 2332 2251
f 2251 2332 2333 2252
f 2252 2333 2334 2253
usemtl terrain_seabed
f 2253 2334 2335 2254
f 2254 2335 2336 2255
f 2255 2336 2337 2256
f 2256 2337 2338 2257
f 2257 2338 2339 2258
f 2258 2339 2340 2259
f 2259 2340 2341 2260
f 2260 2341 2342 2261
f 2261 2342 2343 2262
f 2262 2343 2344 2263
f 2263 2344 2345 2264
f 2264 2345 2346 2265
f 2265 2346 2347 2266
f 2266 2347 2348 2267
f 2267 2348 2349 2268
f 2269 2350 2351 2270
f 2270 2351 2352 2271
f 2271 2352 2353 2272
f 2272 2353 2354 2273
f 2273 2354 2355 2274
f 2274 2355 2356 2275
f 2275 2356 2357 2276
f 2276 2357 2358 2277
f 2277 2358 2359 2278
f 2278 2359 2360 2279
f 2279 2360 2361 2280
f 2280 2361 2362 2281
f 2281 2362 2363 2282
f 2282 2363 2364 2283
f 2283 2364 2365 2284
f 2284 2365 2366 2285
f 2285 2366 2367 2286
usemtl terrain_grass
f 2286 2367 2368 2287
f 2287 2368 2369 2288
f 2288 2369 2370 2289
f 2289 2370 2371 2290
f 2290 2371 2372 2291
f 2291 2372 2373 2292
f 2292 2373 2374 2293
f 2293 2374 2375 2294
f 2294 2375 2376 2295
f 2295 2376 2377 2296
f 2296 2377 2378 2297
usemtl terrain_rock_face
f 2297 2378 2379 2298
f 2298 2379 2380 2299
f 2299 2380 2381 2300
usemtl terrain_grass
f 2300 2381 2382 2301
f 2301 2382 2383 2302
f 2302 2383 2384 2303
f 2303 2384 2385 2304
f 2304 2385 2386 2305
f 2305 2386 2387 2306
f 2306 2387 2388 2307
f 2307 2388 2389 2308
f 2308 2389 2390 2309
usemtl terrain_rock_face
f 2309 2390 2391 2310
f 2310 2391 2392 2311
f 2311 2392 2393 2312
f 2312 2393 2394 2313
f 2313 2394 2395 2314
f 2314 2395 2396 2315
f 2315 2396 2397 2316
f 2316 2397 2398 2317
f 2317 2398 2399 2318
f 2318 2399 2400 2319
f 2319 2400 2401 2320
f 2320 2401 2402 2321
f 2321 2402 2403 2322
f 2322 2403 2404 2323
usemtl terrain_grass
f 2323 2404 2405 2324
f 2324 2405 2406 2325
f 2325 2406 2407 2326
f 2326 2407 2408 2327
f 2327 2408 2409 2328
f 2328 2409 2410 2329
f 2329 2410 2411 2330
f 2330 2411 2412 2331
f 2331 2412 2413 2332
f 2332 2413 2414 2333
f 2333 2414 2415 2334
usemtl terrain_seabed
f 2334 2415 2416 2335
f 2335 2416 2417 2336
f 2336 2417 2418 2337
f 2337 2418 2419 2338
f 2338 2419 2420 2339
f 2339 2420 2421 2340
f 2340 2421 2422 2341
f 2341 2422 2423 2342
f 2342 2423 2424 2343
f 2343 2424 2425 2344
f 2344 2425 2426 2345
f 2345 2426 2427 2346
f 2346 2427 2428 2347
f 2347 2428 2429 2348
f 2348 2429 2430 2349
f 2350 2431 2432 2351
f 2351 2432 2433 2352
f 2352 2433 2434 2353
f 2353 2434 2435 2354
f 2354 2435 2436 2355
f 2355 2436 2437 2356
f 2356 2437 2438 2357
f 2357 2438 2439 2358
f 2358 2439 2440 2359
f 2359 2440 2441 2360
f 2360 2441 2442 2361
f 2361 2442 2443 2362
f 2362 2443 2444 2363
f 2363 2444 2445 2364
f 2364 2445 2446 2365
f 2365 2446 2447 2366
f 2366 2447 2448 2367
usemtl terrain_grass
f 2367 2448 2449 2368
f 2368 2449 2450 2369
f 2369 2450 2451 2370
f 2370 2451 2452 2371
f 2371 2452 2453 2372
f 2372 2453 2454 2373
f 2373 2454 2455 2374
f 2374 2455 2456 2375
f 2375 2456 2457 2376
usemtl terrain_rock_face
f 2376 2457 2458 2377
f 2377 2458 2459 2378
f 2378 2459 2460 2379
f 2379 2460 2461 2380
f 2380 2461 2462 2381
f 2381 2462 2463 2382
f 2382 2463 2464 2383
usemtl terrain_grass
f 2383 2464 2465 2384
f 2384 2465 2466 2385
f 2385 2466 2467 2386
f 2386 2467 2468 2387
f 2387 2468 2469 2388
f 2388 2469 2470 2389
f 2389 2470 2471 2390
usemtl terrain_rock_face
f 2390 2471 2472 2391
f 2391 2472 2473 2392
f 2392 2473 2474 2393
f 2393 2474 2475 2394
f 2394 2475 2476 2395
f 2395 2476 2477 2396
f 2396 2477 2478 2397
f 2397 2478 2479 2398
f 2398 2479 2480 2399
f 2399 2480 2481 2400
f 2400 2481 2482 2401
f 2401 2482 2483 2402
f 2402 2483 2484 2403
f 2403 2484 2485 2404
f 2404 2485 2486 2405
usemtl terrain_grass
f 2405 2486 2487 2406
f 2406 2487 2488 2407
f 2407 2488 2489 2408
f 2408 2489 2490 2409
f 2409 2490 2491 2410
f 2410 2491 2492 2411
f 2411 2492 2493 2412
f 2412 2493 2494 2413
f 2413 2494 2495 2414
f 2414 2495 2496 2415
usemtl terrain_seabed
f 2415 2496 2497 2416
f 2416 2497 2498 2417
f 2417 2498 2499 2418
f 2418 2499 2500 2419
f 2419 2500 2501 2420
f 2420 2501 2502 2421
f 2421 2502 2503 2422
f 2422 2503 2504 2423
f 2423 2504 2505 2424
f 2424 2505 2506 2425
f 2425 2506 2507 2426
f 2426 2507 2508 2427
f 2427 2508 2509 2428
f 2428 2509 2510 2429
f 2429 2510 2511 2430
f 2431 2512 2513 2432
f 2432 2513 2514 2433
f 2433 2514 2515 2434
f 2434 2515 2516 2435
f 2435 2516 2517 2436
f 2436 2517 2518 2437
f 2437 2518 2519 2438
f 2438 2519 2520 2439
f 2439 2520 2521 2440
f 2440 2521 2522 2441
f 2441 2522 2523 2442
f 2442 2523 2524 2443
f 2443 2524 2525 2444
f 2444 2525 2526 2445
f 2445 2526 2527 2446
f 2446 2527 2528 2447
f 2447 2528 2529 2448
usemtl terrain_grass
f 2448 2529 2530 2449
f 2449 2530 2531 2450
f 2450 2531 2532 2451
f 2451 2532 2533 2452
f 2452 2533 2534 2453
f 2453 2534 2535 2454
f 2454 2535 2536 2455
f 2455 2536 2537 2456
f 2456 2537 2538 2457
usemtl terrain_rock_face
f 2457 2538 2539 2458
f 2458 2539 2540 2459
f 2459 2540 2541 2460
f 2460 2541 2542 2461
f 2461 2542 2543 2462
f 2462 2543 2544 2463
f 2463 2544 2545 2464
f 2464 2545 2546 2465
usemtl terrain_grass
f 2465 2546 2547 2466
f 2466 2547 2548 2467
f 2467 2548 2549 2468
f 2468 2549 2550 2469
f 2469 2550 2551 2470
usemtl terrain_rock_face
f 2470 2551 2552 2471
f 2471 2552 2553 2472
f 2472 2553 2554 2473
f 2473 2554 2555 2474
f 2474 2555 2556 2475
f 2475 2556 2557 2476
f 2476 2557 2558 2477
f 2477 2558 2559 2478
f 2478 2559 2560 2479
f 2479 2560 2561 2480
f 2480 2561 2562 2481
f 2481 2562 2563 2482
f 2482 2563 2564 2483
f 2483 2564 2565 2484
f 2484 2565 2566 2485
f 2485 2566 2567 2486
f 2486 2567 2568 2487
usemtl terrain_grass
f 2487 2568 2569 2488
f 2488 2569 2570 2489
f 2489 2570 2571 2490
f 2490 2571 2572 2491
f 2491 2572 2573 2492
f 2492 2573 2574 2493
f 2493 2574 2575 2494
f 2494 2575 2576 2495
f 2495 2576 2577 2496
usemtl terrain_seabed
f 2496 2577 2578 2497
f 2497 2578 2579 2498
f 2498 2579 2580 2499
f 2499 2580 2581 2500
f 2500 2581 2582 2501
f 2501 2582 2583 2502
f 2502 2583 2584 2503
f 2503 2584 2585 2504
f 2504 2585 2586 2505
f 2505 2586 2587 2506
f 2506 2587 2588 2507
f 2507 2588 2589 2508
f 2508 2589 2590 2509
f 2509 2590 2591 2510
f 2510 2591 2592 2511
f 2512 2593 2594 2513
f 2513 2594 2595 2514
f 2514 2595 2596 2515
f 2515 2596 2597 2516
f 2516 2597 2598 2517
f 2517 2598 2599 2518
f 2518 2599 2600 2519
f 2519 2600 2601 2520
f 2520 2601 2602 2521
f 2521 2602 2603 2522
f 2522 2603 2604 2523
f 2523 2604 2605 2524
f 2524 2605 2606 2525
f 2525 2606 2607 2526
f 2526 2607 2608 2527
f 2527 2608 2609 2528
f 2528 2609 2610 2529
usemtl terrain_grass
f 2529 2610 2611 2530
f 2530 2611 2612 2531
f 2531 2612 2613 2532
f 2532 2613 2614 2533
f 2533 2614 2615 2534
f 2534 2615 2616 2535
f 2535 2616 2617 2536
f 2536 2617 2618 2537
usemtl terrain_rock_face
f 2537 2618 2619 2538
f 2538 2619 2620 2539
f 2539 2620 2621 2540
f 2540 2621 2622 2541
f 2541 2622 2623 2542
f 2542 2623 2624 2543
f 2543 2624 2625 2544
f 2544 2625 2626 2545
f 2545 2626 2627 2546
f 2546 2627 2628 2547
usemtl terrain_grass
f 2547 2628 2629 2548
f 2548 2629 2630 2549
f 2549 2630 2631 2550
f 2550 2631 2632 2551
usemtl terrain_rock_face
f 2551 2632 2633 2552
f 2552 2633 2634 2553
f 2553 2634 2635 2554
f 2554 2635 2636 2555
f 2555 2636 2637 2556
f 2556 2637 2638 2557
f 2557 2638 2639 2558
f 2558 2639 2640 2559
f 2559 2640 2641 2560
f 2560 2641 2642 2561
f 2561 2642 2643 2562
f 2562 2643 2644 2563
f 2563 2644 2645 2564
f 2564 2645 2646 2565
f 2565 2646 2647 2566
f 2566 2647 2648 2567
f 2567 2648 2649 2568
f 2568 2649 2650 2569
usemtl terrain_grass
f 2569 2650 2651 2570
f 2570 2651 2652 2571
f 2571 2652 2653 2572
f 2572 2653 2654 2573
f 2573 2654 2655 2574
f 2574 2655 2656 2575
f 2575 2656 2657 2576
f 2576 2657 2658 2577
usemtl terrain_seabed
f 2577 2658 2659 2578
f 2578 2659 2660 2579
f 2579 2660 2661 2580
f 2580 2661 2662 2581
f 2581 2662 2663 2582
f 2582 2663 2664 2583
f 2583 2664 2665 2584
f 2584 2665 2666 2585
f 2585 2666 2667 2586
f 2586 2667 2668 2587
f 2587 2668 2669 2588
f 2588 2669 2670 2589
f 2589 2670 2671 2590
f 2590 2671 2672 2591
f 2591 2672 2673 2592
f 2593 2674 2675 2594
f 2594 2675 2676 2595
f 2595 2676 2677 2596
f 2596 2677 2678 2597
f 2597 2678 2679 2598
f 2598 2679 2680 2599
f 2599 2680 2681 2600
f 2600 2681 2682 2601
f 2601 2682 2683 2602
f 2602 2683 2684 2603
f 2603 2684 2685 2604
f 2604 2685 2686 2605
f 2605 2686 2687 2606
f 2606 2687 2688 2607
f 2607 2688 2689 2608
f 2608 2689 2690 2609
f 2609 2690 2691 2610
usemtl terrain_grass
f 2610 2691 2692 2611
f 2611 2692 2693 2612
f 2612 2693 2694 2613
f 2613 2694 2695 2614
f 2614 2695 2696 2615
f 2615 2696 2697 2616
f 2616 2697 2698 2617
f 2617 2698 2699 2618
usemtl terrain_rock_face
f 2618 2699 2700 2619
f 2619 2700 2701 2620
f 2620 2701 2702 2621
f 2621 2702 2703 2622
f 2622 2703 2704 2623
f 2623 2704 2705 2624
f 2624 2705 2706 2625
f 2625 2706 2707 2626
f 2626 2707 2708 2627
f 2627 2708 2709 2628
f 2628 2709 2710 2629
usemtl terrain_grass
f 2629 2710 2711 2630
f 2630 2711 2712 2631
usemtl terrain_rock_face
f 2631 2712 2713 2632
f 2632 2713 2714 2633
f 2633 2714 2715 2634
f 2634 2715 2716 2635
f 2635 2716 2717 2636
f 2636 2717 2718 2637
f 2637 2718 2719 2638
f 2638 2719 2720 2639
f 2639 2720 2721 2640
f 2640 2721 2722 2641
f 2641 2722 2723 2642
f 2642 2723 2724 2643
f 2643 2724 2725 2644
f 2644 2725 2726 2645
f 2645 2726 2727 2646
f 2646 2727 2728 2647
f 2647 2728 2729 2648
f 2648 2729 2730 2649
f 2649 2730 2731 2650
usemtl terrain_grass
f 2650 2731 2732 2651
f 2651 2732 2733 2652
f 2652 2733 2734 2653
f 2653 2734 2735 2654
f 2654 2735 2736 2655
f 2655 2736 2737 2656
f 2656 2737 2738 2657
f 2657 2738 2739 2658
usemtl terrain_seabed
f 2658 2739 2740 2659
f 2659 2740 2741 2660
f 2660 2741 2742 2661
f 2661 2742 2743 2662
f 2662 2743 2744 2663
f 2663 2744 2745 2664
f 2664 2745 2746 2665
f 2665 2746 2747 2666
f 2666 2747 2748 2667
f 2667 2748 2749 2668
f 2668 2749 2750 2669
f 2669 2750 2751 2670
f 2670 2751 2752 2671
f 2671 2752 2753 2672
f 2672 2753 2754 2673
f 2674 2755 2756 2675
f 2675 2756 2757 2676
f 2676 2757 2758 2677
f 2677 2758 2759 2678
f 2678 2759 2760 2679
f 2679 2760 2761 2680
f 2680 2761 2762 2681
f 2681 2762 2763 2682
f 2682 2763 2764 2683
f 2683 2764 2765 2684
f 2684 2765 2766 2685
f 2685 2766 2767 2686
f 2686 2767 2768 2687
f 2687 2768 2769 2688
f 2688 2769 2770 2689
f 2689 2770 2771 2690
f 2690 2771 2772 2691
usemtl terrain_grass
f 2691 2772 2773 2692
f 2692 2773 2774 2693
f 2693 2774 2775 2694
f 2694 2775 2776 2695
f 2695 2776 2777 2696
f 2696 2777 2778 2697
f 2697 2778 2779 2698
f 2698 2779 2780 2699
usemtl terrain_rock_face
f 2699 2780 2781 2700
f 2700 2781 2782 2701
f 2701 2782 2783 2702
f 2702 2783 2784 2703
f 2703 2784 2785 2704
f 2704 2785 2786 2705
f 2705 2786 2787 2706
f 2706 2787 2788 2707
f 2707 2788 2789 2708
f 2708 2789 2790 2709
f 2709 2790 2791 2710
f 2710 2791 2792 2711
usemtl terrain_grass
f 2711 2792 2793 2712
usemtl terrain_rock_face
f 2712 2793 2794 2713
f 2713 2794 2795 2714
f 2714 2795 2796 2715
f 2715 2796 2797 2716
f 2716 2797 2798 2717
f 2717 2798 2799 2718
f 2718 2799 2800 2719
f 2719 2800 2801 2720
f 2720 2801 2802 2721
f 2721 2802 2803 2722
f 2722 2803 2804 2723
f 2723 2804 2805 2724
f 2724 2805 2806 2725
f 2725 2806 2807 2726
f 2726 2807 2808 2727
f 2727 2808 2809 2728
f 2728 2809 2810 2729
f 2729 2810 2811 2730
f 2730 2811 2812 2731
usemtl terrain_grass
f 2731 2812 2813 2732
f 2732 2813 2814 2733
f 2733 2814 2815 2734
f 2734 2815 2816 2735
f 2735 2816 2817 2736
f 2736 2817 2818 2737
f 2737 2818 2819 2738
f 2738 2819 2820 2739
f 2739 2820 2821 2740
usemtl terrain_seabed
f 2740 2821 2822 2741
f 2741 2822 2823 2742
f 2742 2823 2824 2743
f 2743 2824 2825 2744
f 2744 2825 2826 2745
f 2745 2826 2827 2746
f 2746 2827 2828 2747
f 2747 2828 2829 2748
f 2748 2829 2830 2749
f 2749 2830 2831 2750
f 2750 2831 2832 2751
f 2751 2832 2833 2752
f 2752 2833 2834 2753
f 2753 2834 2835 2754
f 2755 2836 2837 2756
f 2756 2837 2838 2757
f 2757 2838 2839 2758
f 2758 2839 2840 2759
f 2759 2840 2841 2760
f 2760 2841 2842 2761
f 2761 2842 2843 2762
f 2762 2843 2844 2763
f 2763 2844 2845 2764
f 2764 2845 2846 2765
f 2765 2846 2847 2766
f 2766 2847 2848 2767
f 2767 2848 2849 2768
f 2768 2849 2850 2769
f 2769 2850 2851 2770
f 2770 2851 2852 2771
f 2771 2852 2853 2772
usemtl terrain_grass
f 2772 2853 2854 2773
f 2773 2854 2855 2774
f 2774 2855 2856 2775
f 2775 2856 2857 2776
f 2776 2857 2858 2777
f 2777 2858 2859 2778
f 2778 2859 2860 2779
usemtl terrain_rock_face
f 2779 2860 2861 2780
f 2780 2861 2862 2781
f 2781 2862 2863 2782
f 2782 2863 2864 2783
f 2783 2864 2865 2784
f 2784 2865 2866 2785
f 2785 2866 2867 2786
f 2786 2867 2868 2787
f 2787 2868 2869 2788
f 2788 2869 2870 2789
f 2789 2870 2871 2790
f 2790 2871 2872 2791
f 2791 2872 2873 2792
f 2792 2873 2874 2793
f 2793 2874 2875 2794
f 2794 2875 2876 2795
f 2795 2876 2877 2796
f 2796 2877 2878 2797
f 2797 2878 2879 2798
f 2798 2879 2880 2799
f 2799 2880 2881 2800
f 2800 2881 2882 2801
f 2801 2882 2883 2802
f 2802 2883 2884 2803
f 2803 2884 2885 2804
f 2804 2885 2886 2805
f 2805 2886 2887 2806
f 2806 2887 2888 2807
f 2807 2888 2889 2808
f 2808 2889 2890 2809
f 2809 2890 2891 2810
f 2810 2891 2892 2811
f 2811 2892 2893 2812
usemtl terrain_grass
f 2812 2893 2894 2813
f 2813 2894 2895 2814
f 2814 2895 2896 2815
f 2815 2896 2897 2816
f 2816 2897 2898 2817
f 2817 2898 2899 2818
f 2818 2899 2900 2819
f 2819 2900 2901 2820
f 2820 2901 2902 2821
usemtl terrain_seabed
f 2821 2902 2903 2822
f 2822 2903 2904 2823
f 2823 2904 2905 2824
f 2824 2905 2906 2825
f 2825 2906 2907 2826
f 2826 2907 2908 2827
f 2827 2908 2909 2828
f 2828 2909 2910 2829
f 2829 2910 2911 2830
f 2830 2911 2912 2831
f 2831 2912 2913 2832
f 2832 2913 2914 2833
f 2833 2914 2915 2834
f 2834 2915 2916 2835
f 2836 2917 2918 2837
f 2837 2918 2919 2838
f 2838 2919 2920 2839
f 2839 2920 2921 2840
f 2840 2921 2922 2841
f 2841 2922 2923 2842
f 2842 2923 2924 2843
f 2843 2924 2925 2844
f 2844 2925 2926 2845
f 2845 2926 2927 2846
f 2846 2927 2928 2847
f 2847 2928 2929 2848
f 2848 2929 2930 2849
f 2849 2930 2931 2850
f 2850 2931 2932 2851
f 2851 2932 2933 2852
f 2852 2933 2934 2853
usemtl terrain_grass
f 2853 2934 2935 2854
f 2854 2935 2936 2855
f 2855 2936 2937 2856
f 2856 2937 2938 2857
f 2857 2938 2939 2858
f 2858 2939 2940 2859
f 2859 2940 2941 2860
usemtl terrain_rock_face
f 2860 2941 2942 2861
f 2861 2942 2943 2862
f 2862 2943 2944 2863
f 2863 2944 2945 2864
f 2864 2945 2946 2865
f 2865 2946 2947 2866
f 2866 2947 2948 2867
f 2867 2948 2949 2868
f 2868 2949 2950 2869
f 2869 2950 2951 2870
f 2870 2951 2952 2871
f 2871 2952 2953 2872
f 2872 2953 2954 2873
f 2873 2954 2955 2874
f 2874 2955 2956 2875
f 2875 2956 2957 2876
f 2876 2957 2958 2877
f 2877 2958 2959 2878
f 2878 2959 2960 2879
f 2879 2960 2961 2880
f 2880 2961 2962 2881
f 2881 2962 2963 2882
f 2882 2963 2964 2883
f 2883 2964 2965 2884
f 2884 2965 2966 2885
f 2885 2966 2967 2886
f 2886 2967 2968 2887
f 2887 2968 2969 2888
f 2888 2969 2970 2889
f 2889 2970 2971 2890
f 2890 2971 2972 2891
f 2891 2972 2973 2892
f 2892 2973 2974 2893
usemtl terrain_grass
f 2893 2974 2975 2894
f 2894 2975 2976 2895
f 2895 2976 2977 2896
f 2896 2977 2978 2897
f 2897 2978 2979 2898
f 2898 2979 2980 2899
f 2899 2980 2981 2900
f 2900 2981 2982 2901
f 2901 2982 2983 2902
usemtl terrain_seabed
f 2902 2983 2984 2903
f 2903 2984 2985 2904
f 2904 2985 2986 2905
f 2905 2986 2987 2906
f 2906 2987 2988 2907
f 2907 2988 2989 2908
f 2908 2989 2990 2909
f 2909 2990 2991 2910
f 2910 2991 2992 2911
f 2911 2992 2993 2912
f 2912 2993 2994 2913
f 2913 2994 2995 2914
f 2914 2995 2996 2915
f 2915 2996 2997 2916
f 2917 2998 2999 2918
f 2918 2999 3000 2919
f 2919 3000 3001 2920
f 2920 3001 3002 2921
f 2921 3002 3003 2922
f 2922 3003 3004 2923
f 2923 3004 3005 2924
f 2924 3005 3006 2925
f 2925 3006 3007 2926
f 2926 3007 3008 2927
f 2927 3008 3009 2928
f 2928 3009 3010 2929
f 2929 3010 3011 2930
f 2930 3011 3012 2931
f 2931 3012 3013 2932
f 2932 3013 3014 2933
f 2933 3014 3015 2934
usemtl terrain_grass
f 2934 3015 3016 2935
f 2935 3016 3017 2936
f 2936 3017 3018 2937
f 2937 3018 3019 2938
f 2938 3019 3020 2939
f 2939 3020 3021 2940
f 2940 3021 3022 2941
usemtl terrain_rock_face
f 2941 3022 3023 2942
f 2942 3023 3024 2943
f 2943 3024 3025 2944
f 2944 3025 3026 2945
f 2945 3026 3027 2946
f 2946 3027 3028 2947
f 2947 3028 3029 2948
f 2948 3029 3030 2949
f 2949 3030 3031 2950
f 2950 3031 3032 2951
f 2951 3032 3033 2952
f 2952 3033 3034 2953
f 2953 3034 3035 2954
f 2954 3035 3036 2955
f 2955 3036 3037 2956
f 2956 3037 3038 2957
f 2957 3038 3039 2958
f 2958 3039 3040 2959
f 2959 3040 3041 2960
f 2960 3041 3042 2961
f 2961 3042 3043 2962
f 2962 3043 3044 2963
f 2963 3044 3045 2964
f 2964 3045 3046 2965
f 2965 3046 3047 2966
f 2966 3047 3048 2967
f 2967 3048 3049 2968
f 2968 3049 3050 2969
f 2969 3050 3051 2970
f 2970 3051 3052 2971
f 2971 3052 3053 2972
f 2972 3053 3054 2973
f 2973 3054 3055 2974
usemtl terrain_grass
f 2974 3055 3056 2975
f 2975 3056 3057 2976
f 2976 3057 3058 2977
f 2977 3058 3059 2978
f 2978 3059 3060 2979
f 2979 3060 3061 2980
f 2980 3061 3062 2981
f 2981 3062 3063 2982
f 2982 3063 3064 2983
usemtl terrain_seabed
f 2983 3064 3065 2984
f 2984 3065 3066 2985
f 2985 3066 3067 2986
f 2986 3067 3068 2987
f 2987 3068 3069 2988
f 2988 3069 3070 2989
f 2989 3070 3071 2990
f 2990 3071 3072 2991
f 2991 3072 3073 2992
f 2992 3073 3074 2993
f 2993 3074 3075 2994
f 2994 3075 3076 2995
f 2995 3076 3077 2996
f 2996 3077 3078 2997
f 2998 3079 3080 2999
f 2999 3080 3081 3000
f 3000 3081 3082 3001
f 3001 3082 3083 3002
f 3002 3083 3084 3003
f 3003 3084 3085 3004
f 3004 3085 3086 3005
f 3005 3086 3087 3006
f 3006 3087 3088 3007
f 3007 3088 3089 3008
f 3008 3089 3090 3009
f 3009 3090 3091 3010
f 3010 3091 3092 3011
f 3011 3092 3093 3012
f 3012 3093 3094 3013
f 3013 3094 3095 3014
f 3014 3095 3096 3015
f 3015 3096 3097 3016
usemtl terrain_grass
f 3016 3097 3098 3017
f 3017 3098 3099 3018
f 3018 3099 3100 3019
f 3019 3100 3101 3020
f 3020 3101 3102 3021
f 3021 3102 3103 3022
usemtl terrain_rock_face
f 3022 3103 3104 3023
f 3023 3104 3105 3024
f 3024 3105 3106 3025
f 3025 3106 3107 3026
f 3026 3107 3108 3027
f 3027 3108 3109 3028
f 3028 3109 3110 3029
f 3029 3110 3111 3030
f 3030 3111 3112 3031
f 3031 3112 3113 3032
f 3032 3113 3114 3033
f 3033 3114 3115 3034
f 3034 3115 3116 3035
f 3035 3116 3117 3036
f 3036 3117 3118 3037
f 3037 3118 3119 3038
f 3038 3119 3120 3039
f 3039 3120 3121 3040
f 3040 3121 3122 3041
f 3041 3122 3123 3042
f 3042 3123 3124 3043
f 3043 3124 3125 3044
f 3044 3125 3126 3045
f 3045 3126 3127 3046
f 3046 3127 3128 3047
f 3047 3128 3129 3048
f 3048 3129 3130 3049
f 3049 3130 3131 3050
f 3050 3131 3132 3051
f 3051 3132 3133 3052
f 3052 3133 3134 3053
f 3053 3134 3135 3054
f 3054 3135 3136 3055
usemtl terrain_grass
f 3055 3136 3137 3056
f 3056 3137 3138 3057
f 3057 3138 3139 3058
f 3058 3139 3140 3059
f 3059 3140 3141 3060
f 3060 3141 3142 3061
f 3061 3142 3143 3062
f 3062 3143 3144 3063
f 3063 3144 3145 3064
f 3064 3145 3146 3065
usemtl terrain_seabed
f 3065 3146 3147 3066
f 3066 3147 3148 3067
f 3067 3148 3149 3068
f 3068 3149 3150 3069
f 3069 3150 3151 3070
f 3070 3151 3152 3071
f 3071 3152 3153 3072
f 3072 3153 3154 3073
f 3073 3154 3155 3074
f 3074 3155 3156 3075
f 3075 3156 3157 3076
f 3076 3157 3158 3077
f 3077 3158 3159 3078
f 3079 3160 3161 3080
f 3080 3161 3162 3081
f 3081 3162 3163 3082
f 3082 3163 3164 3083
f 3083 3164 3165 3084
f 3084 3165 3166 3085
f 3085 3166 3167 3086
f 3086 3167 3168 3087
f 3087 3168 3169 3088
f 3088 3169 3170 3089
f 3089 3170 3171 3090
f 3090 3171 3172 3091
f 3091 3172 3173 3092
f 3092 3173 3174 3093
f 3093 3174 3175 3094
f 3094 3175 3176 3095
f 3095 3176 3177 3096
f 3096 3177 3178 3097
usemtl terrain_grass
f 3097 3178 3179 3098
f 3098 3179 3180 3099
f 3099 3180 3181 3100
f 3100 3181 3182 3101
f 3101 3182 3183 3102
f 3102 3183 3184 3103
usemtl terrain_rock_face
f 3103 3184 3185 3104
f 3104 3185 3186 3105
f 3105 3186 3187 3106
f 3106 3187 3188 3107
f 3107 3188 3189 3108
f 3108 3189 3190 3109
f 3109 3190 3191 3110
f 3110 3191 3192 3111
f 3111 3192 3193 3112
f 3112 3193 3194 3113
f 3113 3194 3195 3114
f 3114 3195 3196 3115
f 3115 3196 3197 3116
f 3116 3197 3198 3117
f 3117 3198 3199 3118
f 3118 3199 3200 3119
f 3119 3200 3201 3120
f 3120 3201 3202 3121
f 3121 3202 3203 3122
f 3122 3203 3204 3123
f 3123 3204 3205 3124
f 3124 3205 3206 3125
f 3125 3206 3207 3126
f 3126 3207 3208 3127
f 3127 3208 3209 3128
f 3128 3209 3210 3129
f 3129 3210 3211 3130
f 3130 3211 3212 3131
f 3131 3212 3213 3132
f 3132 3213 3214 3133
f 3133 3214 3215 3134
f 3134 3215 3216 3135
f 3135 3216 3217 3136
f 3136 3217 3218 3137
usemtl terrain_grass
f 3137 3218 3219 3138
f 3138 3219 3220 3139
f 3139 3220 3221 3140
f 3140 3221 3222 3141
f 3141 3222 3223 3142
f 3142 3223 3224 3143
f 3143 3224 3225 3144
f 3144 3225 3226 3145
f 3145 3226 3227 3146
usemtl terrain_seabed
f 3146 3227 3228 3147
f 3147 3228 3229 3148
f 3148 3229 3230 3149
f 3149 3230 3231 3150
f 3150 3231 3232 3151
f 3151 3232 3233 3152
f 3152 3233 3234 3153
f 3153 3234 3235 3154
f 3154 3235 3236 3155
f 3155 3236 3237 3156
f 3156 3237 3238 3157
f 3157 3238 3239 3158
f 3158 3239 3240 3159
f 3160 3241 3242 3161
f 3161 3242 3243 3162
f 3162 3243 3244 3163
f 3163 3244 3245 3164
f 3164 3245 3246 3165
f 3165 3246 3247 3166
f 3166 3247 3248 3167
f 3167 3248 3249 3168
f 3168 3249 3250 3169
f 3169 3250 3251 3170
f 3170 3251 3252 3171
f 3171 3252 3253 3172
f 3172 3253 3254 3173
f 3173 3254 3255 3174
f 3174 3255 3256 3175
f 3175 3256 3257 3176
f 3176 3257 3258 3177
f 3177 3258 3259 3178
f 3178 3259 3260 3179
usemtl terrain_grass
f 3179 3260 3261 3180
f 3180 3261 3262 3181
f 3181 3262 3263 3182
f 3182 3263 3264 3183
f 3183 3264 3265 3184
usemtl terrain_rock_face
f 3184 3265 3266 3185
f 3185 3266 3267 3186
f 3186 3267 3268 3187
f 3187 3268 3269 3188
f 3188 3269 3270 3189
f 3189 3270 3271 3190
f 3190 3271 3272 3191
f 3191 3272 3273 3192
f 3192 3273 3274 3193
f 3193 3274 3275 3194
f 3194 3275 3276 3195
f 3195 3276 3277 3196
f 3196 3277 3278 3197
f 3197 3278 3279 3198
f 3198 3279 3280 3199
f 3199 3280 3281 3200
f 3200 3281 3282 3201
f 3201 3282 3283 3202
f 3202 3283 3284 3203
f 3203 3284 3285 3204
f 3204 3285 3286 3205
f 3205 3286 3287 3206
f 3206 3287 3288 3207
f 3207 3288 3289 3208
f 3208 3289 3290 3209
f 3209 3290 3291 3210
f 3210 3291 3292 3211
f 3211 3292 3293 3212
f 3212 3293 3294 3213
f 3213 3294 3295 3214
f 3214 3295 3296 3215
f 3215 3296 3297 3216
f 3216 3297 3298 3217
f 3217 3298 3299 3218
usemtl terrain_grass
f 3218 3299 3300 3219
f 3219 3300 3301 3220
f 3220 3301 3302 3221
f 3221 3302 3303 3222
f 3222 3303 3304 3223
f 3223 3304 3305 3224
f 3224 3305 3306 3225
f 3225 3306 3307 3226
f 3226 3307 3308 3227
usemtl terrain_seabed
f 3227 3308 3309 3228
f 3228 3309 3310 3229
f 3229 3310 3311 3230
f 3230 3311 3312 3231
f 3231 3312 3313 3232
f 3232 3313 3314 3233
f 3233 3314 3315 3234
f 3234 3315 3316 3235
f 3235 3316 3317 3236
f 3236 3317 3318 3237
f 3237 3318 3319 3238
f 3238 3319 3320 3239
f 3239 3320 3321 3240
f 3241 3322 3323 3242
f 3242 3323 3324 3243
f 3243 3324 3325 3244
f 3244 3325 3326 3245
f 3245 3326 3327 3246
f 3246 3327 3328 3247
f 3247 3328 3329 3248
f 3248 3329 3330 3249
f 3249 3330 3331 3250
f 3250 3331 3332 3251
f 3251 3332 3333 3252
f 3252 3333 3334 3253
f 3253 3334 3335 3254
f 3254 3335 3336 3255
f 3255 3336 3337 3256
f 3256 3337 3338 3257
f 3257 3338 3339 3258
f 3258 3339 3340 3259
f 3259 3340 3341 3260
usemtl terrain_grass
f 3260 3341 3342 3261
f 3261 3342 3343 3262
f 3262 3343 3344 3263
f 3263 3344 3345 3264
f 3264 3345 3346 3265
usemtl terrain_rock_face
f 3265 3346 3347 3266
f 3266 3347 3348 3267
f 3267 3348 3349 3268
f 3268 3349 3350 3269
f 3269 3350 3351 3270
f 3270 3351 3352 3271
f 3271 3352 3353 3272
f 3272 3353 3354 3273
f 3273 3354 3355 3274
f 3274 3355 3356 3275
f 3275 3356 3357 3276
f 3276 3357 3358 3277
f 3277 3358 3359 3278
f 3278 3359 3360 3279
f 3279 3360 3361 3280
f 3280 3361 3362 3281
f 3281 3362 3363 3282
f 3282 3363 3364 3283
f 3283 3364 3365 3284
f 3284 3365 3366 3285
f 3285 3366 3367 3286
f 3286 3367 3368 3287
f 3287 3368 3369 3288
f 3288 3369 3370 3289
f 3289 3370 3371 3290
f 3290 3371 3372 3291
f 3291 3372 3373 3292
f 3292 3373 3374 3293
f 3293 3374 3375 3294
f 3294 3375 3376 3295
f 3295 3376 3377 3296
f 3296 3377 3378 3297
f 3297 3378 3379 3298
f 3298 3379 3380 3299
usemtl terrain_grass
f 3299 3380 3381 3300
f 3300 3381 3382 3301
f 3301 3382 3383 3302
f 3302 3383 3384 3303
f 3303 3384 3385 3304
f 3304 3385 3386 3305
f 3305 3386 3387 3306
f 3306 3387 3388 3307
f 3307 3388 3389 3308
usemtl terrain_seabed
f 3308 3389 3390 3309
f 3309 3390 3391 3310
f 3310 3391 3392 3311
f 3311 3392 3393 3312
f 3312 3393 3394 3313
f 3313 3394 3395 3314
f 3314 3395 3396 3315
f 3315 3396 3397 3316
f 3316 3397 3398 3317
f 3317 3398 3399 3318
f 3318 3399 3400 3319
f 3319 3400 3401 3320
f 3320 3401 3402 3321
f 3322 3403 3404 3323
f 3323 3404 3405 3324
f 3324 3405 3406 3325
f 3325 3406 3407 3326
f 3326 3407 3408 3327
f 3327 3408 3409 3328
f 3328 3409 3410 3329
f 3329 3410 3411 3330
f 3330 3411 3412 3331
f 3331 3412 3413 3332
f 3332 3413 3414 3333
f 3333 3414 3415 3334
f 3334 3415 3416 3335
f 3335 3416 3417 3336
f 3336 3417 3418 3337
f 3337 3418 3419 3338
f 3338 3419 3420 3339
f 3339 3420 3421 3340
f 3340 3421 3422 3341
usemtl terrain_grass
f 3341 3422 3423 3342
usemtl terrain_sand
f 3342 3423 3424 3343
usemtl terrain_grass
f 3343 3424 3425 3344
f 3344 3425 3426 3345
f 3345 3426 3427 3346
f 3346 3427 3428 3347
usemtl terrain_rock_face
f 3347 3428 3429 3348
f 3348 3429 3430 3349
f 3349 3430 3431 3350
f 3350 3431 3432 3351
f 3351 3432 3433 3352
f 3352 3433 3434 3353
f 3353 3434 3435 3354
f 3354 3435 3436 3355
f 3355 3436 3437 3356
f 3356 3437 3438 3357
f 3357 3438 3439 3358
f 3358 3439 3440 3359
f 3359 3440 3441 3360
f 3360 3441 3442 3361
f 3361 3442 3443 3362
f 3362 3443 3444 3363
f 3363 3444 3445 3364
f 3364 3445 3446 3365
f 3365 3446 3447 3366
f 3366 3447 3448 3367
f 3367 3448 3449 3368
f 3368 3449 3450 3369
f 3369 3450 3451 3370
f 3370 3451 3452 3371
f 3371 3452 3453 3372
f 3372 3453 3454 3373
f 3373 3454 3455 3374
f 3374 3455 3456 3375
f 3375 3456 3457 3376
f 3376 3457 3458 3377
f 3377 3458 3459 3378
f 3378 3459 3460 3379
f 3379 3460 3461 3380
usemtl terrain_grass
f 3380 3461 3462 3381
f 3381 3462 3463 3382
f 3382 3463 3464 3383
f 3383 3464 3465 3384
f 3384 3465 3466 3385
f 3385 3466 3467 3386
f 3386 3467 3468 3387
f 3387 3468 3469 3388
f 3388 3469 3470 3389
usemtl terrain_seabed
f 3389 3470 3471 3390
f 3390 3471 3472 3391
f 3391 3472 3473 3392
f 3392 3473 3474 3393
f 3393 3474 3475 3394
f 3394 3475 3476 3395
f 3395 3476 3477 3396
f 3396 3477 3478 3397
f 3397 3478 3479 3398
f 3398 3479 3480 3399
f 3399 3480 3481 3400
f 3400 3481 3482 3401
f 3401 3482 3483 3402
f 3403 3484 3485 3404
f 3404 3485 3486 3405
f 3405 3486 3487 3406
f 3406 3487 3488 3407
f 3407 3488 3489 3408
f 3408 3489 3490 3409
f 3409 3490 3491 3410
f 3410 3491 3492 3411
f 3411 3492 3493 3412
f 3412 3493 3494 3413
f 3413 3494 3495 3414
f 3414 3495 3496 3415
f 3415 3496 3497 3416
f 3416 3497 3498 3417
f 3417 3498 3499 3418
f 3418 3499 3500 3419
f 3419 3500 3501 3420
f 3420 3501 3502 3421
f 3421 3502 3503 3422
usemtl terrain_grass
f 3422 3503 3504 3423
f 3423 3504 3505 3424
usemtl terrain_sand
f 3424 3505 3506 3425
usemtl terrain_grass
f 3425 3506 3507 3426
f 3426 3507 3508 3427
f 3427 3508 3509 3428
usemtl terrain_rock_face
f 3428 3509 3510 3429
f 3429 3510 3511 3430
f 3430 3511 3512 3431
f 3431 3512 3513 3432
f 3432 3513 3514 3433
f 3433 3514 3515 3434
f 3434 3515 3516 3435
f 3435 3516 3517 3436
f 3436 3517 3518 3437
f 3437 3518 3519 3438
f 3438 3519 3520 3439
f 3439 3520 3521 3440
f 3440 3521 3522 3441
f 3441 3522 3523 3442
f 3442 3523 3524 3443
f 3443 3524 3525 3444
f 3444 3525 3526 3445
f 3445 3526 3527 3446
f 3446 3527 3528 3447
f 3447 3528 3529 3448
f 3448 3529 3530 3449
f 3449 3530 3531 3450
f 3450 3531 3532 3451
f 3451 3532 3533 3452
f 3452 3533 3534 3453
f 3453 3534 3535 3454
f 3454 3535 3536 3455
f 3455 3536 3537 3456
f 3456 3537 3538 3457
f 3457 3538 3539 3458
f 3458 3539 3540 3459
f 3459 3540 3541 3460
f 3460 3541 3542 3461
f 3461 3542 3543 3462
usemtl terrain_grass
f 3462 3543 3544 3463
f 3463 3544 3545 3464
f 3464 3545 3546 3465
f 3465 3546 3547 3466
f 3466 3547 3548 3467
f 3467 3548 3549 3468
f 3468 3549 3550 3469
usemtl terrain_seabed
f 3469 3550 3551 3470
f 3470 3551 3552 3471
f 3471 3552 3553 3472
f 3472 3553 3554 3473
f 3473 3554 3555 3474
f 3474 3555 3556 3475
f 3475 3556 3557 3476
f 3476 3557 3558 3477
f 3477 3558 3559 3478
f 3478 3559 3560 3479
f 3479 3560 3561 3480
f 3480 3561 3562 3481
f 3481 3562 3563 3482
f 3482 3563 3564 3483
f 3484 3565 3566 3485
f 3485 3566 3567 3486
f 3486 3567 3568 3487
f 3487 3568 3569 3488
f 3488 3569 3570 3489
f 3489 3570 3571 3490
f 3490 3571 3572 3491
f 3491 3572 3573 3492
f 3492 3573 3574 3493
f 3493 3574 3575 3494
f 3494 3575 3576 3495
f 3495 3576 3577 3496
f 3496 3577 3578 3497
f 3497 3578 3579 3498
f 3498 3579 3580 3499
f 3499 3580 3581 3500
f 3500 3581 3582 3501
f 3501 3582 3583 3502
f 3502 3583 3584 3503
f 3503 3584 3585 3504
usemtl terrain_grass
f 3504 3585 3586 3505
usemtl terrain_sand
f 3505 3586 3587 3506
f 3506 3587 3588 3507
f 3507 3588 3589 3508
usemtl terrain_grass
f 3508 3589 3590 3509
f 3509 3590 3591 3510
usemtl terrain_rock_face
f 3510 3591 3592 3511
f 3511 3592 3593 3512
f 3512 3593 3594 3513
f 3513 3594 3595 3514
f 3514 3595 3596 3515
f 3515 3596 3597 3516
f 3516 3597 3598 3517
f 3517 3598 3599 3518
f 3518 3599 3600 3519
f 3519 3600 3601 3520
f 3520 3601 3602 3521
f 3521 3602 3603 3522
f 3522 3603 3604 3523
f 3523 3604 3605 3524
f 3524 3605 3606 3525
f 3525 3606 3607 3526
f 3526 3607 3608 3527
f 3527 3608 3609 3528
f 3528 3609 3610 3529
f 3529 3610 3611 3530
f 3530 3611 3612 3531
f 3531 3612 3613 3532
f 3532 3613 3614 3533
f 3533 3614 3615 3534
f 3534 3615 3616 3535
f 3535 3616 3617 3536
f 3536 3617 3618 3537
f 3537 3618 3619 3538
f 3538 3619 3620 3539
f 3539 3620 3621 3540
f 3540 3621 3622 3541
f 3541 3622 3623 3542
f 3542 3623 3624 3543
usemtl terrain_grass
f 3543 3624 3625 3544
f 3544 3625 3626 3545
f 3545 3626 3627 3546
f 3546 3627 3628 3547
f 3547 3628 3629 3548
f 3548 3629 3630 3549
f 3549 3630 3631 3550
usemtl terrain_seabed
f 3550 3631 3632 3551
f 3551 3632 3633 3552
f 3552 3633 3634 3553
f 3553 3634 3635 3554
f 3554 3635 3636 3555
f 3555 3636 3637 3556
f 3556 3637 3638 3557
f 3557 3638 3639 3558
f 3558 3639 3640 3559
f 3559 3640 3641 3560
f 3560 3641 3642 3561
f 3561 3642 3643 3562
f 3562 3643 3644 3563
f 3563 3644 3645 3564
f 3565 3646 3647 3566
f 3566 3647 3648 3567
f 3567 3648 3649 3568
f 3568 3649 3650 3569
f 3569 3650 3651 3570
f 3570 3651 3652 3571
f 3571 3652 3653 3572
f 3572 3653 3654 3573
f 3573 3654 3655 3574
f 3574 3655 3656 3575
f 3575 3656 3657 3576
f 3576 3657 3658 3577
f 3577 3658 3659 3578
f 3578 3659 3660 3579
f 3579 3660 3661 3580
f 3580 3661 3662 3581
f 3581 3662 3663 3582
f 3582 3663 3664 3583
f 3583 3664 3665 3584
usemtl terrain_grass
f 3584 3665 3666 3585
f 3585 3666 3667 3586
usemtl terrain_sand
f 3586 3667 3668 3587
f 3587 3668 3669 3588
f 3588 3669 3670 3589
f 3589 3670 3671 3590
f 3590 3671 3672 3591
usemtl terrain_rock_face
f 3591 3672 3673 3592
f 3592 3673 3674 3593
f 3593 3674 3675 3594
f 3594 3675 3676 3595
f 3595 3676 3677 3596
f 3596 3677 3678 3597
f 3597 3678 3679 3598
f 3598 3679 3680 3599
f 3599 3680 3681 3600
f 3600 3681 3682 3601
f 3601 3682 3683 3602
f 3602 3683 3684 3603
f 3603 3684 3685 3604
f 3604 3685 3686 3605
f 3605 3686 3687 3606
f 3606 3687 3688 3607
f 3607 3688 3689 3608
f 3608 3689 3690 3609
f 3609 3690 3691 3610
f 3610 3691 3692 3611
f 3611 3692 3693 3612
f 3612 3693 3694 3613
f 3613 3694 3695 3614
f 3614 3695 3696 3615
f 3615 3696 3697 3616
f 3616 3697 3698 3617
f 3617 3698 3699 3618
f 3618 3699 3700 3619
f 3619 3700 3701 3620
f 3620 3701 3702 3621
f 3621 3702 3703 3622
f 3622 3703 3704 3623
usemtl terrain_grass
f 3623 3704 3705 3624
f 3624 3705 3706 3625
f 3625 3706 3707 3626
f 3626 3707 3708 3627
f 3627 3708 3709 3628
f 3628 3709 3710 3629
f 3629 3710 3711 3630
usemtl terrain_seabed
f 3630 3711 3712 3631
f 3631 3712 3713 3632
f 3632 3713 3714 3633
f 3633 3714 3715 3634
f 3634 3715 3716 3635
f 3635 3716 3717 3636
f 3636 3717 3718 3637
f 3637 3718 3719 3638
f 3638 3719 3720 3639
f 3639 3720 3721 3640
f 3640 3721 3722 3641
f 3641 3722 3723 3642
f 3642 3723 3724 3643
f 3643 3724 3725 3644
f 3644 3725 3726 3645
f 3646 3727 3728 3647
f 3647 3728 3729 3648
f 3648 3729 3730 3649
f 3649 3730 3731 3650
f 3650 3731 3732 3651
f 3651 3732 3733 3652
f 3652 3733 3734 3653
f 3653 3734 3735 3654
f 3654 3735 3736 3655
f 3655 3736 3737 3656
f 3656 3737 3738 3657
f 3657 3738 3739 3658
f 3658 3739 3740 3659
f 3659 3740 3741 3660
f 3660 3741 3742 3661
f 3661 3742 3743 3662
f 3662 3743 3744 3663
f 3663 3744 3745 3664
usemtl terrain_grass
f 3664 3745 3746 3665
f 3665 3746 3747 3666
usemtl terrain_sand
f 3666 3747 3748 3667
f 3667 3748 3749 3668
f 3668 3749 3750 3669
f 3669 3750 3751 3670
f 3670 3751 3752 3671
f 3671 3752 3753 3672
f 3672 3753 3754 3673
f 3673 3754 3755 3674
f 3674 3755 3756 3675
usemtl terrain_rock_face
f 3675 3756 3757 3676
f 3676 3757 3758 3677
f 3677 3758 3759 3678
f 3678 3759 3760 3679
f 3679 3760 3761 3680
f 3680 3761 3762 3681
f 3681 3762 3763 3682
f 3682 3763 3764 3683
f 3683 3764 3765 3684
f 3684 3765 3766 3685
f 3685 3766 3767 3686
f 3686 3767 3768 3687
f 3687 3768 3769 3688
f 3688 3769 3770 3689
f 3689 3770 3771 3690
f 3690 3771 3772 3691
f 3691 3772 3773 3692
f 3692 3773 3774 3693
f 3693 3774 3775 3694
f 3694 3775 3776 3695
f 3695 3776 3777 3696
f 3696 3777 3778 3697
f 3697 3778 3779 3698
f 3698 3779 3780 3699
f 3699 3780 3781 3700
f 3700 3781 3782 3701
f 3701 3782 3783 3702
f 3702 3783 3784 3703
f 3703 3784 3785 3704
usemtl terrain_grass
f 3704 3785 3786 3705
f 3705 3786 3787 3706
f 3706 3787 3788 3707
f 3707 3788 3789 3708
f 3708 3789 3790 3709
f 3709 3790 3791 3710
usemtl terrain_seabed
f 3710 3791 3792 3711
f 3711 3792 3793 3712
f 3712 3793 3794 3713
f 3713 3794 3795 3714
f 3714 3795 3796 3715
f 3715 3796 3797 3716
f 3716 3797 3798 3717
f 3717 3798 3799 3718
f 3718 3799 3800 3719
f 3719 3800 3801 3720
f 3720 3801 3802 3721
f 3721 3802 3803 3722
f 3722 3803 3804 3723
f 3723 3804 3805 3724
f 3724 3805 3806 3725
f 3725 3806 3807 3726
f 3727 3808 3809 3728
f 3728 3809 3810 3729
f 3729 3810 3811 3730
f 3730 3811 3812 3731
f 3731 3812 3813 3732
f 3732 3813 3814 3733
f 3733 3814 3815 3734
f 3734 3815 3816 3735
f 3735 3816 3817 3736
f 3736 3817 3818 3737
f 3737 3818 3819 3738
f 3738 3819 3820 3739
f 3739 3820 3821 3740
f 3740 3821 3822 3741
f 3741 3822 3823 3742
f 3742 3823 3824 3743
f 3743 3824 3825 3744
usemtl terrain_grass
f 3744 3825 3826 3745
f 3745 3826 3827 3746
usemtl terrain_sand
f 3746 3827 3828 3747
f 3747 3828 3829 3748
f 3748 3829 3830 3749
f 3749 3830 3831 3750
f 3750 3831 3832 3751
f 3751 3832 3833 3752
f 3752 3833 3834 3753
f 3753 3834 3835 3754
f 3754 3835 3836 3755
f 3755 3836 3837 3756
usemtl terrain_rock_face
f 3756 3837 3838 3757
f 3757 3838 3839 3758
f 3758 3839 3840 3759
f 3759 3840 3841 3760
f 3760 3841 3842 3761
f 3761 3842 3843 3762
f 3762 3843 3844 3763
f 3763 3844 3845 3764
f 3764 3845 3846 3765
f 3765 3846 3847 3766
f 3766 3847 3848 3767
f 3767 3848 3849 3768
f 3768 3849 3850 3769
f 3769 3850 3851 3770
f 3770 3851 3852 3771
f 3771 3852 3853 3772
f 3772 3853 3854 3773
f 3773 3854 3855 3774
f 3774 3855 3856 3775
f 3775 3856 3857 3776
f 3776 3857 3858 3777
f 3777 3858 3859 3778
f 3778 3859 3860 3779
f 3779 3860 3861 3780
f 3780 3861 3862 3781
f 3781 3862 3863 3782
f 3782 3863 3864 3783
f 3783 3864 3865 3784
usemtl terrain_grass
f 3784 3865 3866 3785
f 3785 3866 3867 3786
f 3786 3867 3868 3787
f 3787 3868 3869 3788
f 3788 3869 3870 3789
f 3789 3870 3871 3790
usemtl terrain_seabed
f 3790 3871 3872 3791
f 3791 3872 3873 3792
f 3792 3873 3874 3793
f 3793 3874 3875 3794
f 3794 3875 3876 3795
f 3795 3876 3877 3796
f 3796 3877 3878 3797
f 3797 3878 3879 3798
f 3798 3879 3880 3799
f 3799 3880 3881 3800
f 3800 3881 3882 3801
f 3801 3882 3883 3802
f 3802 3883 3884 3803
f 3803 3884 3885 3804
f 3804 3885 3886 3805
f 3805 3886 3887 3806
f 3806 3887 3888 3807
f 3808 3889 3890 3809
f 3809 3890 3891 3810
f 3810 3891 3892 3811
f 3811 3892 3893 3812
f 3812 3893 3894 3813
f 3813 3894 3895 3814
f 3814 3895 3896 3815
f 3815 3896 3897 3816
f 3816 3897 3898 3817
f 3817 3898 3899 3818
f 3818 3899 3900 3819
f 3819 3900 3901 3820
f 3820 3901 3902 3821
f 3821 3902 3903 3822
f 3822 3903 3904 3823
f 3823 3904 3905 3824
usemtl terrain_grass
f 3824 3905 3906 3825
f 3825 3906 3907 3826
usemtl terrain_sand
f 3826 3907 3908 3827
f 3827 3908 3909 3828
f 3828 3909 3910 3829
f 3829 3910 3911 3830
f 3830 3911 3912 3831
f 3831 3912 3913 3832
f 3832 3913 3914 3833
f 3833 3914 3915 3834
f 3834 3915 3916 3835
f 3835 3916 3917 3836
usemtl terrain_rock_face
f 3836 3917 3918 3837
f 3837 3918 3919 3838
f 3838 3919 3920 3839
f 3839 3920 3921 3840
f 3840 3921 3922 3841
f 3841 3922 3923 3842
f 3842 3923 3924 3843
f 3843 3924 3925 3844
f 3844 3925 3926 3845
f 3845 3926 3927 3846
f 3846 3927 3928 3847
f 3847 3928 3929 3848
f 3848 3929 3930 3849
f 3849 3930 3931 3850
f 3850 3931 3932 3851
f 3851 3932 3933 3852
f 3852 3933 3934 3853
f 3853 3934 3935 3854
f 3854 3935 3936 3855
f 3855 3936 3937 3856
f 3856 3937 3938 3857
f 3857 3938 3939 3858
f 3858 3939 3940 3859
f 3859 3940 3941 3860
f 3860 3941 3942 3861
f 3861 3942 3943 3862
f 3862 3943 3944 3863
f 3863 3944 3945 3864
usemtl terrain_grass
f 3864 3945 3946 3865
f 3865 3946 3947 3866
f 3866 3947 3948 3867
f 3867 3948 3949 3868
f 3868 3949 3950 3869
f 3869 3950 3951 3870
usemtl terrain_seabed
f 3870 3951 3952 3871
f 3871 3952 3953 3872
f 3872 3953 3954 3873
f 3873 3954 3955 3874
f 3874 3955 3956 3875
f 3875 3956 3957 3876
f 3876 3957 3958 3877
f 3877 3958 3959 3878
f 3878 3959 3960 3879
f 3879 3960 3961 3880
f 3880 3961 3962 3881
f 3881 3962 3963 3882
f 3882 3963 3964 3883
f 3883 3964 3965 3884
f 3884 3965 3966 3885
f 3885 3966 3967 3886
f 3886 3967 3968 3887
f 3887 3968 3969 3888
f 3889 3970 3971 3890
f 3890 3971 3972 3891
f 3891 3972 3973 3892
f 3892 3973 3974 3893
f 3893 3974 3975 3894
f 3894 3975 3976 3895
f 3895 3976 3977 3896
f 3896 3977 3978 3897
f 3897 3978 3979 3898
f 3898 3979 3980 3899
f 3899 3980 3981 3900
f 3900 3981 3982 3901
f 3901 3982 3983 3902
f 3902 3983 3984 3903
f 3903 3984 3985 3904
usemtl terrain_grass
f 3904 3985 3986 3905
f 3905 3986 3987 3906
usemtl terrain_sand
f 3906 3987 3988 3907
f 3907 3988 3989 3908
f 3908 3989 3990 3909
f 3909 3990 3991 3910
f 3910 3991 3992 3911
f 3911 3992 3993 3912
f 3912 3993 3994 3913
f 3913 3994 3995 3914
f 3914 3995 3996 3915
f 3915 3996 3997 3916
usemtl terrain_rock_face
f 3916 3997 3998 3917
f 3917 3998 3999 3918
f 3918 3999 4000 3919
f 3919 4000 4001 3920
f 3920 4001 4002 3921
f 3921 4002 4003 3922
f 3922 4003 4004 3923
f 3923 4004 4005 3924
f 3924 4005 4006 3925
f 3925 4006 4007 3926
f 3926 4007 4008 3927
f 3927 4008 4009 3928
f 3928 4009 4010 3929
f 3929 4010 4011 3930
f 3930 4011 4012 3931
f 3931 4012 4013 3932
f 3932 4013 4014 3933
f 3933 4014 4015 3934
f 3934 4015 4016 3935
f 3935 4016 4017 3936
f 3936 4017 4018 3937
f 3937 4018 4019 3938
f 3938 4019 4020 3939
f 3939 4020 4021 3940
f 3940 4021 4022 3941
f 3941 4022 4023 3942
f 3942 4023 4024 3943
f 3943 4024 4025 3944
usemtl terrain_grass
f 3944 4025 4026 3945
f 3945 4026 4027 3946
f 3946 4027 4028 3947
f 3947 4028 4029 3948
f 3948 4029 4030 3949
f 3949 4030 4031 3950
usemtl terrain_seabed
f 3950 4031 4032 3951
f 3951 4032 4033 3952
f 3952 4033 4034 3953
f 3953 4034 4035 3954
f 3954 4035 4036 3955
f 3955 4036 4037 3956
f 3956 4037 4038 3957
f 3957 4038 4039 3958
f 3958 4039 4040 3959
f 3959 4040 4041 3960
f 3960 4041 4042 3961
f 3961 4042 4043 3962
f 3962 4043 4044 3963
f 3963 4044 4045 3964
f 3964 4045 4046 3965
f 3965 4046 4047 3966
f 3966 4047 4048 3967
f 3967 4048 4049 3968
f 3968 4049 4050 3969
f 3970 4051 4052 3971
f 3971 4052 4053 3972
f 3972 4053 4054 3973
f 3973 4054 4055 3974
f 3974 4055 4056 3975
f 3975 4056 4057 3976
f 3976 4057 4058 3977
f 3977 4058 4059 3978
f 3978 4059 4060 3979
f 3979 4060 4061 3980
f 3980 4061 4062 3981
f 3981 4062 4063 3982
f 3982 4063 4064 3983
f 3983 4064 4065 3984
f 3984 4065 4066 3985
usemtl terrain_grass
f 3985 4066 4067 3986
usemtl terrain_sand
f 3986 4067 4068 3987
f 3987 4068 4069 3988
f 3988 4069 4070 3989
f 3989 4070 4071 3990
f 3990 4071 4072 3991
f 3991 4072 4073 3992
f 3992 4073 4074 3993
f 3993 4074 4075 3994
f 3994 4075 4076 3995
f 3995 4076 4077 3996
f 3996 4077 4078 3997
usemtl terrain_rock_face
f 3997 4078 4079 3998
f 3998 4079 4080 3999
f 3999 4080 4081 4000
f 4000 4081 4082 4001
f 4001 4082 4083 4002
f 4002 4083 4084 4003
f 4003 4084 4085 4004
f 4004 4085 4086 4005
f 4005 4086 4087 4006
f 4006 4087 4088 4007
f 4007 4088 4089 4008
f 4008 4089 4090 4009
f 4009 4090 4091 4010
f 4010 4091 4092 4011
f 4011 4092 4093 4012
f 4012 4093 4094 4013
f 4013 4094 4095 4014
f 4014 4095 4096 4015
f 4015 4096 4097 4016
f 4016 4097 4098 4017
f 4017 4098 4099 4018
f 4018 4099 4100 4019
f 4019 4100 4101 4020
f 4020 4101 4102 4021
f 4021 4102 4103 4022
f 4022 4103 4104 4023
f 4023 4104 4105 4024
usemtl terrain_grass
f 4024 4105 4106 4025
f 4025 4106 4107 4026
f 4026 4107 4108 4027
f 4027 4108 4109 4028
f 4028 4109 4110 4029
f 4029 4110 4111 4030
usemtl terrain_seabed
f 4030 4111 4112 4031
f 4031 4112 4113 4032
f 4032 4113 4114 4033
f 4033 4114 4115 4034
f 4034 4115 4116 4035
f 4035 4116 4117 4036
f 4036 4117 4118 4037
f 4037 4118 4119 4038
f 4038 4119 4120 4039
f 4039 4120 4121 4040
f 4040 4121 4122 4041
f 4041 4122 4123 4042
f 4042 4123 4124 4043
f 4043 4124 4125 4044
f 4044 4125 4126 4045
f 4045 4126 4127 4046
f 4046 4127 4128 4047
f 4047 4128 4129 4048
f 4048 4129 4130 4049
f 4049 4130 4131 4050
f 4051 4132 4133 4052
f 4052 4133 4134 4053
f 4053 4134 4135 4054
f 4054 4135 4136 4055
f 4055 4136 4137 4056
f 4056 4137 4138 4057
f 4057 4138 4139 4058
f 4058 4139 4140 4059
f 4059 4140 4141 4060
f 4060 4141 4142 4061
f 4061 4142 4143 4062
f 4062 4143 4144 4063
f 4063 4144 4145 4064
f 4064 4145 4146 4065
f 4065 4146 4147 4066
usemtl terrain_grass
f 4066 4147 4148 4067
usemtl terrain_sand
f 4067 4148 4149 4068
f 4068 4149 4150 4069
f 4069 4150 4151 4070
f 4070 4151 4152 4071
f 4071 4152 4153 4072
f 4072 4153 4154 4073
f 4073 4154 4155 4074
f 4074 4155 4156 4075
f 4075 4156 4157 4076
f 4076 4157 4158 4077
f 4077 4158 4159 4078
usemtl terrain_rock_face
f 4078 4159 4160 4079
f 4079 4160 4161 4080
f 4080 4161 4162 4081
f 4081 4162 4163 4082
f 4082 4163 4164 4083
f 4083 4164 4165 4084
f 4084 4165 4166 4085
f 4085 4166 4167 4086
f 4086 4167 4168 4087
f 4087 4168 4169 4088
f 4088 4169 4170 4089
f 4089 4170 4171 4090
f 4090 4171 4172 4091
f 4091 4172 4173 4092
f 4092 4173 4174 4093
f 4093 4174 4175 4094
f 4094 4175 4176 4095
f 4095 4176 4177 4096
f 4096 4177 4178 4097
f 4097 4178 4179 4098
f 4098 4179 4180 4099
f 4099 4180 4181 4100
f 4100 4181 4182 4101
f 4101 4182 4183 4102
f 4102 4183 4184 4103
f 4103 4184 4185 4104
f 4104 4185 4186 4105
usemtl terrain_grass
f 4105 4186 4187 4106
f 4106 4187 4188 4107
f 4107 4188 4189 4108
f 4108 4189 4190 4109
f 4109 4190 4191 4110
f 4110 4191 4192 4111
usemtl terrain_seabed
f 4111 4192 4193 4112
f 4112 4193 4194 4113
f 4113 4194 4195 4114
f 4114 4195 4196 4115
f 4115 4196 4197 4116
f 4116 4197 4198 4117
f 4117 4198 4199 4118
f 4118 4199 4200 4119
f 4119 4200 4201 4120
f 4120 4201 4202 4121
f 4121 4202 4203 4122
f 4122 4203 4204 4123
f 4123 4204 4205 4124
f 4124 4205 4206 4125
f 4125 4206 4207 4126
f 4126 4207 4208 4127
f 4127 4208 4209 4128
f 4128 4209 4210 4129
f 4129 4210 4211 4130
f 4130 4211 4212 4131
f 4132 4213 4214 4133
f 4133 4214 4215 4134
f 4134 4215 4216 4135
f 4135 4216 4217 4136
f 4136 4217 4218 4137
f 4137 4218 4219 4138
f 4138 4219 4220 4139
f 4139 4220 4221 4140
f 4140 4221 4222 4141
f 4141 4222 4223 4142
f 4142 4223 4224 4143
f 4143 4224 4225 4144
f 4144 4225 4226 4145
f 4145 4226 4227 4146
f 4146 4227 4228 4147
usemtl terrain_grass
f 4147 4228 4229 4148
usemtl terrain_sand
f 4148 4229 4230 4149
f 4149 4230 4231 4150
f 4150 4231 4232 4151
f 4151 4232 4233 4152
f 4152 4233 4234 4153
f 4153 4234 4235 4154
f 4154 4235 4236 4155
f 4155 4236 4237 4156
f 4156 4237 4238 4157
f 4157 4238 4239 4158
f 4158 4239 4240 4159
usemtl terrain_rock_face
f 4159 4240 4241 4160
f 4160 4241 4242 4161
f 4161 4242 4243 4162
f 4162 4243 4244 4163
f 4163 4244 4245 4164
f 4164 4245 4246 4165
f 4165 4246 4247 4166
f 4166 4247 4248 4167
f 4167 4248 4249 4168
f 4168 4249 4250 4169
f 4169 4250 4251 4170
f 4170 4251 4252 4171
f 4171 4252 4253 4172
f 4172 4253 4254 4173
f 4173 4254 4255 4174
f 4174 4255 4256 4175
f 4175 4256 4257 4176
f 4176 4257 4258 4177
f 4177 4258 4259 4178
f 4178 4259 4260 4179
f 4179 4260 4261 4180
f 4180 4261 4262 4181
f 4181 4262 4263 4182
f 4182 4263 4264 4183
f 4183 4264 4265 4184
f 4184 4265 4266 4185
f 4185 4266 4267 4186
f 4186 4267 4268 4187
f 4187 4268 4269 4188
usemtl terrain_grass
f 4188 4269 4270 4189
f 4189 4270 4271 4190
f 4190 4271 4272 4191
f 4191 4272 4273 4192
f 4192 4273 4274 4193
f 4193 4274 4275 4194
usemtl terrain_seabed
f 4194 4275 4276 4195
f 4195 4276 4277 4196
f 4196 4277 4278 4197
f 4197 4278 4279 4198
f 4198 4279 4280 4199
f 4199 4280 4281 4200
f 4200 4281 4282 4201
f 4201 4282 4283 4202
f 4202 4283 4284 4203
f 4203 4284 4285 4204
f 4204 4285 4286 4205
f 4205 4286 4287 4206
f 4206 4287 4288 4207
f 4207 4288 4289 4208
f 4208 4289 4290 4209
f 4209 4290 4291 4210
f 4210 4291 4292 4211
f 4211 4292 4293 4212
f 4213 4294 4295 4214
f 4214 4295 4296 4215
f 4215 4296 4297 4216
f 4216 4297 4298 4217
f 4217 4298 4299 4218
f 4218 4299 4300 4219
f 4219 4300 4301 4220
f 4220 4301 4302 4221
f 4221 4302 4303 4222
f 4222 4303 4304 4223
f 4223 4304 4305 4224
f 4224 4305 4306 4225
f 4225 4306 4307 4226
f 4226 4307 4308 4227
f 4227 4308 4309 4228
usemtl terrain_grass
f 4228 4309 4310 4229
f 4229 4310 4311 4230
usemtl terrain_sand
f 4230 4311 4312 4231
f 4231 4312 4313 4232
f 4232 4313 4314 4233
f 4233 4314 4315 4234
f 4234 4315 4316 4235
f 4235 4316 4317 4236
f 4236 4317 4318 4237
f 4237 4318 4319 4238
f 4238 4319 4320 4239
f 4239 4320 4321 4240
usemtl terrain_rock_face
f 4240 4321 4322 4241
f 4241 4322 4323 4242
f 4242 4323 4324 4243
f 4243 4324 4325 4244
f 4244 4325 4326 4245
f 4245 4326 4327 4246
f 4246 4327 4328 4247
f 4247 4328 4329 4248
f 4248 4329 4330 4249
f 4249 4330 4331 4250
f 4250 4331 4332 4251
f 4251 4332 4333 4252
f 4252 4333 4334 4253
f 4253 4334 4335 4254
f 4254 4335 4336 4255
f 4255 4336 4337 4256
f 4256 4337 4338 4257
f 4257 4338 4339 4258
f 4258 4339 4340 4259
f 4259 4340 4341 4260
f 4260 4341 4342 4261
f 4261 4342 4343 4262
f 4262 4343 4344 4263
f 4263 4344 4345 4264
f 4264 4345 4346 4265
f 4265 4346 4347 4266
f 4266 4347 4348 4267
f 4267 4348 4349 4268
f 4268 4349 4350 4269
f 4269 4350 4351 4270
usemtl terrain_grass
f 4270 4351 4352 4271
f 4271 4352 4353 4272
f 4272 4353 4354 4273
f 4273 4354 4355 4274
f 4274 4355 4356 4275
f 4275 4356 4357 4276
usemtl terrain_seabed
f 4276 4357 4358 4277
f 4277 4358 4359 4278
f 4278 4359 4360 4279
f 4279 4360 4361 4280
f 4280 4361 4362 4281
f 4281 4362 4363 4282
f 4282 4363 4364 4283
f 4283 4364 4365 4284
f 4284 4365 4366 4285
f 4285 4366 4367 4286
f 4286 4367 4368 4287
f 4287 4368 4369 4288
f 4288 4369 4370 4289
f 4289 4370 4371 4290
f 4290 4371 4372 4291
f 4291 4372 4373 4292
f 4292 4373 4374 4293
f 4294 4375 4376 4295
f 4295 4376 4377 4296
f 4296 4377 4378 4297
f 4297 4378 4379 4298
f 4298 4379 4380 4299
f 4299 4380 4381 4300
f 4300 4381 4382 4301
f 4301 4382 4383 4302
f 4302 4383 4384 4303
f 4303 4384 4385 4304
f 4304 4385 4386 4305
f 4305 4386 4387 4306
f 4306 4387 4388 4307
f 4307 4388 4389 4308
f 4308 4389 4390 4309
f 4309 4390 4391 4310
usemtl terrain_grass
f 4310 4391 4392 4311
usemtl terrain_sand
f 4311 4392 4393 4312
f 4312 4393 4394 4313
f 4313 4394 4395 4314
f 4314 4395 4396 4315
f 4315 4396 4397 4316
f 4316 4397 4398 4317
f 4317 4398 4399 4318
f 4318 4399 4400 4319
f 4319 4400 4401 4320
f 4320 4401 4402 4321
f 4321 4402 4403 4322
usemtl terrain_rock_face
f 4322 4403 4404 4323
f 4323 4404 4405 4324
f 4324 4405 4406 4325
f 4325 4406 4407 4326
f 4326 4407 4408 4327
f 4327 4408 4409 4328
f 4328 4409 4410 4329
f 4329 4410 4411 4330
f 4330 4411 4412 4331
f 4331 4412 4413 4332
f 4332 4413 4414 4333
f 4333 4414 4415 4334
f 4334 4415 4416 4335
f 4335 4416 4417 4336
f 4336 4417 4418 4337
f 4337 4418 4419 4338
f 4338 4419 4420 4339
f 4339 4420 4421 4340
f 4340 4421 4422 4341
f 4341 4422 4423 4342
f 4342 4423 4424 4343
f 4343 4424 4425 4344
f 4344 4425 4426 4345
f 4345 4426 4427 4346
f 4346 4427 4428 4347
f 4347 4428 4429 4348
f 4348 4429 4430 4349
f 4349 4430 4431 4350
f 4350 4431 4432 4351
f 4351 4432 4433 4352
usemtl terrain_grass
f 4352 4433 4434 4353
f 4353 4434 4435 4354
f 4354 4435 4436 4355
f 4355 4436 4437 4356
f 4356 4437 4438 4357
f 4357 4438 4439 4358
usemtl terrain_seabed
f 4358 4439 4440 4359
f 4359 4440 4441 4360
f 4360 4441 4442 4361
f 4361 4442 4443 4362
f 4362 4443 4444 4363
f 4363 4444 4445 4364
f 4364 4445 4446 4365
f 4365 4446 4447 4366
f 4366 4447 4448 4367
f 4367 4448 4449 4368
f 4368 4449 4450 4369
f 4369 4450 4451 4370
f 4370 4451 4452 4371
f 4371 4452 4453 4372
f 4372 4453 4454 4373
f 4373 4454 4455 4374
f 4375 4456 4457 4376
f 4376 4457 4458 4377
f 4377 4458 4459 4378
f 4378 4459 4460 4379
f 4379 4460 4461 4380
f 4380 4461 4462 4381
f 4381 4462 4463 4382
f 4382 4463 4464 4383
f 4383 4464 4465 4384
f 4384 4465 4466 4385
f 4385 4466 4467 4386
f 4386 4467 4468 4387
f 4387 4468 4469 4388
f 4388 4469 4470 4389
f 4389 4470 4471 4390
f 4390 4471 4472 4391
usemtl terrain_grass
f 4391 4472 4473 4392
f 4392 4473 4474 4393
usemtl terrain_sand
f 4393 4474 4475 4394
f 4394 4475 4476 4395
f 4395 4476 4477 4396
f 4396 4477 4478 4397
f 4397 4478 4479 4398
f 4398 4479 4480 4399
f 4399 4480 4481 4400
f 4400 4481 4482 4401
f 4401 4482 4483 4402
f 4402 4483 4484 4403
usemtl terrain_rock_face
f 4403 4484 4485 4404
f 4404 4485 4486 4405
f 4405 4486 4487 4406
f 4406 4487 4488 4407
f 4407 4488 4489 4408
f 4408 4489 4490 4409
f 4409 4490 4491 4410
f 4410 4491 4492 4411
f 4411 4492 4493 4412
f 4412 4493 4494 4413
f 4413 4494 4495 4414
f 4414 4495 4496 4415
f 4415 4496 4497 4416
f 4416 4497 4498 4417
f 4417 4498 4499 4418
f 4418 4499 4500 4419
f 4419 4500 4501 4420
f 4420 4501 4502 4421
f 4421 4502 4503 4422
f 4422 4503 4504 4423
f 4423 4504 4505 4424
f 4424 4505 4506 4425
f 4425 4506 4507 4426
f 4426 4507 4508 4427
f 4427 4508 4509 4428
f 4428 4509 4510 4429
f 4429 4510 4511 4430
f 4430 4511 4512 4431
f 4431 4512 4513 4432
f 4432 4513 4514 4433
f 4433 4514 4515 4434
usemtl terrain_grass
f 4434 4515 4516 4435
f 4435 4516 4517 4436
f 4436 4517 4518 4437
f 4437 4518 4519 4438
f 4438 4519 4520 4439
f 4439 4520 4521 4440
f 4440 4521 4522 4441
usemtl terrain_seabed
f 4441 4522 4523 4442
f 4442 4523 4524 4443
f 4443 4524 4525 4444
f 4444 4525 4526 4445
f 4445 4526 4527 4446
f 4446 4527 4528 4447
f 4447 4528 4529 4448
f 4448 4529 4530 4449
f 4449 4530 4531 4450
f 4450 4531 4532 4451
f 4451 4532 4533 4452
f 4452 4533 4534 4453
f 4453 4534 4535 4454
f 4454 4535 4536 4455
f 4456 4537 4538 4457
f 4457 4538 4539 4458
f 4458 4539 4540 4459
f 4459 4540 4541 4460
f 4460 4541 4542 4461
f 4461 4542 4543 4462
f 4462 4543 4544 4463
f 4463 4544 4545 4464
f 4464 4545 4546 4465
f 4465 4546 4547 4466
f 4466 4547 4548 4467
f 4467 4548 4549 4468
f 4468 4549 4550 4469
f 4469 4550 4551 4470
f 4470 4551 4552 4471
f 4471 4552 4553 4472
f 4472 4553 4554 4473
usemtl terrain_grass
f 4473 4554 4555 4474
f 4474 4555 4556 4475
usemtl terrain_sand
f 4475 4556 4557 4476
f 4476 4557 4558 4477
f 4477 4558 4559 4478
f 4478 4559 4560 4479
f 4479 4560 4561 4480
f 4480 4561 4562 4481
f 4481 4562 4563 4482
usemtl terrain_rock_face
f 4482 4563 4564 4483
f 4483 4564 4565 4484
f 4484 4565 4566 4485
f 4485 4566 4567 4486
f 4486 4567 4568 4487
f 4487 4568 4569 4488
f 4488 4569 4570 4489
f 4489 4570 4571 4490
f 4490 4571 4572 4491
f 4491 4572 4573 4492
f 4492 4573 4574 4493
f 4493 4574 4575 4494
f 4494 4575 4576 4495
f 4495 4576 4577 4496
f 4496 4577 4578 4497
f 4497 4578 4579 4498
f 4498 4579 4580 4499
f 4499 4580 4581 4500
f 4500 4581 4582 4501
f 4501 4582 4583 4502
f 4502 4583 4584 4503
f 4503 4584 4585 4504
f 4504 4585 4586 4505
f 4505 4586 4587 4506
f 4506 4587 4588 4507
f 4507 4588 4589 4508
f 4508 4589 4590 4509
f 4509 4590 4591 4510
f 4510 4591 4592 4511
f 4511 4592 4593 4512
f 4512 4593 4594 4513
f 4513 4594 4595 4514
f 4514 4595 4596 4515
f 4515 4596 4597 4516
usemtl terrain_grass
f 4516 4597 4598 4517
f 4517 4598 4599 4518
f 4518 4599 4600 4519
f 4519 4600 4601 4520
f 4520 4601 4602 4521
f 4521 4602 4603 4522
f 4522 4603 4604 4523
usemtl terrain_seabed
f 4523 4604 4605 4524
f 4524 4605 4606 4525
f 4525 4606 4607 4526
f 4526 4607 4608 4527
f 4527 4608 4609 4528
f 4528 4609 4610 4529
f 4529 4610 4611 4530
f 4530 4611 4612 4531
f 4531 4612 4613 4532
f 4532 4613 4614 4533
f 4533 4614 4615 4534
f 4534 4615 4616 4535
f 4535 4616 4617 4536
f 4537 4618 4619 4538
f 4538 4619 4620 4539
f 4539 4620 4621 4540
f 4540 4621 4622 4541
f 4541 4622 4623 4542
f 4542 4623 4624 4543
f 4543 4624 4625 4544
f 4544 4625 4626 4545
f 4545 4626 4627 4546
f 4546 4627 4628 4547
f 4547 4628 4629 4548
f 4548 4629 4630 4549
f 4549 4630 4631 4550
f 4550 4631 4632 4551
f 4551 4632 4633 4552
f 4552 4633 4634 4553
f 4553 4634 4635 4554
f 4554 4635 4636 4555
usemtl terrain_grass
f 4555 4636 4637 4556
usemtl terrain_sand
f 4556 4637 4638 4557
f 4557 4638 4639 4558
f 4558 4639 4640 4559
f 4559 4640 4641 4560
f 4560 4641 4642 4561
usemtl terrain_grass
f 4561 4642 4643 4562
usemtl terrain_rock_face
f 4562 4643 4644 4563
f 4563 4644 4645 4564
f 4564 4645 4646 4565
f 4565 4646 4647 4566
f 4566 4647 4648 4567
f 4567 4648 4649 4568
f 4568 4649 4650 4569
f 4569 4650 4651 4570
f 4570 4651 4652 4571
f 4571 4652 4653 4572
f 4572 4653 4654 4573
f 4573 4654 4655 4574
f 4574 4655 4656 4575
f 4575 4656 4657 4576
f 4576 4657 4658 4577
f 4577 4658 4659 4578
f 4578 4659 4660 4579
f 4579 4660 4661 4580
f 4580 4661 4662 4581
f 4581 4662 4663 4582
f 4582 4663 4664 4583
f 4583 4664 4665 4584
f 4584 4665 4666 4585
f 4585 4666 4667 4586
f 4586 4667 4668 4587
f 4587 4668 4669 4588
f 4588 4669 4670 4589
f 4589 4670 4671 4590
f 4590 4671 4672 4591
f 4591 4672 4673 4592
f 4592 4673 4674 4593
f 4593 4674 4675 4594
f 4594 4675 4676 4595
f 4595 4676 4677 4596
f 4596 4677 4678 4597
usemtl terrain_grass
f 4597 4678 4679 4598
f 4598 4679 4680 4599
f 4599 4680 4681 4600
f 4600 4681 4682 4601
f 4601 4682 4683 4602
f 4602 4683 4684 4603
f 4603 4684 4685 4604
usemtl terrain_seabed
f 4604 4685 4686 4605
f 4605 4686 4687 4606
f 4606 4687 4688 4607
f 4607 4688 4689 4608
f 4608 4689 4690 4609
f 4609 4690 4691 4610
f 4610 4691 4692 4611
f 4611 4692 4693 4612
f 4612 4693 4694 4613
f 4613 4694 4695 4614
f 4614 4695 4696 4615
f 4615 4696 4697 4616
f 4616 4697 4698 4617
f 4618 4699 4700 4619
f 4619 4700 4701 4620
f 4620 4701 4702 4621
f 4621 4702 4703 4622
f 4622 4703 4704 4623
f 4623 4704 4705 4624
f 4624 4705 4706 4625
f 4625 4706 4707 4626
f 4626 4707 4708 4627
f 4627 4708 4709 4628
f 4628 4709 4710 4629
f 4629 4710 4711 4630
f 4630 4711 4712 4631
f 4631 4712 4713 4632
f 4632 4713 4714 4633
f 4633 4714 4715 4634
f 4634 4715 4716 4635
f 4635 4716 4717 4636
usemtl terrain_grass
f 4636 4717 4718 4637
usemtl terrain_sand
f 4637 4718 4719 4638
f 4638 4719 4720 4639
f 4639 4720 4721 4640
usemtl terrain_grass
f 4640 4721 4722 4641
f 4641 4722 4723 4642
f 4642 4723 4724 4643
usemtl terrain_rock_face
f 4643 4724 4725 4644
f 4644 4725 4726 4645
f 4645 4726 4727 4646
f 4646 4727 4728 4647
f 4647 4728 4729 4648
f 4648 4729 4730 4649
f 4649 4730 4731 4650
f 4650 4731 4732 4651
f 4651 4732 4733 4652
f 4652 4733 4734 4653
f 4653 4734 4735 4654
f 4654 4735 4736 4655
f 4655 4736 4737 4656
f 4656 4737 4738 4657
f 4657 4738 4739 4658
f 4658 4739 4740 4659
f 4659 4740 4741 4660
f 4660 4741 4742 4661
f 4661 4742 4743 4662
f 4662 4743 4744 4663
f 4663 4744 4745 4664
f 4664 4745 4746 4665
f 4665 4746 4747 4666
f 4666 4747 4748 4667
f 4667 4748 4749 4668
f 4668 4749 4750 4669
f 4669 4750 4751 4670
f 4670 4751 4752 4671
f 4671 4752 4753 4672
f 4672 4753 4754 4673
f 4673 4754 4755 4674
f 4674 4755 4756 4675
f 4675 4756 4757 4676
f 4676 4757 4758 4677
f 4677 4758 4759 4678
usemtl terrain_grass
f 4678 4759 4760 4679
f 4679 4760 4761 4680
f 4680 4761 4762 4681
f 4681 4762 4763 4682
f 4682 4763 4764 4683
f 4683 4764 4765 4684
f 4684 4765 4766 4685
f 4685 4766 4767 4686
usemtl terrain_seabed
f 4686 4767 4768 4687
f 4687 4768 4769 4688
f 4688 4769 4770 4689
f 4689 4770 4771 4690
f 4690 4771 4772 4691
f 4691 4772 4773 4692
f 4692 4773 4774 4693
f 4693 4774 4775 4694
f 4694 4775 4776 4695
f 4695 4776 4777 4696
f 4696 4777 4778 4697
f 4697 4778 4779 4698
f 4699 4780 4781 4700
f 4700 4781 4782 4701
f 4701 4782 4783 4702
f 4702 4783 4784 4703
f 4703 4784 4785 4704
f 4704 4785 4786 4705
f 4705 4786 4787 4706
f 4706 4787 4788 4707
f 4707 4788 4789 4708
f 4708 4789 4790 4709
f 4709 4790 4791 4710
f 4710 4791 4792 4711
f 4711 4792 4793 4712
f 4712 4793 4794 4713
f 4713 4794 4795 4714
f 4714 4795 4796 4715
f 4715 4796 4797 4716
f 4716 4797 4798 4717
usemtl terrain_grass
f 4717 4798 4799 4718
usemtl terrain_sand
f 4718 4799 4800 4719
f 4719 4800 4801 4720
usemtl terrain_grass
f 4720 4801 4802 4721
f 4721 4802 4803 4722
f 4722 4803 4804 4723
f 4723 4804 4805 4724
usemtl terrain_rock_face
f 4724 4805 4806 4725
f 4725 4806 4807 4726
f 4726 4807 4808 4727
f 4727 4808 4809 4728
f 4728 4809 4810 4729
f 4729 4810 4811 4730
f 4730 4811 4812 4731
f 4731 4812 4813 4732
f 4732 4813 4814 4733
f 4733 4814 4815 4734
f 4734 4815 4816 4735
f 4735 4816 4817 4736
f 4736 4817 4818 4737
f 4737 4818 4819 4738
f 4738 4819 4820 4739
f 4739 4820 4821 4740
f 4740 4821 4822 4741
f 4741 4822 4823 4742
f 4742 4823 4824 4743
f 4743 4824 4825 4744
f 4744 4825 4826 4745
f 4745 4826 4827 4746
f 4746 4827 4828 4747
f 4747 4828 4829 4748
f 4748 4829 4830 4749
f 4749 4830 4831 4750
f 4750 4831 4832 4751
f 4751 4832 4833 4752
f 4752 4833 4834 4753
f 4753 4834 4835 4754
f 4754 4835 4836 4755
f 4755 4836 4837 4756
f 4756 4837 4838 4757
f 4757 4838 4839 4758
f 4758 4839 4840 4759
usemtl terrain_grass
f 4759 4840 4841 4760
f 4760 4841 4842 4761
f 4761 4842 4843 4762
f 4762 4843 4844 4763
f 4763 4844 4845 4764
f 4764 4845 4846 4765
f 4765 4846 4847 4766
f 4766 4847 4848 4767
f 4767 4848 4849 4768
usemtl terrain_seabed
f 4768 4849 4850 4769
f 4769 4850 4851 4770
f 4770 4851 4852 4771
f 4771 4852 4853 4772
f 4772 4853 4854 4773
f 4773 4854 4855 4774
f 4774 4855 4856 4775
f 4775 4856 4857 4776
f 4776 4857 4858 4777
f 4777 4858 4859 4778
f 4778 4859 4860 4779
f 4780 4861 4862 4781
f 4781 4862 4863 4782
f 4782 4863 4864 4783
f 4783 4864 4865 4784
f 4784 4865 4866 4785
f 4785 4866 4867 4786
f 4786 4867 4868 4787
f 4787 4868 4869 4788
f 4788 4869 4870 4789
f 4789 4870 4871 4790
f 4790 4871 4872 4791
f 4791 4872 4873 4792
f 4792 4873 4874 4793
f 4793 4874 4875 4794
f 4794 4875 4876 4795
f 4795 4876 4877 4796
f 4796 4877 4878 4797
f 4797 4878 4879 4798
usemtl terrain_grass
f 4798 4879 4880 4799
f 4799 4880 4881 4800
f 4800 4881 4882 4801
f 4801 4882 4883 4802
f 4802 4883 4884 4803
f 4803 4884 4885 4804
f 4804 4885 4886 4805
usemtl terrain_rock_face
f 4805 4886 4887 4806
f 4806 4887 4888 4807
f 4807 4888 4889 4808
f 4808 4889 4890 4809
f 4809 4890 4891 4810
f 4810 4891 4892 4811
f 4811 4892 4893 4812
f 4812 4893 4894 4813
f 4813 4894 4895 4814
f 4814 4895 4896 4815
f 4815 4896 4897 4816
f 4816 4897 4898 4817
f 4817 4898 4899 4818
f 4818 4899 4900 4819
f 4819 4900 4901 4820
f 4820 4901 4902 4821
f 4821 4902 4903 4822
f 4822 4903 4904 4823
f 4823 4904 4905 4824
f 4824 4905 4906 4825
f 4825 4906 4907 4826
f 4826 4907 4908 4827
f 4827 4908 4909 4828
f 4828 4909 4910 4829
f 4829 4910 4911 4830
f 4830 4911 4912 4831
f 4831 4912 4913 4832
f 4832 4913 4914 4833
f 4833 4914 4915 4834
f 4834 4915 4916 4835
f 4835 4916 4917 4836
f 4836 4917 4918 4837
f 4837 4918 4919 4838
f 4838 4919 4920 4839
usemtl terrain_grass
f 4839 4920 4921 4840
f 4840 4921 4922 4841
f 4841 4922 4923 4842
f 4842 4923 4924 4843
f 4843 4924 4925 4844
f 4844 4925 4926 4845
f 4845 4926 4927 4846
f 4846 4927 4928 4847
f 4847 4928 4929 4848
f 4848 4929 4930 4849
usemtl terrain_seabed
f 4849 4930 4931 4850
f 4850 4931 4932 4851
f 4851 4932 4933 4852
f 4852 4933 4934 4853
f 4853 4934 4935 4854
f 4854 4935 4936 4855
f 4855 4936 4937 4856
f 4856 4937 4938 4857
f 4857 4938 4939 4858
f 4858 4939 4940 4859
f 4859 4940 4941 4860
f 4861 4942 4943 4862
f 4862 4943 4944 4863
f 4863 4944 4945 4864
f 4864 4945 4946 4865
f 4865 4946 4947 4866
f 4866 4947 4948 4867
f 4867 4948 4949 4868
f 4868 4949 4950 4869
f 4869 4950 4951 4870
f 4870 4951 4952 4871
f 4871 4952 4953 4872
f 4872 4953 4954 4873
f 4873 4954 4955 4874
f 4874 4955 4956 4875
f 4875 4956 4957 4876
f 4876 4957 4958 4877
f 4877 4958 4959 4878
f 4878 4959 4960 4879
usemtl terrain_grass
f 4879 4960 4961 4880
f 4880 4961 4962 4881
f 4881 4962 4963 4882
f 4882 4963 4964 4883
f 4883 4964 4965 4884
f 4884 4965 4966 4885
f 4885 4966 4967 4886
usemtl terrain_rock_face
f 4886 4967 4968 4887
f 4887 4968 4969 4888
f 4888 4969 4970 4889
f 4889 4970 4971 4890
f 4890 4971 4972 4891
f 4891 4972 4973 4892
f 4892 4973 4974 4893
f 4893 4974 4975 4894
f 4894 4975 4976 4895
f 4895 4976 4977 4896
f 4896 4977 4978 4897
f 4897 4978 4979 4898
f 4898 4979 4980 4899
f 4899 4980 4981 4900
f 4900 4981 4982 4901
f 4901 4982 4983 4902
f 4902 4983 4984 4903
f 4903 4984 4985 4904
f 4904 4985 4986 4905
f 4905 4986 4987 4906
f 4906 4987 4988 4907
f 4907 4988 4989 4908
f 4908 4989 4990 4909
f 4909 4990 4991 4910
f 4910 4991 4992 4911
f 4911 4992 4993 4912
f 4912 4993 4994 4913
f 4913 4994 4995 4914
f 4914 4995 4996 4915
f 4915 4996 4997 4916
f 4916 4997 4998 4917
f 4917 4998 4999 4918
f 4918 4999 5000 4919
usemtl terrain_grass
f 4919 5000 5001 4920
f 4920 5001 5002 4921
f 4921 5002 5003 4922
f 4922 5003 5004 4923
f 4923 5004 5005 4924
f 4924 5005 5006 4925
f 4925 5006 5007 4926
f 4926 5007 5008 4927
f 4927 5008 5009 4928
f 4928 5009 5010 4929
f 4929 5010 5011 4930
usemtl terrain_seabed
f 4930 5011 5012 4931
f 4931 5012 5013 4932
f 4932 5013 5014 4933
f 4933 5014 5015 4934
f 4934 5015 5016 4935
f 4935 5016 5017 4936
f 4936 5017 5018 4937
f 4937 5018 5019 4938
f 4938 5019 5020 4939
f 4939 5020 5021 4940
f 4940 5021 5022 4941
f 4942 5023 5024 4943
f 4943 5024 5025 4944
f 4944 5025 5026 4945
f 4945 5026 5027 4946
f 4946 5027 5028 4947
f 4947 5028 5029 4948
f 4948 5029 5030 4949
f 4949 5030 5031 4950
f 4950 5031 5032 4951
f 4951 5032 5033 4952
f 4952 5033 5034 4953
f 4953 5034 5035 4954
f 4954 5035 5036 4955
f 4955 5036 5037 4956
f 4956 5037 5038 4957
f 4957 5038 5039 4958
f 4958 5039 5040 4959
f 4959 5040 5041 4960
usemtl terrain_grass
f 4960 5041 5042 4961
f 4961 5042 5043 4962
f 4962 5043 5044 4963
f 4963 5044 5045 4964
f 4964 5045 5046 4965
f 4965 5046 5047 4966
f 4966 5047 5048 4967
f 4967 5048 5049 4968
usemtl terrain_rock_face
f 4968 5049 5050 4969
f 4969 5050 5051 4970
f 4970 5051 5052 4971
f 4971 5052 5053 4972
f 4972 5053 5054 4973
f 4973 5054 5055 4974
f 4974 5055 5056 4975
f 4975 5056 5057 4976
f 4976 5057 5058 4977
f 4977 5058 5059 4978
f 4978 5059 5060 4979
f 4979 5060 5061 4980
f 4980 5061 5062 4981
f 4981 5062 5063 4982
f 4982 5063 5064 4983
f 4983 5064 5065 4984
f 4984 5065 5066 4985
f 4985 5066 5067 4986
f 4986 5067 5068 4987
f 4987 5068 5069 4988
f 4988 5069 5070 4989
f 4989 5070 5071 4990
f 4990 5071 5072 4991
f 4991 5072 5073 4992
f 4992 5073 5074 4993
f 4993 5074 5075 4994
f 4994 5075 5076 4995
f 4995 5076 5077 4996
f 4996 5077 5078 4997
f 4997 5078 5079 4998
usemtl terrain_grass
f 4998 5079 5080 4999
f 4999 5080 5081 5000
f 5000 5081 5082 5001
f 5001 5082 5083 5002
f 5002 5083 5084 5003
f 5003 5084 5085 5004
f 5004 5085 5086 5005
f 5005 5086 5087 5006
f 5006 5087 5088 5007
f 5007 5088 5089 5008
f 5008 5089 5090 5009
f 5009 5090 5091 5010
f 5010 5091 5092 5011
usemtl terrain_seabed
f 5011 5092 5093 5012
f 5012 5093 5094 5013
f 5013 5094 5095 5014
f 5014 5095 5096 5015
f 5015 5096 5097 5016
f 5016 5097 5098 5017
f 5017 5098 5099 5018
f 5018 5099 5100 5019
f 5019 5100 5101 5020
f 5020 5101 5102 5021
f 5021 5102 5103 5022
f 5023 5104 5105 5024
f 5024 5105 5106 5025
f 5025 5106 5107 5026
f 5026 5107 5108 5027
f 5027 5108 5109 5028
f 5028 5109 5110 5029
f 5029 5110 5111 5030
f 5030 5111 5112 5031
f 5031 5112 5113 5032
f 5032 5113 5114 5033
f 5033 5114 5115 5034
f 5034 5115 5116 5035
f 5035 5116 5117 5036
f 5036 5117 5118 5037
f 5037 5118 5119 5038
f 5038 5119 5120 5039
f 5039 5120 5121 5040
f 5040 5121 5122 5041
usemtl terrain_grass
f 5041 5122 5123 5042
f 5042 5123 5124 5043
f 5043 5124 5125 5044
f 5044 5125 5126 5045
f 5045 5126 5127 5046
f 5046 5127 5128 5047
f 5047 5128 5129 5048
f 5048 5129 5130 5049
f 5049 5130 5131 5050
f 5050 5131 5132 5051
usemtl terrain_rock_face
f 5051 5132 5133 5052
f 5052 5133 5134 5053
f 5053 5134 5135 5054
f 5054 5135 5136 5055
f 5055 5136 5137 5056
f 5056 5137 5138 5057
f 5057 5138 5139 5058
f 5058 5139 5140 5059
f 5059 5140 5141 5060
f 5060 5141 5142 5061
f 5061 5142 5143 5062
f 5062 5143 5144 5063
f 5063 5144 5145 5064
f 5064 5145 5146 5065
f 5065 5146 5147 5066
f 5066 5147 5148 5067
f 5067 5148 5149 5068
f 5068 5149 5150 5069
f 5069 5150 5151 5070
f 5070 5151 5152 5071
f 5071 5152 5153 5072
f 5072 5153 5154 5073
f 5073 5154 5155 5074
f 5074 5155 5156 5075
f 5075 5156 5157 5076
f 5076 5157 5158 5077
f 5077 5158 5159 5078
usemtl terrain_grass
f 5078 5159 5160 5079
f 5079 5160 5161 5080
f 5080 5161 5162 5081
f 5081 5162 5163 5082
f 5082 5163 5164 5083
f 5083 5164 5165 5084
f 5084 5165 5166 5085
f 5085 5166 5167 5086
f 5086 5167 5168 5087
f 5087 5168 5169 5088
f 5088 5169 5170 5089
f 5089 5170 5171 5090
f 5090 5171 5172 5091
usemtl terrain_seabed
f 5091 5172 5173 5092
f 5092 5173 5174 5093
f 5093 5174 5175 5094
f 5094 5175 5176 5095
f 5095 5176 5177 5096
f 5096 5177 5178 5097
f 5097 5178 5179 5098
f 5098 5179 5180 5099
f 5099 5180 5181 5100
f 5100 5181 5182 5101
f 5101 5182 5183 5102
f 5102 5183 5184 5103
f 5104 5185 5186 5105
f 5105 5186 5187 5106
f 5106 5187 5188 5107
f 5107 5188 5189 5108
f 5108 5189 5190 5109
f 5109 5190 5191 5110
f 5110 5191 5192 5111
f 5111 5192 5193 5112
f 5112 5193 5194 5113
f 5113 5194 5195 5114
f 5114 5195 5196 5115
f 5115 5196 5197 5116
f 5116 5197 5198 5117
f 5117 5198 5199 5118
f 5118 5199 5200 5119
f 5119 5200 5201 5120
f 5120 5201 5202 5121
f 5121 5202 5203 5122
usemtl terrain_grass
f 5122 5203 5204 5123
f 5123 5204 5205 5124
f 5124 5205 5206 5125
f 5125 5206 5207 5126
f 5126 5207 5208 5127
f 5127 5208 5209 5128
f 5128 5209 5210 5129
f 5129 5210 5211 5130
f 5130 5211 5212 5131
f 5131 5212 5213 5132
f 5132 5213 5214 5133
usemtl terrain_rock_face
f 5133 5214 5215 5134
f 5134 5215 5216 5135
f 5135 5216 5217 5136
f 5136 5217 5218 5137
f 5137 5218 5219 5138
f 5138 5219 5220 5139
f 5139 5220 5221 5140
f 5140 5221 5222 5141
f 5141 5222 5223 5142
f 5142 5223 5224 5143
f 5143 5224 5225 5144
f 5144 5225 5226 5145
f 5145 5226 5227 5146
f 5146 5227 5228 5147
f 5147 5228 5229 5148
f 5148 5229 5230 5149
f 5149 5230 5231 5150
f 5150 5231 5232 5151
f 5151 5232 5233 5152
f 5152 5233 5234 5153
f 5153 5234 5235 5154
f 5154 5235 5236 5155
f 5155 5236 5237 5156
f 5156 5237 5238 5157
f 5157 5238 5239 5158
f 5158 5239 5240 5159
usemtl terrain_grass
f 5159 5240 5241 5160
f 5160 5241 5242 5161
f 5161 5242 5243 5162
f 5162 5243 5244 5163
f 5163 5244 5245 5164
f 5164 5245 5246 5165
f 5165 5246 5247 5166
f 5166 5247 5248 5167
f 5167 5248 5249 5168
f 5168 5249 5250 5169
f 5169 5250 5251 5170
f 5170 5251 5252 5171
f 5171 5252 5253 5172
usemtl terrain_seabed
f 5172 5253 5254 5173
f 5173 5254 5255 5174
f 5174 5255 5256 5175
f 5175 5256 5257 5176
f 5176 5257 5258 5177
f 5177 5258 5259 5178
f 5178 5259 5260 5179
f 5179 5260 5261 5180
f 5180 5261 5262 5181
f 5181 5262 5263 5182
f 5182 5263 5264 5183
f 5183 5264 5265 5184
f 5185 5266 5267 5186
f 5186 5267 5268 5187
f 5187 5268 5269 5188
f 5188 5269 5270 5189
f 5189 5270 5271 5190
f 5190 5271 5272 5191
f 5191 5272 5273 5192
f 5192 5273 5274 5193
f 5193 5274 5275 5194
f 5194 5275 5276 5195
f 5195 5276 5277 5196
f 5196 5277 5278 5197
f 5197 5278 5279 5198
f 5198 5279 5280 5199
f 5199 5280 5281 5200
f 5200 5281 5282 5201
f 5201 5282 5283 5202
f 5202 5283 5284 5203
usemtl terrain_grass
f 5203 5284 5285 5204
f 5204 5285 5286 5205
f 5205 5286 5287 5206
f 5206 5287 5288 5207
f 5207 5288 5289 5208
f 5208 5289 5290 5209
f 5209 5290 5291 5210
f 5210 5291 5292 5211
f 5211 5292 5293 5212
f 5212 5293 5294 5213
f 5213 5294 5295 5214
usemtl terrain_rock_face
f 5214 5295 5296 5215
f 5215 5296 5297 5216
f 5216 5297 5298 5217
f 5217 5298 5299 5218
f 5218 5299 5300 5219
f 5219 5300 5301 5220
f 5220 5301 5302 5221
f 5221 5302 5303 5222
f 5222 5303 5304 5223
f 5223 5304 5305 5224
f 5224 5305 5306 5225
f 5225 5306 5307 5226
f 5226 5307 5308 5227
f 5227 5308 5309 5228
f 5228 5309 5310 5229
f 5229 5310 5311 5230
f 5230 5311 5312 5231
f 5231 5312 5313 5232
f 5232 5313 5314 5233
f 5233 5314 5315 5234
f 5234 5315 5316 5235
f 5235 5316 5317 5236
f 5236 5317 5318 5237
f 5237 5318 5319 5238
f 5238 5319 5320 5239
usemtl terrain_grass
f 5239 5320 5321 5240
f 5240 5321 5322 5241
f 5241 5322 5323 5242
f 5242 5323 5324 5243
f 5243 5324 5325 5244
f 5244 5325 5326 5245
f 5245 5326 5327 5246
f 5246 5327 5328 5247
f 5247 5328 5329 5248
f 5248 5329 5330 5249
f 5249 5330 5331 5250
f 5250 5331 5332 5251
f 5251 5332 5333 5252
usemtl terrain_seabed
f 5252 5333 5334 5253
f 5253 5334 5335 5254
f 5254 5335 5336 5255
f 5255 5336 5337 5256
f 5256 5337 5338 5257
f 5257 5338 5339 5258
f 5258 5339 5340 5259
f 5259 5340 5341 5260
f 5260 5341 5342 5261
f 5261 5342 5343 5262
f 5262 5343 5344 5263
f 5263 5344 5345 5264
f 5264 5345 5346 5265
f 5266 5347 5348 5267
f 5267 5348 5349 5268
f 5268 5349 5350 5269
f 5269 5350 5351 5270
f 5270 5351 5352 5271
f 5271 5352 5353 5272
f 5272 5353 5354 5273
f 5273 5354 5355 5274
f 5274 5355 5356 5275
f 5275 5356 5357 5276
f 5276 5357 5358 5277
f 5277 5358 5359 5278
f 5278 5359 5360 5279
f 5279 5360 5361 5280
f 5280 5361 5362 5281
f 5281 5362 5363 5282
f 5282 5363 5364 5283
f 5283 5364 5365 5284
f 5284 5365 5366 5285
usemtl terrain_grass
f 5285 5366 5367 5286
f 5286 5367 5368 5287
f 5287 5368 5369 5288
f 5288 5369 5370 5289
f 5289 5370 5371 5290
f 5290 5371 5372 5291
f 5291 5372 5373 5292
f 5292 5373 5374 5293
f 5293 5374 5375 5294
f 5294 5375 5376 5295
usemtl terrain_rock_face
f 5295 5376 5377 5296
f 5296 5377 5378 5297
f 5297 5378 5379 5298
f 5298 5379 5380 5299
f 5299 5380 5381 5300
f 5300 5381 5382 5301
f 5301 5382 5383 5302
f 5302 5383 5384 5303
f 5303 5384 5385 5304
f 5304 5385 5386 5305
f 5305 5386 5387 5306
f 5306 5387 5388 5307
f 5307 5388 5389 5308
f 5308 5389 5390 5309
f 5309 5390 5391 5310
f 5310 5391 5392 5311
f 5311 5392 5393 5312
f 5312 5393 5394 5313
f 5313 5394 5395 5314
f 5314 5395 5396 5315
f 5315 5396 5397 5316
f 5316 5397 5398 5317
f 5317 5398 5399 5318
usemtl terrain_grass
f 5318 5399 5400 5319
f 5319 5400 5401 5320
f 5320 5401 5402 5321
f 5321 5402 5403 5322
f 5322 5403 5404 5323
f 5323 5404 5405 5324
f 5324 5405 5406 5325
f 5325 5406 5407 5326
f 5326 5407 5408 5327
f 5327 5408 5409 5328
f 5328 5409 5410 5329
f 5329 5410 5411 5330
f 5330 5411 5412 5331
usemtl terrain_seabed
f 5331 5412 5413 5332
f 5332 5413 5414 5333
f 5333 5414 5415 5334
f 5334 5415 5416 5335
f 5335 5416 5417 5336
f 5336 5417 5418 5337
f 5337 5418 5419 5338
f 5338 5419 5420 5339
f 5339 5420 5421 5340
f 5340 5421 5422 5341
f 5341 5422 5423 5342
f 5342 5423 5424 5343
f 5343 5424 5425 5344
f 5344 5425 5426 5345
f 5345 5426 5427 5346
f 5347 5428 5429 5348
f 5348 5429 5430 5349
f 5349 5430 5431 5350
f 5350 5431 5432 5351
f 5351 5432 5433 5352
f 5352 5433 5434 5353
f 5353 5434 5435 5354
f 5354 5435 5436 5355
f 5355 5436 5437 5356
f 5356 5437 5438 5357
f 5357 5438 5439 5358
f 5358 5439 5440 5359
f 5359 5440 5441 5360
f 5360 5441 5442 5361
f 5361 5442 5443 5362
f 5362 5443 5444 5363
f 5363 5444 5445 5364
f 5364 5445 5446 5365
f 5365 5446 5447 5366
f 5366 5447 5448 5367
usemtl terrain_grass
f 5367 5448 5449 5368
f 5368 5449 5450 5369
f 5369 5450 5451 5370
f 5370 5451 5452 5371
f 5371 5452 5453 5372
f 5372 5453 5454 5373
f 5373 5454 5455 5374
f 5374 5455 5456 5375
f 5375 5456 5457 5376
f 5376 5457 5458 5377
usemtl terrain_rock_face
f 5377 5458 5459 5378
f 5378 5459 5460 5379
f 5379 5460 5461 5380
f 5380 5461 5462 5381
f 5381 5462 5463 5382
f 5382 5463 5464 5383
f 5383 5464 5465 5384
f 5384 5465 5466 5385
f 5385 5466 5467 5386
f 5386 5467 5468 5387
f 5387 5468 5469 5388
f 5388 5469 5470 5389
f 5389 5470 5471 5390
f 5390 5471 5472 5391
f 5391 5472 5473 5392
f 5392 5473 5474 5393
f 5393 5474 5475 5394
f 5394 5475 5476 5395
f 5395 5476 5477 5396
f 5396 5477 5478 5397
f 5397 5478 5479 5398
usemtl terrain_grass
f 5398 5479 5480 5399
f 5399 5480 5481 5400
f 5400 5481 5482 5401
f 5401 5482 5483 5402
f 5402 5483 5484 5403
f 5403 5484 5485 5404
f 5404 5485 5486 5405
f 5405 5486 5487 5406
f 5406 5487 5488 5407
f 5407 5488 5489 5408
f 5408 5489 5490 5409
f 5409 5490 5491 5410
f 5410 5491 5492 5411
usemtl terrain_seabed
f 5411 5492 5493 5412
f 5412 5493 5494 5413
f 5413 5494 5495 5414
f 5414 5495 5496 5415
f 5415 5496 5497 5416
f 5416 5497 5498 5417
f 5417 5498 5499 5418
f 5418 5499 5500 5419
f 5419 5500 5501 5420
f 5420 5501 5502 5421
f 5421 5502 5503 5422
f 5422 5503 5504 5423
f 5423 5504 5505 5424
f 5424 5505 5506 5425
f 5425 5506 5507 5426
f 5426 5507 5508 5427
f 5428 5509 5510 5429
f 5429 5510 5511 5430
f 5430 5511 5512 5431
f 5431 5512 5513 5432
f 5432 5513 5514 5433
f 5433 5514 5515 5434
f 5434 5515 5516 5435
f 5435 5516 5517 5436
f 5436 5517 5518 5437
f 5437 5518 5519 5438
f 5438 5519 5520 5439
f 5439 5520 5521 5440
f 5440 5521 5522 5441
f 5441 5522 5523 5442
f 5442 5523 5524 5443
f 5443 5524 5525 5444
f 5444 5525 5526 5445
f 5445 5526 5527 5446
f 5446 5527 5528 5447
f 5447 5528 5529 5448
f 5448 5529 5530 5449
usemtl terrain_grass
f 5449 5530 5531 5450
f 5450 5531 5532 5451
f 5451 5532 5533 5452
f 5452 5533 5534 5453
f 5453 5534 5535 5454
f 5454 5535 5536 5455
f 5455 5536 5537 5456
f 5456 5537 5538 5457
f 5457 5538 5539 5458
usemtl terrain_rock_face
f 5458 5539 5540 5459
f 5459 5540 5541 5460
f 5460 5541 5542 5461
f 5461 5542 5543 5462
f 5462 5543 5544 5463
f 5463 5544 5545 5464
f 5464 5545 5546 5465
f 5465 5546 5547 5466
f 5466 5547 5548 5467
f 5467 5548 5549 5468
f 5468 5549 5550 5469
f 5469 5550 5551 5470
f 5470 5551 5552 5471
f 5471 5552 5553 5472
f 5472 5553 5554 5473
f 5473 5554 5555 5474
f 5474 5555 5556 5475
f 5475 5556 5557 5476
f 5476 5557 5558 5477
f 5477 5558 5559 5478
usemtl terrain_grass
f 5478 5559 5560 5479
f 5479 5560 5561 5480
f 5480 5561 5562 5481
f 5481 5562 5563 5482
f 5482 5563 5564 5483
f 5483 5564 5565 5484
f 5484 5565 5566 5485
f 5485 5566 5567 5486
f 5486 5567 5568 5487
f 5487 5568 5569 5488
f 5488 5569 5570 5489
f 5489 5570 5571 5490
f 5490 5571 5572 5491
usemtl terrain_seabed
f 5491 5572 5573 5492
f 5492 5573 5574 5493
f 5493 5574 5575 5494
f 5494 5575 5576 5495
f 5495 5576 5577 5496
f 5496 5577 5578 5497
f 5497 5578 5579 5498
f 5498 5579 5580 5499
f 5499 5580 5581 5500
f 5500 5581 5582 5501
f 5501 5582 5583 5502
f 5502 5583 5584 5503
f 5503 5584 5585 5504
f 5504 5585 5586 5505
f 5505 5586 5587 5506
f 5506 5587 5588 5507
f 5507 5588 5589 5508
f 5509 5590 5591 5510
f 5510 5591 5592 5511
f 5511 5592 5593 5512
f 5512 5593 5594 5513
f 5513 5594 5595 5514
f 5514 5595 5596 5515
f 5515 5596 5597 5516
f 5516 5597 5598 5517
f 5517 5598 5599 5518
f 5518 5599 5600 5519
f 5519 5600 5601 5520
f 5520 5601 5602 5521
f 5521 5602 5603 5522
f 5522 5603 5604 5523
f 5523 5604 5605 5524
f 5524 5605 5606 5525
f 5525 5606 5607 5526
f 5526 5607 5608 5527
f 5527 5608 5609 5528
f 5528 5609 5610 5529
f 5529 5610 5611 5530
f 5530 5611 5612 5531
f 5531 5612 5613 5532
usemtl terrain_grass
f 5532 5613 5614 5533
f 5533 5614 5615 5534
f 5534 5615 5616 5535
f 5535 5616 5617 5536
f 5536 5617 5618 5537
f 5537 5618 5619 5538
f 5538 5619 5620 5539
f 5539 5620 5621 5540
usemtl terrain_rock_face
f 5540 5621 5622 5541
f 5541 5622 5623 5542
f 5542 5623 5624 5543
f 5543 5624 5625 5544
f 5544 5625 5626 5545
f 5545 5626 5627 5546
f 5546 5627 5628 5547
f 5547 5628 5629 5548
f 5548 5629 5630 5549
f 5549 5630 5631 5550
f 5550 5631 5632 5551
f 5551 5632 5633 5552
f 5552 5633 5634 5553
f 5553 5634 5635 5554
f 5554 5635 5636 5555
f 5555 5636 5637 5556
f 5556 5637 5638 5557
f 5557 5638 5639 5558
f 5558 5639 5640 5559
usemtl terrain_grass
f 5559 5640 5641 5560
f 5560 5641 5642 5561
f 5561 5642 5643 5562
f 5562 5643 5644 5563
f 5563 5644 5645 5564
f 5564 5645 5646 5565
f 5565 5646 5647 5566
f 5566 5647 5648 5567
f 5567 5648 5649 5568
f 5568 5649 5650 5569
f 5569 5650 5651 5570
f 5570 5651 5652 5571
usemtl terrain_seabed
f 5571 5652 5653 5572
f 5572 5653 5654 5573
f 5573 5654 5655 5574
f 5574 5655 5656 5575
f 5575 5656 5657 5576
f 5576 5657 5658 5577
f 5577 5658 5659 5578
f 5578 5659 5660 5579
f 5579 5660 5661 5580
f 5580 5661 5662 5581
f 5581 5662 5663 5582
f 5582 5663 5664 5583
f 5583 5664 5665 5584
f 5584 5665 5666 5585
f 5585 5666 5667 5586
f 5586 5667 5668 5587
f 5587 5668 5669 5588
f 5588 5669 5670 5589
f 5590 5671 5672 5591
f 5591 5672 5673 5592
f 5592 5673 5674 5593
f 5593 5674 5675 5594
f 5594 5675 5676 5595
f 5595 5676 5677 5596
f 5596 5677 5678 5597
f 5597 5678 5679 5598
f 5598 5679 5680 5599
f 5599 5680 5681 5600
f 5600 5681 5682 5601
f 5601 5682 5683 5602
f 5602 5683 5684 5603
f 5603 5684 5685 5604
f 5604 5685 5686 5605
f 5605 5686 5687 5606
f 5606 5687 5688 5607
f 5607 5688 5689 5608
f 5608 5689 5690 5609
f 5609 5690 5691 5610
f 5610 5691 5692 5611
f 5611 5692 5693 5612
f 5612 5693 5694 5613
f 5613 5694 5695 5614
usemtl terrain_grass
f 5614 5695 5696 5615
f 5615 5696 5697 5616
f 5616 5697 5698 5617
f 5617 5698 5699 5618
f 5618 5699 5700 5619
f 5619 5700 5701 5620
f 5620 5701 5702 5621
f 5621 5702 5703 5622
usemtl terrain_rock_face
f 5622 5703 5704 5623
f 5623 5704 5705 5624
f 5624 5705 5706 5625
f 5625 5706 5707 5626
f 5626 5707 5708 5627
f 5627 5708 5709 5628
f 5628 5709 5710 5629
f 5629 5710 5711 5630
f 5630 5711 5712 5631
f 5631 5712 5713 5632
f 5632 5713 5714 5633
f 5633 5714 5715 5634
f 5634 5715 5716 5635
f 5635 5716 5717 5636
f 5636 5717 5718 5637
f 5637 5718 5719 5638
f 5638 5719 5720 5639
f 5639 5720 5721 5640
usemtl terrain_grass
f 5640 5721 5722 5641
f 5641 5722 5723 5642
f 5642 5723 5724 5643
f 5643 5724 5725 5644
f 5644 5725 5726 5645
f 5645 5726 5727 5646
f 5646 5727 5728 5647
f 5647 5728 5729 5648
f 5648 5729 5730 5649
f 5649 5730 5731 5650
f 5650 5731 5732 5651
usemtl terrain_seabed
f 5651 5732 5733 5652
f 5652 5733 5734 5653
f 5653 5734 5735 5654
f 5654 5735 5736 5655
f 5655 5736 5737 5656
f 5656 5737 5738 5657
f 5657 5738 5739 5658
f 5658 5739 5740 5659
f 5659 5740 5741 5660
f 5660 5741 5742 5661
f 5661 5742 5743 5662
f 5662 5743 5744 5663
f 5663 5744 5745 5664
f 5664 5745 5746 5665
f 5665 5746 5747 5666
f 5666 5747 5748 5667
f 5667 5748 5749 5668
f 5668 5749 5750 5669
f 5669 5750 5751 5670
f 5671 5752 5753 5672
f 5672 5753 5754 5673
f 5673 5754 5755 5674
f 5674 5755 5756 5675
f 5675 5756 5757 5676
f 5676 5757 5758 5677
f 5677 5758 5759 5678
f 5678 5759 5760 5679
f 5679 5760 5761 5680
f 5680 5761 5762 5681
f 5681 5762 5763 5682
f 5682 5763 5764 5683
f 5683 5764 5765 5684
f 5684 5765 5766 5685
f 5685 5766 5767 5686
f 5686 5767 5768 5687
f 5687 5768 5769 5688
f 5688 5769 5770 5689
f 5689 5770 5771 5690
f 5690 5771 5772 5691
f 5691 5772 5773 5692
f 5692 5773 5774 5693
f 5693 5774 5775 5694
f 5694 5775 5776 5695
usemtl terrain_grass
f 5695 5776 5777 5696
f 5696 5777 5778 5697
f 5697 5778 5779 5698
f 5698 5779 5780 5699
f 5699 5780 5781 5700
f 5700 5781 5782 5701
f 5701 5782 5783 5702
f 5702 5783 5784 5703
f 5703 5784 5785 5704
usemtl terrain_rock_face
f 5704 5785 5786 5705
f 5705 5786 5787 5706
f 5706 5787 5788 5707
f 5707 5788 5789 5708
f 5708 5789 5790 5709
f 5709 5790 5791 5710
f 5710 5791 5792 5711
f 5711 5792 5793 5712
f 5712 5793 5794 5713
f 5713 5794 5795 5714
f 5714 5795 5796 5715
f 5715 5796 5797 5716
f 5716 5797 5798 5717
f 5717 5798 5799 5718
f 5718 5799 5800 5719
f 5719 5800 5801 5720
f 5720 5801 5802 5721
usemtl terrain_grass
f 5721 5802 5803 5722
f 5722 5803 5804 5723
f 5723 5804 5805 5724
f 5724 5805 5806 5725
f 5725 5806 5807 5726
f 5726 5807 5808 5727
f 5727 5808 5809 5728
f 5728 5809 5810 5729
f 5729 5810 5811 5730
f 5730 5811 5812 5731
usemtl terrain_seabed
f 5731 5812 5813 5732
f 5732 5813 5814 5733
f 5733 5814 5815 5734
f 5734 5815 5816 5735
f 5735 5816 5817 5736
f 5736 5817 5818 5737
f 5737 5818 5819 5738
f 5738 5819 5820 5739
f 5739 5820 5821 5740
f 5740 5821 5822 5741
f 5741 5822 5823 5742
f 5742 5823 5824 5743
f 5743 5824 5825 5744
f 5744 5825 5826 5745
f 5745 5826 5827 5746
f 5746 5827 5828 5747
f 5747 5828 5829 5748
f 5748 5829 5830 5749
f 5749 5830 5831 5750
f 5750 5831 5832 5751
f 5752 5833 5834 5753
f 5753 5834 5835 5754
f 5754 5835 5836 5755
f 5755 5836 5837 5756
f 5756 5837 5838 5757
f 5757 5838 5839 5758
f 5758 5839 5840 5759
f 5759 5840 5841 5760
f 5760 5841 5842 5761
f 5761 5842 5843 5762
f 5762 5843 5844 5763
f 5763 5844 5845 5764
f 5764 5845 5846 5765
f 5765 5846 5847 5766
f 5766 5847 5848 5767
f 5767 5848 5849 5768
f 5768 5849 5850 5769
f 5769 5850 5851 5770
f 5770 5851 5852 5771
f 5771 5852 5853 5772
f 5772 5853 5854 5773
f 5773 5854 5855 5774
f 5774 5855 5856 5775
f 5775 5856 5857 5776
usemtl terrain_grass
f 5776 5857 5858 5777
f 5777 5858 5859 5778
f 5778 5859 5860 5779
f 5779 5860 5861 5780
f 5780 5861 5862 5781
f 5781 5862 5863 5782
f 5782 5863 5864 5783
f 5783 5864 5865 5784
f 5784 5865 5866 5785
f 5785 5866 5867 5786
f 5786 5867 5868 5787
usemtl terrain_rock_face
f 5787 5868 5869 5788
f 5788 5869 5870 5789
f 5789 5870 5871 5790
f 5790 5871 5872 5791
f 5791 5872 5873 5792
f 5792 5873 5874 5793
f 5793 5874 5875 5794
f 5794 5875 5876 5795
f 5795 5876 5877 5796
f 5796 5877 5878 5797
f 5797 5878 5879 5798
f 5798 5879 5880 5799
f 5799 5880 5881 5800
f 5800 5881 5882 5801
f 5801 5882 5883 5802
usemtl terrain_grass
f 5802 5883 5884 5803
f 5803 5884 5885 5804
f 5804 5885 5886 5805
f 5805 5886 5887 5806
f 5806 5887 5888 5807
f 5807 5888 5889 5808
f 5808 5889 5890 5809
f 5809 5890 5891 5810
f 5810 5891 5892 5811
usemtl terrain_seabed
f 5811 5892 5893 5812
f 5812 5893 5894 5813
f 5813 5894 5895 5814
f 5814 5895 5896 5815
f 5815 5896 5897 5816
f 5816 5897 5898 5817
f 5817 5898 5899 5818
f 5818 5899 5900 5819
f 5819 5900 5901 5820
f 5820 5901 5902 5821
f 5821 5902 5903 5822
f 5822 5903 5904 5823
f 5823 5904 5905 5824
f 5824 5905 5906 5825
f 5825 5906 5907 5826
f 5826 5907 5908 5827
f 5827 5908 5909 5828
f 5828 5909 5910 5829
f 5829 5910 5911 5830
f 5830 5911 5912 5831
f 5831 5912 5913 5832
f 5833 5914 5915 5834
f 5834 5915 5916 5835
f 5835 5916 5917 5836
f 5836 5917 5918 5837
f 5837 5918 5919 5838
f 5838 5919 5920 5839
f 5839 5920 5921 5840
f 5840 5921 5922 5841
f 5841 5922 5923 5842
f 5842 5923 5924 5843
f 5843 5924 5925 5844
f 5844 5925 5926 5845
f 5845 5926 5927 5846
f 5846 5927 5928 5847
f 5847 5928 5929 5848
f 5848 5929 5930 5849
f 5849 5930 5931 5850
f 5850 5931 5932 5851
f 5851 5932 5933 5852
f 5852 5933 5934 5853
f 5853 5934 5935 5854
f 5854 5935 5936 5855
f 5855 5936 5937 5856
f 5856 5937 5938 5857
f 5857 5938 5939 5858
usemtl terrain_grass
f 5858 5939 5940 5859
f 5859 5940 5941 5860
f 5860 5941 5942 5861
f 5861 5942 5943 5862
f 5862 5943 5944 5863
f 5863 5944 5945 5864
f 5864 5945 5946 5865
f 5865 5946 5947 5866
f 5866 5947 5948 5867
f 5867 5948 5949 5868
usemtl terrain_rock_face
f 5868 5949 5950 5869
f 5869 5950 5951 5870
f 5870 5951 5952 5871
f 5871 5952 5953 5872
f 5872 5953 5954 5873
f 5873 5954 5955 5874
f 5874 5955 5956 5875
f 5875 5956 5957 5876
f 5876 5957 5958 5877
f 5877 5958 5959 5878
f 5878 5959 5960 5879
f 5879 5960 5961 5880
f 5880 5961 5962 5881
f 5881 5962 5963 5882
usemtl terrain_grass
f 5882 5963 5964 5883
f 5883 5964 5965 5884
f 5884 5965 5966 5885
f 5885 5966 5967 5886
f 5886 5967 5968 5887
f 5887 5968 5969 5888
f 5888 5969 5970 5889
f 5889 5970 5971 5890
f 5890 5971 5972 5891
usemtl terrain_seabed
f 5891 5972 5973 5892
f 5892 5973 5974 5893
f 5893 5974 5975 5894
f 5894 5975 5976 5895
f 5895 5976 5977 5896
f 5896 5977 5978 5897
f 5897 5978 5979 5898
f 5898 5979 5980 5899
f 5899 5980 5981 5900
f 5900 5981 5982 5901
f 5901 5982 5983 5902
f 5902 5983 5984 5903
f 5903 5984 5985 5904
f 5904 5985 5986 5905
f 5905 5986 5987 5906
f 5906 5987 5988 5907
f 5907 5988 5989 5908
f 5908 5989 5990 5909
f 5909 5990 5991 5910
f 5910 5991 5992 5911
f 5911 5992 5993 5912
f 5912 5993 5994 5913
f 5914 5995 5996 5915
f 5915 5996 5997 5916
f 5916 5997 5998 5917
f 5917 5998 5999 5918
f 5918 5999 6000 5919
f 5919 6000 6001 5920
f 5920 6001 6002 5921
f 5921 6002 6003 5922
f 5922 6003 6004 5923
f 5923 6004 6005 5924
f 5924 6005 6006 5925
f 5925 6006 6007 5926
f 5926 6007 6008 5927
f 5927 6008 6009 5928
f 5928 6009 6010 5929
f 5929 6010 6011 5930
f 5930 6011 6012 5931
f 5931 6012 6013 5932
f 5932 6013 6014 5933
f 5933 6014 6015 5934
f 5934 6015 6016 5935
f 5935 6016 6017 5936
f 5936 6017 6018 5937
f 5937 6018 6019 5938
f 5938 6019 6020 5939
usemtl terrain_grass
f 5939 6020 6021 5940
f 5940 6021 6022 5941
f 5941 6022 6023 5942
f 5942 6023 6024 5943
f 5943 6024 6025 5944
f 5944 6025 6026 5945
f 5945 6026 6027 5946
f 5946 6027 6028 5947
f 5947 6028 6029 5948
f 5948 6029 6030 5949
f 5949 6030 6031 5950
usemtl terrain_rock_face
f 5950 6031 6032 5951
f 5951 6032 6033 5952
f 5952 6033 6034 5953
f 5953 6034 6035 5954
f 5954 6035 6036 5955
f 5955 6036 6037 5956
f 5956 6037 6038 5957
f 5957 6038 6039 5958
f 5958 6039 6040 5959
f 5959 6040 6041 5960
f 5960 6041 6042 5961
f 5961 6042 6043 5962
f 5962 6043 6044 5963
usemtl terrain_grass
f 5963 6044 6045 5964
f 5964 6045 6046 5965
f 5965 6046 6047 5966
f 5966 6047 6048 5967
f 5967 6048 6049 5968
f 5968 6049 6050 5969
f 5969 6050 6051 5970
f 5970 6051 6052 5971
usemtl terrain_seabed
f 5971 6052 6053 5972
f 5972 6053 6054 5973
f 5973 6054 6055 5974
f 5974 6055 6056 5975
f 5975 6056 6057 5976
f 5976 6057 6058 5977
f 5977 6058 6059 5978
f 5978 6059 6060 5979
f 5979 6060 6061 5980
f 5980 6061 6062 5981
f 5981 6062 6063 5982
f 5982 6063 6064 5983
f 5983 6064 6065 5984
f 5984 6065 6066 5985
f 5985 6066 6067 5986
f 5986 6067 6068 5987
f 5987 6068 6069 5988
f 5988 6069 6070 5989
f 5989 6070 6071 5990
f 5990 6071 6072 5991
f 5991 6072 6073 5992
f 5992 6073 6074 5993
f 5993 6074 6075 5994
f 5995 6076 6077 5996
f 5996 6077 6078 5997
f 5997 6078 6079 5998
f 5998 6079 6080 5999
f 5999 6080 6081 6000
f 6000 6081 6082 6001
f 6001 6082 6083 6002
f 6002 6083 6084 6003
f 6003 6084 6085 6004
f 6004 6085 6086 6005
f 6005 6086 6087 6006
f 6006 6087 6088 6007
f 6007 6088 6089 6008
f 6008 6089 6090 6009
f 6009 6090 6091 6010
f 6010 6091 6092 6011
f 6011 6092 6093 6012
f 6012 6093 6094 6013
f 6013 6094 6095 6014
f 6014 6095 6096 6015
f 6015 6096 6097 6016
f 6016 6097 6098 6017
f 6017 6098 6099 6018
f 6018 6099 6100 6019
f 6019 6100 6101 6020
usemtl terrain_grass
f 6020 6101 6102 6021
f 6021 6102 6103 6022
f 6022 6103 6104 6023
f 6023 6104 6105 6024
f 6024 6105 6106 6025
f 6025 6106 6107 6026
f 6026 6107 6108 6027
f 6027 6108 6109 6028
f 6028 6109 6110 6029
f 6029 6110 6111 6030
f 6030 6111 6112 6031
f 6031 6112 6113 6032
usemtl terrain_rock_face
f 6032 6113 6114 6033
f 6033 6114 6115 6034
f 6034 6115 6116 6035
f 6035 6116 6117 6036
f 6036 6117 6118 6037
f 6037 6118 6119 6038
f 6038 6119 6120 6039
f 6039 6120 6121 6040
f 6040 6121 6122 6041
f 6041 6122 6123 6042
f 6042 6123 6124 6043
f 6043 6124 6125 6044
usemtl terrain_grass
f 6044 6125 6126 6045
f 6045 6126 6127 6046
f 6046 6127 6128 6047
f 6047 6128 6129 6048
f 6048 6129 6130 6049
f 6049 6130 6131 6050
f 6050 6131 6132 6051
usemtl terrain_seabed
f 6051 6132 6133 6052
f 6052 6133 6134 6053
f 6053 6134 6135 6054
f 6054 6135 6136 6055
f 6055 6136 6137 6056
f 6056 6137 6138 6057
f 6057 6138 6139 6058
f 6058 6139 6140 6059
f 6059 6140 6141 6060
f 6060 6141 6142 6061
f 6061 6142 6143 6062
f 6062 6143 6144 6063
f 6063 6144 6145 6064
f 6064 6145 6146 6065
f 6065 6146 6147 6066
f 6066 6147 6148 6067
f 6067 6148 6149 6068
f 6068 6149 6150 6069
f 6069 6150 6151 6070
f 6070 6151 6152 6071
f 6071 6152 6153 6072
f 6072 6153 6154 6073
f 6073 6154 6155 6074
f 6074 6155 6156 6075
f 6076 6157 6158 6077
f 6077 6158 6159 6078
f 6078 6159 6160 6079
f 6079 6160 6161 6080
f 6080 6161 6162 6081
f 6081 6162 6163 6082
f 6082 6163 6164 6083
f 6083 6164 6165 6084
f 6084 6165 6166 6085
f 6085 6166 6167 6086
f 6086 6167 6168 6087
f 6087 6168 6169 6088
f 6088 6169 6170 6089
f 6089 6170 6171 6090
f 6090 6171 6172 6091
f 6091 6172 6173 6092
f 6092 6173 6174 6093
f 6093 6174 6175 6094
f 6094 6175 6176 6095
f 6095 6176 6177 6096
f 6096 6177 6178 6097
f 6097 6178 6179 6098
f 6098 6179 6180 6099
f 6099 6180 6181 6100
f 6100 6181 6182 6101
f 6101 6182 6183 6102
usemtl terrain_grass
f 6102 6183 6184 6103
f 6103 6184 6185 6104
f 6104 6185 6186 6105
f 6105 6186 6187 6106
f 6106 6187 6188 6107
f 6107 6188 6189 6108
f 6108 6189 6190 6109
f 6109 6190 6191 6110
f 6110 6191 6192 6111
f 6111 6192 6193 6112
f 6112 6193 6194 6113
usemtl terrain_rock_face
f 6113 6194 6195 6114
f 6114 6195 6196 6115
f 6115 6196 6197 6116
f 6116 6197 6198 6117
f 6117 6198 6199 6118
f 6118 6199 6200 6119
f 6119 6200 6201 6120
f 6120 6201 6202 6121
f 6121 6202 6203 6122
f 6122 6203 6204 6123
f 6123 6204 6205 6124
f 6124 6205 6206 6125
usemtl terrain_grass
f 6125 6206 6207 6126
f 6126 6207 6208 6127
f 6127 6208 6209 6128
f 6128 6209 6210 6129
f 6129 6210 6211 6130
f 6130 6211 6212 6131
usemtl terrain_seabed
f 6131 6212 6213 6132
f 6132 6213 6214 6133
f 6133 6214 6215 6134
f 6134 6215 6216 6135
f 6135 6216 6217 6136
f 6136 6217 6218 6137
f 6137 6218 6219 6138
f 6138 6219 6220 6139
f 6139 6220 6221 6140
f 6140 6221 6222 6141
f 6141 6222 6223 6142
f 6142 6223 6224 6143
f 6143 6224 6225 6144
f 6144 6225 6226 6145
f 6145 6226 6227 6146
f 6146 6227 6228 6147
f 6147 6228 6229 6148
f 6148 6229 6230 6149
f 6149 6230 6231 6150
f 6150 6231 6232 6151
f 6151 6232 6233 6152
f 6152 6233 6234 6153
f 6153 6234 6235 6154
f 6154 6235 6236 6155
f 6155 6236 6237 6156
f 6157 6238 6239 6158
f 6158 6239 6240 6159
f 6159 6240 6241 6160
f 6160 6241 6242 6161
f 6161 6242 6243 6162
f 6162 6243 6244 6163
f 6163 6244 6245 6164
f 6164 6245 6246 6165
f 6165 6246 6247 6166
f 6166 6247 6248 6167
f 6167 6248 6249 6168
f 6168 6249 6250 6169
f 6169 6250 6251 6170
f 6170 6251 6252 6171
f 6171 6252 6253 6172
f 6172 6253 6254 6173
f 6173 6254 6255 6174
f 6174 6255 6256 6175
f 6175 6256 6257 6176
f 6176 6257 6258 6177
f 6177 6258 6259 6178
f 6178 6259 6260 6179
f 6179 6260 6261 6180
f 6180 6261 6262 6181
f 6181 6262 6263 6182
f 6182 6263 6264 6183
usemtl terrain_grass
f 6183 6264 6265 6184
f 6184 6265 6266 6185
f 6185 6266 6267 6186
f 6186 6267 6268 6187
f 6187 6268 6269 6188
f 6188 6269 6270 6189
f 6189 6270 6271 6190
f 6190 6271 6272 6191
f 6191 6272 6273 6192
f 6192 6273 6274 6193
f 6193 6274 6275 6194
f 6194 6275 6276 6195
usemtl terrain_rock_face
f 6195 6276 6277 6196
f 6196 6277 6278 6197
f 6197 6278 6279 6198
f 6198 6279 6280 6199
f 6199 6280 6281 6200
f 6200 6281 6282 6201
f 6201 6282 6283 6202
f 6202 6283 6284 6203
f 6203 6284 6285 6204
f 6204 6285 6286 6205
f 6205 6286 6287 6206
usemtl terrain_grass
f 6206 6287 6288 6207
f 6207 6288 6289 6208
f 6208 6289 6290 6209
f 6209 6290 6291 6210
f 6210 6291 6292 6211
f 6211 6292 6293 6212
usemtl terrain_seabed
f 6212 6293 6294 6213
f 6213 6294 6295 6214
f 6214 6295 6296 6215
f 6215 6296 6297 6216
f 6216 6297 6298 6217
f 6217 6298 6299 6218
f 6218 6299 6300 6219
f 6219 6300 6301 6220
f 6220 6301 6302 6221
f 6221 6302 6303 6222
f 6222 6303 6304 6223
f 6223 6304 6305 6224
f 6224 6305 6306 6225
f 6225 6306 6307 6226
f 6226 6307 6308 6227
f 6227 6308 6309 6228
f 6228 6309 6310 6229
f 6229 6310 6311 6230
f 6230 6311 6312 6231
f 6231 6312 6313 6232
f 6232 6313 6314 6233
f 6233 6314 6315 6234
f 6234 6315 6316 6235
f 6235 6316 6317 6236
f 6236 6317 6318 6237
f 6238 6319 6320 6239
f 6239 6320 6321 6240
f 6240 6321 6322 6241
f 6241 6322 6323 6242
f 6242 6323 6324 6243
f 6243 6324 6325 6244
f 6244 6325 6326 6245
f 6245 6326 6327 6246
f 6246 6327 6328 6247
f 6247 6328 6329 6248
f 6248 6329 6330 6249
f 6249 6330 6331 6250
f 6250 6331 6332 6251
f 6251 6332 6333 6252
f 6252 6333 6334 6253
f 6253 6334 6335 6254
f 6254 6335 6336 6255
f 6255 6336 6337 6256
f 6256 6337 6338 6257
f 6257 6338 6339 6258
f 6258 6339 6340 6259
f 6259 6340 6341 6260
f 6260 6341 6342 6261
f 6261 6342 6343 6262
f 6262 6343 6344 6263
f 6263 6344 6345 6264
f 6264 6345 6346 6265
usemtl terrain_grass
f 6265 6346 6347 6266
f 6266 6347 6348 6267
f 6267 6348 6349 6268
f 6268 6349 6350 6269
f 6269 6350 6351 6270
usemtl terrain_rock_face
f 6270 6351 6352 6271
f 6271 6352 6353 6272
f 6272 6353 6354 6273
f 6273 6354 6355 6274
usemtl terrain_grass
f 6274 6355 6356 6275
f 6275 6356 6357 6276
usemtl terrain_rock_face
f 6276 6357 6358 6277
f 6277 6358 6359 6278
f 6278 6359 6360 6279
f 6279 6360 6361 6280
f 6280 6361 6362 6281
f 6281 6362 6363 6282
f 6282 6363 6364 6283
f 6283 6364 6365 6284
f 6284 6365 6366 6285
f 6285 6366 6367 6286
usemtl terrain_grass
f 6286 6367 6368 6287
f 6287 6368 6369 6288
f 6288 6369 6370 6289
f 6289 6370 6371 6290
f 6290 6371 6372 6291
f 6291 6372 6373 6292
usemtl terrain_seabed
f 6292 6373 6374 6293
f 6293 6374 6375 6294
f 6294 6375 6376 6295
f 6295 6376 6377 6296
f 6296 6377 6378 6297
f 6297 6378 6379 6298
f 6298 6379 6380 6299
f 6299 6380 6381 6300
f 6300 6381 6382 6301
f 6301 6382 6383 6302
f 6302 6383 6384 6303
f 6303 6384 6385 6304
f 6304 6385 6386 6305
f 6305 6386 6387 6306
f 6306 6387 6388 6307
f 6307 6388 6389 6308
f 6308 6389 6390 6309
f 6309 6390 6391 6310
f 6310 6391 6392 6311
f 6311 6392 6393 6312
f 6312 6393 6394 6313
f 6313 6394 6395 6314
f 6314 6395 6396 6315
f 6315 6396 6397 6316
f 6316 6397 6398 6317
f 6317 6398 6399 6318
f 6319 6400 6401 6320
f 6320 6401 6402 6321
f 6321 6402 6403 6322
f 6322 6403 6404 6323
f 6323 6404 6405 6324
f 6324 6405 6406 6325
f 6325 6406 6407 6326
f 6326 6407 6408 6327
f 6327 6408 6409 6328
f 6328 6409 6410 6329
f 6329 6410 6411 6330
f 6330 6411 6412 6331
f 6331 6412 6413 6332
f 6332 6413 6414 6333
f 6333 6414 6415 6334
f 6334 6415 6416 6335
f 6335 6416 6417 6336
f 6336 6417 6418 6337
f 6337 6418 6419 6338
f 6338 6419 6420 6339
f 6339 6420 6421 6340
f 6340 6421 6422 6341
f 6341 6422 6423 6342
f 6342 6423 6424 6343
f 6343 6424 6425 6344
f 6344 6425 6426 6345
f 6345 6426 6427 6346
f 6346 6427 6428 6347
usemtl terrain_grass
f 6347 6428 6429 6348
f 6348 6429 6430 6349
f 6349 6430 6431 6350
usemtl terrain_rock_face
f 6350 6431 6432 6351
f 6351 6432 6433 6352
f 6352 6433 6434 6353
f 6353 6434 6435 6354
f 6354 6435 6436 6355
f 6355 6436 6437 6356
usemtl terrain_grass
f 6356 6437 6438 6357
f 6357 6438 6439 6358
usemtl terrain_rock_face
f 6358 6439 6440 6359
f 6359 6440 6441 6360
f 6360 6441 6442 6361
f 6361 6442 6443 6362
f 6362 6443 6444 6363
f 6363 6444 6445 6364
f 6364 6445 6446 6365
f 6365 6446 6447 6366
f 6366 6447 6448 6367
usemtl terrain_grass
f 6367 6448 6449 6368
f 6368 6449 6450 6369
f 6369 6450 6451 6370
f 6370 6451 6452 6371
f 6371 6452 6453 6372
f 6372 6453 6454 6373
usemtl terrain_seabed
f 6373 6454 6455 6374
f 6374 6455 6456 6375
f 6375 6456 6457 6376
f 6376 6457 6458 6377
f 6377 6458 6459 6378
f 6378 6459 6460 6379
f 6379 6460 6461 6380
f 6380 6461 6462 6381
f 6381 6462 6463 6382
f 6382 6463 6464 6383
f 6383 6464 6465 6384
f 6384 6465 6466 6385
f 6385 6466 6467 6386
f 6386 6467 6468 6387
f 6387 6468 6469 6388
f 6388 6469 6470 6389
f 6389 6470 6471 6390
f 6390 6471 6472 6391
f 6391 6472 6473 6392
f 6392 6473 6474 6393
f 6393 6474 6475 6394
f 6394 6475 6476 6395
f 6395 6476 6477 6396
f 6396 6477 6478 6397
f 6397 6478 6479 6398
f 6398 6479 6480 6399
f 6400 6481 6482 6401
f 6401 6482 6483 6402
f 6402 6483 6484 6403
f 6403 6484 6485 6404
f 6404 6485 6486 6405
f 6405 6486 6487 6406
f 6406 6487 6488 6407
f 6407 6488 6489 6408
f 6408 6489 6490 6409
f 6409 6490 6491 6410
f 6410 6491 6492 6411
f 6411 6492 6493 6412
f 6412 6493 6494 6413
f 6413 6494 6495 6414
f 6414 6495 6496 6415
f 6415 6496 6497 6416
f 6416 6497 6498 6417
f 6417 6498 6499 6418
f 6418 6499 6500 6419
f 6419 6500 6501 6420
f 6420 6501 6502 6421
f 6421 6502 6503 6422
f 6422 6503 6504 6423
f 6423 6504 6505 6424
f 6424 6505 6506 6425
f 6425 6506 6507 6426
f 6426 6507 6508 6427
f 6427 6508 6509 6428
usemtl terrain_grass
f 6428 6509 6510 6429
f 6429 6510 6511 6430
f 6430 6511 6512 6431
usemtl terrain_rock_face
f 6431 6512 6513 6432
f 6432 6513 6514 6433
f 6433 6514 6515 6434
f 6434 6515 6516 6435
f 6435 6516 6517 6436
f 6436 6517 6518 6437
usemtl terrain_grass
f 6437 6518 6519 6438
f 6438 6519 6520 6439
f 6439 6520 6521 6440
usemtl terrain_rock_face
f 6440 6521 6522 6441
f 6441 6522 6523 6442
f 6442 6523 6524 6443
f 6443 6524 6525 6444
f 6444 6525 6526 6445
f 6445 6526 6527 6446
f 6446 6527 6528 6447
f 6447 6528 6529 6448
usemtl terrain_grass
f 6448 6529 6530 6449
f 6449 6530 6531 6450
f 6450 6531 6532 6451
f 6451 6532 6533 6452
f 6452 6533 6534 6453
f 6453 6534 6535 6454
usemtl terrain_seabed
f 6454 6535 6536 6455
f 6455 6536 6537 6456
f 6456 6537 6538 6457
f 6457 6538 6539 6458
f 6458 6539 6540 6459
f 6459 6540 6541 6460
f 6460 6541 6542 6461
f 6461 6542 6543 6462
f 6462 6543 6544 6463
f 6463 6544 6545 6464
f 6464 6545 6546 6465
f 6465 6546 6547 6466
f 6466 6547 6548 6467
f 6467 6548 6549 6468
f 6468 6549 6550 6469
f 6469 6550 6551 6470
f 6470 6551 6552 6471
f 6471 6552 6553 6472
f 6472 6553 6554 6473
f 6473 6554 6555 6474
f 6474 6555 6556 6475
f 6475 6556 6557 6476
f 6476 6557 6558 6477
f 6477 6558 6559 6478
f 6478 6559 6560 6479
f 6479 6560 6561 6480
f 6481 6562 6563 6482
f 6482 6563 6564 6483
f 6483 6564 6565 6484
f 6484 6565 6566 6485
f 6485 6566 6567 6486
f 6486 6567 6568 6487
f 6487 6568 6569 6488
f 6488 6569 6570 6489
f 6489 6570 6571 6490
f 6490 6571 6572 6491
f 6491 6572 6573 6492
f 6492 6573 6574 6493
f 6493 6574 6575 6494
f 6494 6575 6576 6495
f 6495 6576 6577 6496
f 6496 6577 6578 6497
f 6497 6578 6579 6498
f 6498 6579 6580 6499
f 6499 6580 6581 6500
f 6500 6581 6582 6501
f 6501 6582 6583 6502
f 6502 6583 6584 6503
f 6503 6584 6585 6504
f 6504 6585 6586 6505
f 6505 6586 6587 6506
f 6506 6587 6588 6507
f 6507 6588 6589 6508
f 6508 6589 6590 6509
usemtl terrain_grass
f 6509 6590 6591 6510
f 6510 6591 6592 6511
f 6511 6592 6593 6512
usemtl terrain_rock_face
f 6512 6593 6594 6513
f 6513 6594 6595 6514
f 6514 6595 6596 6515
f 6515 6596 6597 6516
f 6516 6597 6598 6517
f 6517 6598 6599 6518
usemtl terrain_grass
f 6518 6599 6600 6519
f 6519 6600 6601 6520
f 6520 6601 6602 6521
f 6521 6602 6603 6522
usemtl terrain_rock_face
f 6522 6603 6604 6523
f 6523 6604 6605 6524
f 6524 6605 6606 6525
f 6525 6606 6607 6526
f 6526 6607 6608 6527
f 6527 6608 6609 6528
usemtl terrain_grass
f 6528 6609 6610 6529
f 6529 6610 6611 6530
f 6530 6611 6612 6531
f 6531 6612 6613 6532
f 6532 6613 6614 6533
f 6533 6614 6615 6534
f 6534 6615 6616 6535
usemtl terrain_seabed
f 6535 6616 6617 6536
f 6536 6617 6618 6537
f 6537 6618 6619 6538
f 6538 6619 6620 6539
f 6539 6620 6621 6540
f 6540 6621 6622 6541
f 6541 6622 6623 6542
f 6542 6623 6624 6543
f 6543 6624 6625 6544
f 6544 6625 6626 6545
f 6545 6626 6627 6546
f 6546 6627 6628 6547
f 6547 6628 6629 6548
f 6548 6629 6630 6549
f 6549 6630 6631 6550
f 6550 6631 6632 6551
f 6551 6632 6633 6552
f 6552 6633 6634 6553
f 6553 6634 6635 6554
f 6554 6635 6636 6555
f 6555 6636 6637 6556
f 6556 6637 6638 6557
f 6557 6638 6639 6558
f 6558 6639 6640 6559
f 6559 6640 6641 6560
f 6560 6641 6642 6561
f 6562 6643 6644 6563
f 6563 6644 6645 6564
f 6564 6645 6646 6565
f 6565 6646 6647 6566
f 6566 6647 6648 6567
f 6567 6648 6649 6568
f 6568 6649 6650 6569
f 6569 6650 6651 6570
f 6570 6651 6652 6571
f 6571 6652 6653 6572
f 6572 6653 6654 6573
f 6573 6654 6655 6574
f 6574 6655 6656 6575
f 6575 6656 6657 6576
f 6576 6657 6658 6577
f 6577 6658 6659 6578
f 6578 6659 6660 6579
f 6579 6660 6661 6580
f 6580 6661 6662 6581
f 6581 6662 6663 6582
f 6582 6663 6664 6583
f 6583 6664 6665 6584
f 6584 6665 6666 6585
f 6585 6666 6667 6586
f 6586 6667 6668 6587
f 6587 6668 6669 6588
f 6588 6669 6670 6589
f 6589 6670 6671 6590
usemtl terrain_grass
f 6590 6671 6672 6591
f 6591 6672 6673 6592
f 6592 6673 6674 6593
usemtl terrain_rock_face
f 6593 6674 6675 6594
f 6594 6675 6676 6595
f 6595 6676 6677 6596
f 6596 6677 6678 6597
f 6597 6678 6679 6598
f 6598 6679 6680 6599
usemtl terrain_grass
f 6599 6680 6681 6600
f 6600 6681 6682 6601
f 6601 6682 6683 6602
f 6602 6683 6684 6603
f 6603 6684 6685 6604
usemtl terrain_rock_face
f 6604 6685 6686 6605
f 6605 6686 6687 6606
f 6606 6687 6688 6607
f 6607 6688 6689 6608
usemtl terrain_grass
f 6608 6689 6690 6609
f 6609 6690 6691 6610
f 6610 6691 6692 6611
f 6611 6692 6693 6612
f 6612 6693 6694 6613
f 6613 6694 6695 6614
f 6614 6695 6696 6615
f 6615 6696 6697 6616
usemtl terrain_seabed
f 6616 6697 6698 6617
f 6617 6698 6699 6618
f 6618 6699 6700 6619
f 6619 6700 6701 6620
f 6620 6701 6702 6621
f 6621 6702 6703 6622
f 6622 6703 6704 6623
f 6623 6704 6705 6624
f 6624 6705 6706 6625
f 6625 6706 6707 6626
f 6626 6707 6708 6627
f 6627 6708 6709 6628
f 6628 6709 6710 6629
f 6629 6710 6711 6630
f 6630 6711 6712 6631
f 6631 6712 6713 6632
f 6632 6713 6714 6633
f 6633 6714 6715 6634
f 6634 6715 6716 6635
f 6635 6716 6717 6636
f 6636 6717 6718 6637
f 6637 6718 6719 6638
f 6638 6719 6720 6639
f 6639 6720 6721 6640
f 6640 6721 6722 6641
f 6641 6722 6723 6642
f 6643 6724 6725 6644
f 6644 6725 6726 6645
f 6645 6726 6727 6646
f 6646 6727 6728 6647
f 6647 6728 6729 6648
f 6648 6729 6730 6649
f 6649 6730 6731 6650
f 6650 6731 6732 6651
f 6651 6732 6733 6652
f 6652 6733 6734 6653
f 6653 6734 6735 6654
f 6654 6735 6736 6655
f 6655 6736 6737 6656
f 6656 6737 6738 6657
f 6657 6738 6739 6658
f 6658 6739 6740 6659
f 6659 6740 6741 6660
f 6660 6741 6742 6661
f 6661 6742 6743 6662
f 6662 6743 6744 6663
f 6663 6744 6745 6664
f 6664 6745 6746 6665
f 6665 6746 6747 6666
f 6666 6747 6748 6667
f 6667 6748 6749 6668
f 6668 6749 6750 6669
f 6669 6750 6751 6670
f 6670 6751 6752 6671
usemtl terrain_grass
f 6671 6752 6753 6672
f 6672 6753 6754 6673
f 6673 6754 6755 6674
f 6674 6755 6756 6675
usemtl terrain_rock_face
f 6675 6756 6757 6676
f 6676 6757 6758 6677
f 6677 6758 6759 6678
f 6678 6759 6760 6679
usemtl terrain_grass
f 6679 6760 6761 6680
f 6680 6761 6762 6681
f 6681 6762 6763 6682
f 6682 6763 6764 6683
f 6683 6764 6765 6684
f 6684 6765 6766 6685
f 6685 6766 6767 6686
f 6686 6767 6768 6687
f 6687 6768 6769 6688
f 6688 6769 6770 6689
f 6689 6770 6771 6690
f 6690 6771 6772 6691
f 6691 6772 6773 6692
f 6692 6773 6774 6693
f 6693 6774 6775 6694
f 6694 6775 6776 6695
f 6695 6776 6777 6696
f 6696 6777 6778 6697
usemtl terrain_seabed
f 6697 6778 6779 6698
f 6698 6779 6780 6699
f 6699 6780 6781 6700
f 6700 6781 6782 6701
f 6701 6782 6783 6702
f 6702 6783 6784 6703
f 6703 6784 6785 6704
f 6704 6785 6786 6705
f 6705 6786 6787 6706
f 6706 6787 6788 6707
f 6707 6788 6789 6708
f 6708 6789 6790 6709
f 6709 6790 6791 6710
f 6710 6791 6792 6711
f 6711 6792 6793 6712
f 6712 6793 6794 6713
f 6713 6794 6795 6714
f 6714 6795 6796 6715
f 6715 6796 6797 6716
f 6716 6797 6798 6717
f 6717 6798 6799 6718
f 6718 6799 6800 6719
f 6719 6800 6801 6720
f 6720 6801 6802 6721
f 6721 6802 6803 6722
f 6722 6803 6804 6723
f 6724 6805 6806 6725
f 6725 6806 6807 6726
f 6726 6807 6808 6727
f 6727 6808 6809 6728
f 6728 6809 6810 6729
f 6729 6810 6811 6730
f 6730 6811 6812 6731
f 6731 6812 6813 6732
f 6732 6813 6814 6733
f 6733 6814 6815 6734
f 6734 6815 6816 6735
f 6735 6816 6817 6736
f 6736 6817 6818 6737
f 6737 6818 6819 6738
f 6738 6819 6820 6739
f 6739 6820 6821 6740
f 6740 6821 6822 6741
f 6741 6822 6823 6742
f 6742 6823 6824 6743
f 6743 6824 6825 6744
f 6744 6825 6826 6745
f 6745 6826 6827 6746
f 6746 6827 6828 6747
f 6747 6828 6829 6748
f 6748 6829 6830 6749
f 6749 6830 6831 6750
f 6750 6831 6832 6751
f 6751 6832 6833 6752
usemtl terrain_grass
f 6752 6833 6834 6753
f 6753 6834 6835 6754
f 6754 6835 6836 6755
f 6755 6836 6837 6756
f 6756 6837 6838 6757
f 6757 6838 6839 6758
f 6758 6839 6840 6759
f 6759 6840 6841 6760
f 6760 6841 6842 6761
f 6761 6842 6843 6762
f 6762 6843 6844 6763
f 6763 6844 6845 6764
f 6764 6845 6846 6765
f 6765 6846 6847 6766
f 6766 6847 6848 6767
f 6767 6848 6849 6768
f 6768 6849 6850 6769
f 6769 6850 6851 6770
f 6770 6851 6852 6771
f 6771 6852 6853 6772
f 6772 6853 6854 6773
f 6773 6854 6855 6774
f 6774 6855 6856 6775
f 6775 6856 6857 6776
f 6776 6857 6858 6777
usemtl terrain_seabed
f 6777 6858 6859 6778
f 6778 6859 6860 6779
f 6779 6860 6861 6780
f 6780 6861 6862 6781
f 6781 6862 6863 6782
f 6782 6863 6864 6783
f 6783 6864 6865 6784
f 6784 6865 6866 6785
f 6785 6866 6867 6786
f 6786 6867 6868 6787
f 6787 6868 6869 6788
f 6788 6869 6870 6789
f 6789 6870 6871 6790
f 6790 6871 6872 6791
f 6791 6872 6873 6792
f 6792 6873 6874 6793
f 6793 6874 6875 6794
f 6794 6875 6876 6795
f 6795 6876 6877 6796
f 6796 6877 6878 6797
f 6797 6878 6879 6798
f 6798 6879 6880 6799
f 6799 6880 6881 6800
f 6800 6881 6882 6801
f 6801 6882 6883 6802
f 6802 6883 6884 6803
f 6803 6884 6885 6804
f 6805 6886 6887 6806
f 6806 6887 6888 6807
f 6807 6888 6889 6808
f 6808 6889 6890 6809
f 6809 6890 6891 6810
f 6810 6891 6892 6811
f 6811 6892 6893 6812
f 6812 6893 6894 6813
f 6813 6894 6895 6814
f 6814 6895 6896 6815
f 6815 6896 6897 6816
f 6816 6897 6898 6817
f 6817 6898 6899 6818
f 6818 6899 6900 6819
f 6819 6900 6901 6820
f 6820 6901 6902 6821
f 6821 6902 6903 6822
f 6822 6903 6904 6823
f 6823 6904 6905 6824
f 6824 6905 6906 6825
f 6825 6906 6907 6826
f 6826 6907 6908 6827
f 6827 6908 6909 6828
f 6828 6909 6910 6829
f 6829 6910 6911 6830
f 6830 6911 6912 6831
f 6831 6912 6913 6832
f 6832 6913 6914 6833
f 6833 6914 6915 6834
usemtl terrain_grass
f 6834 6915 6916 6835
f 6835 6916 6917 6836
f 6836 6917 6918 6837
f 6837 6918 6919 6838
f 6838 6919 6920 6839
f 6839 6920 6921 6840
f 6840 6921 6922 6841
f 6841 6922 6923 6842
f 6842 6923 6924 6843
f 6843 6924 6925 6844
f 6844 6925 6926 6845
f 6845 6926 6927 6846
f 6846 6927 6928 6847
f 6847 6928 6929 6848
f 6848 6929 6930 6849
f 6849 6930 6931 6850
f 6850 6931 6932 6851
f 6851 6932 6933 6852
f 6852 6933 6934 6853
f 6853 6934 6935 6854
f 6854 6935 6936 6855
f 6855 6936 6937 6856
f 6856 6937 6938 6857
f 6857 6938 6939 6858
usemtl terrain_seabed
f 6858 6939 6940 6859
f 6859 6940 6941 6860
f 6860 6941 6942 6861
f 6861 6942 6943 6862
f 6862 6943 6944 6863
f 6863 6944 6945 6864
f 6864 6945 6946 6865
f 6865 6946 6947 6866
f 6866 6947 6948 6867
f 6867 6948 6949 6868
f 6868 6949 6950 6869
f 6869 6950 6951 6870
f 6870 6951 6952 6871
f 6871 6952 6953 6872
f 6872 6953 6954 6873
f 6873 6954 6955 6874
f 6874 6955 6956 6875
f 6875 6956 6957 6876
f 6876 6957 6958 6877
f 6877 6958 6959 6878
f 6878 6959 6960 6879
f 6879 6960 6961 6880
f 6880 6961 6962 6881
f 6881 6962 6963 6882
f 6882 6963 6964 6883
f 6883 6964 6965 6884
f 6884 6965 6966 6885
f 6886 6967 6968 6887
f 6887 6968 6969 6888
f 6888 6969 6970 6889
f 6889 6970 6971 6890
f 6890 6971 6972 6891
f 6891 6972 6973 6892
f 6892 6973 6974 6893
f 6893 6974 6975 6894
f 6894 6975 6976 6895
f 6895 6976 6977 6896
f 6896 6977 6978 6897
f 6897 6978 6979 6898
f 6898 6979 6980 6899
f 6899 6980 6981 6900
f 6900 6981 6982 6901
f 6901 6982 6983 6902
f 6902 6983 6984 6903
f 6903 6984 6985 6904
f 6904 6985 6986 6905
f 6905 6986 6987 6906
f 6906 6987 6988 6907
f 6907 6988 6989 6908
f 6908 6989 6990 6909
f 6909 6990 6991 6910
f 6910 6991 6992 6911
f 6911 6992 6993 6912
f 6912 6993 6994 6913
f 6913 6994 6995 6914
f 6914 6995 6996 6915
f 6915 6996 6997 6916
usemtl terrain_grass
f 6916 6997 6998 6917
f 6917 6998 6999 6918
f 6918 6999 7000 6919
f 6919 7000 7001 6920
f 6920 7001 7002 6921
f 6921 7002 7003 6922
f 6922 7003 7004 6923
f 6923 7004 7005 6924
f 6924 7005 7006 6925
f 6925 7006 7007 6926
f 6926 7007 7008 6927
f 6927 7008 7009 6928
f 6928 7009 7010 6929
f 6929 7010 7011 6930
f 6930 7011 7012 6931
f 6931 7012 7013 6932
f 6932 7013 7014 6933
f 6933 7014 7015 6934
f 6934 7015 7016 6935
f 6935 7016 7017 6936
f 6936 7017 7018 6937
f 6937 7018 7019 6938
f 6938 7019 7020 6939
usemtl terrain_seabed
f 6939 7020 7021 6940
f 6940 7021 7022 6941
f 6941 7022 7023 6942
f 6942 7023 7024 6943
f 6943 7024 7025 6944
f 6944 7025 7026 6945
f 6945 7026 7027 6946
f 6946 7027 7028 6947
f 6947 7028 7029 6948
f 6948 7029 7030 6949
f 6949 7030 7031 6950
f 6950 7031 7032 6951
f 6951 7032 7033 6952
f 6952 7033 7034 6953
f 6953 7034 7035 6954
f 6954 7035 7036 6955
f 6955 7036 7037 6956
f 6956 7037 7038 6957
f 6957 7038 7039 6958
f 6958 7039 7040 6959
f 6959 7040 7041 6960
f 6960 7041 7042 6961
f 6961 7042 7043 6962
f 6962 7043 7044 6963
f 6963 7044 7045 6964
f 6964 7045 7046 6965
f 6965 7046 7047 6966
f 6967 7048 7049 6968
f 6968 7049 7050 6969
f 6969 7050 7051 6970
f 6970 7051 7052 6971
f 6971 7052 7053 6972
f 6972 7053 7054 6973
f 6973 7054 7055 6974
f 6974 7055 7056 6975
f 6975 7056 7057 6976
f 6976 7057 7058 6977
f 6977 7058 7059 6978
f 6978 7059 7060 6979
f 6979 7060 7061 6980
f 6980 7061 7062 6981
f 6981 7062 7063 6982
f 6982 7063 7064 6983
f 6983 7064 7065 6984
f 6984 7065 7066 6985
f 6985 7066 7067 6986
f 6986 7067 7068 6987
f 6987 7068 7069 6988
f 6988 7069 7070 6989
f 6989 7070 7071 6990
f 6990 7071 7072 6991
f 6991 7072 7073 6992
f 6992 7073 7074 6993
f 6993 7074 7075 6994
f 6994 7075 7076 6995
f 6995 7076 7077 6996
f 6996 7077 7078 6997
f 6997 7078 7079 6998
f 6998 7079 7080 6999
f 6999 7080 7081 7000
f 7000 7081 7082 7001
f 7001 7082 7083 7002
f 7002 7083 7084 7003
usemtl terrain_grass
f 7003 7084 7085 7004
f 7004 7085 7086 7005
f 7005 7086 7087 7006
f 7006 7087 7088 7007
f 7007 7088 7089 7008
f 7008 7089 7090 7009
f 7009 7090 7091 7010
f 7010 7091 7092 7011
f 7011 7092 7093 7012
f 7012 7093 7094 7013
f 7013 7094 7095 7014
f 7014 7095 7096 7015
f 7015 7096 7097 7016
f 7016 7097 7098 7017
f 7017 7098 7099 7018
f 7018 7099 7100 7019
f 7019 7100 7101 7020
usemtl terrain_seabed
f 7020 7101 7102 7021
f 7021 7102 7103 7022
f 7022 7103 7104 7023
f 7023 7104 7105 7024
f 7024 7105 7106 7025
f 7025 7106 7107 7026
f 7026 7107 7108 7027
f 7027 7108 7109 7028
f 7028 7109 7110 7029
f 7029 7110 7111 7030
f 7030 7111 7112 7031
f 7031 7112 7113 7032
f 7032 7113 7114 7033
f 7033 7114 7115 7034
f 7034 7115 7116 7035
f 7035 7116 7117 7036
f 7036 7117 7118 7037
f 7037 7118 7119 7038
f 7038 7119 7120 7039
f 7039 7120 7121 7040
f 7040 7121 7122 7041
f 7041 7122 7123 7042
f 7042 7123 7124 7043
f 7043 7124 7125 7044
f 7044 7125 7126 7045
f 7045 7126 7127 7046
f 7046 7127 7128 7047
f 7048 7129 7130 7049
f 7049 7130 7131 7050
f 7050 7131 7132 7051
f 7051 7132 7133 7052
f 7052 7133 7134 7053
f 7053 7134 7135 7054
f 7054 7135 7136 7055
f 7055 7136 7137 7056
f 7056 7137 7138 7057
f 7057 7138 7139 7058
f 7058 7139 7140 7059
f 7059 7140 7141 7060
f 7060 7141 7142 7061
f 7061 7142 7143 7062
f 7062 7143 7144 7063
f 7063 7144 7145 7064
f 7064 7145 7146 7065
f 7065 7146 7147 7066
f 7066 7147 7148 7067
f 7067 7148 7149 7068
f 7068 7149 7150 7069
f 7069 7150 7151 7070
f 7070 7151 7152 7071
f 7071 7152 7153 7072
f 7072 7153 7154 7073
f 7073 7154 7155 7074
f 7074 7155 7156 7075
f 7075 7156 7157 7076
f 7076 7157 7158 7077
f 7077 7158 7159 7078
f 7078 7159 7160 7079
f 7079 7160 7161 7080
f 7080 7161 7162 7081
f 7081 7162 7163 7082
f 7082 7163 7164 7083
f 7083 7164 7165 7084
usemtl terrain_grass
f 7084 7165 7166 7085
f 7085 7166 7167 7086
f 7086 7167 7168 7087
f 7087 7168 7169 7088
f 7088 7169 7170 7089
f 7089 7170 7171 7090
f 7090 7171 7172 7091
f 7091 7172 7173 7092
f 7092 7173 7174 7093
f 7093 7174 7175 7094
f 7094 7175 7176 7095
f 7095 7176 7177 7096
f 7096 7177 7178 7097
f 7097 7178 7179 7098
f 7098 7179 7180 7099
f 7099 7180 7181 7100
f 7100 7181 7182 7101
usemtl terrain_seabed
f 7101 7182 7183 7102
f 7102 7183 7184 7103
f 7103 7184 7185 7104
f 7104 7185 7186 7105
f 7105 7186 7187 7106
f 7106 7187 7188 7107
f 7107 7188 7189 7108
f 7108 7189 7190 7109
f 7109 7190 7191 7110
f 7110 7191 7192 7111
f 7111 7192 7193 7112
f 7112 7193 7194 7113
f 7113 7194 7195 7114
f 7114 7195 7196 7115
f 7115 7196 7197 7116
f 7116 7197 7198 7117
f 7117 7198 7199 7118
f 7118 7199 7200 7119
f 7119 7200 7201 7120
f 7120 7201 7202 7121
f 7121 7202 7203 7122
f 7122 7203 7204 7123
f 7123 7204 7205 7124
f 7124 7205 7206 7125
f 7125 7206 7207 7126
f 7126 7207 7208 7127
f 7127 7208 7209 7128
f 7129 7210 7211 7130
f 7130 7211 7212 7131
f 7131 7212 7213 7132
f 7132 7213 7214 7133
f 7133 7214 7215 7134
f 7134 7215 7216 7135
f 7135 7216 7217 7136
f 7136 7217 7218 7137
f 7137 7218 7219 7138
f 7138 7219 7220 7139
f 7139 7220 7221 7140
f 7140 7221 7222 7141
f 7141 7222 7223 7142
f 7142 7223 7224 7143
f 7143 7224 7225 7144
f 7144 7225 7226 7145
f 7145 7226 7227 7146
f 7146 7227 7228 7147
f 7147 7228 7229 7148
f 7148 7229 7230 7149
f 7149 7230 7231 7150
f 7150 7231 7232 7151
f 7151 7232 7233 7152
f 7152 7233 7234 7153
f 7153 7234 7235 7154
f 7154 7235 7236 7155
f 7155 7236 7237 7156
f 7156 7237 7238 7157
f 7157 7238 7239 7158
f 7158 7239 7240 7159
f 7159 7240 7241 7160
f 7160 7241 7242 7161
f 7161 7242 7243 7162
f 7162 7243 7244 7163
f 7163 7244 7245 7164
f 7164 7245 7246 7165
f 7165 7246 7247 7166
usemtl terrain_grass
f 7166 7247 7248 7167
f 7167 7248 7249 7168
f 7168 7249 7250 7169
f 7169 7250 7251 7170
f 7170 7251 7252 7171
f 7171 7252 7253 7172
f 7172 7253 7254 7173
f 7173 7254 7255 7174
f 7174 7255 7256 7175
f 7175 7256 7257 7176
f 7176 7257 7258 7177
f 7177 7258 7259 7178
f 7178 7259 7260 7179
f 7179 7260 7261 7180
f 7180 7261 7262 7181
usemtl terrain_seabed
f 7181 7262 7263 7182
f 7182 7263 7264 7183
f 7183 7264 7265 7184
f 7184 7265 7266 7185
f 7185 7266 7267 7186
f 7186 7267 7268 7187
f 7187 7268 7269 7188
f 7188 7269 7270 7189
f 7189 7270 7271 7190
f 7190 7271 7272 7191
f 7191 7272 7273 7192
f 7192 7273 7274 7193
f 7193 7274 7275 7194
f 7194 7275 7276 7195
f 7195 7276 7277 7196
f 7196 7277 7278 7197
f 7197 7278 7279 7198
f 7198 7279 7280 7199
f 7199 7280 7281 7200
f 7200 7281 7282 7201
f 7201 7282 7283 7202
f 7202 7283 7284 7203
f 7203 7284 7285 7204
f 7204 7285 7286 7205
f 7205 7286 7287 7206
f 7206 7287 7288 7207
f 7207 7288 7289 7208
f 7208 7289 7290 7209
f 7210 7291 7292 7211
f 7211 7292 7293 7212
f 7212 7293 7294 7213
f 7213 7294 7295 7214
f 7214 7295 7296 7215
f 7215 7296 7297 7216
f 7216 7297 7298 7217
f 7217 7298 7299 7218
f 7218 7299 7300 7219
f 7219 7300 7301 7220
f 7220 7301 7302 7221
f 7221 7302 7303 7222
f 7222 7303 7304 7223
f 7223 7304 7305 7224
f 7224 7305 7306 7225
f 7225 7306 7307 7226
f 7226 7307 7308 7227
f 7227 7308 7309 7228
f 7228 7309 7310 7229
f 7229 7310 7311 7230
f 7230 7311 7312 7231
f 7231 7312 7313 7232
f 7232 7313 7314 7233
f 7233 7314 7315 7234
f 7234 7315 7316 7235
f 7235 7316 7317 7236
f 7236 7317 7318 7237
f 7237 7318 7319 7238
f 7238 7319 7320 7239
f 7239 7320 7321 7240
f 7240 7321 7322 7241
f 7241 7322 7323 7242
f 7242 7323 7324 7243
f 7243 7324 7325 7244
f 7244 7325 7326 7245
f 7245 7326 7327 7246
f 7246 7327 7328 7247
usemtl terrain_grass
f 7247 7328 7329 7248
f 7248 7329 7330 7249
f 7249 7330 7331 7250
f 7250 7331 7332 7251
f 7251 7332 7333 7252
f 7252 7333 7334 7253
f 7253 7334 7335 7254
f 7254 7335 7336 7255
f 7255 7336 7337 7256
f 7256 7337 7338 7257
f 7257 7338 7339 7258
f 7258 7339 7340 7259
f 7259 7340 7341 7260
f 7260 7341 7342 7261
f 7261 7342 7343 7262
usemtl terrain_seabed
f 7262 7343 7344 7263
f 7263 7344 7345 7264
f 7264 7345 7346 7265
f 7265 7346 7347 7266
f 7266 7347 7348 7267
f 7267 7348 7349 7268
f 7268 7349 7350 7269
f 7269 7350 7351 7270
f 7270 7351 7352 7271
f 7271 7352 7353 7272
f 7272 7353 7354 7273
f 7273 7354 7355 7274
f 7274 7355 7356 7275
f 7275 7356 7357 7276
f 7276 7357 7358 7277
f 7277 7358 7359 7278
f 7278 7359 7360 7279
f 7279 7360 7361 7280
f 7280 7361 7362 7281
f 7281 7362 7363 7282
f 7282 7363 7364 7283
f 7283 7364 7365 7284
f 7284 7365 7366 7285
f 7285 7366 7367 7286
f 7286 7367 7368 7287
f 7287 7368 7369 7288
f 7288 7369 7370 7289
f 7289 7370 7371 7290
f 7291 7372 7373 7292
f 7292 7373 7374 7293
f 7293 7374 7375 7294
f 7294 7375 7376 7295
f 7295 7376 7377 7296
f 7296 7377 7378 7297
f 7297 7378 7379 7298
f 7298 7379 7380 7299
f 7299 7380 7381 7300
f 7300 7381 7382 7301
f 7301 7382 7383 7302
f 7302 7383 7384 7303
f 7303 7384 7385 7304
f 7304 7385 7386 7305
f 7305 7386 7387 7306
f 7306 7387 7388 7307
f 7307 7388 7389 7308
f 7308 7389 7390 7309
f 7309 7390 7391 7310
f 7310 7391 7392 7311
f 7311 7392 7393 7312
f 7312 7393 7394 7313
f 7313 7394 7395 7314
f 7314 7395 7396 7315
f 7315 7396 7397 7316
f 7316 7397 7398 7317
f 7317 7398 7399 7318
f 7318 7399 7400 7319
f 7319 7400 7401 7320
f 7320 7401 7402 7321
f 7321 7402 7403 7322
f 7322 7403 7404 7323
f 7323 7404 7405 7324
f 7324 7405 7406 7325
f 7325 7406 7407 7326
f 7326 7407 7408 7327
f 7327 7408 7409 7328
f 7328 7409 7410 7329
usemtl terrain_grass
f 7329 7410 7411 7330
f 7330 7411 7412 7331
f 7331 7412 7413 7332
f 7332 7413 7414 7333
f 7333 7414 7415 7334
f 7334 7415 7416 7335
f 7335 7416 7417 7336
f 7336 7417 7418 7337
f 7337 7418 7419 7338
f 7338 7419 7420 7339
f 7339 7420 7421 7340
f 7340 7421 7422 7341
f 7341 7422 7423 7342
f 7342 7423 7424 7343
usemtl terrain_seabed
f 7343 7424 7425 7344
f 7344 7425 7426 7345
f 7345 7426 7427 7346
f 7346 7427 7428 7347
f 7347 7428 7429 7348
f 7348 7429 7430 7349
f 7349 7430 7431 7350
f 7350 7431 7432 7351
f 7351 7432 7433 7352
f 7352 7433 7434 7353
f 7353 7434 7435 7354
f 7354 7435 7436 7355
f 7355 7436 7437 7356
f 7356 7437 7438 7357
f 7357 7438 7439 7358
f 7358 7439 7440 7359
f 7359 7440 7441 7360
f 7360 7441 7442 7361
f 7361 7442 7443 7362
f 7362 7443 7444 7363
f 7363 7444 7445 7364
f 7364 7445 7446 7365
f 7365 7446 7447 7366
f 7366 7447 7448 7367
f 7367 7448 7449 7368
f 7368 7449 7450 7369
f 7369 7450 7451 7370
f 7370 7451 7452 7371
f 7372 7453 7454 7373
f 7373 7454 7455 7374
f 7374 7455 7456 7375
f 7375 7456 7457 7376
f 7376 7457 7458 7377
f 7377 7458 7459 7378
f 7378 7459 7460 7379
f 7379 7460 7461 7380
f 7380 7461 7462 7381
f 7381 7462 7463 7382
f 7382 7463 7464 7383
f 7383 7464 7465 7384
f 7384 7465 7466 7385
f 7385 7466 7467 7386
f 7386 7467 7468 7387
f 7387 7468 7469 7388
f 7388 7469 7470 7389
f 7389 7470 7471 7390
f 7390 7471 7472 7391
f 7391 7472 7473 7392
f 7392 7473 7474 7393
f 7393 7474 7475 7394
f 7394 7475 7476 7395
f 7395 7476 7477 7396
f 7396 7477 7478 7397
f 7397 7478 7479 7398
f 7398 7479 7480 7399
f 7399 7480 7481 7400
f 7400 7481 7482 7401
f 7401 7482 7483 7402
f 7402 7483 7484 7403
f 7403 7484 7485 7404
f 7404 7485 7486 7405
f 7405 7486 7487 7406
f 7406 7487 7488 7407
f 7407 7488 7489 7408
f 7408 7489 7490 7409
f 7409 7490 7491 7410
f 7410 7491 7492 7411
usemtl terrain_grass
f 7411 7492 7493 7412
f 7412 7493 7494 7413
f 7413 7494 7495 7414
f 7414 7495 7496 7415
f 7415 7496 7497 7416
f 7416 7497 7498 7417
f 7417 7498 7499 7418
f 7418 7499 7500 7419
f 7419 7500 7501 7420
f 7420 7501 7502 7421
f 7421 7502 7503 7422
f 7422 7503 7504 7423
f 7423 7504 7505 7424
usemtl terrain_seabed
f 7424 7505 7506 7425
f 7425 7506 7507 7426
f 7426 7507 7508 7427
f 7427 7508 7509 7428
f 7428 7509 7510 7429
f 7429 7510 7511 7430
f 7430 7511 7512 7431
f 7431 7512 7513 7432
f 7432 7513 7514 7433
f 7433 7514 7515 7434
f 7434 7515 7516 7435
f 7435 7516 7517 7436
f 7436 7517 7518 7437
f 7437 7518 7519 7438
f 7438 7519 7520 7439
f 7439 7520 7521 7440
f 7440 7521 7522 7441
f 7441 7522 7523 7442
f 7442 7523 7524 7443
f 7443 7524 7525 7444
f 7444 7525 7526 7445
f 7445 7526 7527 7446
f 7446 7527 7528 7447
f 7447 7528 7529 7448
f 7448 7529 7530 7449
f 7449 7530 7531 7450
f 7450 7531 7532 7451
f 7451 7532 7533 7452
f 7453 7534 7535 7454
f 7454 7535 7536 7455
f 7455 7536 7537 7456
f 7456 7537 7538 7457
f 7457 7538 7539 7458
f 7458 7539 7540 7459
f 7459 7540 7541 7460
f 7460 7541 7542 7461
f 7461 7542 7543 7462
f 7462 7543 7544 7463
f 7463 7544 7545 7464
f 7464 7545 7546 7465
f 7465 7546 7547 7466
f 7466 7547 7548 7467
f 7467 7548 7549 7468
f 7468 7549 7550 7469
f 7469 7550 7551 7470
f 7470 7551 7552 7471
f 7471 7552 7553 7472
f 7472 7553 7554 7473
f 7473 7554 7555 7474
f 7474 7555 7556 7475
f 7475 7556 7557 7476
f 7476 7557 7558 7477
f 7477 7558 7559 7478
f 7478 7559 7560 7479
f 7479 7560 7561 7480
f 7480 7561 7562 7481
f 7481 7562 7563 7482
f 7482 7563 7564 7483
f 7483 7564 7565 7484
f 7484 7565 7566 7485
f 7485 7566 7567 7486
f 7486 7567 7568 7487
f 7487 7568 7569 7488
f 7488 7569 7570 7489
f 7489 7570 7571 7490
f 7490 7571 7572 7491
f 7491 7572 7573 7492
usemtl terrain_grass
f 7492 7573 7574 7493
f 7493 7574 7575 7494
f 7494 7575 7576 7495
f 7495 7576 7577 7496
f 7496 7577 7578 7497
f 7497 7578 7579 7498
f 7498 7579 7580 7499
f 7499 7580 7581 7500
f 7500 7581 7582 7501
f 7501 7582 7583 7502
f 7502 7583 7584 7503
f 7503 7584 7585 7504
usemtl terrain_seabed
f 7504 7585 7586 7505
f 7505 7586 7587 7506
f 7506 7587 7588 7507
f 7507 7588 7589 7508
f 7508 7589 7590 7509
f 7509 7590 7591 7510
f 7510 7591 7592 7511
f 7511 7592 7593 7512
f 7512 7593 7594 7513
f 7513 7594 7595 7514
f 7514 7595 7596 7515
f 7515 7596 7597 7516
f 7516 7597 7598 7517
f 7517 7598 7599 7518
f 7518 7599 7600 7519
f 7519 7600 7601 7520
f 7520 7601 7602 7521
f 7521 7602 7603 7522
f 7522 7603 7604 7523
f 7523 7604 7605 7524
f 7524 7605 7606 7525
f 7525 7606 7607 7526
f 7526 7607 7608 7527
f 7527 7608 7609 7528
f 7528 7609 7610 7529
f 7529 7610 7611 7530
f 7530 7611 7612 7531
f 7531 7612 7613 7532
f 7532 7613 7614 7533
f 7534 7615 7616 7535
f 7535 7616 7617 7536
f 7536 7617 7618 7537
f 7537 7618 7619 7538
f 7538 7619 7620 7539
f 7539 7620 7621 7540
f 7540 7621 7622 7541
f 7541 7622 7623 7542
f 7542 7623 7624 7543
f 7543 7624 7625 7544
f 7544 7625 7626 7545
f 7545 7626 7627 7546
f 7546 7627 7628 7547
f 7547 7628 7629 7548
f 7548 7629 7630 7549
f 7549 7630 7631 7550
f 7550 7631 7632 7551
f 7551 7632 7633 7552
f 7552 7633 7634 7553
f 7553 7634 7635 7554
f 7554 7635 7636 7555
f 7555 7636 7637 7556
f 7556 7637 7638 7557
f 7557 7638 7639 7558
f 7558 7639 7640 7559
f 7559 7640 7641 7560
f 7560 7641 7642 7561
f 7561 7642 7643 7562
f 7562 7643 7644 7563
f 7563 7644 7645 7564
f 7564 7645 7646 7565
f 7565 7646 7647 7566
f 7566 7647 7648 7567
f 7567 7648 7649 7568
f 7568 7649 7650 7569
f 7569 7650 7651 7570
f 7570 7651 7652 7571
f 7571 7652 7653 7572
f 7572 7653 7654 7573
f 7573 7654 7655 7574
usemtl terrain_grass
f 7574 7655 7656 7575
f 7575 7656 7657 7576
f 7576 7657 7658 7577
f 7577 7658 7659 7578
f 7578 7659 7660 7579
f 7579 7660 7661 7580
f 7580 7661 7662 7581
f 7581 7662 7663 7582
f 7582 7663 7664 7583
f 7583 7664 7665 7584
f 7584 7665 7666 7585
usemtl terrain_seabed
f 7585 7666 7667 7586
f 7586 7667 7668 7587
f 7587 7668 7669 7588
f 7588 7669 7670 7589
f 7589 7670 7671 7590
f 7590 7671 7672 7591
f 7591 7672 7673 7592
f 7592 7673 7674 7593
f 7593 7674 7675 7594
f 7594 7675 7676 7595
f 7595 7676 7677 7596
f 7596 7677 7678 7597
f 7597 7678 7679 7598
f 7598 7679 7680 7599
f 7599 7680 7681 7600
f 7600 7681 7682 7601
f 7601 7682 7683 7602
f 7602 7683 7684 7603
f 7603 7684 7685 7604
f 7604 7685 7686 7605
f 7605 7686 7687 7606
f 7606 7687 7688 7607
f 7607 7688 7689 7608
f 7608 7689 7690 7609
f 7609 7690 7691 7610
f 7610 7691 7692 7611
f 7611 7692 7693 7612
f 7612 7693 7694 7613
f 7613 7694 7695 7614
f 7615 7696 7697 7616
f 7616 7697 7698 7617
f 7617 7698 7699 7618
f 7618 7699 7700 7619
f 7619 7700 7701 7620
f 7620 7701 7702 7621
f 7621 7702 7703 7622
f 7622 7703 7704 7623
f 7623 7704 7705 7624
f 7624 7705 7706 7625
f 7625 7706 7707 7626
f 7626 7707 7708 7627
f 7627 7708 7709 7628
f 7628 7709 7710 7629
f 7629 7710 7711 7630
f 7630 7711 7712 7631
f 7631 7712 7713 7632
f 7632 7713 7714 7633
f 7633 7714 7715 7634
f 7634 7715 7716 7635
f 7635 7716 7717 7636
f 7636 7717 7718 7637
f 7637 7718 7719 7638
f 7638 7719 7720 7639
f 7639 7720 7721 7640
f 7640 7721 7722 7641
f 7641 7722 7723 7642
f 7642 7723 7724 7643
f 7643 7724 7725 7644
f 7644 7725 7726 7645
f 7645 7726 7727 7646
f 7646 7727 7728 7647
f 7647 7728 7729 7648
f 7648 7729 7730 7649
f 7649 7730 7731 7650
f 7650 7731 7732 7651
f 7651 7732 7733 7652
f 7652 7733 7734 7653
f 7653 7734 7735 7654
f 7654 7735 7736 7655
f 7655 7736 7737 7656
usemtl terrain_grass
f 7656 7737 7738 7657
f 7657 7738 7739 7658
f 7658 7739 7740 7659
f 7659 7740 7741 7660
f 7660 7741 7742 7661
f 7661 7742 7743 7662
f 7662 7743 7744 7663
f 7663 7744 7745 7664
f 7664 7745 7746 7665
usemtl terrain_seabed
f 7665 7746 7747 7666
f 7666 7747 7748 7667
f 7667 7748 7749 7668
f 7668 7749 7750 7669
f 7669 7750 7751 7670
f 7670 7751 7752 7671
f 7671 7752 7753 7672
f 7672 7753 7754 7673
f 7673 7754 7755 7674
f 7674 7755 7756 7675
f 7675 7756 7757 7676
f 7676 7757 7758 7677
f 7677 7758 7759 7678
f 7678 7759 7760 7679
f 7679 7760 7761 7680
f 7680 7761 7762 7681
f 7681 7762 7763 7682
f 7682 7763 7764 7683
f 7683 7764 7765 7684
f 7684 7765 7766 7685
f 7685 7766 7767 7686
f 7686 7767 7768 7687
f 7687 7768 7769 7688
f 7688 7769 7770 7689
f 7689 7770 7771 7690
f 7690 7771 7772 7691
f 7691 7772 7773 7692
f 7692 7773 7774 7693
f 7693 7774 7775 7694
f 7694 7775 7776 7695
f 7696 7777 7778 7697
f 7697 7778 7779 7698
f 7698 7779 7780 7699
f 7699 7780 7781 7700
f 7700 7781 7782 7701
f 7701 7782 7783 7702
f 7702 7783 7784 7703
f 7703 7784 7785 7704
f 7704 7785 7786 7705
f 7705 7786 7787 7706
f 7706 7787 7788 7707
f 7707 7788 7789 7708
f 7708 7789 7790 7709
f 7709 7790 7791 7710
f 7710 7791 7792 7711
f 7711 7792 7793 7712
f 7712 7793 7794 7713
f 7713 7794 7795 7714
f 7714 7795 7796 7715
f 7715 7796 7797 7716
f 7716 7797 7798 7717
f 7717 7798 7799 7718
f 7718 7799 7800 7719
f 7719 7800 7801 7720
f 7720 7801 7802 7721
f 7721 7802 7803 7722
f 7722 7803 7804 7723
f 7723 7804 7805 7724
f 7724 7805 7806 7725
f 7725 7806 7807 7726
f 7726 7807 7808 7727
f 7727 7808 7809 7728
f 7728 7809 7810 7729
f 7729 7810 7811 7730
f 7730 7811 7812 7731
f 7731 7812 7813 7732
f 7732 7813 7814 7733
f 7733 7814 7815 7734
f 7734 7815 7816 7735
f 7735 7816 7817 7736
f 7736 7817 7818 7737
f 7737 7818 7819 7738
usemtl terrain_grass
f 7738 7819 7820 7739
f 7739 7820 7821 7740
f 7740 7821 7822 7741
f 7741 7822 7823 7742
f 7742 7823 7824 7743
f 7743 7824 7825 7744
f 7744 7825 7826 7745
usemtl terrain_seabed
f 7745 7826 7827 7746
f 7746 7827 7828 7747
f 7747 7828 7829 7748
f 7748 7829 7830 7749
f 7749 7830 7831 7750
f 7750 7831 7832 7751
f 7751 7832 7833 7752
f 7752 7833 7834 7753
f 7753 7834 7835 7754
f 7754 7835 7836 7755
f 7755 7836 7837 7756
f 7756 7837 7838 7757
f 7757 7838 7839 7758
f 7758 7839 7840 7759
f 7759 7840 7841 7760
f 7760 7841 7842 7761
f 7761 7842 7843 7762
f 7762 7843 7844 7763
f 7763 7844 7845 7764
f 7764 7845 7846 7765
f 7765 7846 7847 7766
f 7766 7847 7848 7767
f 7767 7848 7849 7768
f 7768 7849 7850 7769
f 7769 7850 7851 7770
f 7770 7851 7852 7771
f 7771 7852 7853 7772
f 7772 7853 7854 7773
f 7773 7854 7855 7774
f 7774 7855 7856 7775
f 7775 7856 7857 7776
f 7777 7858 7859 7778
f 7778 7859 7860 7779
f 7779 7860 7861 7780
f 7780 7861 7862 7781
f 7781 7862 7863 7782
f 7782 7863 7864 7783
f 7783 7864 7865 7784
f 7784 7865 7866 7785
f 7785 7866 7867 7786
f 7786 7867 7868 7787
f 7787 7868 7869 7788
f 7788 7869 7870 7789
f 7789 7870 7871 7790
f 7790 7871 7872 7791
f 7791 7872 7873 7792
f 7792 7873 7874 7793
f 7793 7874 7875 7794
f 7794 7875 7876 7795
f 7795 7876 7877 7796
f 7796 7877 7878 7797
f 7797 7878 7879 7798
f 7798 7879 7880 7799
f 7799 7880 7881 7800
f 7800 7881 7882 7801
f 7801 7882 7883 7802
f 7802 7883 7884 7803
f 7803 7884 7885 7804
f 7804 7885 7886 7805
f 7805 7886 7887 7806
f 7806 7887 7888 7807
f 7807 7888 7889 7808
f 7808 7889 7890 7809
f 7809 7890 7891 7810
f 7810 7891 7892 7811
f 7811 7892 7893 7812
f 7812 7893 7894 7813
f 7813 7894 7895 7814
f 7814 7895 7896 7815
f 7815 7896 7897 7816
f 7816 7897 7898 7817
f 7817 7898 7899 7818
f 7818 7899 7900 7819
f 7819 7900 7901 7820
f 7820 7901 7902 7821
f 7821 7902 7903 7822
usemtl terrain_grass
f 7822 7903 7904 7823
f 7823 7904 7905 7824
usemtl terrain_seabed
f 7824 7905 7906 7825
f 7825 7906 7907 7826
f 7826 7907 7908 7827
f 7827 7908 7909 7828
f 7828 7909 7910 7829
f 7829 7910 7911 7830
f 7830 7911 7912 7831
f 7831 7912 7913 7832
f 7832 7913 7914 7833
f 7833 7914 7915 7834
f 7834 7915 7916 7835
f 7835 7916 7917 7836
f 7836 7917 7918 7837
f 7837 7918 7919 7838
f 7838 7919 7920 7839
f 7839 7920 7921 7840
f 7840 7921 7922 7841
f 7841 7922 7923 7842
f 7842 7923 7924 7843
f 7843 7924 7925 7844
f 7844 7925 7926 7845
f 7845 7926 7927 7846
f 7846 7927 7928 7847
f 7847 7928 7929 7848
f 7848 7929 7930 7849
f 7849 7930 7931 7850
f 7850 7931 7932 7851
f 7851 7932 7933 7852
f 7852 7933 7934 7853
f 7853 7934 7935 7854
f 7854 7935 7936 7855
f 7855 7936 7937 7856
f 7856 7937 7938 7857
f 7858 7939 7940 7859
f 7859 7940 7941 7860
f 7860 7941 7942 7861
f 7861 7942 7943 7862
f 7862 7943 7944 7863
f 7863 7944 7945 7864
f 7864 7945 7946 7865
f 7865 7946 7947 7866
f 7866 7947 7948 7867
f 7867 7948 7949 7868
f 7868 7949 7950 7869
f 7869 7950 7951 7870
f 7870 7951 7952 7871
f 7871 7952 7953 7872
f 7872 7953 7954 7873
f 7873 7954 7955 7874
f 7874 7955 7956 7875
f 7875 7956 7957 7876
f 7876 7957 7958 7877
f 7877 7958 7959 7878
f 7878 7959 7960 7879
f 7879 7960 7961 7880
f 7880 7961 7962 7881
f 7881 7962 7963 7882
f 7882 7963 7964 7883
f 7883 7964 7965 7884
f 7884 7965 7966 7885
f 7885 7966 7967 7886
f 7886 7967 7968 7887
f 7887 7968 7969 7888
f 7888 7969 7970 7889
f 7889 7970 7971 7890
f 7890 7971 7972 7891
f 7891 7972 7973 7892
f 7892 7973 7974 7893
f 7893 7974 7975 7894
f 7894 7975 7976 7895
f 7895 7976 7977 7896
f 7896 7977 7978 7897
f 7897 7978 7979 7898
f 7898 7979 7980 7899
f 7899 7980 7981 7900
f 7900 7981 7982 7901
f 7901 7982 7983 7902
f 7902 7983 7984 7903
f 7903 7984 7985 7904
f 7904 7985 7986 7905
f 7905 7986 7987 7906
f 7906 7987 7988 7907
f 7907 7988 7989 7908
f 7908 7989 7990 7909
f 7909 7990 7991 7910
f 7910 7991 7992 7911
f 7911 7992 7993 7912
f 7912 7993 7994 7913
f 7913 7994 7995 7914
f 7914 7995 7996 7915
f 7915 7996 7997 7916
f 7916 7997 7998 7917
f 7917 7998 7999 7918
f 7918 7999 8000 7919
f 7919 8000 8001 7920
f 7920 8001 8002 7921
f 7921 8002 8003 7922
f 7922 8003 8004 7923
f 7923 8004 8005 7924
f 7924 8005 8006 7925
f 7925 8006 8007 7926
f 7926 8007 8008 7927
f 7927 8008 8009 7928
f 7928 8009 8010 7929
f 7929 8010 8011 7930
f 7930 8011 8012 7931
f 7931 8012 8013 7932
f 7932 8013 8014 7933
f 7933 8014 8015 7934
f 7934 8015 8016 7935
f 7935 8016 8017 7936
f 7936 8017 8018 7937
f 7937 8018 8019 7938
f 7939 8020 8021 7940
f 7940 8021 8022 7941
f 7941 8022 8023 7942
f 7942 8023 8024 7943
f 7943 8024 8025 7944
f 7944 8025 8026 7945
f 7945 8026 8027 7946
f 7946 8027 8028 7947
f 7947 8028 8029 7948
f 7948 8029 8030 7949
f 7949 8030 8031 7950
f 7950 8031 8032 7951
f 7951 8032 8033 7952
f 7952 8033 8034 7953
f 7953 8034 8035 7954
f 7954 8035 8036 7955
f 7955 8036 8037 7956
f 7956 8037 8038 7957
f 7957 8038 8039 7958
f 7958 8039 8040 7959
f 7959 8040 8041 7960
f 7960 8041 8042 7961
f 7961 8042 8043 7962
f 7962 8043 8044 7963
f 7963 8044 8045 7964
f 7964 8045 8046 7965
f 7965 8046 8047 7966
f 7966 8047 8048 7967
f 7967 8048 8049 7968
f 7968 8049 8050 7969
f 7969 8050 8051 7970
f 7970 8051 8052 7971
f 7971 8052 8053 7972
f 7972 8053 8054 7973
f 7973 8054 8055 7974
f 7974 8055 8056 7975
f 7975 8056 8057 7976
f 7976 8057 8058 7977
f 7977 8058 8059 7978
f 7978 8059 8060 7979
f 7979 8060 8061 7980
f 7980 8061 8062 7981
f 7981 8062 8063 7982
f 7982 8063 8064 7983
f 7983 8064 8065 7984
f 7984 8065 8066 7985
f 7985 8066 8067 7986
f 7986 8067 8068 7987
f 7987 8068 8069 7988
f 7988 8069 8070 7989
f 7989 8070 8071 7990
f 7990 8071 8072 7991
f 7991 8072 8073 7992
f 7992 8073 8074 7993
f 7993 8074 8075 7994
f 7994 8075 8076 7995
f 7995 8076 8077 7996
f 7996 8077 8078 7997
f 7997 8078 8079 7998
f 7998 8079 8080 7999
f 7999 8080 8081 8000
f 8000 8081 8082 8001
f 8001 8082 8083 8002
f 8002 8083 8084 8003
f 8003 8084 8085 8004
f 8004 8085 8086 8005
f 8005 8086 8087 8006
f 8006 8087 8088 8007
f 8007 8088 8089 8008
f 8008 8089 8090 8009
f 8009 8090 8091 8010
f 8010 8091 8092 8011
f 8011 8092 8093 8012
f 8012 8093 8094 8013
f 8013 8094 8095 8014
f 8014 8095 8096 8015
f 8015 8096 8097 8016
f 8016 8097 8098 8017
f 8017 8098 8099 8018
f 8018 8099 8100 8019
f 8020 8101 8102 8021
f 8021 8102 8103 8022
f 8022 8103 8104 8023
f 8023 8104 8105 8024
f 8024 8105 8106 8025
f 8025 8106 8107 8026
f 8026 8107 8108 8027
f 8027 8108 8109 8028
f 8028 8109 8110 8029
f 8029 8110 8111 8030
f 8030 8111 8112 8031
f 8031 8112 8113 8032
f 8032 8113 8114 8033
f 8033 8114 8115 8034
f 8034 8115 8116 8035
f 8035 8116 8117 8036
f 8036 8117 8118 8037
f 8037 8118 8119 8038
f 8038 8119 8120 8039
f 8039 8120 8121 8040
f 8040 8121 8122 8041
f 8041 8122 8123 8042
f 8042 8123 8124 8043
f 8043 8124 8125 8044
f 8044 8125 8126 8045
f 8045 8126 8127 8046
f 8046 8127 8128 8047
f 8047 8128 8129 8048
f 8048 8129 8130 8049
f 8049 8130 8131 8050
f 8050 8131 8132 8051
f 8051 8132 8133 8052
f 8052 8133 8134 8053
f 8053 8134 8135 8054
f 8054 8135 8136 8055
f 8055 8136 8137 8056
f 8056 8137 8138 8057
f 8057 8138 8139 8058
f 8058 8139 8140 8059
f 8059 8140 8141 8060
f 8060 8141 8142 8061
f 8061 8142 8143 8062
f 8062 8143 8144 8063
f 8063 8144 8145 8064
f 8064 8145 8146 8065
f 8065 8146 8147 8066
f 8066 8147 8148 8067
f 8067 8148 8149 8068
f 8068 8149 8150 8069
f 8069 8150 8151 8070
f 8070 8151 8152 8071
f 8071 8152 8153 8072
f 8072 8153 8154 8073
f 8073 8154 8155 8074
f 8074 8155 8156 8075
f 8075 8156 8157 8076
f 8076 8157 8158 8077
f 8077 8158 8159 8078
f 8078 8159 8160 8079
f 8079 8160 8161 8080
f 8080 8161 8162 8081
f 8081 8162 8163 8082
f 8082 8163 8164 8083
f 8083 8164 8165 8084
f 8084 8165 8166 8085
f 8085 8166 8167 8086
f 8086 8167 8168 8087
f 8087 8168 8169 8088
f 8088 8169 8170 8089
f 8089 8170 8171 8090
f 8090 8171 8172 8091
f 8091 8172 8173 8092
f 8092 8173 8174 8093
f 8093 8174 8175 8094
f 8094 8175 8176 8095
f 8095 8176 8177 8096
f 8096 8177 8178 8097
f 8097 8178 8179 8098
f 8098 8179 8180 8099
f 8099 8180 8181 8100

o water
usemtl water_sea
f 8182 8203 8204 8183
f 8183 8204 8205 8184
f 8184 8205 8206 8185
f 8185 8206 8207 8186
f 8186 8207 8208 8187
f 8187 8208 8209 8188
f 8188 8209 8210 8189
f 8189 8210 8211 8190
f 8190 8211 8212 8191
f 8191 8212 8213 8192
f 8192 8213 8214 8193
f 8193 8214 8215 8194
f 8194 8215 8216 8195
f 8195 8216 8217 8196
f 8196 8217 8218 8197
f 8197 8218 8219 8198
f 8198 8219 8220 8199
f 8199 8220 8221 8200
f 8200 8221 8222 8201
f 8201 8222 8223 8202
f 8203 8224 8225 8204
f 8204 8225 8226 8205
f 8205 8226 8227 8206
f 8206 8227 8228 8207
f 8207 8228 8229 8208
f 8208 8229 8230 8209
f 8209 8230 8231 8210
f 8210 8231 8232 8211
f 8211 8232 8233 8212
f 8212 8233 8234 8213
f 8213 8234 8235 8214
f 8214 8235 8236 8215
f 8215 8236 8237 8216
f 8216 8237 8238 8217
f 8217 8238 8239 8218
f 8218 8239 8240 8219
f 8219 8240 8241 8220
f 8220 8241 8242 8221
f 8221 8242 8243 8222
f 8222 8243 8244 8223
f 8224 8245 8246 8225
f 8225 8246 8247 8226
f 8226 8247 8248 8227
f 8227 8248 8249 8228
f 8228 8249 8250 8229
f 8229 8250 8251 8230
f 8230 8251 8252 8231
f 8231 8252 8253 8232
f 8232 8253 8254 8233
f 8233 8254 8255 8234
f 8234 8255 8256 8235
f 8235 8256 8257 8236
f 8236 8257 8258 8237
f 8237 8258 8259 8238
f 8238 8259 8260 8239
f 8239 8260 8261 8240
f 8240 8261 8262 8241
f 8241 8262 8263 8242
f 8242 8263 8264 8243
f 8243 8264 8265 8244
f 8245 8266 8267 8246
f 8246 8267 8268 8247
f 8247 8268 8269 8248
f 8248 8269 8270 8249
f 8249 8270 8271 8250
f 8250 8271 8272 8251
f 8251 8272 8273 8252
f 8252 8273 8274 8253
f 8253 8274 8275 8254
f 8254 8275 8276 8255
f 8255 8276 8277 8256
f 8256 8277 8278 8257
f 8257 8278 8279 8258
f 8258 8279 8280 8259
f 8259 8280 8281 8260
f 8260 8281 8282 8261
f 8261 8282 8283 8262
f 8262 8283 8284 8263
f 8263 8284 8285 8264
f 8264 8285 8286 8265
f 8266 8287 8288 8267
f 8267 8288 8289 8268
f 8268 8289 8290 8269
f 8269 8290 8291 8270
f 8270 8291 8292 8271
f 8271 8292 8293 8272
f 8272 8293 8294 8273
f 8273 8294 8295 8274
f 8274 8295 8296 8275
f 8275 8296 8297 8276
f 8276 8297 8298 8277
f 8277 8298 8299 8278
f 8278 8299 8300 8279
f 8279 8300 8301 8280
f 8280 8301 8302 8281
f 8281 8302 8303 8282
f 8282 8303 8304 8283
f 8283 8304 8305 8284
f 8284 8305 8306 8285
f 8285 8306 8307 8286
f 8287 8308 8309 8288
f 8288 8309 8310 8289
f 8289 8310 8311 8290
f 8290 8311 8312 8291
f 8291 8312 8313 8292
f 8292 8313 8314 8293
f 8293 8314 8315 8294
f 8294 8315 8316 8295
f 8295 8316 8317 8296
f 8296 8317 8318 8297
f 8297 8318 8319 8298
f 8298 8319 8320 8299
f 8299 8320 8321 8300
f 8300 8321 8322 8301
f 8301 8322 8323 8302
f 8302 8323 8324 8303
f 8303 8324 8325 8304
f 8304 8325 8326 8305
f 8305 8326 8327 8306
f 8306 8327 8328 8307
f 8308 8329 8330 8309
f 8309 8330 8331 8310
f 8310 8331 8332 8311
f 8311 8332 8333 8312
f 8312 8333 8334 8313
f 8313 8334 8335 8314
f 8314 8335 8336 8315
f 8315 8336 8337 8316
f 8316 8337 8338 8317
f 8317 8338 8339 8318
f 8318 8339 8340 8319
f 8319 8340 8341 8320
f 8320 8341 8342 8321
f 8321 8342 8343 8322
f 8322 8343 8344 8323
f 8323 8344 8345 8324
f 8324 8345 8346 8325
f 8325 8346 8347 8326
f 8326 8347 8348 8327
f 8327 8348 8349 8328
f 8329 8350 8351 8330
f 8330 8351 8352 8331
f 8331 8352 8353 8332
f 8332 8353 8354 8333
f 8333 8354 8355 8334
f 8334 8355 8356 8335
f 8335 8356 8357 8336
f 8336 8357 8358 8337
f 8337 8358 8359 8338
f 8338 8359 8360 8339
f 8339 8360 8361 8340
f 8340 8361 8362 8341
f 8341 8362 8363 8342
f 8342 8363 8364 8343
f 8343 8364 8365 8344
f 8344 8365 8366 8345
f 8345 8366 8367 8346
f 8346 8367 8368 8347
f 8347 8368 8369 8348
f 8348 8369 8370 8349
f 8350 8371 8372 8351
f 8351 8372 8373 8352
f 8352 8373 8374 8353
f 8353 8374 8375 8354
f 8354 8375 8376 8355
f 8355 8376 8377 8356
f 8356 8377 8378 8357
f 8357 8378 8379 8358
f 8358 8379 8380 8359
f 8359 8380 8381 8360
f 8360 8381 8382 8361
f 8361 8382 8383 8362
f 8362 8383 8384 8363
f 8363 8384 8385 8364
f 8364 8385 8386 8365
f 8365 8386 8387 8366
f 8366 8387 8388 8367
f 8367 8388 8389 8368
f 8368 8389 8390 8369
f 8369 8390 8391 8370
f 8371 8392 8393 8372
f 8372 8393 8394 8373
f 8373 8394 8395 8374
f 8374 8395 8396 8375
f 8375 8396 8397 8376
f 8376 8397 8398 8377
f 8377 8398 8399 8378
f 8378 8399 8400 8379
f 8379 8400 8401 8380
f 8380 8401 8402 8381
f 8381 8402 8403 8382
f 8382 8403 8404 8383
f 8383 8404 8405 8384
f 8384 8405 8406 8385
f 8385 8406 8407 8386
f 8386 8407 8408 8387
f 8387 8408 8409 8388
f 8388 8409 8410 8389
f 8389 8410 8411 8390
f 8390 8411 8412 8391
f 8392 8413 8414 8393
f 8393 8414 8415 8394
f 8394 8415 8416 8395
f 8395 8416 8417 8396
f 8396 8417 8418 8397
f 8397 8418 8419 8398
f 8398 8419 8420 8399
f 8399 8420 8421 8400
f 8400 8421 8422 8401
f 8401 8422 8423 8402
f 8402 8423 8424 8403
f 8403 8424 8425 8404
f 8404 8425 8426 8405
f 8405 8426 8427 8406
f 8406 8427 8428 8407
f 8407 8428 8429 8408
f 8408 8429 8430 8409
f 8409 8430 8431 8410
f 8410 8431 8432 8411
f 8411 8432 8433 8412
f 8413 8434 8435 8414
f 8414 8435 8436 8415
f 8415 8436 8437 8416
f 8416 8437 8438 8417
f 8417 8438 8439 8418
f 8418 8439 8440 8419
f 8419 8440 8441 8420
f 8420 8441 8442 8421
f 8421 8442 8443 8422
f 8422 8443 8444 8423
f 8423 8444 8445 8424
f 8424 8445 8446 8425
f 8425 8446 8447 8426
f 8426 8447 8448 8427
f 8427 8448 8449 8428
f 8428 8449 8450 8429
f 8429 8450 8451 8430
f 8430 8451 8452 8431
f 8431 8452 8453 8432
f 8432 8453 8454 8433
f 8434 8455 8456 8435
f 8435 8456 8457 8436
f 8436 8457 8458 8437
f 8437 8458 8459 8438
f 8438 8459 8460 8439
f 8439 8460 8461 8440
f 8440 8461 8462 8441
f 8441 8462 8463 8442
f 8442 8463 8464 8443
f 8443 8464 8465 8444
f 8444 8465 8466 8445
f 8445 8466 8467 8446
f 8446 8467 8468 8447
f 8447 8468 8469 8448
f 8448 8469 8470 8449
f 8449 8470 8471 8450
f 8450 8471 8472 8451
f 8451 8472 8473 8452
f 8452 8473 8474 8453
f 8453 8474 8475 8454
f 8455 8476 8477 8456
f 8456 8477 8478 8457
f 8457 8478 8479 8458
f 8458 8479 8480 8459
f 8459 8480 8481 8460
f 8460 8481 8482 8461
f 8461 8482 8483 8462
f 8462 8483 8484 8463
f 8463 8484 8485 8464
f 8464 8485 8486 8465
f 8465 8486 8487 8466
f 8466 8487 8488 8467
f 8467 8488 8489 8468
f 8468 8489 8490 8469
f 8469 8490 8491 8470
f 8470 8491 8492 8471
f 8471 8492 8493 8472
f 8472 8493 8494 8473
f 8473 8494 8495 8474
f 8474 8495 8496 8475
f 8476 8497 8498 8477
f 8477 8498 8499 8478
f 8478 8499 8500 8479
f 8479 8500 8501 8480
f 8480 8501 8502 8481
f 8481 8502 8503 8482
f 8482 8503 8504 8483
f 8483 8504 8505 8484
f 8484 8505 8506 8485
f 8485 8506 8507 8486
f 8486 8507 8508 8487
f 8487 8508 8509 8488
f 8488 8509 8510 8489
f 8489 8510 8511 8490
f 8490 8511 8512 8491
f 8491 8512 8513 8492
f 8492 8513 8514 8493
f 8493 8514 8515 8494
f 8494 8515 8516 8495
f 8495 8516 8517 8496
f 8497 8518 8519 8498
f 8498 8519 8520 8499
f 8499 8520 8521 8500
f 8500 8521 8522 8501
f 8501 8522 8523 8502
f 8502 8523 8524 8503
f 8503 8524 8525 8504
f 8504 8525 8526 8505
f 8505 8526 8527 8506
f 8506 8527 8528 8507
f 8507 8528 8529 8508
f 8508 8529 8530 8509
f 8509 8530 8531 8510
f 8510 8531 8532 8511
f 8511 8532 8533 8512
f 8512 8533 8534 8513
f 8513 8534 8535 8514
f 8514 8535 8536 8515
f 8515 8536 8537 8516
f 8516 8537 8538 8517
f 8518 8539 8540 8519
f 8519 8540 8541 8520
f 8520 8541 8542 8521
f 8521 8542 8543 8522
f 8522 8543 8544 8523
f 8523 8544 8545 8524
f 8524 8545 8546 8525
f 8525 8546 8547 8526
f 8526 8547 8548 8527
f 8527 8548 8549 8528
f 8528 8549 8550 8529
f 8529 8550 8551 8530
f 8530 8551 8552 8531
f 8531 8552 8553 8532
f 8532 8553 8554 8533
f 8533 8554 8555 8534
f 8534 8555 8556 8535
f 8535 8556 8557 8536
f 8536 8557 8558 8537
f 8537 8558 8559 8538
f 8539 8560 8561 8540
f 8540 8561 8562 8541
f 8541 8562 8563 8542
f 8542 8563 8564 8543
f 8543 8564 8565 8544
f 8544 8565 8566 8545
f 8545 8566 8567 8546
f 8546 8567 8568 8547
f 8547 8568 8569 8548
f 8548 8569 8570 8549
f 8549 8570 8571 8550
f 8550 8571 8572 8551
f 8551 8572 8573 8552
f 8552 8573 8574 8553
f 8553 8574 8575 8554
f 8554 8575 8576 8555
f 8555 8576 8577 8556
f 8556 8577 8578 8557
f 8557 8578 8579 8558
f 8558 8579 8580 8559
f 8560 8581 8582 8561
f 8561 8582 8583 8562
f 8562 8583 8584 8563
f 8563 8584 8585 8564
f 8564 8585 8586 8565
f 8565 8586 8587 8566
f 8566 8587 8588 8567
f 8567 8588 8589 8568
f 8568 8589 8590 8569
f 8569 8590 8591 8570
f 8570 8591 8592 8571
f 8571 8592 8593 8572
f 8572 8593 8594 8573
f 8573 8594 8595 8574
f 8574 8595 8596 8575
f 8575 8596 8597 8576
f 8576 8597 8598 8577
f 8577 8598 8599 8578
f 8578 8599 8600 8579
f 8579 8600 8601 8580
f 8581 8602 8603 8582
f 8582 8603 8604 8583
f 8583 8604 8605 8584
f 8584 8605 8606 8585
f 8585 8606 8607 8586
f 8586 8607 8608 8587
f 8587 8608 8609 8588
f 8588 8609 8610 8589
f 8589 8610 8611 8590
f 8590 8611 8612 8591
f 8591 8612 8613 8592
f 8592 8613 8614 8593
f 8593 8614 8615 8594
f 8594 8615 8616 8595
f 8595 8616 8617 8596
f 8596 8617 8618 8597
f 8597 8618 8619 8598
f 8598 8619 8620 8599
f 8599 8620 8621 8600
f 8600 8621 8622 8601

o lighthouse_base
usemtl lighthouse_stone
f 8623 8624 8656 8655
f 8624 8625 8657 8656
f 8625 8626 8658 8657
f 8626 8627 8659 8658
f 8627 8628 8660 8659
f 8628 8629 8661 8660
f 8629 8630 8662 8661
f 8630 8631 8663 8662
f 8631 8632 8664 8663
f 8632 8633 8665 8664
f 8633 8634 8666 8665
f 8634 8635 8667 8666
f 8635 8636 8668 8667
f 8636 8637 8669 8668
f 8637 8638 8670 8669
f 8638 8639 8671 8670
f 8639 8640 8672 8671
f 8640 8641 8673 8672
f 8641 8642 8674 8673
f 8642 8643 8675 8674
f 8643 8644 8676 8675
f 8644 8645 8677 8676
f 8645 8646 8678 8677
f 8646 8647 8679 8678
f 8647 8648 8680 8679
f 8648 8649 8681 8680
f 8649 8650 8682 8681
f 8650 8651 8683 8682
f 8651 8652 8684 8683
f 8652 8653 8685 8684
f 8653 8654 8686 8685
f 8654 8623 8655 8686
f 8655 8656 8688 8687
f 8656 8657 8689 8688
f 8657 8658 8690 8689
f 8658 8659 8691 8690
f 8659 8660 8692 8691
f 8660 8661 8693 8692
f 8661 8662 8694 8693
f 8662 8663 8695 8694
f 8663 8664 8696 8695
f 8664 8665 8697 8696
f 8665 8666 8698 8697
f 8666 8667 8699 8698
f 8667 8668 8700 8699
f 8668 8669 8701 8700
f 8669 8670 8702 8701
f 8670 8671 8703 8702
f 8671 8672 8704 8703
f 8672 8673 8705 8704
f 8673 8674 8706 8705
f 8674 8675 8707 8706
f 8675 8676 8708 8707
f 8676 8677 8709 8708
f 8677 8678 8710 8709
f 8678 8679 8711 8710
f 8679 8680 8712 8711
f 8680 8681 8713 8712
f 8681 8682 8714 8713
f 8682 8683 8715 8714
f 8683 8684 8716 8715
f 8684 8685 8717 8716
f 8685 8686 8718 8717
f 8686 8655 8687 8718
f 8719 8624 8623
f 8719 8625 8624
f 8719 8626 8625
f 8719 8627 8626
f 8719 8628 8627
f 8719 8629 8628
f 8719 8630 8629
f 8719 8631 8630
f 8719 8632 8631
f 8719 8633 8632
f 8719 8634 8633
f 8719 8635 8634
f 8719 8636 8635
f 8719 8637 8636
f 8719 8638 8637
f 8719 8639 8638
f 8719 8640 8639
f 8719 8641 8640
f 8719 8642 8641
f 8719 8643 8642
f 8719 8644 8643
f 8719 8645 8644
f 8719 8646 8645
f 8719 8647 8646
f 8719 8648 8647
f 8719 8649 8648
f 8719 8650 8649
f 8719 8651 8650
f 8719 8652 8651
f 8719 8653 8652
f 8719 8654 8653
f 8719 8623 8654
f 8720 8687 8688
f 8720 8688 8689
f 8720 8689 8690
f 8720 8690 8691
f 8720 8691 8692
f 8720 8692 8693
f 8720 8693 8694
f 8720 8694 8695
f 8720 8695 8696
f 8720 8696 8697
f 8720 8697 8698
f 8720 8698 8699
f 8720 8699 8700
f 8720 8700 8701
f 8720 8701 8702
f 8720 8702 8703
f 8720 8703 8704
f 8720 8704 8705
f 8720 8705 8706
f 8720 8706 8707
f 8720 8707 8708
f 8720 8708 8709
f 8720 8709 8710
f 8720 8710 8711
f 8720 8711 8712
f 8720 8712 8713
f 8720 8713 8714
f 8720 8714 8715
f 8720 8715 8716
f 8720 8716 8717
f 8720 8717 8718
f 8720 8718 8687

o lighthouse_tower
usemtl lighthouse_stripe_red
f 8721 8722 8754 8753
f 8722 8723 8755 8754
f 8723 8724 8756 8755
f 8724 8725 8757 8756
f 8725 8726 8758 8757
f 8726 8727 8759 8758
f 8727 8728 8760 8759
f 8728 8729 8761 8760
f 8729 8730 8762 8761
f 8730 8731 8763 8762
f 8731 8732 8764 8763
f 8732 8733 8765 8764
f 8733 8734 8766 8765
f 8734 8735 8767 8766
f 8735 8736 8768 8767
f 8736 8737 8769 8768
f 8737 8738 8770 8769
f 8738 8739 8771 8770
f 8739 8740 8772 8771
f 8740 8741 8773 8772
f 8741 8742 8774 8773
f 8742 8743 8775 8774
f 8743 8744 8776 8775
f 8744 8745 8777 8776
f 8745 8746 8778 8777
f 8746 8747 8779 8778
f 8747 8748 8780 8779
f 8748 8749 8781 8780
f 8749 8750 8782 8781
f 8750 8751 8783 8782
f 8751 8752 8784 8783
f 8752 8721 8753 8784
usemtl lighthouse_stripe_white
f 8753 8754 8786 8785
f 8754 8755 8787 8786
f 8755 8756 8788 8787
f 8756 8757 8789 8788
f 8757 8758 8790 8789
f 8758 8759 8791 8790
f 8759 8760 8792 8791
f 8760 8761 8793 8792
f 8761 8762 8794 8793
f 8762 8763 8795 8794
f 8763 8764 8796 8795
f 8764 8765 8797 8796
f 8765 8766 8798 8797
f 8766 8767 8799 8798
f 8767 8768 8800 8799
f 8768 8769 8801 8800
f 8769 8770 8802 8801
f 8770 8771 8803 8802
f 8771 8772 8804 8803
f 8772 8773 8805 8804
f 8773 8774 8806 8805
f 8774 8775 8807 8806
f 8775 8776 8808 8807
f 8776 8777 8809 8808
f 8777 8778 8810 8809
f 8778 8779 8811 8810
f 8779 8780 8812 8811
f 8780 8781 8813 8812
f 8781 8782 8814 8813
f 8782 8783 8815 8814
f 8783 8784 8816 8815
f 8784 8753 8785 8816
usemtl lighthouse_stripe_red
f 8785 8786 8818 8817
f 8786 8787 8819 8818
f 8787 8788 8820 8819
f 8788 8789 8821 8820
f 8789 8790 8822 8821
f 8790 8791 8823 8822
f 8791 8792 8824 8823
f 8792 8793 8825 8824
f 8793 8794 8826 8825
f 8794 8795 8827 8826
f 8795 8796 8828 8827
f 8796 8797 8829 8828
f 8797 8798 8830 8829
f 8798 8799 8831 8830
f 8799 8800 8832 8831
f 8800 8801 8833 8832
f 8801 8802 8834 8833
f 8802 8803 8835 8834
f 8803 8804 8836 8835
f 8804 8805 8837 8836
f 8805 8806 8838 8837
f 8806 8807 8839 8838
f 8807 8808 8840 8839
f 8808 8809 8841 8840
f 8809 8810 8842 8841
f 8810 8811 8843 8842
f 8811 8812 8844 8843
f 8812 8813 8845 8844
f 8813 8814 8846 8845
f 8814 8815 8847 8846
f 8815 8816 8848 8847
f 8816 8785 8817 8848
usemtl lighthouse_stripe_white
f 8817 8818 8850 8849
f 8818 8819 8851 8850
f 8819 8820 8852 8851
f 8820 8821 8853 8852
f 8821 8822 8854 8853
f 8822 8823 8855 8854
f 8823 8824 8856 8855
f 8824 8825 8857 8856
f 8825 8826 8858 8857
f 8826 8827 8859 8858
f 8827 8828 8860 8859
f 8828 8829 8861 8860
f 8829 8830 8862 8861
f 8830 8831 8863 8862
f 8831 8832 8864 8863
f 8832 8833 8865 8864
f 8833 8834 8866 8865
f 8834 8835 8867 8866
f 8835 8836 8868 8867
f 8836 8837 8869 8868
f 8837 8838 8870 8869
f 8838 8839 8871 8870
f 8839 8840 8872 8871
f 8840 8841 8873 8872
f 8841 8842 8874 8873
f 8842 8843 8875 8874
f 8843 8844 8876 8875
f 8844 8845 8877 8876
f 8845 8846 8878 8877
f 8846 8847 8879 8878
f 8847 8848 8880 8879
f 8848 8817 8849 8880
usemtl lighthouse_stripe_red
f 8849 8850 8882 8881
f 8850 8851 8883 8882
f 8851 8852 8884 8883
f 8852 8853 8885 8884
f 8853 8854 8886 8885
f 8854 8855 8887 8886
f 8855 8856 8888 8887
f 8856 8857 8889 8888
f 8857 8858 8890 8889
f 8858 8859 8891 8890
f 8859 8860 8892 8891
f 8860 8861 8893 8892
f 8861 8862 8894 8893
f 8862 8863 8895 8894
f 8863 8864 8896 8895
f 8864 8865 8897 8896
f 8865 8866 8898 8897
f 8866 8867 8899 8898
f 8867 8868 8900 8899
f 8868 8869 8901 8900
f 8869 8870 8902 8901
f 8870 8871 8903 8902
f 8871 8872 8904 8903
f 8872 8873 8905 8904
f 8873 8874 8906 8905
f 8874 8875 8907 8906
f 8875 8876 8908 8907
f 8876 8877 8909 8908
f 8877 8878 8910 8909
f 8878 8879 8911 8910
f 8879 8880 8912 8911
f 8880 8849 8881 8912
usemtl lighthouse_stripe_white
f 8881 8882 8914 8913
f 8882 8883 8915 8914
f 8883 8884 8916 8915
f 8884 8885 8917 8916
f 8885 8886 8918 8917
f 8886 8887 8919 8918
f 8887 8888 8920 8919
f 8888 8889 8921 8920
f 8889 8890 8922 8921
f 8890 8891 8923 8922
f 8891 8892 8924 8923
f 8892 8893 8925 8924
f 8893 8894 8926 8925
f 8894 8895 8927 8926
f 8895 8896 8928 8927
f 8896 8897 8929 8928
f 8897 8898 8930 8929
f 8898 8899 8931 8930
f 8899 8900 8932 8931
f 8900 8901 8933 8932
f 8901 8902 8934 8933
f 8902 8903 8935 8934
f 8903 8904 8936 8935
f 8904 8905 8937 8936
f 8905 8906 8938 8937
f 8906 8907 8939 8938
f 8907 8908 8940 8939
f 8908 8909 8941 8940
f 8909 8910 8942 8941
f 8910 8911 8943 8942
f 8911 8912 8944 8943
f 8912 8881 8913 8944
usemtl lighthouse_stripe_red
f 8913 8914 8946 8945
f 8914 8915 8947 8946
f 8915 8916 8948 8947
f 8916 8917 8949 8948
f 8917 8918 8950 8949
f 8918 8919 8951 8950
f 8919 8920 8952 8951
f 8920 8921 8953 8952
f 8921 8922 8954 8953
f 8922 8923 8955 8954
f 8923 8924 8956 8955
f 8924 8925 8957 8956
f 8925 8926 8958 8957
f 8926 8927 8959 8958
f 8927 8928 8960 8959
f 8928 8929 8961 8960
f 8929 8930 8962 8961
f 8930 8931 8963 8962
f 8931 8932 8964 8963
f 8932 8933 8965 8964
f 8933 8934 8966 8965
f 8934 8935 8967 8966
f 8935 8936 8968 8967
f 8936 8937 8969 8968
f 8937 8938 8970 8969
f 8938 8939 8971 8970
f 8939 8940 8972 8971
f 8940 8941 8973 8972
f 8941 8942 8974 8973
f 8942 8943 8975 8974
f 8943 8944 8976 8975
f 8944 8913 8945 8976

o lighthouse_gallery
usemtl lighthouse_metal
f 8977 8978 9010 9009
f 8978 8979 9011 9010
f 8979 8980 9012 9011
f 8980 8981 9013 9012
f 8981 8982 9014 9013
f 8982 8983 9015 9014
f 8983 8984 9016 9015
f 8984 8985 9017 9016
f 8985 8986 9018 9017
f 8986 8987 9019 9018
f 8987 8988 9020 9019
f 8988 8989 9021 9020
f 8989 8990 9022 9021
f 8990 8991 9023 9022
f 8991 8992 9024 9023
f 8992 8993 9025 9024
f 8993 8994 9026 9025
f 8994 8995 9027 9026
f 8995 8996 9028 9027
f 8996 8997 9029 9028
f 8997 8998 9030 9029
f 8998 8999 9031 9030
f 8999 9000 9032 9031
f 9000 9001 9033 9032
f 9001 9002 9034 9033
f 9002 9003 9035 9034
f 9003 9004 9036 9035
f 9004 9005 9037 9036
f 9005 9006 9038 9037
f 9006 9007 9039 9038
f 9007 9008 9040 9039
f 9008 8977 9009 9040
f 9041 9009 9010
f 9041 9010 9011
f 9041 9011 9012
f 9041 9012 9013
f 9041 9013 9014
f 9041 9014 9015
f 9041 9015 9016
f 9041 9016 9017
f 9041 9017 9018
f 9041 9018 9019
f 9041 9019 9020
f 9041 9020 9021
f 9041 9021 9022
f 9041 9022 9023
f 9041 9023 9024
f 9041 9024 9025
f 9041 9025 9026
f 9041 9026 9027
f 9041 9027 9028
f 9041 9028 9029
f 9041 9029 9030
f 9041 9030 9031
f 9041 9031 9032
f 9041 9032 9033
f 9041 9033 9034
f 9041 9034 9035
f 9041 9035 9036
f 9041 9036 9037
f 9041 9037 9038
f 9041 9038 9039
f 9041 9039 9040
f 9041 9040 9009
f 9042 8978 8977
f 9042 8979 8978
f 9042 8980 8979
f 9042 8981 8980
f 9042 8982 8981
f 9042 8983 8982
f 9042 8984 8983
f 9042 8985 8984
f 9042 8986 8985
f 9042 8987 8986
f 9042 8988 8987
f 9042 8989 8988
f 9042 8990 8989
f 9042 8991 8990
f 9042 8992 8991
f 9042 8993 8992
f 9042 8994 8993
f 9042 8995 8994
f 9042 8996 8995
f 9042 8997 8996
f 9042 8998 8997
f 9042 8999 8998
f 9042 9000 8999
f 9042 9001 9000
f 9042 9002 9001
f 9042 9003 9002
f 9042 9004 9003
f 9042 9005 9004
f 9042 9006 9005
f 9042 9007 9006
f 9042 9008 9007
f 9042 8977 9008
f 9043 9044 9076 9075
f 9044 9045 9077 9076
f 9045 9046 9078 9077
f 9046 9047 9079 9078
f 9047 9048 9080 9079
f 9048 9049 9081 9080
f 9049 9050 9082 9081
f 9050 9051 9083 9082
f 9051 9052 9084 9083
f 9052 9053 9085 9084
f 9053 9054 9086 9085
f 9054 9055 9087 9086
f 9055 9056 9088 9087
f 9056 9057 9089 9088
f 9057 9058 9090 9089
f 9058 9059 9091 9090
f 9059 9060 9092 9091
f 9060 9061 9093 9092
f 9061 9062 9094 9093
f 9062 9063 9095 9094
f 9063 9064 9096 9095
f 9064 9065 9097 9096
f 9065 9066 9098 9097
f 9066 9067 9099 9098
f 9067 9068 9100 9099
f 9068 9069 9101 9100
f 9069 9070 9102 9101
f 9070 9071 9103 9102
f 9071 9072 9104 9103
f 9072 9073 9105 9104
f 9073 9074 9106 9105
f 9074 9043 9075 9106
f 9075 9076 9108 9107
f 9076 9077 9109 9108
f 9077 9078 9110 9109
f 9078 9079 9111 9110
f 9079 9080 9112 9111
f 9080 9081 9113 9112
f 9081 9082 9114 9113
f 9082 9083 9115 9114
f 9083 9084 9116 9115
f 9084 9085 9117 9116
f 9085 9086 9118 9117
f 9086 9087 9119 9118
f 9087 9088 9120 9119
f 9088 9089 9121 9120
f 9089 9090 9122 9121
f 9090 9091 9123 9122
f 9091 9092 9124 9123
f 9092 9093 9125 9124
f 9093 9094 9126 9125
f 9094 9095 9127 9126
f 9095 9096 9128 9127
f 9096 9097 9129 9128
f 9097 9098 9130 9129
f 9098 9099 9131 9130
f 9099 9100 9132 9131
f 9100 9101 9133 9132
f 9101 9102 9134 9133
f 9102 9103 9135 9134
f 9103 9104 9136 9135
f 9104 9105 9137 9136
f 9105 9106 9138 9137
f 9106 9075 9107 9138
f 9107 9108 9140 9139
f 9108 9109 9141 9140
f 9109 9110 9142 9141
f 9110 9111 9143 9142
f 9111 9112 9144 9143
f 9112 9113 9145 9144
f 9113 9114 9146 9145
f 9114 9115 9147 9146
f 9115 9116 9148 9147
f 9116 9117 9149 9148
f 9117 9118 9150 9149
f 9118 9119 9151 9150
f 9119 9120 9152 9151
f 9120 9121 9153 9152
f 9121 9122 9154 9153
f 9122 9123 9155 9154
f 9123 9124 9156 9155
f 9124 9125 9157 9156
f 9125 9126 9158 9157
f 9126 9127 9159 9158
f 9127 9128 9160 9159
f 9128 9129 9161 9160
f 9129 9130 9162 9161
f 9130 9131 9163 9162
f 9131 9132 9164 9163
f 9132 9133 9165 9164
f 9133 9134 9166 9165
f 9134 9135 9167 9166
f 9135 9136 9168 9167
f 9136 9137 9169 9168
f 9137 9138 9170 9169
f 9138 9107 9139 9170
f 9171 9139 9140
f 9171 9140 9141
f 9171 9141 9142
f 9171 9142 9143
f 9171 9143 9144
f 9171 9144 9145
f 9171 9145 9146
f 9171 9146 9147
f 9171 9147 9148
f 9171 9148 9149
f 9171 9149 9150
f 9171 9150 9151
f 9171 9151 9152
f 9171 9152 9153
f 9171 9153 9154
f 9171 9154 9155
f 9171 9155 9156
f 9171 9156 9157
f 9171 9157 9158
f 9171 9158 9159
f 9171 9159 9160
f 9171 9160 9161
f 9171 9161 9162
f 9171 9162 9163
f 9171 9163 9164
f 9171 9164 9165
f 9171 9165 9166
f 9171 9166 9167
f 9171 9167 9168
f 9171 9168 9169
f 9171 9169 9170
f 9171 9170 9139

o lighthouse_lantern
usemtl lighthouse_glass
f 9172 9173 9205 9204
f 9173 9174 9206 9205
f 9174 9175 9207 9206
f 9175 9176 9208 9207
f 9176 9177 9209 9208
f 9177 9178 9210 9209
f 9178 9179 9211 9210
f 9179 9180 9212 9211
f 9180 9181 9213 9212
f 9181 9182 9214 9213
f 9182 9183 9215 9214
f 9183 9184 9216 9215
f 9184 9185 9217 9216
f 9185 9186 9218 9217
f 9186 9187 9219 9218
f 9187 9188 9220 9219
f 9188 9189 9221 9220
f 9189 9190 9222 9221
f 9190 9191 9223 9222
f 9191 9192 9224 9223
f 9192 9193 9225 9224
f 9193 9194 9226 9225
f 9194 9195 9227 9226
f 9195 9196 9228 9227
f 9196 9197 9229 9228
f 9197 9198 9230 9229
f 9198 9199 9231 9230
f 9199 9200 9232 9231
f 9200 9201 9233 9232
f 9201 9202 9234 9233
f 9202 9203 9235 9234
f 9203 9172 9204 9235
f 9204 9205 9237 9236
f 9205 9206 9238 9237
f 9206 9207 9239 9238
f 9207 9208 9240 9239
f 9208 9209 9241 9240
f 9209 9210 9242 9241
f 9210 9211 9243 9242
f 9211 9212 9244 9243
f 9212 9213 9245 9244
f 9213 9214 9246 9245
f 9214 9215 9247 9246
f 9215 9216 9248 9247
f 9216 9217 9249 9248
f 9217 9218 9250 9249
f 9218 9219 9251 9250
f 9219 9220 9252 9251
f 9220 9221 9253 9252
f 9221 9222 9254 9253
f 9222 9223 9255 9254
f 9223 9224 9256 9255
f 9224 9225 9257 9256
f 9225 9226 9258 9257
f 9226 9227 9259 9258
f 9227 9228 9260 9259
f 9228 9229 9261 9260
f 9229 9230 9262 9261
f 9230 9231 9263 9262
f 9231 9232 9264 9263
f 9232 9233 9265 9264
f 9233 9234 9266 9265
f 9234 9235 9267 9266
f 9235 9204 9236 9267
f 9268 9173 9172
f 9268 9174 9173
f 9268 9175 9174
f 9268 9176 9175
f 9268 9177 9176
f 9268 9178 9177
f 9268 9179 9178
f 9268 9180 9179
f 9268 9181 9180
f 9268 9182 9181
f 9268 9183 9182
f 9268 9184 9183
f 9268 9185 9184
f 9268 9186 9185
f 9268 9187 9186
f 9268 9188 9187
f 9268 9189 9188
f 9268 9190 9189
f 9268 9191 9190
f 9268 9192 9191
f 9268 9193 9192
f 9268 9194 9193
f 9268 9195 9194
f 9268 9196 9195
f 9268 9197 9196
f 9268 9198 9197
f 9268 9199 9198
f 9268 9200 9199
f 9268 9201 9200
f 9268 9202 9201
f 9268 9203 9202
f 9268 9172 9203

o lighthouse_roof
usemtl lighthouse_roof_mtl
f 9301 9269 9270
f 9301 9270 9271
f 9301 9271 9272
f 9301 9272 9273
f 9301 9273 9274
f 9301 9274 9275
f 9301 9275 9276
f 9301 9276 9277
f 9301 9277 9278
f 9301 9278 9279
f 9301 9279 9280
f 9301 9280 9281
f 9301 9281 9282
f 9301 9282 9283
f 9301 9283 9284
f 9301 9284 9285
f 9301 9285 9286
f 9301 9286 9287
f 9301 9287 9288
f 9301 9288 9289
f 9301 9289 9290
f 9301 9290 9291
f 9301 9291 9292
f 9301 9292 9293
f 9301 9293 9294
f 9301 9294 9295
f 9301 9295 9296
f 9301 9296 9297
f 9301 9297 9298
f 9301 9298 9299
f 9301 9299 9300
f 9301 9300 9269
f 9302 9270 9269
f 9302 9271 9270
f 9302 9272 9271
f 9302 9273 9272
f 9302 9274 9273
f 9302 9275 9274
f 9302 9276 9275
f 9302 9277 9276
f 9302 9278 9277
f 9302 9279 9278
f 9302 9280 9279
f 9302 9281 9280
f 9302 9282 9281
f 9302 9283 9282
f 9302 9284 9283
f 9302 9285 9284
f 9302 9286 9285
f 9302 9287 9286
f 9302 9288 9287
f 9302 9289 9288
f 9302 9290 9289
f 9302 9291 9290
f 9302 9292 9291
f 9302 9293 9292
f 9302 9294 9293
f 9302 9295 9294
f 9302 9296 9295
f 9302 9297 9296
f 9302 9298 9297
f 9302 9299 9298
f 9302 9300 9299
f 9302 9269 9300

o lighthouse_door
usemtl lighthouse_door_mtl
f 9303 9304 9305 9306
f 9307 9310 9309 9308
f 9303 9307 9308 9304
f 9304 9308 9309 9305
f 9305 9309 9310 9306
f 9306 9310 9307 9303

o house_1_timber
usemtl house_1_timber_foundation
f 9311 9312 9313 9314
f 9315 9318 9317 9316
f 9311 9315 9316 9312
f 9312 9316 9317 9313
f 9313 9317 9318 9314
f 9314 9318 9315 9311
usemtl house_1_timber_wall_0
f 9319 9320 9321 9322
usemtl house_1_timber_wall_1
f 9323 9326 9325 9324
usemtl house_1_timber_wall_2
f 9319 9323 9324 9320
usemtl house_1_timber_wall_3
f 9320 9324 9325 9321
usemtl house_1_timber_wall_4
f 9321 9325 9326 9322
usemtl house_1_timber_wall_5
f 9322 9326 9323 9319
usemtl house_1_timber_roof
f 9327 9328 9332 9331
f 9330 9329 9331 9332
f 9327 9331 9329
f 9328 9330 9332
usemtl house_1_timber_chimney
f 9333 9334 9335 9336
f 9337 9340 9339 9338
f 9333 9337 9338 9334
f 9334 9338 9339 9335
f 9335 9339 9340 9336
f 9336 9340 9337 9333
usemtl house_1_timber_frame
f 9341 9342 9343 9344
f 9345 9348 9347 9346
f 9341 9345 9346 9342
f 9342 9346 9347 9343
f 9343 9347 9348 9344
f 9344 9348 9345 9341
usemtl house_1_timber_glass
f 9349 9350 9351 9352
f 9353 9356 9355 9354
f 9349 9353 9354 9350
f 9350 9354 9355 9351
f 9351 9355 9356 9352
f 9352 9356 9353 9349
usemtl house_1_timber_frame
f 9357 9358 9359 9360
f 9361 9364 9363 9362
f 9357 9361 9362 9358
f 9358 9362 9363 9359
f 9359 9363 9364 9360
f 9360 9364 9361 9357
usemtl house_1_timber_glass
f 9365 9366 9367 9368
f 9369 9372 9371 9370
f 9365 9369 9370 9366
f 9366 9370 9371 9367
f 9367 9371 9372 9368
f 9368 9372 9369 9365
usemtl house_1_timber_beam
f 9373 9374 9375 9376
f 9377 9380 9379 9378
f 9373 9377 9378 9374
f 9374 9378 9379 9375
f 9375 9379 9380 9376
f 9376 9380 9377 9373
f 9381 9382 9383 9384
f 9385 9388 9387 9386
f 9381 9385 9386 9382
f 9382 9386 9387 9383
f 9383 9387 9388 9384
f 9384 9388 9385 9381
f 9389 9390 9391 9392
f 9393 9396 9395 9394
f 9389 9393 9394 9390
f 9390 9394 9395 9391
f 9391 9395 9396 9392
f 9392 9396 9393 9389
f 9397 9398 9399 9400
f 9401 9404 9403 9402
f 9397 9401 9402 9398
f 9398 9402 9403 9399
f 9399 9403 9404 9400
f 9400 9404 9401 9397
f 9405 9406 9407 9408
f 9409 9412 9411 9410
f 9405 9409 9410 9406
f 9406 9410 9411 9407
f 9407 9411 9412 9408
f 9408 9412 9409 9405
usemtl house_1_timber_door
f 9413 9414 9415 9416
f 9417 9420 9419 9418
f 9413 9417 9418 9414
f 9414 9418 9419 9415
f 9415 9419 9420 9416
f 9416 9420 9417 9413

o house_2_stone
usemtl house_2_stone_foundation
f 9421 9422 9423 9424
f 9425 9428 9427 9426
f 9421 9425 9426 9422
f 9422 9426 9427 9423
f 9423 9427 9428 9424
f 9424 9428 9425 9421
usemtl house_2_stone_stone_0
f 9429 9430 9431 9432
usemtl house_2_stone_stone_1
f 9433 9436 9435 9434
usemtl house_2_stone_stone_2
f 9429 9433 9434 9430
usemtl house_2_stone_stone_3
f 9430 9434 9435 9431
usemtl house_2_stone_stone_4
f 9431 9435 9436 9432
usemtl house_2_stone_stone_5
f 9432 9436 9433 9429
usemtl house_2_stone_roof
f 9437 9438 9442 9441
f 9440 9439 9441 9442
f 9437 9441 9439
f 9438 9440 9442
usemtl house_2_stone_chimney
f 9443 9444 9445 9446
f 9447 9450 9449 9448
f 9443 9447 9448 9444
f 9444 9448 9449 9445
f 9445 9449 9450 9446
f 9446 9450 9447 9443
usemtl house_2_stone_frame
f 9451 9452 9453 9454
f 9455 9458 9457 9456
f 9451 9455 9456 9452
f 9452 9456 9457 9453
f 9453 9457 9458 9454
f 9454 9458 9455 9451
usemtl house_2_stone_glass
f 9459 9460 9461 9462
f 9463 9466 9465 9464
f 9459 9463 9464 9460
f 9460 9464 9465 9461
f 9461 9465 9466 9462
f 9462 9466 9463 9459
usemtl house_2_stone_frame
f 9467 9468 9469 9470
f 9471 9474 9473 9472
f 9467 9471 9472 9468
f 9468 9472 9473 9469
f 9469 9473 9474 9470
f 9470 9474 9471 9467
usemtl house_2_stone_glass
f 9475 9476 9477 9478
f 9479 9482 9481 9480
f 9475 9479 9480 9476
f 9476 9480 9481 9477
f 9477 9481 9482 9478
f 9478 9482 9479 9475
usemtl house_2_stone_door
f 9483 9484 9485 9486
f 9487 9490 9489 9488
f 9483 9487 9488 9484
f 9484 9488 9489 9485
f 9485 9489 9490 9486
f 9486 9490 9487 9483

o house_3_two_story
usemtl house_3_two_story_foundation
f 9491 9492 9493 9494
f 9495 9498 9497 9496
f 9491 9495 9496 9492
f 9492 9496 9497 9493
f 9493 9497 9498 9494
f 9494 9498 9495 9491
usemtl house_3_two_story_wall_0
f 9499 9500 9501 9502
usemtl house_3_two_story_wall_1
f 9503 9506 9505 9504
usemtl house_3_two_story_wall_2
f 9499 9503 9504 9500
usemtl house_3_two_story_wall_3
f 9500 9504 9505 9501
usemtl house_3_two_story_wall_4
f 9501 9505 9506 9502
usemtl house_3_two_story_wall_5
f 9502 9506 9503 9499
usemtl house_3_two_story_roof
f 9507 9508 9512 9511
f 9510 9509 9511 9512
f 9507 9511 9509
f 9508 9510 9512
usemtl house_3_two_story_chimney
f 9513 9514 9515 9516
f 9517 9520 9519 9518
f 9513 9517 9518 9514
f 9514 9518 9519 9515
f 9515 9519 9520 9516
f 9516 9520 9517 9513
usemtl house_3_two_story_frame
f 9521 9522 9523 9524
f 9525 9528 9527 9526
f 9521 9525 9526 9522
f 9522 9526 9527 9523
f 9523 9527 9528 9524
f 9524 9528 9525 9521
usemtl house_3_two_story_glass
f 9529 9530 9531 9532
f 9533 9536 9535 9534
f 9529 9533 9534 9530
f 9530 9534 9535 9531
f 9531 9535 9536 9532
f 9532 9536 9533 9529
usemtl house_3_two_story_frame
f 9537 9538 9539 9540
f 9541 9544 9543 9542
f 9537 9541 9542 9538
f 9538 9542 9543 9539
f 9539 9543 9544 9540
f 9540 9544 9541 9537
usemtl house_3_two_story_glass
f 9545 9546 9547 9548
f 9549 9552 9551 9550
f 9545 9549 9550 9546
f 9546 9550 9551 9547
f 9547 9551 9552 9548
f 9548 9552 9549 9545
usemtl house_3_two_story_frame
f 9553 9554 9555 9556
f 9557 9560 9559 9558
f 9553 9557 9558 9554
f 9554 9558 9559 9555
f 9555 9559 9560 9556
f 9556 9560 9557 9553
usemtl house_3_two_story_glass
f 9561 9562 9563 9564
f 9565 9568 9567 9566
f 9561 9565 9566 9562
f 9562 9566 9567 9563
f 9563 9567 9568 9564
f 9564 9568 9565 9561
usemtl house_3_two_story_frame
f 9569 9570 9571 9572
f 9573 9576 9575 9574
f 9569 9573 9574 9570
f 9570 9574 9575 9571
f 9571 9575 9576 9572
f 9572 9576 9573 9569
usemtl house_3_two_story_glass
f 9577 9578 9579 9580
f 9581 9584 9583 9582
f 9577 9581 9582 9578
f 9578 9582 9583 9579
f 9579 9583 9584 9580
f 9580 9584 9581 9577
usemtl house_3_two_story_door
f 9585 9586 9587 9588
f 9589 9592 9591 9590
f 9585 9589 9590 9586
f 9586 9590 9591 9587
f 9587 9591 9592 9588
f 9588 9592 9589 9585

o house_4_timber
usemtl house_4_timber_foundation
f 9593 9594 9595 9596
f 9597 9600 9599 9598
f 9593 9597 9598 9594
f 9594 9598 9599 9595
f 9595 9599 9600 9596
f 9596 9600 9597 9593
usemtl house_4_timber_wall_0
f 9601 9602 9603 9604
usemtl house_4_timber_wall_1
f 9605 9608 9607 9606
usemtl house_4_timber_wall_2
f 9601 9605 9606 9602
usemtl house_4_timber_wall_3
f 9602 9606 9607 9603
usemtl house_4_timber_wall_4
f 9603 9607 9608 9604
usemtl house_4_timber_wall_5
f 9604 9608 9605 9601
usemtl house_4_timber_roof
f 9609 9610 9614 9613
f 9612 9611 9613 9614
f 9609 9613 9611
f 9610 9612 9614
usemtl house_4_timber_chimney
f 9615 9616 9617 9618
f 9619 9622 9621 9620
f 9615 9619 9620 9616
f 9616 9620 9621 9617
f 9617 9621 9622 9618
f 9618 9622 9619 9615
usemtl house_4_timber_frame
f 9623 9624 9625 9626
f 9627 9630 9629 9628
f 9623 9627 9628 9624
f 9624 9628 9629 9625
f 9625 9629 9630 9626
f 9626 9630 9627 9623
usemtl house_4_timber_glass
f 9631 9632 9633 9634
f 9635 9638 9637 9636
f 9631 9635 9636 9632
f 9632 9636 9637 9633
f 9633 9637 9638 9634
f 9634 9638 9635 9631
usemtl house_4_timber_frame
f 9639 9640 9641 9642
f 9643 9646 9645 9644
f 9639 9643 9644 9640
f 9640 9644 9645 9641
f 9641 9645 9646 9642
f 9642 9646 9643 9639
usemtl house_4_timber_glass
f 9647 9648 9649 9650
f 9651 9654 9653 9652
f 9647 9651 9652 9648
f 9648 9652 9653 9649
f 9649 9653 9654 9650
f 9650 9654 9651 9647
usemtl house_4_timber_beam
f 9655 9656 9657 9658
f 9659 9662 9661 9660
f 9655 9659 9660 9656
f 9656 9660 9661 9657
f 9657 9661 9662 9658
f 9658 9662 9659 9655
f 9663 9664 9665 9666
f 9667 9670 9669 9668
f 9663 9667 9668 9664
f 9664 9668 9669 9665
f 9665 9669 9670 9666
f 9666 9670 9667 9663
f 9671 9672 9673 9674
f 9675 9678 9677 9676
f 9671 9675 9676 9672
f 9672 9676 9677 9673
f 9673 9677 9678 9674
f 9674 9678 9675 9671
f 9679 9680 9681 9682
f 9683 9686 9685 9684
f 9679 9683 9684 9680
f 9680 9684 9685 9681
f 9681 9685 9686 9682
f 9682 9686 9683 9679
f 9687 9688 9689 9690
f 9691 9694 9693 9692
f 9687 9691 9692 9688
f 9688 9692 9693 9689
f 9689 9693 9694 9690
f 9690 9694 9691 9687
usemtl house_4_timber_door
f 9695 9696 9697 9698
f 9699 9702 9701 9700
f 9695 9699 9700 9696
f 9696 9700 9701 9697
f 9697 9701 9702 9698
f 9698 9702 9699 9695

o house_5_stone
usemtl house_5_stone_foundation
f 9703 9704 9705 9706
f 9707 9710 9709 9708
f 9703 9707 9708 9704
f 9704 9708 9709 9705
f 9705 9709 9710 9706
f 9706 9710 9707 9703
usemtl house_5_stone_stone_0
f 9711 9712 9713 9714
usemtl house_5_stone_stone_1
f 9715 9718 9717 9716
usemtl house_5_stone_stone_2
f 9711 9715 9716 9712
usemtl house_5_stone_stone_3
f 9712 9716 9717 9713
usemtl house_5_stone_stone_4
f 9713 9717 9718 9714
usemtl house_5_stone_stone_5
f 9714 9718 9715 9711
usemtl house_5_stone_roof
f 9719 9720 9724 9723
f 9722 9721 9723 9724
f 9719 9723 9721
f 9720 9722 9724
usemtl house_5_stone_chimney
f 9725 9726 9727 9728
f 9729 9732 9731 9730
f 9725 9729 9730 9726
f 9726 9730 9731 9727
f 9727 9731 9732 9728
f 9728 9732 9729 9725
usemtl house_5_stone_frame
f 9733 9734 9735 9736
f 9737 9740 9739 9738
f 9733 9737 9738 9734
f 9734 9738 9739 9735
f 9735 9739 9740 9736
f 9736 9740 9737 9733
usemtl house_5_stone_glass
f 9741 9742 9743 9744
f 9745 9748 9747 9746
f 9741 9745 9746 9742
f 9742 9746 9747 9743
f 9743 9747 9748 9744
f 9744 9748 9745 9741
usemtl house_5_stone_frame
f 9749 9750 9751 9752
f 9753 9756 9755 9754
f 9749 9753 9754 9750
f 9750 9754 9755 9751
f 9751 9755 9756 9752
f 9752 9756 9753 9749
usemtl house_5_stone_glass
f 9757 9758 9759 9760
f 9761 9764 9763 9762
f 9757 9761 9762 9758
f 9758 9762 9763 9759
f 9759 9763 9764 9760
f 9760 9764 9761 9757
usemtl house_5_stone_door
f 9765 9766 9767 9768
f 9769 9772 9771 9770
f 9765 9769 9770 9766
f 9766 9770 9771 9767
f 9767 9771 9772 9768
f 9768 9772 9769 9765

o house_6_two_story
usemtl house_6_two_story_foundation
f 9773 9774 9775 9776
f 9777 9780 9779 9778
f 9773 9777 9778 9774
f 9774 9778 9779 9775
f 9775 9779 9780 9776
f 9776 9780 9777 9773
usemtl house_6_two_story_wall_0
f 9781 9782 9783 9784
usemtl house_6_two_story_wall_1
f 9785 9788 9787 9786
usemtl house_6_two_story_wall_2
f 9781 9785 9786 9782
usemtl house_6_two_story_wall_3
f 9782 9786 9787 9783
usemtl house_6_two_story_wall_4
f 9783 9787 9788 9784
usemtl house_6_two_story_wall_5
f 9784 9788 9785 9781
usemtl house_6_two_story_roof
f 9789 9790 9794 9793
f 9792 9791 9793 9794
f 9789 9793 9791
f 9790 9792 9794
usemtl house_6_two_story_chimney
f 9795 9796 9797 9798
f 9799 9802 9801 9800
f 9795 9799 9800 9796
f 9796 9800 9801 9797
f 9797 9801 9802 9798
f 9798 9802 9799 9795
usemtl house_6_two_story_frame
f 9803 9804 9805 9806
f 9807 9810 9809 9808
f 9803 9807 9808 9804
f 9804 9808 9809 9805
f 9805 9809 9810 9806
f 9806 9810 9807 9803
usemtl house_6_two_story_glass
f 9811 9812 9813 9814
f 9815 9818 9817 9816
f 9811 9815 9816 9812
f 9812 9816 9817 9813
f 9813 9817 9818 9814
f 9814 9818 9815 9811
usemtl house_6_two_story_frame
f 9819 9820 9821 9822
f 9823 9826 9825 9824
f 9819 9823 9824 9820
f 9820 9824 9825 9821
f 9821 9825 9826 9822
f 9822 9826 9823 9819
usemtl house_6_two_story_glass
f 9827 9828 9829 9830
f 9831 9834 9833 9832
f 9827 9831 9832 9828
f 9828 9832 9833 9829
f 9829 9833 9834 9830
f 9830 9834 9831 9827
usemtl house_6_two_story_frame
f 9835 9836 9837 9838
f 9839 9842 9841 9840
f 9835 9839 9840 9836
f 9836 9840 9841 9837
f 9837 9841 9842 9838
f 9838 9842 9839 9835
usemtl house_6_two_story_glass
f 9843 9844 9845 9846
f 9847 9850 9849 9848
f 9843 9847 9848 9844
f 9844 9848 9849 9845
f 9845 9849 9850 9846
f 9846 9850 9847 9843
usemtl house_6_two_story_frame
f 9851 9852 9853 9854
f 9855 9858 9857 9856
f 9851 9855 9856 9852
f 9852 9856 9857 9853
f 9853 9857 9858 9854
f 9854 9858 9855 9851
usemtl house_6_two_story_glass
f 9859 9860 9861 9862
f 9863 9866 9865 9864
f 9859 9863 9864 9860
f 9860 9864 9865 9861
f 9861 9865 9866 9862
f 9862 9866 9863 9859
usemtl house_6_two_story_door
f 9867 9868 9869 9870
f 9871 9874 9873 9872
f 9867 9871 9872 9868
f 9868 9872 9873 9869
f 9869 9873 9874 9870
f 9870 9874 9871 9867

o house_7_timber
usemtl house_7_timber_foundation
f 9875 9876 9877 9878
f 9879 9882 9881 9880
f 9875 9879 9880 9876
f 9876 9880 9881 9877
f 9877 9881 9882 9878
f 9878 9882 9879 9875
usemtl house_7_timber_wall_0
f 9883 9884 9885 9886
usemtl house_7_timber_wall_1
f 9887 9890 9889 9888
usemtl house_7_timber_wall_2
f 9883 9887 9888 9884
usemtl house_7_timber_wall_3
f 9884 9888 9889 9885
usemtl house_7_timber_wall_4
f 9885 9889 9890 9886
usemtl house_7_timber_wall_5
f 9886 9890 9887 9883
usemtl house_7_timber_roof
f 9891 9892 9896 9895
f 9894 9893 9895 9896
f 9891 9895 9893
f 9892 9894 9896
usemtl house_7_timber_chimney
f 9897 9898 9899 9900
f 9901 9904 9903 9902
f 9897 9901 9902 9898
f 9898 9902 9903 9899
f 9899 9903 9904 9900
f 9900 9904 9901 9897
usemtl house_7_timber_frame
f 9905 9906 9907 9908
f 9909 9912 9911 9910
f 9905 9909 9910 9906
f 9906 9910 9911 9907
f 9907 9911 9912 9908
f 9908 9912 9909 9905
usemtl house_7_timber_glass
f 9913 9914 9915 9916
f 9917 9920 9919 9918
f 9913 9917 9918 9914
f 9914 9918 9919 9915
f 9915 9919 9920 9916
f 9916 9920 9917 9913
usemtl house_7_timber_frame
f 9921 9922 9923 9924
f 9925 9928 9927 9926
f 9921 9925 9926 9922
f 9922 9926 9927 9923
f 9923 9927 9928 9924
f 9924 9928 9925 9921
usemtl house_7_timber_glass
f 9929 9930 9931 9932
f 9933 9936 9935 9934
f 9929 9933 9934 9930
f 9930 9934 9935 9931
f 9931 9935 9936 9932
f 9932 9936 9933 9929
usemtl house_7_timber_beam
f 9937 9938 9939 9940
f 9941 9944 9943 9942
f 9937 9941 9942 9938
f 9938 9942 9943 9939
f 9939 9943 9944 9940
f 9940 9944 9941 9937
f 9945 9946 9947 9948
f 9949 9952 9951 9950
f 9945 9949 9950 9946
f 9946 9950 9951 9947
f 9947 9951 9952 9948
f 9948 9952 9949 9945
f 9953 9954 9955 9956
f 9957 9960 9959 9958
f 9953 9957 9958 9954
f 9954 9958 9959 9955
f 9955 9959 9960 9956
f 9956 9960 9957 9953
f 9961 9962 9963 9964
f 9965 9968 9967 9966
f 9961 9965 9966 9962
f 9962 9966 9967 9963
f 9963 9967 9968 9964
f 9964 9968 9965 9961
f 9969 9970 9971 9972
f 9973 9976 9975 9974
f 9969 9973 9974 9970
f 9970 9974 9975 9971
f 9971 9975 9976 9972
f 9972 9976 9973 9969
usemtl house_7_timber_door
f 9977 9978 9979 9980
f 9981 9984 9983 9982
f 9977 9981 9982 9978
f 9978 9982 9983 9979
f 9979 9983 9984 9980
f 9980 9984 9981 9977

o house_8_stone
usemtl house_8_stone_foundation
f 9985 9986 9987 9988
f 9989 9992 9991 9990
f 9985 9989 9990 9986
f 9986 9990 9991 9987
f 9987 9991 9992 9988
f 9988 9992 9989 9985
usemtl house_8_stone_stone_0
f 9993 9994 9995 9996
usemtl house_8_stone_stone_1
f 9997 10000 9999 9998
usemtl house_8_stone_stone_2
f 9993 9997 9998 9994
usemtl house_8_stone_stone_3
f 9994 9998 9999 9995
usemtl house_8_stone_stone_4
f 9995 9999 10000 9996
usemtl house_8_stone_stone_5
f 9996 10000 9997 9993
usemtl house_8_stone_roof
f 10001 10002 10006 10005
f 10004 10003 10005 10006
f 10001 10005 10003
f 10002 10004 10006
usemtl house_8_stone_chimney
f 10007 10008 10009 10010
f 10011 10014 10013 10012
f 10007 10011 10012 10008
f 10008 10012 10013 10009
f 10009 10013 10014 10010
f 10010 10014 10011 10007
usemtl house_8_stone_frame
f 10015 10016 10017 10018
f 10019 10022 10021 10020
f 10015 10019 10020 10016
f 10016 10020 10021 10017
f 10017 10021 10022 10018
f 10018 10022 10019 10015
usemtl house_8_stone_glass
f 10023 10024 10025 10026
f 10027 10030 10029 10028
f 10023 10027 10028 10024
f 10024 10028 10029 10025
f 10025 10029 10030 10026
f 10026 10030 10027 10023
usemtl house_8_stone_frame
f 10031 10032 10033 10034
f 10035 10038 10037 10036
f 10031 10035 10036 10032
f 10032 10036 10037 10033
f 10033 10037 10038 10034
f 10034 10038 10035 10031
usemtl house_8_stone_glass
f 10039 10040 10041 10042
f 10043 10046 10045 10044
f 10039 10043 10044 10040
f 10040 10044 10045 10041
f 10041 10045 10046 10042
f 10042 10046 10043 10039
usemtl house_8_stone_door
f 10047 10048 10049 10050
f 10051 10054 10053 10052
f 10047 10051 10052 10048
f 10048 10052 10053 10049
f 10049 10053 10054 10050
f 10050 10054 10051 10047

o house_9_two_story
usemtl house_9_two_story_foundation
f 10055 10056 10057 10058
f 10059 10062 10061 10060
f 10055 10059 10060 10056
f 10056 10060 10061 10057
f 10057 10061 10062 10058
f 10058 10062 10059 10055
usemtl house_9_two_story_wall_0
f 10063 10064 10065 10066
usemtl house_9_two_story_wall_1
f 10067 10070 10069 10068
usemtl house_9_two_story_wall_2
f 10063 10067 10068 10064
usemtl house_9_two_story_wall_3
f 10064 10068 10069 10065
usemtl house_9_two_story_wall_4
f 10065 10069 10070 10066
usemtl house_9_two_story_wall_5
f 10066 10070 10067 10063
usemtl house_9_two_story_roof
f 10071 10072 10076 10075
f 10074 10073 10075 10076
f 10071 10075 10073
f 10072 10074 10076
usemtl house_9_two_story_chimney
f 10077 10078 10079 10080
f 10081 10084 10083 10082
f 10077 10081 10082 10078
f 10078 10082 10083 10079
f 10079 10083 10084 10080
f 10080 10084 10081 10077
usemtl house_9_two_story_frame
f 10085 10086 10087 10088
f 10089 10092 10091 10090
f 10085 10089 10090 10086
f 10086 10090 10091 10087
f 10087 10091 10092 10088
f 10088 10092 10089 10085
usemtl house_9_two_story_glass
f 10093 10094 10095 10096
f 10097 10100 10099 10098
f 10093 10097 10098 10094
f 10094 10098 10099 10095
f 10095 10099 10100 10096
f 10096 10100 10097 10093
usemtl house_9_two_story_frame
f 10101 10102 10103 10104
f 10105 10108 10107 10106
f 10101 10105 10106 10102
f 10102 10106 10107 10103
f 10103 10107 10108 10104
f 10104 10108 10105 10101
usemtl house_9_two_story_glass
f 10109 10110 10111 10112
f 10113 10116 10115 10114
f 10109 10113 10114 10110
f 10110 10114 10115 10111
f 10111 10115 10116 10112
f 10112 10116 10113 10109
usemtl house_9_two_story_frame
f 10117 10118 10119 10120
f 10121 10124 10123 10122
f 10117 10121 10122 10118
f 10118 10122 10123 10119
f 10119 10123 10124 10120
f 10120 10124 10121 10117
usemtl house_9_two_story_glass
f 10125 10126 10127 10128
f 10129 10132 10131 10130
f 10125 10129 10130 10126
f 10126 10130 10131 10127
f 10127 10131 10132 10128
f 10128 10132 10129 10125
usemtl house_9_two_story_frame
f 10133 10134 10135 10136
f 10137 10140 10139 10138
f 10133 10137 10138 10134
f 10134 10138 10139 10135
f 10135 10139 10140 10136
f 10136 10140 10137 10133
usemtl house_9_two_story_glass
f 10141 10142 10143 10144
f 10145 10148 10147 10146
f 10141 10145 10146 10142
f 10142 10146 10147 10143
f 10143 10147 10148 10144
f 10144 10148 10145 10141
usemtl house_9_two_story_door
f 10149 10150 10151 10152
f 10153 10156 10155 10154
f 10149 10153 10154 10150
f 10150 10154 10155 10151
f 10151 10155 10156 10152
f 10152 10156 10153 10149

o pier_1
usemtl pier_1_plank_0
f 10157 10158 10159 10160
f 10161 10164 10163 10162
f 10157 10161 10162 10158
f 10158 10162 10163 10159
f 10159 10163 10164 10160
f 10160 10164 10161 10157
usemtl pier_1_plank_1
f 10165 10166 10167 10168
f 10169 10172 10171 10170
f 10165 10169 10170 10166
f 10166 10170 10171 10167
f 10167 10171 10172 10168
f 10168 10172 10169 10165
usemtl pier_1_plank_2
f 10173 10174 10175 10176
f 10177 10180 10179 10178
f 10173 10177 10178 10174
f 10174 10178 10179 10175
f 10175 10179 10180 10176
f 10176 10180 10177 10173
usemtl pier_1_plank_3
f 10181 10182 10183 10184
f 10185 10188 10187 10186
f 10181 10185 10186 10182
f 10182 10186 10187 10183
f 10183 10187 10188 10184
f 10184 10188 10185 10181
usemtl pier_1_plank_4
f 10189 10190 10191 10192
f 10193 10196 10195 10194
f 10189 10193 10194 10190
f 10190 10194 10195 10191
f 10191 10195 10196 10192
f 10192 10196 10193 10189
usemtl pier_1_plank_5
f 10197 10198 10199 10200
f 10201 10204 10203 10202
f 10197 10201 10202 10198
f 10198 10202 10203 10199
f 10199 10203 10204 10200
f 10200 10204 10201 10197
usemtl pier_1_pile
f 10205 10206 10207 10208
f 10209 10212 10211 10210
f 10205 10209 10210 10206
f 10206 10210 10211 10207
f 10207 10211 10212 10208
f 10208 10212 10209 10205
f 10213 10214 10215 10216
f 10217 10220 10219 10218
f 10213 10217 10218 10214
f 10214 10218 10219 10215
f 10215 10219 10220 10216
f 10216 10220 10217 10213
f 10221 10222 10223 10224
f 10225 10228 10227 10226
f 10221 10225 10226 10222
f 10222 10226 10227 10223
f 10223 10227 10228 10224
f 10224 10228 10225 10221
f 10229 10230 10231 10232
f 10233 10236 10235 10234
f 10229 10233 10234 10230
f 10230 10234 10235 10231
f 10231 10235 10236 10232
f 10232 10236 10233 10229
f 10237 10238 10239 10240
f 10241 10244 10243 10242
f 10237 10241 10242 10238
f 10238 10242 10243 10239
f 10239 10243 10244 10240
f 10240 10244 10241 10237
f 10245 10246 10247 10248
f 10249 10252 10251 10250
f 10245 10249 10250 10246
f 10246 10250 10251 10247
f 10247 10251 10252 10248
f 10248 10252 10249 10245
f 10253 10254 10255 10256
f 10257 10260 10259 10258
f 10253 10257 10258 10254
f 10254 10258 10259 10255
f 10255 10259 10260 10256
f 10256 10260 10257 10253
f 10261 10262 10263 10264
f 10265 10268 10267 10266
f 10261 10265 10266 10262
f 10262 10266 10267 10263
f 10263 10267 10268 10264
f 10264 10268 10265 10261
f 10269 10270 10271 10272
f 10273 10276 10275 10274
f 10269 10273 10274 10270
f 10270 10274 10275 10271
f 10271 10275 10276 10272
f 10272 10276 10273 10269
f 10277 10278 10279 10280
f 10281 10284 10283 10282
f 10277 10281 10282 10278
f 10278 10282 10283 10279
f 10279 10283 10284 10280
f 10280 10284 10281 10277
usemtl pier_1_rail
f 10285 10286 10287 10288
f 10289 10292 10291 10290
f 10285 10289 10290 10286
f 10286 10290 10291 10287
f 10287 10291 10292 10288
f 10288 10292 10289 10285
f 10293 10294 10295 10296
f 10297 10300 10299 10298
f 10293 10297 10298 10294
f 10294 10298 10299 10295
f 10295 10299 10300 10296
f 10296 10300 10297 10293
f 10301 10302 10303 10304
f 10305 10308 10307 10306
f 10301 10305 10306 10302
f 10302 10306 10307 10303
f 10303 10307 10308 10304
f 10304 10308 10305 10301
f 10309 10310 10311 10312
f 10313 10316 10315 10314
f 10309 10313 10314 10310
f 10310 10314 10315 10311
f 10311 10315 10316 10312
f 10312 10316 10313 10309
f 10317 10318 10319 10320
f 10321 10324 10323 10322
f 10317 10321 10322 10318
f 10318 10322 10323 10319
f 10319 10323 10324 10320
f 10320 10324 10321 10317
f 10325 10326 10327 10328
f 10329 10332 10331 10330
f 10325 10329 10330 10326
f 10326 10330 10331 10327
f 10327 10331 10332 10328
f 10328 10332 10329 10325
f 10333 10334 10335 10336
f 10337 10340 10339 10338
f 10333 10337 10338 10334
f 10334 10338 10339 10335
f 10335 10339 10340 10336
f 10336 10340 10337 10333
f 10341 10342 10343 10344
f 10345 10348 10347 10346
f 10341 10345 10346 10342
f 10342 10346 10347 10343
f 10343 10347 10348 10344
f 10344 10348 10345 10341
f 10349 10350 10351 10352
f 10353 10356 10355 10354
f 10349 10353 10354 10350
f 10350 10354 10355 10351
f 10351 10355 10356 10352
f 10352 10356 10353 10349
f 10357 10358 10359 10360
f 10361 10364 10363 10362
f 10357 10361 10362 10358
f 10358 10362 10363 10359
f 10359 10363 10364 10360
f 10360 10364 10361 10357
f 10365 10366 10367 10368
f 10369 10372 10371 10370
f 10365 10369 10370 10366
f 10366 10370 10371 10367
f 10367 10371 10372 10368
f 10368 10372 10369 10365
f 10373 10374 10375 10376
f 10377 10380 10379 10378
f 10373 10377 10378 10374
f 10374 10378 10379 10375
f 10375 10379 10380 10376
f 10376 10380 10377 10373
usemtl pier_1_bollard
f 10381 10382 10383 10384
f 10385 10388 10387 10386
f 10381 10385 10386 10382
f 10382 10386 10387 10383
f 10383 10387 10388 10384
f 10384 10388 10385 10381
f 10389 10390 10391 10392
f 10393 10396 10395 10394
f 10389 10393 10394 10390
f 10390 10394 10395 10391
f 10391 10395 10396 10392
f 10392 10396 10393 10389

o pier_2
usemtl pier_2_plank_0
f 10397 10398 10399 10400
f 10401 10404 10403 10402
f 10397 10401 10402 10398
f 10398 10402 10403 10399
f 10399 10403 10404 10400
f 10400 10404 10401 10397
usemtl pier_2_plank_1
f 10405 10406 10407 10408
f 10409 10412 10411 10410
f 10405 10409 10410 10406
f 10406 10410 10411 10407
f 10407 10411 10412 10408
f 10408 10412 10409 10405
usemtl pier_2_plank_2
f 10413 10414 10415 10416
f 10417 10420 10419 10418
f 10413 10417 10418 10414
f 10414 10418 10419 10415
f 10415 10419 10420 10416
f 10416 10420 10417 10413
usemtl pier_2_plank_3
f 10421 10422 10423 10424
f 10425 10428 10427 10426
f 10421 10425 10426 10422
f 10422 10426 10427 10423
f 10423 10427 10428 10424
f 10424 10428 10425 10421
usemtl pier_2_plank_4
f 10429 10430 10431 10432
f 10433 10436 10435 10434
f 10429 10433 10434 10430
f 10430 10434 10435 10431
f 10431 10435 10436 10432
f 10432 10436 10433 10429
usemtl pier_2_plank_5
f 10437 10438 10439 10440
f 10441 10444 10443 10442
f 10437 10441 10442 10438
f 10438 10442 10443 10439
f 10439 10443 10444 10440
f 10440 10444 10441 10437
usemtl pier_2_pile
f 10445 10446 10447 10448
f 10449 10452 10451 10450
f 10445 10449 10450 10446
f 10446 10450 10451 10447
f 10447 10451 10452 10448
f 10448 10452 10449 10445
f 10453 10454 10455 10456
f 10457 10460 10459 10458
f 10453 10457 10458 10454
f 10454 10458 10459 10455
f 10455 10459 10460 10456
f 10456 10460 10457 10453
f 10461 10462 10463 10464
f 10465 10468 10467 10466
f 10461 10465 10466 10462
f 10462 10466 10467 10463
f 10463 10467 10468 10464
f 10464 10468 10465 10461
f 10469 10470 10471 10472
f 10473 10476 10475 10474
f 10469 10473 10474 10470
f 10470 10474 10475 10471
f 10471 10475 10476 10472
f 10472 10476 10473 10469
f 10477 10478 10479 10480
f 10481 10484 10483 10482
f 10477 10481 10482 10478
f 10478 10482 10483 10479
f 10479 10483 10484 10480
f 10480 10484 10481 10477
f 10485 10486 10487 10488
f 10489 10492 10491 10490
f 10485 10489 10490 10486
f 10486 10490 10491 10487
f 10487 10491 10492 10488
f 10488 10492 10489 10485
f 10493 10494 10495 10496
f 10497 10500 10499 10498
f 10493 10497 10498 10494
f 10494 10498 10499 10495
f 10495 10499 10500 10496
f 10496 10500 10497 10493
f 10501 10502 10503 10504
f 10505 10508 10507 10506
f 10501 10505 10506 10502
f 10502 10506 10507 10503
f 10503 10507 10508 10504
f 10504 10508 10505 10501
f 10509 10510 10511 10512
f 10513 10516 10515 10514
f 10509 10513 10514 10510
f 10510 10514 10515 10511
f 10511 10515 10516 10512
f 10512 10516 10513 10509
f 10517 10518 10519 10520
f 10521 10524 10523 10522
f 10517 10521 10522 10518
f 10518 10522 10523 10519
f 10519 10523 10524 10520
f 10520 10524 10521 10517
usemtl pier_2_rail
f 10525 10526 10527 10528
f 10529 10532 10531 10530
f 10525 10529 10530 10526
f 10526 10530 10531 10527
f 10527 10531 10532 10528
f 10528 10532 10529 10525
f 10533 10534 10535 10536
f 10537 10540 10539 10538
f 10533 10537 10538 10534
f 10534 10538 10539 10535
f 10535 10539 10540 10536
f 10536 10540 10537 10533
f 10541 10542 10543 10544
f 10545 10548 10547 10546
f 10541 10545 10546 10542
f 10542 10546 10547 10543
f 10543 10547 10548 10544
f 10544 10548 10545 10541
f 10549 10550 10551 10552
f 10553 10556 10555 10554
f 10549 10553 10554 10550
f 10550 10554 10555 10551
f 10551 10555 10556 10552
f 10552 10556 10553 10549
f 10557 10558 10559 10560
f 10561 10564 10563 10562
f 10557 10561 10562 10558
f 10558 10562 10563 10559
f 10559 10563 10564 10560
f 10560 10564 10561 10557
f 10565 10566 10567 10568
f 10569 10572 10571 10570
f 10565 10569 10570 10566
f 10566 10570 10571 10567
f 10567 10571 10572 10568
f 10568 10572 10569 10565
f 10573 10574 10575 10576
f 10577 10580 10579 10578
f 10573 10577 10578 10574
f 10574 10578 10579 10575
f 10575 10579 10580 10576
f 10576 10580 10577 10573
f 10581 10582 10583 10584
f 10585 10588 10587 10586
f 10581 10585 10586 10582
f 10582 10586 10587 10583
f 10583 10587 10588 10584
f 10584 10588 10585 10581
f 10589 10590 10591 10592
f 10593 10596 10595 10594
f 10589 10593 10594 10590
f 10590 10594 10595 10591
f 10591 10595 10596 10592
f 10592 10596 10593 10589
f 10597 10598 10599 10600
f 10601 10604 10603 10602
f 10597 10601 10602 10598
f 10598 10602 10603 10599
f 10599 10603 10604 10600
f 10600 10604 10601 10597
f 10605 10606 10607 10608
f 10609 10612 10611 10610
f 10605 10609 10610 10606
f 10606 10610 10611 10607
f 10607 10611 10612 10608
f 10608 10612 10609 10605
f 10613 10614 10615 10616
f 10617 10620 10619 10618
f 10613 10617 10618 10614
f 10614 10618 10619 10615
f 10615 10619 10620 10616
f 10616 10620 10617 10613
usemtl pier_2_bollard
f 10621 10622 10623 10624
f 10625 10628 10627 10626
f 10621 10625 10626 10622
f 10622 10626 10627 10623
f 10623 10627 10628 10624
f 10624 10628 10625 10621
f 10629 10630 10631 10632
f 10633 10636 10635 10634
f 10629 10633 10634 10630
f 10630 10634 10635 10631
f 10631 10635 10636 10632
f 10632 10636 10633 10629

o barrel_1
usemtl barrel_1_stave_0
f 10637 10638 10650 10649
usemtl barrel_1_stave_1
f 10638 10639 10651 10650
usemtl barrel_1_stave_2
f 10639 10640 10652 10651
usemtl barrel_1_stave_0
f 10640 10641 10653 10652
usemtl barrel_1_stave_1
f 10641 10642 10654 10653
usemtl barrel_1_stave_2
f 10642 10643 10655 10654
usemtl barrel_1_stave_0
f 10643 10644 10656 10655
usemtl barrel_1_stave_1
f 10644 10645 10657 10656
usemtl barrel_1_stave_2
f 10645 10646 10658 10657
usemtl barrel_1_stave_0
f 10646 10647 10659 10658
usemtl barrel_1_stave_1
f 10647 10648 10660 10659
usemtl barrel_1_stave_2
f 10648 10637 10649 10660
usemtl barrel_1_stave_0
f 10649 10650 10662 10661
usemtl barrel_1_stave_1
f 10650 10651 10663 10662
usemtl barrel_1_stave_2
f 10651 10652 10664 10663
usemtl barrel_1_stave_0
f 10652 10653 10665 10664
usemtl barrel_1_stave_1
f 10653 10654 10666 10665
usemtl barrel_1_stave_2
f 10654 10655 10667 10666
usemtl barrel_1_stave_0
f 10655 10656 10668 10667
usemtl barrel_1_stave_1
f 10656 10657 10669 10668
usemtl barrel_1_stave_2
f 10657 10658 10670 10669
usemtl barrel_1_stave_0
f 10658 10659 10671 10670
usemtl barrel_1_stave_1
f 10659 10660 10672 10671
usemtl barrel_1_stave_2
f 10660 10649 10661 10672
usemtl barrel_1_lid
f 10673 10675 10674
f 10673 10676 10675
f 10673 10677 10676
f 10673 10678 10677
f 10673 10679 10678
f 10673 10680 10679
f 10673 10681 10680
f 10673 10682 10681
f 10673 10683 10682
f 10673 10684 10683
f 10673 10685 10684
f 10673 10674 10685
f 10686 10687 10688
f 10686 10688 10689
f 10686 10689 10690
f 10686 10690 10691
f 10686 10691 10692
f 10686 10692 10693
f 10686 10693 10694
f 10686 10694 10695
f 10686 10695 10696
f 10686 10696 10697
f 10686 10697 10698
f 10686 10698 10687
usemtl barrel_1_hoop_0
f 10699 10700 10712 10711
f 10700 10701 10713 10712
f 10701 10702 10714 10713
f 10702 10703 10715 10714
f 10703 10704 10716 10715
f 10704 10705 10717 10716
f 10705 10706 10718 10717
f 10706 10707 10719 10718
f 10707 10708 10720 10719
f 10708 10709 10721 10720
f 10709 10710 10722 10721
f 10710 10699 10711 10722
usemtl barrel_1_hoop_1
f 10723 10724 10736 10735
f 10724 10725 10737 10736
f 10725 10726 10738 10737
f 10726 10727 10739 10738
f 10727 10728 10740 10739
f 10728 10729 10741 10740
f 10729 10730 10742 10741
f 10730 10731 10743 10742
f 10731 10732 10744 10743
f 10732 10733 10745 10744
f 10733 10734 10746 10745
f 10734 10723 10735 10746
usemtl barrel_1_hoop_2
f 10747 10748 10760 10759
f 10748 10749 10761 10760
f 10749 10750 10762 10761
f 10750 10751 10763 10762
f 10751 10752 10764 10763
f 10752 10753 10765 10764
f 10753 10754 10766 10765
f 10754 10755 10767 10766
f 10755 10756 10768 10767
f 10756 10757 10769 10768
f 10757 10758 10770 10769
f 10758 10747 10759 10770

o barrel_2
usemtl barrel_2_stave_0
f 10771 10772 10784 10783
usemtl barrel_2_stave_1
f 10772 10773 10785 10784
usemtl barrel_2_stave_2
f 10773 10774 10786 10785
usemtl barrel_2_stave_0
f 10774 10775 10787 10786
usemtl barrel_2_stave_1
f 10775 10776 10788 10787
usemtl barrel_2_stave_2
f 10776 10777 10789 10788
usemtl barrel_2_stave_0
f 10777 10778 10790 10789
usemtl barrel_2_stave_1
f 10778 10779 10791 10790
usemtl barrel_2_stave_2
f 10779 10780 10792 10791
usemtl barrel_2_stave_0
f 10780 10781 10793 10792
usemtl barrel_2_stave_1
f 10781 10782 10794 10793
usemtl barrel_2_stave_2
f 10782 10771 10783 10794
usemtl barrel_2_stave_0
f 10783 10784 10796 10795
usemtl barrel_2_stave_1
f 10784 10785 10797 10796
usemtl barrel_2_stave_2
f 10785 10786 10798 10797
usemtl barrel_2_stave_0
f 10786 10787 10799 10798
usemtl barrel_2_stave_1
f 10787 10788 10800 10799
usemtl barrel_2_stave_2
f 10788 10789 10801 10800
usemtl barrel_2_stave_0
f 10789 10790 10802 10801
usemtl barrel_2_stave_1
f 10790 10791 10803 10802
usemtl barrel_2_stave_2
f 10791 10792 10804 10803
usemtl barrel_2_stave_0
f 10792 10793 10805 10804
usemtl barrel_2_stave_1
f 10793 10794 10806 10805
usemtl barrel_2_stave_2
f 10794 10783 10795 10806
usemtl barrel_2_lid
f 10807 10809 10808
f 10807 10810 10809
f 10807 10811 10810
f 10807 10812 10811
f 10807 10813 10812
f 10807 10814 10813
f 10807 10815 10814
f 10807 10816 10815
f 10807 10817 10816
f 10807 10818 10817
f 10807 10819 10818
f 10807 10808 10819
f 10820 10821 10822
f 10820 10822 10823
f 10820 10823 10824
f 10820 10824 10825
f 10820 10825 10826
f 10820 10826 10827
f 10820 10827 10828
f 10820 10828 10829
f 10820 10829 10830
f 10820 10830 10831
f 10820 10831 10832
f 10820 10832 10821
usemtl barrel_2_hoop_0
f 10833 10834 10846 10845
f 10834 10835 10847 10846
f 10835 10836 10848 10847
f 10836 10837 10849 10848
f 10837 10838 10850 10849
f 10838 10839 10851 10850
f 10839 10840 10852 10851
f 10840 10841 10853 10852
f 10841 10842 10854 10853
f 10842 10843 10855 10854
f 10843 10844 10856 10855
f 10844 10833 10845 10856
usemtl barrel_2_hoop_1
f 10857 10858 10870 10869
f 10858 10859 10871 10870
f 10859 10860 10872 10871
f 10860 10861 10873 10872
f 10861 10862 10874 10873
f 10862 10863 10875 10874
f 10863 10864 10876 10875
f 10864 10865 10877 10876
f 10865 10866 10878 10877
f 10866 10867 10879 10878
f 10867 10868 10880 10879
f 10868 10857 10869 10880
usemtl barrel_2_hoop_2
f 10881 10882 10894 10893
f 10882 10883 10895 10894
f 10883 10884 10896 10895
f 10884 10885 10897 10896
f 10885 10886 10898 10897
f 10886 10887 10899 10898
f 10887 10888 10900 10899
f 10888 10889 10901 10900
f 10889 10890 10902 10901
f 10890 10891 10903 10902
f 10891 10892 10904 10903
f 10892 10881 10893 10904

o barrel_3
usemtl barrel_3_stave_0
f 10905 10906 10918 10917
usemtl barrel_3_stave_1
f 10906 10907 10919 10918
usemtl barrel_3_stave_2
f 10907 10908 10920 10919
usemtl barrel_3_stave_0
f 10908 10909 10921 10920
usemtl barrel_3_stave_1
f 10909 10910 10922 10921
usemtl barrel_3_stave_2
f 10910 10911 10923 10922
usemtl barrel_3_stave_0
f 10911 10912 10924 10923
usemtl barrel_3_stave_1
f 10912 10913 10925 10924
usemtl barrel_3_stave_2
f 10913 10914 10926 10925
usemtl barrel_3_stave_0
f 10914 10915 10927 10926
usemtl barrel_3_stave_1
f 10915 10916 10928 10927
usemtl barrel_3_stave_2
f 10916 10905 10917 10928
usemtl barrel_3_stave_0
f 10917 10918 10930 10929
usemtl barrel_3_stave_1
f 10918 10919 10931 10930
usemtl barrel_3_stave_2
f 10919 10920 10932 10931
usemtl barrel_3_stave_0
f 10920 10921 10933 10932
usemtl barrel_3_stave_1
f 10921 10922 10934 10933
usemtl barrel_3_stave_2
f 10922 10923 10935 10934
usemtl barrel_3_stave_0
f 10923 10924 10936 10935
usemtl barrel_3_stave_1
f 10924 10925 10937 10936
usemtl barrel_3_stave_2
f 10925 10926 10938 10937
usemtl barrel_3_stave_0
f 10926 10927 10939 10938
usemtl barrel_3_stave_1
f 10927 10928 10940 10939
usemtl barrel_3_stave_2
f 10928 10917 10929 10940
usemtl barrel_3_lid
f 10941 10943 10942
f 10941 10944 10943
f 10941 10945 10944
f 10941 10946 10945
f 10941 10947 10946
f 10941 10948 10947
f 10941 10949 10948
f 10941 10950 10949
f 10941 10951 10950
f 10941 10952 10951
f 10941 10953 10952
f 10941 10942 10953
f 10954 10955 10956
f 10954 10956 10957
f 10954 10957 10958
f 10954 10958 10959
f 10954 10959 10960
f 10954 10960 10961
f 10954 10961 10962
f 10954 10962 10963
f 10954 10963 10964
f 10954 10964 10965
f 10954 10965 10966
f 10954 10966 10955
usemtl barrel_3_hoop_0
f 10967 10968 10980 10979
f 10968 10969 10981 10980
f 10969 10970 10982 10981
f 10970 10971 10983 10982
f 10971 10972 10984 10983
f 10972 10973 10985 10984
f 10973 10974 10986 10985
f 10974 10975 10987 10986
f 10975 10976 10988 10987
f 10976 10977 10989 10988
f 10977 10978 10990 10989
f 10978 10967 10979 10990
usemtl barrel_3_hoop_1
f 10991 10992 11004 11003
f 10992 10993 11005 11004
f 10993 10994 11006 11005
f 10994 10995 11007 11006
f 10995 10996 11008 11007
f 10996 10997 11009 11008
f 10997 10998 11010 11009
f 10998 10999 11011 11010
f 10999 11000 11012 11011
f 11000 11001 11013 11012
f 11001 11002 11014 11013
f 11002 10991 11003 11014
usemtl barrel_3_hoop_2
f 11015 11016 11028 11027
f 11016 11017 11029 11028
f 11017 11018 11030 11029
f 11018 11019 11031 11030
f 11019 11020 11032 11031
f 11020 11021 11033 11032
f 11021 11022 11034 11033
f 11022 11023 11035 11034
f 11023 11024 11036 11035
f 11024 11025 11037 11036
f 11025 11026 11038 11037
f 11026 11015 11027 11038

o barrel_4
usemtl barrel_4_stave_0
f 11039 11040 11052 11051
usemtl barrel_4_stave_1
f 11040 11041 11053 11052
usemtl barrel_4_stave_2
f 11041 11042 11054 11053
usemtl barrel_4_stave_0
f 11042 11043 11055 11054
usemtl barrel_4_stave_1
f 11043 11044 11056 11055
usemtl barrel_4_stave_2
f 11044 11045 11057 11056
usemtl barrel_4_stave_0
f 11045 11046 11058 11057
usemtl barrel_4_stave_1
f 11046 11047 11059 11058
usemtl barrel_4_stave_2
f 11047 11048 11060 11059
usemtl barrel_4_stave_0
f 11048 11049 11061 11060
usemtl barrel_4_stave_1
f 11049 11050 11062 11061
usemtl barrel_4_stave_2
f 11050 11039 11051 11062
usemtl barrel_4_stave_0
f 11051 11052 11064 11063
usemtl barrel_4_stave_1
f 11052 11053 11065 11064
usemtl barrel_4_stave_2
f 11053 11054 11066 11065
usemtl barrel_4_stave_0
f 11054 11055 11067 11066
usemtl barrel_4_stave_1
f 11055 11056 11068 11067
usemtl barrel_4_stave_2
f 11056 11057 11069 11068
usemtl barrel_4_stave_0
f 11057 11058 11070 11069
usemtl barrel_4_stave_1
f 11058 11059 11071 11070
usemtl barrel_4_stave_2
f 11059 11060 11072 11071
usemtl barrel_4_stave_0
f 11060 11061 11073 11072
usemtl barrel_4_stave_1
f 11061 11062 11074 11073
usemtl barrel_4_stave_2
f 11062 11051 11063 11074
usemtl barrel_4_lid
f 11075 11077 11076
f 11075 11078 11077
f 11075 11079 11078
f 11075 11080 11079
f 11075 11081 11080
f 11075 11082 11081
f 11075 11083 11082
f 11075 11084 11083
f 11075 11085 11084
f 11075 11086 11085
f 11075 11087 11086
f 11075 11076 11087
f 11088 11089 11090
f 11088 11090 11091
f 11088 11091 11092
f 11088 11092 11093
f 11088 11093 11094
f 11088 11094 11095
f 11088 11095 11096
f 11088 11096 11097
f 11088 11097 11098
f 11088 11098 11099
f 11088 11099 11100
f 11088 11100 11089
usemtl barrel_4_hoop_0
f 11101 11102 11114 11113
f 11102 11103 11115 11114
f 11103 11104 11116 11115
f 11104 11105 11117 11116
f 11105 11106 11118 11117
f 11106 11107 11119 11118
f 11107 11108 11120 11119
f 11108 11109 11121 11120
f 11109 11110 11122 11121
f 11110 11111 11123 11122
f 11111 11112 11124 11123
f 11112 11101 11113 11124
usemtl barrel_4_hoop_1
f 11125 11126 11138 11137
f 11126 11127 11139 11138
f 11127 11128 11140 11139
f 11128 11129 11141 11140
f 11129 11130 11142 11141
f 11130 11131 11143 11142
f 11131 11132 11144 11143
f 11132 11133 11145 11144
f 11133 11134 11146 11145
f 11134 11135 11147 11146
f 11135 11136 11148 11147
f 11136 11125 11137 11148
usemtl barrel_4_hoop_2
f 11149 11150 11162 11161
f 11150 11151 11163 11162
f 11151 11152 11164 11163
f 11152 11153 11165 11164
f 11153 11154 11166 11165
f 11154 11155 11167 11166
f 11155 11156 11168 11167
f 11156 11157 11169 11168
f 11157 11158 11170 11169
f 11158 11159 11171 11170
f 11159 11160 11172 11171
f 11160 11149 11161 11172

o crate_1
usemtl crate_1_slat_0
f 11173 11174 11175 11176
usemtl crate_1_slat_1
f 11177 11180 11179 11178
usemtl crate_1_slat_2
f 11173 11177 11178 11174
usemtl crate_1_slat_3
f 11174 11178 11179 11175
usemtl crate_1_slat_0
f 11175 11179 11180 11176
usemtl crate_1_slat_1
f 11176 11180 11177 11173
usemtl crate_1_trim
f 11181 11182 11183 11184
f 11185 11188 11187 11186
f 11181 11185 11186 11182
f 11182 11186 11187 11183
f 11183 11187 11188 11184
f 11184 11188 11185 11181
f 11189 11190 11191 11192
f 11193 11196 11195 11194
f 11189 11193 11194 11190
f 11190 11194 11195 11191
f 11191 11195 11196 11192
f 11192 11196 11193 11189
f 11197 11198 11199 11200
f 11201 11204 11203 11202
f 11197 11201 11202 11198
f 11198 11202 11203 11199
f 11199 11203 11204 11200
f 11200 11204 11201 11197
f 11205 11206 11207 11208
f 11209 11212 11211 11210
f 11205 11209 11210 11206
f 11206 11210 11211 11207
f 11207 11211 11212 11208
f 11208 11212 11209 11205

o crate_2
usemtl crate_2_slat_0
f 11213 11214 11215 11216
usemtl crate_2_slat_1
f 11217 11220 11219 11218
usemtl crate_2_slat_2
f 11213 11217 11218 11214
usemtl crate_2_slat_3
f 11214 11218 11219 11215
usemtl crate_2_slat_0
f 11215 11219 11220 11216
usemtl crate_2_slat_1
f 11216 11220 11217 11213
usemtl crate_2_trim
f 11221 11222 11223 11224
f 11225 11228 11227 11226
f 11221 11225 11226 11222
f 11222 11226 11227 11223
f 11223 11227 11228 11224
f 11224 11228 11225 11221
f 11229 11230 11231 11232
f 11233 11236 11235 11234
f 11229 11233 11234 11230
f 11230 11234 11235 11231
f 11231 11235 11236 11232
f 11232 11236 11233 11229
f 11237 11238 11239 11240
f 11241 11244 11243 11242
f 11237 11241 11242 11238
f 11238 11242 11243 11239
f 11239 11243 11244 11240
f 11240 11244 11241 11237
f 11245 11246 11247 11248
f 11249 11252 11251 11250
f 11245 11249 11250 11246
f 11246 11250 11251 11247
f 11247 11251 11252 11248
f 11248 11252 11249 11245

o crate_3
usemtl crate_3_slat_0
f 11253 11254 11255 11256
usemtl crate_3_slat_1
f 11257 11260 11259 11258
usemtl crate_3_slat_2
f 11253 11257 11258 11254
usemtl crate_3_slat_3
f 11254 11258 11259 11255
usemtl crate_3_slat_0
f 11255 11259 11260 11256
usemtl crate_3_slat_1
f 11256 11260 11257 11253
usemtl crate_3_trim
f 11261 11262 11263 11264
f 11265 11268 11267 11266
f 11261 11265 11266 11262
f 11262 11266 11267 11263
f 11263 11267 11268 11264
f 11264 11268 11265 11261
f 11269 11270 11271 11272
f 11273 11276 11275 11274
f 11269 11273 11274 11270
f 11270 11274 11275 11271
f 11271 11275 11276 11272
f 11272 11276 11273 11269
f 11277 11278 11279 11280
f 11281 11284 11283 11282
f 11277 11281 11282 11278
f 11278 11282 11283 11279
f 11279 11283 11284 11280
f 11280 11284 11281 11277
f 11285 11286 11287 11288
f 11289 11292 11291 11290
f 11285 11289 11290 11286
f 11286 11290 11291 11287
f 11287 11291 11292 11288
f 11288 11292 11289 11285

o boat_1
usemtl boat_1_hull_0
f 11293 11319 11320 11294
f 11306 11307 11320 11319
usemtl boat_1_hull_1
f 11294 11320 11321 11295
f 11307 11308 11321 11320
usemtl boat_1_hull_2
f 11295 11321 11322 11296
f 11308 11309 11322 11321
usemtl boat_1_hull_3
f 11296 11322 11323 11297
f 11309 11310 11323 11322
usemtl boat_1_hull_4
f 11297 11323 11324 11298
f 11310 11311 11324 11323
usemtl boat_1_hull_5
f 11298 11324 11325 11299
f 11311 11312 11325 11324
usemtl boat_1_hull_6
f 11299 11325 11326 11300
f 11312 11313 11326 11325
usemtl boat_1_hull_7
f 11300 11326 11327 11301
f 11313 11314 11327 11326
usemtl boat_1_hull_8
f 11301 11327 11328 11302
f 11314 11315 11328 11327
usemtl boat_1_hull_9
f 11302 11328 11329 11303
f 11315 11316 11329 11328
usemtl boat_1_hull_10
f 11303 11329 11330 11304
f 11316 11317 11330 11329
usemtl boat_1_hull_11
f 11304 11330 11331 11305
f 11317 11318 11331 11330
usemtl boat_1_bench_0
f 11332 11333 11334 11335
f 11336 11339 11338 11337
f 11332 11336 11337 11333
f 11333 11337 11338 11334
f 11334 11338 11339 11335
f 11335 11339 11336 11332
usemtl boat_1_bench_1
f 11340 11341 11342 11343
f 11344 11347 11346 11345
f 11340 11344 11345 11341
f 11341 11345 11346 11342
f 11342 11346 11347 11343
f 11343 11347 11344 11340

o boat_2
usemtl boat_2_hull_0
f 11348 11374 11375 11349
f 11361 11362 11375 11374
usemtl boat_2_hull_1
f 11349 11375 11376 11350
f 11362 11363 11376 11375
usemtl boat_2_hull_2
f 11350 11376 11377 11351
f 11363 11364 11377 11376
usemtl boat_2_hull_3
f 11351 11377 11378 11352
f 11364 11365 11378 11377
usemtl boat_2_hull_4
f 11352 11378 11379 11353
f 11365 11366 11379 11378
usemtl boat_2_hull_5
f 11353 11379 11380 11354
f 11366 11367 11380 11379
usemtl boat_2_hull_6
f 11354 11380 11381 11355
f 11367 11368 11381 11380
usemtl boat_2_hull_7
f 11355 11381 11382 11356
f 11368 11369 11382 11381
usemtl boat_2_hull_8
f 11356 11382 11383 11357
f 11369 11370 11383 11382
usemtl boat_2_hull_9
f 11357 11383 11384 11358
f 11370 11371 11384 11383
usemtl boat_2_hull_10
f 11358 11384 11385 11359
f 11371 11372 11385 11384
usemtl boat_2_hull_11
f 11359 11385 11386 11360
f 11372 11373 11386 11385
usemtl boat_2_bench_0
f 11387 11388 11389 11390
f 11391 11394 11393 11392
f 11387 11391 11392 11388
f 11388 11392 11393 11389
f 11389 11393 11394 11390
f 11390 11394 11391 11387
usemtl boat_2_bench_1
f 11395 11396 11397 11398
f 11399 11402 11401 11400
f 11395 11399 11400 11396
f 11396 11400 11401 11397
f 11397 11401 11402 11398
f 11398 11402 11399 11395

o boat_3
usemtl boat_3_hull_0
f 11403 11429 11430 11404
f 11416 11417 11430 11429
usemtl boat_3_hull_1
f 11404 11430 11431 11405
f 11417 11418 11431 11430
usemtl boat_3_hull_2
f 11405 11431 11432 11406
f 11418 11419 11432 11431
usemtl boat_3_hull_3
f 11406 11432 11433 11407
f 11419 11420 11433 11432
usemtl boat_3_hull_4
f 11407 11433 11434 11408
f 11420 11421 11434 11433
usemtl boat_3_hull_5
f 11408 11434 11435 11409
f 11421 11422 11435 11434
usemtl boat_3_hull_6
f 11409 11435 11436 11410
f 11422 11423 11436 11435
usemtl boat_3_hull_7
f 11410 11436 11437 11411
f 11423 11424 11437 11436
usemtl boat_3_hull_8
f 11411 11437 11438 11412
f 11424 11425 11438 11437
usemtl boat_3_hull_9
f 11412 11438 11439 11413
f 11425 11426 11439 11438
usemtl boat_3_hull_10
f 11413 11439 11440 11414
f 11426 11427 11440 11439
usemtl boat_3_hull_11
f 11414 11440 11441 11415
f 11427 11428 11441 11440
usemtl boat_3_bench_0
f 11442 11443 11444 11445
f 11446 11449 11448 11447
f 11442 11446 11447 11443
f 11443 11447 11448 11444
f 11444 11448 11449 11445
f 11445 11449 11446 11442
usemtl boat_3_bench_1
f 11450 11451 11452 11453
f 11454 11457 11456 11455
f 11450 11454 11455 11451
f 11451 11455 11456 11452
f 11452 11456 11457 11453
f 11453 11457 11454 11450
usemtl boat_3_bench_2
f 11458 11459 11460 11461
f 11462 11465 11464 11463
f 11458 11462 11463 11459
f 11459 11463 11464 11460
f 11460 11464 11465 11461
f 11461 11465 11462 11458

o tree_1
usemtl tree_1_bark_0
f 11466 11467 11471 11470
usemtl tree_1_bark_1
f 11467 11468 11472 11471
usemtl tree_1_bark_2
f 11468 11469 11473 11472
usemtl tree_1_bark_3
f 11469 11466 11470 11473
usemtl tree_1_bark_4
f 11470 11471 11472 11473
usemtl tree_1_needle_0_0
f 11474 11475 11482
usemtl tree_1_needle_0_1
f 11475 11476 11482
usemtl tree_1_needle_0_2
f 11476 11477 11482
usemtl tree_1_needle_0_3
f 11477 11478 11482
usemtl tree_1_needle_0_4
f 11478 11479 11482
usemtl tree_1_needle_0_5
f 11479 11480 11482
usemtl tree_1_needle_0_6
f 11480 11481 11482
usemtl tree_1_needle_0_7
f 11481 11474 11482
usemtl tree_1_needle_1_0
f 11483 11484 11491
usemtl tree_1_needle_1_1
f 11484 11485 11491
usemtl tree_1_needle_1_2
f 11485 11486 11491
usemtl tree_1_needle_1_3
f 11486 11487 11491
usemtl tree_1_needle_1_4
f 11487 11488 11491
usemtl tree_1_needle_1_5
f 11488 11489 11491
usemtl tree_1_needle_1_6
f 11489 11490 11491
usemtl tree_1_needle_1_7
f 11490 11483 11491
usemtl tree_1_needle_2_0
f 11492 11493 11500
usemtl tree_1_needle_2_1
f 11493 11494 11500
usemtl tree_1_needle_2_2
f 11494 11495 11500
usemtl tree_1_needle_2_3
f 11495 11496 11500
usemtl tree_1_needle_2_4
f 11496 11497 11500
usemtl tree_1_needle_2_5
f 11497 11498 11500
usemtl tree_1_needle_2_6
f 11498 11499 11500
usemtl tree_1_needle_2_7
f 11499 11492 11500

o tree_2
usemtl tree_2_bark_0
f 11501 11502 11506 11505
usemtl tree_2_bark_1
f 11502 11503 11507 11506
usemtl tree_2_bark_2
f 11503 11504 11508 11507
usemtl tree_2_bark_3
f 11504 11501 11505 11508
usemtl tree_2_bark_4
f 11505 11506 11507 11508
usemtl tree_2_needle_0_0
f 11509 11510 11517
usemtl tree_2_needle_0_1
f 11510 11511 11517
usemtl tree_2_needle_0_2
f 11511 11512 11517
usemtl tree_2_needle_0_3
f 11512 11513 11517
usemtl tree_2_needle_0_4
f 11513 11514 11517
usemtl tree_2_needle_0_5
f 11514 11515 11517
usemtl tree_2_needle_0_6
f 11515 11516 11517
usemtl tree_2_needle_0_7
f 11516 11509 11517
usemtl tree_2_needle_1_0
f 11518 11519 11526
usemtl tree_2_needle_1_1
f 11519 11520 11526
usemtl tree_2_needle_1_2
f 11520 11521 11526
usemtl tree_2_needle_1_3
f 11521 11522 11526
usemtl tree_2_needle_1_4
f 11522 11523 11526
usemtl tree_2_needle_1_5
f 11523 11524 11526
usemtl tree_2_needle_1_6
f 11524 11525 11526
usemtl tree_2_needle_1_7
f 11525 11518 11526
usemtl tree_2_needle_2_0
f 11527 11528 11535
usemtl tree_2_needle_2_1
f 11528 11529 11535
usemtl tree_2_needle_2_2
f 11529 11530 11535
usemtl tree_2_needle_2_3
f 11530 11531 11535
usemtl tree_2_needle_2_4
f 11531 11532 11535
usemtl tree_2_needle_2_5
f 11532 11533 11535
usemtl tree_2_needle_2_6
f 11533 11534 11535
usemtl tree_2_needle_2_7
f 11534 11527 11535

o tree_3
usemtl tree_3_bark_0
f 11536 11537 11541 11540
usemtl tree_3_bark_1
f 11537 11538 11542 11541
usemtl tree_3_bark_2
f 11538 11539 11543 11542
usemtl tree_3_bark_3
f 11539 11536 11540 11543
usemtl tree_3_bark_4
f 11540 11541 11542 11543
usemtl tree_3_needle_0_0
f 11544 11545 11552
usemtl tree_3_needle_0_1
f 11545 11546 11552
usemtl tree_3_needle_0_2
f 11546 11547 11552
usemtl tree_3_needle_0_3
f 11547 11548 11552
usemtl tree_3_needle_0_4
f 11548 11549 11552
usemtl tree_3_needle_0_5
f 11549 11550 11552
usemtl tree_3_needle_0_6
f 11550 11551 11552
usemtl tree_3_needle_0_7
f 11551 11544 11552
usemtl tree_3_needle_1_0
f 11553 11554 11561
usemtl tree_3_needle_1_1
f 11554 11555 11561
usemtl tree_3_needle_1_2
f 11555 11556 11561
usemtl tree_3_needle_1_3
f 11556 11557 11561
usemtl tree_3_needle_1_4
f 11557 11558 11561
usemtl tree_3_needle_1_5
f 11558 11559 11561
usemtl tree_3_needle_1_6
f 11559 11560 11561
usemtl tree_3_needle_1_7
f 11560 11553 11561
usemtl tree_3_needle_2_0
f 11562 11563 11570
usemtl tree_3_needle_2_1
f 11563 11564 11570
usemtl tree_3_needle_2_2
f 11564 11565 11570
usemtl tree_3_needle_2_3
f 11565 11566 11570
usemtl tree_3_needle_2_4
f 11566 11567 11570
usemtl tree_3_needle_2_5
f 11567 11568 11570
usemtl tree_3_needle_2_6
f 11568 11569 11570
usemtl tree_3_needle_2_7
f 11569 11562 11570
usemtl tree_3_needle_3_0
f 11571 11572 11579
usemtl tree_3_needle_3_1
f 11572 11573 11579
usemtl tree_3_needle_3_2
f 11573 11574 11579
usemtl tree_3_needle_3_3
f 11574 11575 11579
usemtl tree_3_needle_3_4
f 11575 11576 11579
usemtl tree_3_needle_3_5
f 11576 11577 11579
usemtl tree_3_needle_3_6
f 11577 11578 11579
usemtl tree_3_needle_3_7
f 11578 11571 11579

o tree_4
usemtl tree_4_bark_0
f 11580 11581 11585 11584
usemtl tree_4_bark_1
f 11581 11582 11586 11585
usemtl tree_4_bark_2
f 11582 11583 11587 11586
usemtl tree_4_bark_3
f 11583 11580 11584 11587
usemtl tree_4_bark_4
f 11584 11585 11586 11587
usemtl tree_4_needle_0_0
f 11588 11589 11596
usemtl tree_4_needle_0_1
f 11589 11590 11596
usemtl tree_4_needle_0_2
f 11590 11591 11596
usemtl tree_4_needle_0_3
f 11591 11592 11596
usemtl tree_4_needle_0_4
f 11592 11593 11596
usemtl tree_4_needle_0_5
f 11593 11594 11596
usemtl tree_4_needle_0_6
f 11594 11595 11596
usemtl tree_4_needle_0_7
f 11595 11588 11596
usemtl tree_4_needle_1_0
f 11597 11598 11605
usemtl tree_4_needle_1_1
f 11598 11599 11605
usemtl tree_4_needle_1_2
f 11599 11600 11605
usemtl tree_4_needle_1_3
f 11600 11601 11605
usemtl tree_4_needle_1_4
f 11601 11602 11605
usemtl tree_4_needle_1_5
f 11602 11603 11605
usemtl tree_4_needle_1_6
f 11603 11604 11605
usemtl tree_4_needle_1_7
f 11604 11597 11605
usemtl tree_4_needle_2_0
f 11606 11607 11614
usemtl tree_4_needle_2_1
f 11607 11608 11614
usemtl tree_4_needle_2_2
f 11608 11609 11614
usemtl tree_4_needle_2_3
f 11609 11610 11614
usemtl tree_4_needle_2_4
f 11610 11611 11614
usemtl tree_4_needle_2_5
f 11611 11612 11614
usemtl tree_4_needle_2_6
f 11612 11613 11614
usemtl tree_4_needle_2_7
f 11613 11606 11614

o tree_5
usemtl tree_5_bark_0
f 11615 11616 11620 11619
usemtl tree_5_bark_1
f 11616 11617 11621 11620
usemtl tree_5_bark_2
f 11617 11618 11622 11621
usemtl tree_5_bark_3
f 11618 11615 11619 11622
usemtl tree_5_bark_4
f 11619 11620 11621 11622
usemtl tree_5_needle_0_0
f 11623 11624 11631
usemtl tree_5_needle_0_1
f 11624 11625 11631
usemtl tree_5_needle_0_2
f 11625 11626 11631
usemtl tree_5_needle_0_3
f 11626 11627 11631
usemtl tree_5_needle_0_4
f 11627 11628 11631
usemtl tree_5_needle_0_5
f 11628 11629 11631
usemtl tree_5_needle_0_6
f 11629 11630 11631
usemtl tree_5_needle_0_7
f 11630 11623 11631
usemtl tree_5_needle_1_0
f 11632 11633 11640
usemtl tree_5_needle_1_1
f 11633 11634 11640
usemtl tree_5_needle_1_2
f 11634 11635 11640
usemtl tree_5_needle_1_3
f 11635 11636 11640
usemtl tree_5_needle_1_4
f 11636 11637 11640
usemtl tree_5_needle_1_5
f 11637 11638 11640
usemtl tree_5_needle_1_6
f 11638 11639 11640
usemtl tree_5_needle_1_7
f 11639 11632 11640
usemtl tree_5_needle_2_0
f 11641 11642 11649
usemtl tree_5_needle_2_1
f 11642 11643 11649
usemtl tree_5_needle_2_2
f 11643 11644 11649
usemtl tree_5_needle_2_3
f 11644 11645 11649
usemtl tree_5_needle_2_4
f 11645 11646 11649
usemtl tree_5_needle_2_5
f 11646 11647 11649
usemtl tree_5_needle_2_6
f 11647 11648 11649
usemtl tree_5_needle_2_7
f 11648 11641 11649

o tree_6
usemtl tree_6_bark_0
f 11650 11651 11655 11654
usemtl tree_6_bark_1
f 11651 11652 11656 11655
usemtl tree_6_bark_2
f 11652 11653 11657 11656
usemtl tree_6_bark_3
f 11653 11650 11654 11657
usemtl tree_6_bark_4
f 11654 11655 11656 11657
usemtl tree_6_needle_0_0
f 11658 11659 11666
usemtl tree_6_needle_0_1
f 11659 11660 11666
usemtl tree_6_needle_0_2
f 11660 11661 11666
usemtl tree_6_needle_0_3
f 11661 11662 11666
usemtl tree_6_needle_0_4
f 11662 11663 11666
usemtl tree_6_needle_0_5
f 11663 11664 11666
usemtl tree_6_needle_0_6
f 11664 11665 11666
usemtl tree_6_needle_0_7
f 11665 11658 11666
usemtl tree_6_needle_1_0
f 11667 11668 11675
usemtl tree_6_needle_1_1
f 11668 11669 11675
usemtl tree_6_needle_1_2
f 11669 11670 11675
usemtl tree_6_needle_1_3
f 11670 11671 11675
usemtl tree_6_needle_1_4
f 11671 11672 11675
usemtl tree_6_needle_1_5
f 11672 11673 11675
usemtl tree_6_needle_1_6
f 11673 11674 11675
usemtl tree_6_needle_1_7
f 11674 11667 11675

o tree_7
usemtl tree_7_bark_0
f 11676 11677 11681 11680
usemtl tree_7_bark_1
f 11677 11678 11682 11681
usemtl tree_7_bark_2
f 11678 11679 11683 11682
usemtl tree_7_bark_3
f 11679 11676 11680 11683
usemtl tree_7_bark_4
f 11680 11681 11682 11683
usemtl tree_7_needle_0_0
f 11684 11685 11692
usemtl tree_7_needle_0_1
f 11685 11686 11692
usemtl tree_7_needle_0_2
f 11686 11687 11692
usemtl tree_7_needle_0_3
f 11687 11688 11692
usemtl tree_7_needle_0_4
f 11688 11689 11692
usemtl tree_7_needle_0_5
f 11689 11690 11692
usemtl tree_7_needle_0_6
f 11690 11691 11692
usemtl tree_7_needle_0_7
f 11691 11684 11692
usemtl tree_7_needle_1_0
f 11693 11694 11701
usemtl tree_7_needle_1_1
f 11694 11695 11701
usemtl tree_7_needle_1_2
f 11695 11696 11701
usemtl tree_7_needle_1_3
f 11696 11697 11701
usemtl tree_7_needle_1_4
f 11697 11698 11701
usemtl tree_7_needle_1_5
f 11698 11699 11701
usemtl tree_7_needle_1_6
f 11699 11700 11701
usemtl tree_7_needle_1_7
f 11700 11693 11701
usemtl tree_7_needle_2_0
f 11702 11703 11710
usemtl tree_7_needle_2_1
f 11703 11704 11710
usemtl tree_7_needle_2_2
f 11704 11705 11710
usemtl tree_7_needle_2_3
f 11705 11706 11710
usemtl tree_7_needle_2_4
f 11706 11707 11710
usemtl tree_7_needle_2_5
f 11707 11708 11710
usemtl tree_7_needle_2_6
f 11708 11709 11710
usemtl tree_7_needle_2_7
f 11709 11702 11710

o bush_1
usemtl bush_1_leaves_0
f 11711 11714 11713
usemtl bush_1_leaves_1
f 11711 11715 11714
usemtl bush_1_leaves_2
f 11711 11716 11715
usemtl bush_1_leaves_3
f 11711 11717 11716
usemtl bush_1_leaves_4
f 11711 11718 11717
usemtl bush_1_leaves_0
f 11711 11713 11718
usemtl bush_1_leaves_1
f 11713 11714 11720 11719
usemtl bush_1_leaves_2
f 11714 11715 11721 11720
usemtl bush_1_leaves_3
f 11715 11716 11722 11721
usemtl bush_1_leaves_4
f 11716 11717 11723 11722
usemtl bush_1_leaves_0
f 11717 11718 11724 11723
usemtl bush_1_leaves_1
f 11718 11713 11719 11724
usemtl bush_1_leaves_2
f 11712 11719 11720
usemtl bush_1_leaves_3
f 11712 11720 11721
usemtl bush_1_leaves_4
f 11712 11721 11722
usemtl bush_1_leaves_0
f 11712 11722 11723
usemtl bush_1_leaves_1
f 11712 11723 11724
usemtl bush_1_leaves_2
f 11712 11724 11719
usemtl bush_1_leaves_3
f 11725 11728 11727
usemtl bush_1_leaves_4
f 11725 11729 11728
usemtl bush_1_leaves_0
f 11725 11730 11729
usemtl bush_1_leaves_1
f 11725 11731 11730
usemtl bush_1_leaves_2
f 11725 11732 11731
usemtl bush_1_leaves_3
f 11725 11727 11732
usemtl bush_1_leaves_4
f 11727 11728 11734 11733
usemtl bush_1_leaves_0
f 11728 11729 11735 11734
usemtl bush_1_leaves_1
f 11729 11730 11736 11735
usemtl bush_1_leaves_2
f 11730 11731 11737 11736
usemtl bush_1_leaves_3
f 11731 11732 11738 11737
usemtl bush_1_leaves_4
f 11732 11727 11733 11738
usemtl bush_1_leaves_0
f 11726 11733 11734
usemtl bush_1_leaves_1
f 11726 11734 11735
usemtl bush_1_leaves_2
f 11726 11735 11736
usemtl bush_1_leaves_3
f 11726 11736 11737
usemtl bush_1_leaves_4
f 11726 11737 11738
usemtl bush_1_leaves_0
f 11726 11738 11733
usemtl bush_1_leaves_1
f 11739 11742 11741
usemtl bush_1_leaves_2
f 11739 11743 11742
usemtl bush_1_leaves_3
f 11739 11744 11743
usemtl bush_1_leaves_4
f 11739 11745 11744
usemtl bush_1_leaves_0
f 11739 11746 11745
usemtl bush_1_leaves_1
f 11739 11741 11746
usemtl bush_1_leaves_2
f 11741 11742 11748 11747
usemtl bush_1_leaves_3
f 11742 11743 11749 11748
usemtl bush_1_leaves_4
f 11743 11744 11750 11749
usemtl bush_1_leaves_0
f 11744 11745 11751 11750
usemtl bush_1_leaves_1
f 11745 11746 11752 11751
usemtl bush_1_leaves_2
f 11746 11741 11747 11752
usemtl bush_1_leaves_3
f 11740 11747 11748
usemtl bush_1_leaves_4
f 11740 11748 11749
usemtl bush_1_leaves_0
f 11740 11749 11750
usemtl bush_1_leaves_1
f 11740 11750 11751
usemtl bush_1_leaves_2
f 11740 11751 11752
usemtl bush_1_leaves_3
f 11740 11752 11747

o bush_2
usemtl bush_2_leaves_0
f 11753 11756 11755
usemtl bush_2_leaves_1
f 11753 11757 11756
usemtl bush_2_leaves_2
f 11753 11758 11757
usemtl bush_2_leaves_3
f 11753 11759 11758
usemtl bush_2_leaves_4
f 11753 11760 11759
usemtl bush_2_leaves_0
f 11753 11755 11760
usemtl bush_2_leaves_1
f 11755 11756 11762 11761
usemtl bush_2_leaves_2
f 11756 11757 11763 11762
usemtl bush_2_leaves_3
f 11757 11758 11764 11763
usemtl bush_2_leaves_4
f 11758 11759 11765 11764
usemtl bush_2_leaves_0
f 11759 11760 11766 11765
usemtl bush_2_leaves_1
f 11760 11755 11761 11766
usemtl bush_2_leaves_2
f 11754 11761 11762
usemtl bush_2_leaves_3
f 11754 11762 11763
usemtl bush_2_leaves_4
f 11754 11763 11764
usemtl bush_2_leaves_0
f 11754 11764 11765
usemtl bush_2_leaves_1
f 11754 11765 11766
usemtl bush_2_leaves_2
f 11754 11766 11761
usemtl bush_2_leaves_3
f 11767 11770 11769
usemtl bush_2_leaves_4
f 11767 11771 11770
usemtl bush_2_leaves_0
f 11767 11772 11771
usemtl bush_2_leaves_1
f 11767 11773 11772
usemtl bush_2_leaves_2
f 11767 11774 11773
usemtl bush_2_leaves_3
f 11767 11769 11774
usemtl bush_2_leaves_4
f 11769 11770 11776 11775
usemtl bush_2_leaves_0
f 11770 11771 11777 11776
usemtl bush_2_leaves_1
f 11771 11772 11778 11777
usemtl bush_2_leaves_2
f 11772 11773 11779 11778
usemtl bush_2_leaves_3
f 11773 11774 11780 11779
usemtl bush_2_leaves_4
f 11774 11769 11775 11780
usemtl bush_2_leaves_0
f 11768 11775 11776
usemtl bush_2_leaves_1
f 11768 11776 11777
usemtl bush_2_leaves_2
f 11768 11777 11778
usemtl bush_2_leaves_3
f 11768 11778 11779
usemtl bush_2_leaves_4
f 11768 11779 11780
usemtl bush_2_leaves_0
f 11768 11780 11775
usemtl bush_2_leaves_1
f 11781 11784 11783
usemtl bush_2_leaves_2
f 11781 11785 11784
usemtl bush_2_leaves_3
f 11781 11786 11785
usemtl bush_2_leaves_4
f 11781 11787 11786
usemtl bush_2_leaves_0
f 11781 11788 11787
usemtl bush_2_leaves_1
f 11781 11783 11788
usemtl bush_2_leaves_2
f 11783 11784 11790 11789
usemtl bush_2_leaves_3
f 11784 11785 11791 11790
usemtl bush_2_leaves_4
f 11785 11786 11792 11791
usemtl bush_2_leaves_0
f 11786 11787 11793 11792
usemtl bush_2_leaves_1
f 11787 11788 11794 11793
usemtl bush_2_leaves_2
f 11788 11783 11789 11794
usemtl bush_2_leaves_3
f 11782 11789 11790
usemtl bush_2_leaves_4
f 11782 11790 11791
usemtl bush_2_leaves_0
f 11782 11791 11792
usemtl bush_2_leaves_1
f 11782 11792 11793
usemtl bush_2_leaves_2
f 11782 11793 11794
usemtl bush_2_leaves_3
f 11782 11794 11789

o bush_3
usemtl bush_3_leaves_0
f 11795 11798 11797
usemtl bush_3_leaves_1
f 11795 11799 11798
usemtl bush_3_leaves_2
f 11795 11800 11799
usemtl bush_3_leaves_3
f 11795 11801 11800
usemtl bush_3_leaves_4
f 11795 11802 11801
usemtl bush_3_leaves_0
f 11795 11797 11802
usemtl bush_3_leaves_1
f 11797 11798 11804 11803
usemtl bush_3_leaves_2
f 11798 11799 11805 11804
usemtl bush_3_leaves_3
f 11799 11800 11806 11805
usemtl bush_3_leaves_4
f 11800 11801 11807 11806
usemtl bush_3_leaves_0
f 11801 11802 11808 11807
usemtl bush_3_leaves_1
f 11802 11797 11803 11808
usemtl bush_3_leaves_2
f 11796 11803 11804
usemtl bush_3_leaves_3
f 11796 11804 11805
usemtl bush_3_leaves_4
f 11796 11805 11806
usemtl bush_3_leaves_0
f 11796 11806 11807
usemtl bush_3_leaves_1
f 11796 11807 11808
usemtl bush_3_leaves_2
f 11796 11808 11803
usemtl bush_3_leaves_3
f 11809 11812 11811
usemtl bush_3_leaves_4
f 11809 11813 11812
usemtl bush_3_leaves_0
f 11809 11814 11813
usemtl bush_3_leaves_1
f 11809 11815 11814
usemtl bush_3_leaves_2
f 11809 11816 11815
usemtl bush_3_leaves_3
f 11809 11811 11816
usemtl bush_3_leaves_4
f 11811 11812 11818 11817
usemtl bush_3_leaves_0
f 11812 11813 11819 11818
usemtl bush_3_leaves_1
f 11813 11814 11820 11819
usemtl bush_3_leaves_2
f 11814 11815 11821 11820
usemtl bush_3_leaves_3
f 11815 11816 11822 11821
usemtl bush_3_leaves_4
f 11816 11811 11817 11822
usemtl bush_3_leaves_0
f 11810 11817 11818
usemtl bush_3_leaves_1
f 11810 11818 11819
usemtl bush_3_leaves_2
f 11810 11819 11820
usemtl bush_3_leaves_3
f 11810 11820 11821
usemtl bush_3_leaves_4
f 11810 11821 11822
usemtl bush_3_leaves_0
f 11810 11822 11817
usemtl bush_3_leaves_1
f 11823 11826 11825
usemtl bush_3_leaves_2
f 11823 11827 11826
usemtl bush_3_leaves_3
f 11823 11828 11827
usemtl bush_3_leaves_4
f 11823 11829 11828
usemtl bush_3_leaves_0
f 11823 11830 11829
usemtl bush_3_leaves_1
f 11823 11825 11830
usemtl bush_3_leaves_2
f 11825 11826 11832 11831
usemtl bush_3_leaves_3
f 11826 11827 11833 11832
usemtl bush_3_leaves_4
f 11827 11828 11834 11833
usemtl bush_3_leaves_0
f 11828 11829 11835 11834
usemtl bush_3_leaves_1
f 11829 11830 11836 11835
usemtl bush_3_leaves_2
f 11830 11825 11831 11836
usemtl bush_3_leaves_3
f 11824 11831 11832
usemtl bush_3_leaves_4
f 11824 11832 11833
usemtl bush_3_leaves_0
f 11824 11833 11834
usemtl bush_3_leaves_1
f 11824 11834 11835
usemtl bush_3_leaves_2
f 11824 11835 11836
usemtl bush_3_leaves_3
f 11824 11836 11831

o bush_4
usemtl bush_4_leaves_0
f 11837 11840 11839
usemtl bush_4_leaves_1
f 11837 11841 11840
usemtl bush_4_leaves_2
f 11837 11842 11841
usemtl bush_4_leaves_3
f 11837 11843 11842
usemtl bush_4_leaves_4
f 11837 11844 11843
usemtl bush_4_leaves_0
f 11837 11839 11844
usemtl bush_4_leaves_1
f 11839 11840 11846 11845
usemtl bush_4_leaves_2
f 11840 11841 11847 11846
usemtl bush_4_leaves_3
f 11841 11842 11848 11847
usemtl bush_4_leaves_4
f 11842 11843 11849 11848
usemtl bush_4_leaves_0
f 11843 11844 11850 11849
usemtl bush_4_leaves_1
f 11844 11839 11845 11850
usemtl bush_4_leaves_2
f 11838 11845 11846
usemtl bush_4_leaves_3
f 11838 11846 11847
usemtl bush_4_leaves_4
f 11838 11847 11848
usemtl bush_4_leaves_0
f 11838 11848 11849
usemtl bush_4_leaves_1
f 11838 11849 11850
usemtl bush_4_leaves_2
f 11838 11850 11845
usemtl bush_4_leaves_3
f 11851 11854 11853
usemtl bush_4_leaves_4
f 11851 11855 11854
usemtl bush_4_leaves_0
f 11851 11856 11855
usemtl bush_4_leaves_1
f 11851 11857 11856
usemtl bush_4_leaves_2
f 11851 11858 11857
usemtl bush_4_leaves_3
f 11851 11853 11858
usemtl bush_4_leaves_4
f 11853 11854 11860 11859
usemtl bush_4_leaves_0
f 11854 11855 11861 11860
usemtl bush_4_leaves_1
f 11855 11856 11862 11861
usemtl bush_4_leaves_2
f 11856 11857 11863 11862
usemtl bush_4_leaves_3
f 11857 11858 11864 11863
usemtl bush_4_leaves_4
f 11858 11853 11859 11864
usemtl bush_4_leaves_0
f 11852 11859 11860
usemtl bush_4_leaves_1
f 11852 11860 11861
usemtl bush_4_leaves_2
f 11852 11861 11862
usemtl bush_4_leaves_3
f 11852 11862 11863
usemtl bush_4_leaves_4
f 11852 11863 11864
usemtl bush_4_leaves_0
f 11852 11864 11859
usemtl bush_4_leaves_1
f 11865 11868 11867
usemtl bush_4_leaves_2
f 11865 11869 11868
usemtl bush_4_leaves_3
f 11865 11870 11869
usemtl bush_4_leaves_4
f 11865 11871 11870
usemtl bush_4_leaves_0
f 11865 11872 11871
usemtl bush_4_leaves_1
f 11865 11867 11872
usemtl bush_4_leaves_2
f 11867 11868 11874 11873
usemtl bush_4_leaves_3
f 11868 11869 11875 11874
usemtl bush_4_leaves_4
f 11869 11870 11876 11875
usemtl bush_4_leaves_0
f 11870 11871 11877 11876
usemtl bush_4_leaves_1
f 11871 11872 11878 11877
usemtl bush_4_leaves_2
f 11872 11867 11873 11878
usemtl bush_4_leaves_3
f 11866 11873 11874
usemtl bush_4_leaves_4
f 11866 11874 11875
usemtl bush_4_leaves_0
f 11866 11875 11876
usemtl bush_4_leaves_1
f 11866 11876 11877
usemtl bush_4_leaves_2
f 11866 11877 11878
usemtl bush_4_leaves_3
f 11866 11878 11873

o bush_5
usemtl bush_5_leaves_0
f 11879 11882 11881
usemtl bush_5_leaves_1
f 11879 11883 11882
usemtl bush_5_leaves_2
f 11879 11884 11883
usemtl bush_5_leaves_3
f 11879 11885 11884
usemtl bush_5_leaves_4
f 11879 11886 11885
usemtl bush_5_leaves_0
f 11879 11881 11886
usemtl bush_5_leaves_1
f 11881 11882 11888 11887
usemtl bush_5_leaves_2
f 11882 11883 11889 11888
usemtl bush_5_leaves_3
f 11883 11884 11890 11889
usemtl bush_5_leaves_4
f 11884 11885 11891 11890
usemtl bush_5_leaves_0
f 11885 11886 11892 11891
usemtl bush_5_leaves_1
f 11886 11881 11887 11892
usemtl bush_5_leaves_2
f 11880 11887 11888
usemtl bush_5_leaves_3
f 11880 11888 11889
usemtl bush_5_leaves_4
f 11880 11889 11890
usemtl bush_5_leaves_0
f 11880 11890 11891
usemtl bush_5_leaves_1
f 11880 11891 11892
usemtl bush_5_leaves_2
f 11880 11892 11887
usemtl bush_5_leaves_3
f 11893 11896 11895
usemtl bush_5_leaves_4
f 11893 11897 11896
usemtl bush_5_leaves_0
f 11893 11898 11897
usemtl bush_5_leaves_1
f 11893 11899 11898
usemtl bush_5_leaves_2
f 11893 11900 11899
usemtl bush_5_leaves_3
f 11893 11895 11900
usemtl bush_5_leaves_4
f 11895 11896 11902 11901
usemtl bush_5_leaves_0
f 11896 11897 11903 11902
usemtl bush_5_leaves_1
f 11897 11898 11904 11903
usemtl bush_5_leaves_2
f 11898 11899 11905 11904
usemtl bush_5_leaves_3
f 11899 11900 11906 11905
usemtl bush_5_leaves_4
f 11900 11895 11901 11906
usemtl bush_5_leaves_0
f 11894 11901 11902
usemtl bush_5_leaves_1
f 11894 11902 11903
usemtl bush_5_leaves_2
f 11894 11903 11904
usemtl bush_5_leaves_3
f 11894 11904 11905
usemtl bush_5_leaves_4
f 11894 11905 11906
usemtl bush_5_leaves_0
f 11894 11906 11901
usemtl bush_5_leaves_1
f 11907 11910 11909
usemtl bush_5_leaves_2
f 11907 11911 11910
usemtl bush_5_leaves_3
f 11907 11912 11911
usemtl bush_5_leaves_4
f 11907 11913 11912
usemtl bush_5_leaves_0
f 11907 11914 11913
usemtl bush_5_leaves_1
f 11907 11909 11914
usemtl bush_5_leaves_2
f 11909 11910 11916 11915
usemtl bush_5_leaves_3
f 11910 11911 11917 11916
usemtl bush_5_leaves_4
f 11911 11912 11918 11917
usemtl bush_5_leaves_0
f 11912 11913 11919 11918
usemtl bush_5_leaves_1
f 11913 11914 11920 11919
usemtl bush_5_leaves_2
f 11914 11909 11915 11920
usemtl bush_5_leaves_3
f 11908 11915 11916
usemtl bush_5_leaves_4
f 11908 11916 11917
usemtl bush_5_leaves_0
f 11908 11917 11918
usemtl bush_5_leaves_1
f 11908 11918 11919
usemtl bush_5_leaves_2
f 11908 11919 11920
usemtl bush_5_leaves_3
f 11908 11920 11915

o bush_6
usemtl bush_6_leaves_0
f 11921 11924 11923
usemtl bush_6_leaves_1
f 11921 11925 11924
usemtl bush_6_leaves_2
f 11921 11926 11925
usemtl bush_6_leaves_3
f 11921 11927 11926
usemtl bush_6_leaves_4
f 11921 11928 11927
usemtl bush_6_leaves_0
f 11921 11923 11928
usemtl bush_6_leaves_1
f 11923 11924 11930 11929
usemtl bush_6_leaves_2
f 11924 11925 11931 11930
usemtl bush_6_leaves_3
f 11925 11926 11932 11931
usemtl bush_6_leaves_4
f 11926 11927 11933 11932
usemtl bush_6_leaves_0
f 11927 11928 11934 11933
usemtl bush_6_leaves_1
f 11928 11923 11929 11934
usemtl bush_6_leaves_2
f 11922 11929 11930
usemtl bush_6_leaves_3
f 11922 11930 11931
usemtl bush_6_leaves_4
f 11922 11931 11932
usemtl bush_6_leaves_0
f 11922 11932 11933
usemtl bush_6_leaves_1
f 11922 11933 11934
usemtl bush_6_leaves_2
f 11922 11934 11929
usemtl bush_6_leaves_3
f 11935 11938 11937
usemtl bush_6_leaves_4
f 11935 11939 11938
usemtl bush_6_leaves_0
f 11935 11940 11939
usemtl bush_6_leaves_1
f 11935 11941 11940
usemtl bush_6_leaves_2
f 11935 11942 11941
usemtl bush_6_leaves_3
f 11935 11937 11942
usemtl bush_6_leaves_4
f 11937 11938 11944 11943
usemtl bush_6_leaves_0
f 11938 11939 11945 11944
usemtl bush_6_leaves_1
f 11939 11940 11946 11945
usemtl bush_6_leaves_2
f 11940 11941 11947 11946
usemtl bush_6_leaves_3
f 11941 11942 11948 11947
usemtl bush_6_leaves_4
f 11942 11937 11943 11948
usemtl bush_6_leaves_0
f 11936 11943 11944
usemtl bush_6_leaves_1
f 11936 11944 11945
usemtl bush_6_leaves_2
f 11936 11945 11946
usemtl bush_6_leaves_3
f 11936 11946 11947
usemtl bush_6_leaves_4
f 11936 11947 11948
usemtl bush_6_leaves_0
f 11936 11948 11943
usemtl bush_6_leaves_1
f 11949 11952 11951
usemtl bush_6_leaves_2
f 11949 11953 11952
usemtl bush_6_leaves_3
f 11949 11954 11953
usemtl bush_6_leaves_4
f 11949 11955 11954
usemtl bush_6_leaves_0
f 11949 11956 11955
usemtl bush_6_leaves_1
f 11949 11951 11956
usemtl bush_6_leaves_2
f 11951 11952 11958 11957
usemtl bush_6_leaves_3
f 11952 11953 11959 11958
usemtl bush_6_leaves_4
f 11953 11954 11960 11959
usemtl bush_6_leaves_0
f 11954 11955 11961 11960
usemtl bush_6_leaves_1
f 11955 11956 11962 11961
usemtl bush_6_leaves_2
f 11956 11951 11957 11962
usemtl bush_6_leaves_3
f 11950 11957 11958
usemtl bush_6_leaves_4
f 11950 11958 11959
usemtl bush_6_leaves_0
f 11950 11959 11960
usemtl bush_6_leaves_1
f 11950 11960 11961
usemtl bush_6_leaves_2
f 11950 11961 11962
usemtl bush_6_leaves_3
f 11950 11962 11957

o bush_7
usemtl bush_7_leaves_0
f 11963 11966 11965
usemtl bush_7_leaves_1
f 11963 11967 11966
usemtl bush_7_leaves_2
f 11963 11968 11967
usemtl bush_7_leaves_3
f 11963 11969 11968
usemtl bush_7_leaves_4
f 11963 11970 11969
usemtl bush_7_leaves_0
f 11963 11965 11970
usemtl bush_7_leaves_1
f 11965 11966 11972 11971
usemtl bush_7_leaves_2
f 11966 11967 11973 11972
usemtl bush_7_leaves_3
f 11967 11968 11974 11973
usemtl bush_7_leaves_4
f 11968 11969 11975 11974
usemtl bush_7_leaves_0
f 11969 11970 11976 11975
usemtl bush_7_leaves_1
f 11970 11965 11971 11976
usemtl bush_7_leaves_2
f 11964 11971 11972
usemtl bush_7_leaves_3
f 11964 11972 11973
usemtl bush_7_leaves_4
f 11964 11973 11974
usemtl bush_7_leaves_0
f 11964 11974 11975
usemtl bush_7_leaves_1
f 11964 11975 11976
usemtl bush_7_leaves_2
f 11964 11976 11971
usemtl bush_7_leaves_3
f 11977 11980 11979
usemtl bush_7_leaves_4
f 11977 11981 11980
usemtl bush_7_leaves_0
f 11977 11982 11981
usemtl bush_7_leaves_1
f 11977 11983 11982
usemtl bush_7_leaves_2
f 11977 11984 11983
usemtl bush_7_leaves_3
f 11977 11979 11984
usemtl bush_7_leaves_4
f 11979 11980 11986 11985
usemtl bush_7_leaves_0
f 11980 11981 11987 11986
usemtl bush_7_leaves_1
f 11981 11982 11988 11987
usemtl bush_7_leaves_2
f 11982 11983 11989 11988
usemtl bush_7_leaves_3
f 11983 11984 11990 11989
usemtl bush_7_leaves_4
f 11984 11979 11985 11990
usemtl bush_7_leaves_0
f 11978 11985 11986
usemtl bush_7_leaves_1
f 11978 11986 11987
usemtl bush_7_leaves_2
f 11978 11987 11988
usemtl bush_7_leaves_3
f 11978 11988 11989
usemtl bush_7_leaves_4
f 11978 11989 11990
usemtl bush_7_leaves_0
f 11978 11990 11985
usemtl bush_7_leaves_1
f 11991 11994 11993
usemtl bush_7_leaves_2
f 11991 11995 11994
usemtl bush_7_leaves_3
f 11991 11996 11995
usemtl bush_7_leaves_4
f 11991 11997 11996
usemtl bush_7_leaves_0
f 11991 11998 11997
usemtl bush_7_leaves_1
f 11991 11993 11998
usemtl bush_7_leaves_2
f 11993 11994 12000 11999
usemtl bush_7_leaves_3
f 11994 11995 12001 12000
usemtl bush_7_leaves_4
f 11995 11996 12002 12001
usemtl bush_7_leaves_0
f 11996 11997 12003 12002
usemtl bush_7_leaves_1
f 11997 11998 12004 12003
usemtl bush_7_leaves_2
f 11998 11993 11999 12004
usemtl bush_7_leaves_3
f 11992 11999 12000
usemtl bush_7_leaves_4
f 11992 12000 12001
usemtl bush_7_leaves_0
f 11992 12001 12002
usemtl bush_7_leaves_1
f 11992 12002 12003
usemtl bush_7_leaves_2
f 11992 12003 12004
usemtl bush_7_leaves_3
f 11992 12004 11999

o bush_8
usemtl bush_8_leaves_0
f 12005 12008 12007
usemtl bush_8_leaves_1
f 12005 12009 12008
usemtl bush_8_leaves_2
f 12005 12010 12009
usemtl bush_8_leaves_3
f 12005 12011 12010
usemtl bush_8_leaves_4
f 12005 12012 12011
usemtl bush_8_leaves_0
f 12005 12007 12012
usemtl bush_8_leaves_1
f 12007 12008 12014 12013
usemtl bush_8_leaves_2
f 12008 12009 12015 12014
usemtl bush_8_leaves_3
f 12009 12010 12016 12015
usemtl bush_8_leaves_4
f 12010 12011 12017 12016
usemtl bush_8_leaves_0
f 12011 12012 12018 12017
usemtl bush_8_leaves_1
f 12012 12007 12013 12018
usemtl bush_8_leaves_2
f 12006 12013 12014
usemtl bush_8_leaves_3
f 12006 12014 12015
usemtl bush_8_leaves_4
f 12006 12015 12016
usemtl bush_8_leaves_0
f 12006 12016 12017
usemtl bush_8_leaves_1
f 12006 12017 12018
usemtl bush_8_leaves_2
f 12006 12018 12013
usemtl bush_8_leaves_3
f 12019 12022 12021
usemtl bush_8_leaves_4
f 12019 12023 12022
usemtl bush_8_leaves_0
f 12019 12024 12023
usemtl bush_8_leaves_1
f 12019 12025 12024
usemtl bush_8_leaves_2
f 12019 12026 12025
usemtl bush_8_leaves_3
f 12019 12021 12026
usemtl bush_8_leaves_4
f 12021 12022 12028 12027
usemtl bush_8_leaves_0
f 12022 12023 12029 12028
usemtl bush_8_leaves_1
f 12023 12024 12030 12029
usemtl bush_8_leaves_2
f 12024 12025 12031 12030
usemtl bush_8_leaves_3
f 12025 12026 12032 12031
usemtl bush_8_leaves_4
f 12026 12021 12027 12032
usemtl bush_8_leaves_0
f 12020 12027 12028
usemtl bush_8_leaves_1
f 12020 12028 12029
usemtl bush_8_leaves_2
f 12020 12029 12030
usemtl bush_8_leaves_3
f 12020 12030 12031
usemtl bush_8_leaves_4
f 12020 12031 12032
usemtl bush_8_leaves_0
f 12020 12032 12027
usemtl bush_8_leaves_1
f 12033 12036 12035
usemtl bush_8_leaves_2
f 12033 12037 12036
usemtl bush_8_leaves_3
f 12033 12038 12037
usemtl bush_8_leaves_4
f 12033 12039 12038
usemtl bush_8_leaves_0
f 12033 12040 12039
usemtl bush_8_leaves_1
f 12033 12035 12040
usemtl bush_8_leaves_2
f 12035 12036 12042 12041
usemtl bush_8_leaves_3
f 12036 12037 12043 12042
usemtl bush_8_leaves_4
f 12037 12038 12044 12043
usemtl bush_8_leaves_0
f 12038 12039 12045 12044
usemtl bush_8_leaves_1
f 12039 12040 12046 12045
usemtl bush_8_leaves_2
f 12040 12035 12041 12046
usemtl bush_8_leaves_3
f 12034 12041 12042
usemtl bush_8_leaves_4
f 12034 12042 12043
usemtl bush_8_leaves_0
f 12034 12043 12044
usemtl bush_8_leaves_1
f 12034 12044 12045
usemtl bush_8_leaves_2
f 12034 12045 12046
usemtl bush_8_leaves_3
f 12034 12046 12041

o rock_1
usemtl rock_1_rock_0
f 12061 12047 12048
usemtl rock_1_rock_1
f 12061 12048 12049
usemtl rock_1_rock_2
f 12061 12049 12050
usemtl rock_1_rock_3
f 12061 12050 12051
usemtl rock_1_rock_4
f 12061 12051 12052
usemtl rock_1_rock_5
f 12061 12052 12053
usemtl rock_1_rock_6
f 12061 12053 12047
usemtl rock_1_rock_7
f 12047 12048 12055 12054
usemtl rock_1_rock_8
f 12048 12049 12056 12055
usemtl rock_1_rock_9
f 12049 12050 12057 12056
usemtl rock_1_rock_10
f 12050 12051 12058 12057
usemtl rock_1_rock_11
f 12051 12052 12059 12058
usemtl rock_1_rock_12
f 12052 12053 12060 12059
usemtl rock_1_rock_13
f 12053 12047 12054 12060
usemtl rock_1_rock_14
f 12062 12055 12054
usemtl rock_1_rock_15
f 12062 12056 12055
usemtl rock_1_rock_16
f 12062 12057 12056
usemtl rock_1_rock_17
f 12062 12058 12057
usemtl rock_1_rock_18
f 12062 12059 12058
usemtl rock_1_rock_19
f 12062 12060 12059
usemtl rock_1_rock_20
f 12062 12054 12060

o rock_2
usemtl rock_2_rock_0
f 12077 12063 12064
usemtl rock_2_rock_1
f 12077 12064 12065
usemtl rock_2_rock_2
f 12077 12065 12066
usemtl rock_2_rock_3
f 12077 12066 12067
usemtl rock_2_rock_4
f 12077 12067 12068
usemtl rock_2_rock_5
f 12077 12068 12069
usemtl rock_2_rock_6
f 12077 12069 12063
usemtl rock_2_rock_7
f 12063 12064 12071 12070
usemtl rock_2_rock_8
f 12064 12065 12072 12071
usemtl rock_2_rock_9
f 12065 12066 12073 12072
usemtl rock_2_rock_10
f 12066 12067 12074 12073
usemtl rock_2_rock_11
f 12067 12068 12075 12074
usemtl rock_2_rock_12
f 12068 12069 12076 12075
usemtl rock_2_rock_13
f 12069 12063 12070 12076
usemtl rock_2_rock_14
f 12078 12071 12070
usemtl rock_2_rock_15
f 12078 12072 12071
usemtl rock_2_rock_16
f 12078 12073 12072
usemtl rock_2_rock_17
f 12078 12074 12073
usemtl rock_2_rock_18
f 12078 12075 12074
usemtl rock_2_rock_19
f 12078 12076 12075
usemtl rock_2_rock_20
f 12078 12070 12076

o rock_3
usemtl rock_3_rock_0
f 12093 12079 12080
usemtl rock_3_rock_1
f 12093 12080 12081
usemtl rock_3_rock_2
f 12093 12081 12082
usemtl rock_3_rock_3
f 12093 12082 12083
usemtl rock_3_rock_4
f 12093 12083 12084
usemtl rock_3_rock_5
f 12093 12084 12085
usemtl rock_3_rock_6
f 12093 12085 12079
usemtl rock_3_rock_7
f 12079 12080 12087 12086
usemtl rock_3_rock_8
f 12080 12081 12088 12087
usemtl rock_3_rock_9
f 12081 12082 12089 12088
usemtl rock_3_rock_10
f 12082 12083 12090 12089
usemtl rock_3_rock_11
f 12083 12084 12091 12090
usemtl rock_3_rock_12
f 12084 12085 12092 12091
usemtl rock_3_rock_13
f 12085 12079 12086 12092
usemtl rock_3_rock_14
f 12094 12087 12086
usemtl rock_3_rock_15
f 12094 12088 12087
usemtl rock_3_rock_16
f 12094 12089 12088
usemtl rock_3_rock_17
f 12094 12090 12089
usemtl rock_3_rock_18
f 12094 12091 12090
usemtl rock_3_rock_19
f 12094 12092 12091
usemtl rock_3_rock_20
f 12094 12086 12092

o rock_4
usemtl rock_4_rock_0
f 12109 12095 12096
usemtl rock_4_rock_1
f 12109 12096 12097
usemtl rock_4_rock_2
f 12109 12097 12098
usemtl rock_4_rock_3
f 12109 12098 12099
usemtl rock_4_rock_4
f 12109 12099 12100
usemtl rock_4_rock_5
f 12109 12100 12101
usemtl rock_4_rock_6
f 12109 12101 12095
usemtl rock_4_rock_7
f 12095 12096 12103 12102
usemtl rock_4_rock_8
f 12096 12097 12104 12103
usemtl rock_4_rock_9
f 12097 12098 12105 12104
usemtl rock_4_rock_10
f 12098 12099 12106 12105
usemtl rock_4_rock_11
f 12099 12100 12107 12106
usemtl rock_4_rock_12
f 12100 12101 12108 12107
usemtl rock_4_rock_13
f 12101 12095 12102 12108
usemtl rock_4_rock_14
f 12110 12103 12102
usemtl rock_4_rock_15
f 12110 12104 12103
usemtl rock_4_rock_16
f 12110 12105 12104
usemtl rock_4_rock_17
f 12110 12106 12105
usemtl rock_4_rock_18
f 12110 12107 12106
usemtl rock_4_rock_19
f 12110 12108 12107
usemtl rock_4_rock_20
f 12110 12102 12108

o rock_5
usemtl rock_5_rock_0
f 12125 12111 12112
usemtl rock_5_rock_1
f 12125 12112 12113
usemtl rock_5_rock_2
f 12125 12113 12114
usemtl rock_5_rock_3
f 12125 12114 12115
usemtl rock_5_rock_4
f 12125 12115 12116
usemtl rock_5_rock_5
f 12125 12116 12117
usemtl rock_5_rock_6
f 12125 12117 12111
usemtl rock_5_rock_7
f 12111 12112 12119 12118
usemtl rock_5_rock_8
f 12112 12113 12120 12119
usemtl rock_5_rock_9
f 12113 12114 12121 12120
usemtl rock_5_rock_10
f 12114 12115 12122 12121
usemtl rock_5_rock_11
f 12115 12116 12123 12122
usemtl rock_5_rock_12
f 12116 12117 12124 12123
usemtl rock_5_rock_13
f 12117 12111 12118 12124
usemtl rock_5_rock_14
f 12126 12119 12118
usemtl rock_5_rock_15
f 12126 12120 12119
usemtl rock_5_rock_16
f 12126 12121 12120
usemtl rock_5_rock_17
f 12126 12122 12121
usemtl rock_5_rock_18
f 12126 12123 12122
usemtl rock_5_rock_19
f 12126 12124 12123
usemtl rock_5_rock_20
f 12126 12118 12124

o rock_6
usemtl rock_6_rock_0
f 12141 12127 12128
usemtl rock_6_rock_1
f 12141 12128 12129
usemtl rock_6_rock_2
f 12141 12129 12130
usemtl rock_6_rock_3
f 12141 12130 12131
usemtl rock_6_rock_4
f 12141 12131 12132
usemtl rock_6_rock_5
f 12141 12132 12133
usemtl rock_6_rock_6
f 12141 12133 12127
usemtl rock_6_rock_7
f 12127 12128 12135 12134
usemtl rock_6_rock_8
f 12128 12129 12136 12135
usemtl rock_6_rock_9
f 12129 12130 12137 12136
usemtl rock_6_rock_10
f 12130 12131 12138 12137
usemtl rock_6_rock_11
f 12131 12132 12139 12138
usemtl rock_6_rock_12
f 12132 12133 12140 12139
usemtl rock_6_rock_13
f 12133 12127 12134 12140
usemtl rock_6_rock_14
f 12142 12135 12134
usemtl rock_6_rock_15
f 12142 12136 12135
usemtl rock_6_rock_16
f 12142 12137 12136
usemtl rock_6_rock_17
f 12142 12138 12137
usemtl rock_6_rock_18
f 12142 12139 12138
usemtl rock_6_rock_19
f 12142 12140 12139
usemtl rock_6_rock_20
f 12142 12134 12140

o rock_7
usemtl rock_7_rock_0
f 12157 12143 12144
usemtl rock_7_rock_1
f 12157 12144 12145
usemtl rock_7_rock_2
f 12157 12145 12146
usemtl rock_7_rock_3
f 12157 12146 12147
usemtl rock_7_rock_4
f 12157 12147 12148
usemtl rock_7_rock_5
f 12157 12148 12149
usemtl rock_7_rock_6
f 12157 12149 12143
usemtl rock_7_rock_7
f 12143 12144 12151 12150
usemtl rock_7_rock_8
f 12144 12145 12152 12151
usemtl rock_7_rock_9
f 12145 12146 12153 12152
usemtl rock_7_rock_10
f 12146 12147 12154 12153
usemtl rock_7_rock_11
f 12147 12148 12155 12154
usemtl rock_7_rock_12
f 12148 12149 12156 12155
usemtl rock_7_rock_13
f 12149 12143 12150 12156
usemtl rock_7_rock_14
f 12158 12151 12150
usemtl rock_7_rock_15
f 12158 12152 12151
usemtl rock_7_rock_16
f 12158 12153 12152
usemtl rock_7_rock_17
f 12158 12154 12153
usemtl rock_7_rock_18
f 12158 12155 12154
usemtl rock_7_rock_19
f 12158 12156 12155
usemtl rock_7_rock_20
f 12158 12150 12156

o rock_8
usemtl rock_8_rock_0
f 12173 12159 12160
usemtl rock_8_rock_1
f 12173 12160 12161
usemtl rock_8_rock_2
f 12173 12161 12162
usemtl rock_8_rock_3
f 12173 12162 12163
usemtl rock_8_rock_4
f 12173 12163 12164
usemtl rock_8_rock_5
f 12173 12164 12165
usemtl rock_8_rock_6
f 12173 12165 12159
usemtl rock_8_rock_7
f 12159 12160 12167 12166
usemtl rock_8_rock_8
f 12160 12161 12168 12167
usemtl rock_8_rock_9
f 12161 12162 12169 12168
usemtl rock_8_rock_10
f 12162 12163 12170 12169
usemtl rock_8_rock_11
f 12163 12164 12171 12170
usemtl rock_8_rock_12
f 12164 12165 12172 12171
usemtl rock_8_rock_13
f 12165 12159 12166 12172
usemtl rock_8_rock_14
f 12174 12167 12166
usemtl rock_8_rock_15
f 12174 12168 12167
usemtl rock_8_rock_16
f 12174 12169 12168
usemtl rock_8_rock_17
f 12174 12170 12169
usemtl rock_8_rock_18
f 12174 12171 12170
usemtl rock_8_rock_19
f 12174 12172 12171
usemtl rock_8_rock_20
f 12174 12166 12172

o rock_9
usemtl rock_9_rock_0
f 12189 12175 12176
usemtl rock_9_rock_1
f 12189 12176 12177
usemtl rock_9_rock_2
f 12189 12177 12178
usemtl rock_9_rock_3
f 12189 12178 12179
usemtl rock_9_rock_4
f 12189 12179 12180
usemtl rock_9_rock_5
f 12189 12180 12181
usemtl rock_9_rock_6
f 12189 12181 12175
usemtl rock_9_rock_7
f 12175 12176 12183 12182
usemtl rock_9_rock_8
f 12176 12177 12184 12183
usemtl rock_9_rock_9
f 12177 12178 12185 12184
usemtl rock_9_rock_10
f 12178 12179 12186 12185
usemtl rock_9_rock_11
f 12179 12180 12187 12186
usemtl rock_9_rock_12
f 12180 12181 12188 12187
usemtl rock_9_rock_13
f 12181 12175 12182 12188
usemtl rock_9_rock_14
f 12190 12183 12182
usemtl rock_9_rock_15
f 12190 12184 12183
usemtl rock_9_rock_16
f 12190 12185 12184
usemtl rock_9_rock_17
f 12190 12186 12185
usemtl rock_9_rock_18
f 12190 12187 12186
usemtl rock_9_rock_19
f 12190 12188 12187
usemtl rock_9_rock_20
f 12190 12182 12188

o rock_10
usemtl rock_10_rock_0
f 12205 12191 12192
usemtl rock_10_rock_1
f 12205 12192 12193
usemtl rock_10_rock_2
f 12205 12193 12194
usemtl rock_10_rock_3
f 12205 12194 12195
usemtl rock_10_rock_4
f 12205 12195 12196
usemtl rock_10_rock_5
f 12205 12196 12197
usemtl rock_10_rock_6
f 12205 12197 12191
usemtl rock_10_rock_7
f 12191 12192 12199 12198
usemtl rock_10_rock_8
f 12192 12193 12200 12199
usemtl rock_10_rock_9
f 12193 12194 12201 12200
usemtl rock_10_rock_10
f 12194 12195 12202 12201
usemtl rock_10_rock_11
f 12195 12196 12203 12202
usemtl rock_10_rock_12
f 12196 12197 12204 12203
usemtl rock_10_rock_13
f 12197 12191 12198 12204
usemtl rock_10_rock_14
f 12206 12199 12198
usemtl rock_10_rock_15
f 12206 12200 12199
usemtl rock_10_rock_16
f 12206 12201 12200
usemtl rock_10_rock_17
f 12206 12202 12201
usemtl rock_10_rock_18
f 12206 12203 12202
usemtl rock_10_rock_19
f 12206 12204 12203
usemtl rock_10_rock_20
f 12206 12198 12204

o rock_11
usemtl rock_11_rock_0
f 12221 12207 12208
usemtl rock_11_rock_1
f 12221 12208 12209
usemtl rock_11_rock_2
f 12221 12209 12210
usemtl rock_11_rock_3
f 12221 12210 12211
usemtl rock_11_rock_4
f 12221 12211 12212
usemtl rock_11_rock_5
f 12221 12212 12213
usemtl rock_11_rock_6
f 12221 12213 12207
usemtl rock_11_rock_7
f 12207 12208 12215 12214
usemtl rock_11_rock_8
f 12208 12209 12216 12215
usemtl rock_11_rock_9
f 12209 12210 12217 12216
usemtl rock_11_rock_10
f 12210 12211 12218 12217
usemtl rock_11_rock_11
f 12211 12212 12219 12218
usemtl rock_11_rock_12
f 12212 12213 12220 12219
usemtl rock_11_rock_13
f 12213 12207 12214 12220
usemtl rock_11_rock_14
f 12222 12215 12214
usemtl rock_11_rock_15
f 12222 12216 12215
usemtl rock_11_rock_16
f 12222 12217 12216
usemtl rock_11_rock_17
f 12222 12218 12217
usemtl rock_11_rock_18
f 12222 12219 12218
usemtl rock_11_rock_19
f 12222 12220 12219
usemtl rock_11_rock_20
f 12222 12214 12220

o rock_12
usemtl rock_12_rock_0
f 12237 12223 12224
usemtl rock_12_rock_1
f 12237 12224 12225
usemtl rock_12_rock_2
f 12237 12225 12226
usemtl rock_12_rock_3
f 12237 12226 12227
usemtl rock_12_rock_4
f 12237 12227 12228
usemtl rock_12_rock_5
f 12237 12228 12229
usemtl rock_12_rock_6
f 12237 12229 12223
usemtl rock_12_rock_7
f 12223 12224 12231 12230
usemtl rock_12_rock_8
f 12224 12225 12232 12231
usemtl rock_12_rock_9
f 12225 12226 12233 12232
usemtl rock_12_rock_10
f 12226 12227 12234 12233
usemtl rock_12_rock_11
f 12227 12228 12235 12234
usemtl rock_12_rock_12
f 12228 12229 12236 12235
usemtl rock_12_rock_13
f 12229 12223 12230 12236
usemtl rock_12_rock_14
f 12238 12231 12230
usemtl rock_12_rock_15
f 12238 12232 12231
usemtl rock_12_rock_16
f 12238 12233 12232
usemtl rock_12_rock_17
f 12238 12234 12233
usemtl rock_12_rock_18
f 12238 12235 12234
usemtl rock_12_rock_19
f 12238 12236 12235
usemtl rock_12_rock_20
f 12238 12230 12236

o path
usemtl path_path_0
f 12239 12241 12242 12240
usemtl path_path_1
f 12241 12243 12244 12242
usemtl path_path_2
f 12243 12245 12246 12244
usemtl path_path_3
f 12245 12247 12248 12246
usemtl path_path_4
f 12247 12249 12250 12248
usemtl path_path_5
f 12249 12251 12252 12250
usemtl path_path_6
f 12251 12253 12254 12252
usemtl path_path_7
f 12253 12255 12256 12254
usemtl path_path_8
f 12255 12257 12258 12256
usemtl path_path_9
f 12257 12259 12260 12258
usemtl path_path_10
f 12259 12261 12262 12260
usemtl path_path_11
f 12261 12263 12264 12262
usemtl path_path_12
f 12263 12265 12266 12264
usemtl path_path_13
f 12265 12267 12268 12266
usemtl path_path_14
f 12267 12269 12270 12268

o wall_1
usemtl wall_1_stone_2
f 12271 12272 12273 12274
f 12275 12278 12277 12276
f 12271 12275 12276 12272
f 12272 12276 12277 12273
f 12273 12277 12278 12274
f 12274 12278 12275 12271
usemtl wall_1_stone_1
f 12279 12280 12281 12282
f 12283 12286 12285 12284
f 12279 12283 12284 12280
f 12280 12284 12285 12281
f 12281 12285 12286 12282
f 12282 12286 12283 12279
usemtl wall_1_stone_0
f 12287 12288 12289 12290
f 12291 12294 12293 12292
f 12287 12291 12292 12288
f 12288 12292 12293 12289
f 12289 12293 12294 12290
f 12290 12294 12291 12287
usemtl wall_1_stone_2
f 12295 12296 12297 12298
f 12299 12302 12301 12300
f 12295 12299 12300 12296
f 12296 12300 12301 12297
f 12297 12301 12302 12298
f 12298 12302 12299 12295
usemtl wall_1_stone_4
f 12303 12304 12305 12306
f 12307 12310 12309 12308
f 12303 12307 12308 12304
f 12304 12308 12309 12305
f 12305 12309 12310 12306
f 12306 12310 12307 12303
usemtl wall_1_stone_0
f 12311 12312 12313 12314
f 12315 12318 12317 12316
f 12311 12315 12316 12312
f 12312 12316 12317 12313
f 12313 12317 12318 12314
f 12314 12318 12315 12311
usemtl wall_1_stone_3
f 12319 12320 12321 12322
f 12323 12326 12325 12324
f 12319 12323 12324 12320
f 12320 12324 12325 12321
f 12321 12325 12326 12322
f 12322 12326 12323 12319
usemtl wall_1_stone_4
f 12327 12328 12329 12330
f 12331 12334 12333 12332
f 12327 12331 12332 12328
f 12328 12332 12333 12329
f 12329 12333 12334 12330
f 12330 12334 12331 12327
usemtl wall_1_stone_1
f 12335 12336 12337 12338
f 12339 12342 12341 12340
f 12335 12339 12340 12336
f 12336 12340 12341 12337
f 12337 12341 12342 12338
f 12338 12342 12339 12335
f 12343 12344 12345 12346
f 12347 12350 12349 12348
f 12343 12347 12348 12344
f 12344 12348 12349 12345
f 12345 12349 12350 12346
f 12346 12350 12347 12343
usemtl wall_1_stone_2
f 12351 12352 12353 12354
f 12355 12358 12357 12356
f 12351 12355 12356 12352
f 12352 12356 12357 12353
f 12353 12357 12358 12354
f 12354 12358 12355 12351
usemtl wall_1_stone_3
f 12359 12360 12361 12362
f 12363 12366 12365 12364
f 12359 12363 12364 12360
f 12360 12364 12365 12361
f 12361 12365 12366 12362
f 12362 12366 12363 12359
f 12367 12368 12369 12370
f 12371 12374 12373 12372
f 12367 12371 12372 12368
f 12368 12372 12373 12369
f 12369 12373 12374 12370
f 12370 12374 12371 12367
usemtl wall_1_stone_0
f 12375 12376 12377 12378
f 12379 12382 12381 12380
f 12375 12379 12380 12376
f 12376 12380 12381 12377
f 12377 12381 12382 12378
f 12378 12382 12379 12375
f 12383 12384 12385 12386
f 12387 12390 12389 12388
f 12383 12387 12388 12384
f 12384 12388 12389 12385
f 12385 12389 12390 12386
f 12386 12390 12387 12383
usemtl wall_1_stone_1
f 12391 12392 12393 12394
f 12395 12398 12397 12396
f 12391 12395 12396 12392
f 12392 12396 12397 12393
f 12393 12397 12398 12394
f 12394 12398 12395 12391
usemtl wall_1_stone_4
f 12399 12400 12401 12402
f 12403 12406 12405 12404
f 12399 12403 12404 12400
f 12400 12404 12405 12401
f 12401 12405 12406 12402
f 12402 12406 12403 12399
usemtl wall_1_stone_1
f 12407 12408 12409 12410
f 12411 12414 12413 12412
f 12407 12411 12412 12408
f 12408 12412 12413 12409
f 12409 12413 12414 12410
f 12410 12414 12411 12407
f 12415 12416 12417 12418
f 12419 12422 12421 12420
f 12415 12419 12420 12416
f 12416 12420 12421 12417
f 12417 12421 12422 12418
f 12418 12422 12419 12415
f 12423 12424 12425 12426
f 12427 12430 12429 12428
f 12423 12427 12428 12424
f 12424 12428 12429 12425
f 12425 12429 12430 12426
f 12426 12430 12427 12423
usemtl wall_1_stone_4
f 12431 12432 12433 12434
f 12435 12438 12437 12436
f 12431 12435 12436 12432
f 12432 12436 12437 12433
f 12433 12437 12438 12434
f 12434 12438 12435 12431
usemtl wall_1_stone_2
f 12439 12440 12441 12442
f 12443 12446 12445 12444
f 12439 12443 12444 12440
f 12440 12444 12445 12441
f 12441 12445 12446 12442
f 12442 12446 12443 12439
f 12447 12448 12449 12450
f 12451 12454 12453 12452
f 12447 12451 12452 12448
f 12448 12452 12453 12449
f 12449 12453 12454 12450
f 12450 12454 12451 12447
usemtl wall_1_stone_4
f 12455 12456 12457 12458
f 12459 12462 12461 12460
f 12455 12459 12460 12456
f 12456 12460 12461 12457
f 12457 12461 12462 12458
f 12458 12462 12459 12455
usemtl wall_1_stone_0
f 12463 12464 12465 12466
f 12467 12470 12469 12468
f 12463 12467 12468 12464
f 12464 12468 12469 12465
f 12465 12469 12470 12466
f 12466 12470 12467 12463
usemtl wall_1_stone_2
f 12471 12472 12473 12474
f 12475 12478 12477 12476
f 12471 12475 12476 12472
f 12472 12476 12477 12473
f 12473 12477 12478 12474
f 12474 12478 12475 12471

o wall_2
usemtl wall_2_stone_1
f 12479 12480 12481 12482
f 12483 12486 12485 12484
f 12479 12483 12484 12480
f 12480 12484 12485 12481
f 12481 12485 12486 12482
f 12482 12486 12483 12479
usemtl wall_2_stone_3
f 12487 12488 12489 12490
f 12491 12494 12493 12492
f 12487 12491 12492 12488
f 12488 12492 12493 12489
f 12489 12493 12494 12490
f 12490 12494 12491 12487
usemtl wall_2_stone_0
f 12495 12496 12497 12498
f 12499 12502 12501 12500
f 12495 12499 12500 12496
f 12496 12500 12501 12497
f 12497 12501 12502 12498
f 12498 12502 12499 12495
usemtl wall_2_stone_3
f 12503 12504 12505 12506
f 12507 12510 12509 12508
f 12503 12507 12508 12504
f 12504 12508 12509 12505
f 12505 12509 12510 12506
f 12506 12510 12507 12503
usemtl wall_2_stone_0
f 12511 12512 12513 12514
f 12515 12518 12517 12516
f 12511 12515 12516 12512
f 12512 12516 12517 12513
f 12513 12517 12518 12514
f 12514 12518 12515 12511
usemtl wall_2_stone_2
f 12519 12520 12521 12522
f 12523 12526 12525 12524
f 12519 12523 12524 12520
f 12520 12524 12525 12521
f 12521 12525 12526 12522
f 12522 12526 12523 12519
usemtl wall_2_stone_0
f 12527 12528 12529 12530
f 12531 12534 12533 12532
f 12527 12531 12532 12528
f 12528 12532 12533 12529
f 12529 12533 12534 12530
f 12530 12534 12531 12527
usemtl wall_2_stone_4
f 12535 12536 12537 12538
f 12539 12542 12541 12540
f 12535 12539 12540 12536
f 12536 12540 12541 12537
f 12537 12541 12542 12538
f 12538 12542 12539 12535
usemtl wall_2_stone_2
f 12543 12544 12545 12546
f 12547 12550 12549 12548
f 12543 12547 12548 12544
f 12544 12548 12549 12545
f 12545 12549 12550 12546
f 12546 12550 12547 12543
usemtl wall_2_stone_0
f 12551 12552 12553 12554
f 12555 12558 12557 12556
f 12551 12555 12556 12552
f 12552 12556 12557 12553
f 12553 12557 12558 12554
f 12554 12558 12555 12551
usemtl wall_2_stone_3
f 12559 12560 12561 12562
f 12563 12566 12565 12564
f 12559 12563 12564 12560
f 12560 12564 12565 12561
f 12561 12565 12566 12562
f 12562 12566 12563 12559
usemtl wall_2_stone_2
f 12567 12568 12569 12570
f 12571 12574 12573 12572
f 12567 12571 12572 12568
f 12568 12572 12573 12569
f 12569 12573 12574 12570
f 12570 12574 12571 12567
f 12575 12576 12577 12578
f 12579 12582 12581 12580
f 12575 12579 12580 12576
f 12576 12580 12581 12577
f 12577 12581 12582 12578
f 12578 12582 12579 12575
f 12583 12584 12585 12586
f 12587 12590 12589 12588
f 12583 12587 12588 12584
f 12584 12588 12589 12585
f 12585 12589 12590 12586
f 12586 12590 12587 12583
f 12591 12592 12593 12594
f 12595 12598 12597 12596
f 12591 12595 12596 12592
f 12592 12596 12597 12593
f 12593 12597 12598 12594
f 12594 12598 12595 12591
usemtl wall_2_stone_1
f 12599 12600 12601 12602
f 12603 12606 12605 12604
f 12599 12603 12604 12600
f 12600 12604 12605 12601
f 12601 12605 12606 12602
f 12602 12606 12603 12599
usemtl wall_2_stone_2
f 12607 12608 12609 12610
f 12611 12614 12613 12612
f 12607 12611 12612 12608
f 12608 12612 12613 12609
f 12609 12613 12614 12610
f 12610 12614 12611 12607
usemtl wall_2_stone_3
f 12615 12616 12617 12618
f 12619 12622 12621 12620
f 12615 12619 12620 12616
f 12616 12620 12621 12617
f 12617 12621 12622 12618
f 12618 12622 12619 12615

o stair_1
usemtl stair_1_step_0
f 12623 12624 12625 12626
f 12627 12630 12629 12628
f 12623 12627 12628 12624
f 12624 12628 12629 12625
f 12625 12629 12630 12626
f 12626 12630 12627 12623
usemtl stair_1_step_1
f 12631 12632 12633 12634
f 12635 12638 12637 12636
f 12631 12635 12636 12632
f 12632 12636 12637 12633
f 12633 12637 12638 12634
f 12634 12638 12635 12631
usemtl stair_1_step_2
f 12639 12640 12641 12642
f 12643 12646 12645 12644
f 12639 12643 12644 12640
f 12640 12644 12645 12641
f 12641 12645 12646 12642
f 12642 12646 12643 12639
usemtl stair_1_step_0
f 12647 12648 12649 12650
f 12651 12654 12653 12652
f 12647 12651 12652 12648
f 12648 12652 12653 12649
f 12649 12653 12654 12650
f 12650 12654 12651 12647
usemtl stair_1_step_1
f 12655 12656 12657 12658
f 12659 12662 12661 12660
f 12655 12659 12660 12656
f 12656 12660 12661 12657
f 12657 12661 12662 12658
f 12658 12662 12659 12655
usemtl stair_1_step_2
f 12663 12664 12665 12666
f 12667 12670 12669 12668
f 12663 12667 12668 12664
f 12664 12668 12669 12665
f 12665 12669 12670 12666
f 12666 12670 12667 12663
usemtl stair_1_step_0
f 12671 12672 12673 12674
f 12675 12678 12677 12676
f 12671 12675 12676 12672
f 12672 12676 12677 12673
f 12673 12677 12678 12674
f 12674 12678 12675 12671
usemtl stair_1_step_1
f 12679 12680 12681 12682
f 12683 12686 12685 12684
f 12679 12683 12684 12680
f 12680 12684 12685 12681
f 12681 12685 12686 12682
f 12682 12686 12683 12679

o chapel_1
usemtl chapel_1_wall_2
f 12687 12688 12689 12690
usemtl chapel_1_wall_1
f 12691 12694 12693 12692
usemtl chapel_1_wall_3
f 12687 12691 12692 12688
usemtl chapel_1_wall_1
f 12688 12692 12693 12689
usemtl chapel_1_wall_3
f 12689 12693 12694 12690
usemtl chapel_1_wall_1
f 12690 12694 12691 12687
usemtl chapel_1_roof_2
f 12695 12696 12699
usemtl chapel_1_roof_1
f 12696 12697 12699
usemtl chapel_1_roof_0
f 12697 12698 12699
usemtl chapel_1_roof_2
f 12698 12695 12699
usemtl chapel_1_cross_0
f 12700 12701 12702 12703
f 12704 12707 12706 12705
f 12700 12704 12705 12701
f 12701 12705 12706 12702
f 12702 12706 12707 12703
f 12703 12707 12704 12700
f 12708 12709 12710 12711
f 12712 12715 12714 12713
f 12708 12712 12713 12709
f 12709 12713 12714 12710
f 12710 12714 12715 12711
f 12711 12715 12712 12708

o bridge_1
usemtl bridge_1_rope_0
f 12716 12717 12721 12720
f 12717 12718 12722 12721
f 12718 12719 12723 12722
f 12719 12716 12720 12723
f 12720 12721 12725 12724
f 12721 12722 12726 12725
f 12722 12723 12727 12726
f 12723 12720 12724 12727
f 12724 12725 12729 12728
f 12725 12726 12730 12729
f 12726 12727 12731 12730
f 12727 12724 12728 12731
f 12728 12729 12733 12732
f 12729 12730 12734 12733
f 12730 12731 12735 12734
f 12731 12728 12732 12735
f 12732 12733 12737 12736
f 12733 12734 12738 12737
f 12734 12735 12739 12738
f 12735 12732 12736 12739
f 12736 12737 12741 12740
f 12737 12738 12742 12741
f 12738 12739 12743 12742
f 12739 12736 12740 12743
f 12740 12741 12745 12744
f 12741 12742 12746 12745
f 12742 12743 12747 12746
f 12743 12740 12744 12747
f 12744 12745 12749 12748
f 12745 12746 12750 12749
f 12746 12747 12751 12750
f 12747 12744 12748 12751
f 12748 12749 12753 12752
f 12749 12750 12754 12753
f 12750 12751 12755 12754
f 12751 12748 12752 12755
f 12752 12753 12757 12756
f 12753 12754 12758 12757
f 12754 12755 12759 12758
f 12755 12752 12756 12759
f 12756 12757 12761 12760
f 12757 12758 12762 12761
f 12758 12759 12763 12762
f 12759 12756 12760 12763
f 12760 12761 12765 12764
f 12761 12762 12766 12765
f 12762 12763 12767 12766
f 12763 12760 12764 12767
f 12764 12765 12769 12768
f 12765 12766 12770 12769
f 12766 12767 12771 12770
f 12767 12764 12768 12771
f 12768 12769 12773 12772
f 12769 12770 12774 12773
f 12770 12771 12775 12774
f 12771 12768 12772 12775
f 12776 12777 12781 12780
f 12777 12778 12782 12781
f 12778 12779 12783 12782
f 12779 12776 12780 12783
f 12780 12781 12785 12784
f 12781 12782 12786 12785
f 12782 12783 12787 12786
f 12783 12780 12784 12787
f 12784 12785 12789 12788
f 12785 12786 12790 12789
f 12786 12787 12791 12790
f 12787 12784 12788 12791
f 12788 12789 12793 12792
f 12789 12790 12794 12793
f 12790 12791 12795 12794
f 12791 12788 12792 12795
f 12792 12793 12797 12796
f 12793 12794 12798 12797
f 12794 12795 12799 12798
f 12795 12792 12796 12799
f 12796 12797 12801 12800
f 12797 12798 12802 12801
f 12798 12799 12803 12802
f 12799 12796 12800 12803
f 12800 12801 12805 12804
f 12801 12802 12806 12805
f 12802 12803 12807 12806
f 12803 12800 12804 12807
f 12804 12805 12809 12808
f 12805 12806 12810 12809
f 12806 12807 12811 12810
f 12807 12804 12808 12811
f 12808 12809 12813 12812
f 12809 12810 12814 12813
f 12810 12811 12815 12814
f 12811 12808 12812 12815
f 12812 12813 12817 12816
f 12813 12814 12818 12817
f 12814 12815 12819 12818
f 12815 12812 12816 12819
f 12816 12817 12821 12820
f 12817 12818 12822 12821
f 12818 12819 12823 12822
f 12819 12816 12820 12823
f 12820 12821 12825 12824
f 12821 12822 12826 12825
f 12822 12823 12827 12826
f 12823 12820 12824 12827
f 12824 12825 12829 12828
f 12825 12826 12830 12829
f 12826 12827 12831 12830
f 12827 12824 12828 12831
f 12828 12829 12833 12832
f 12829 12830 12834 12833
f 12830 12831 12835 12834
f 12831 12828 12832 12835
usemtl bridge_1_plank_0
f 12836 12837 12838 12839
f 12840 12843 12842 12841
f 12836 12840 12841 12837
f 12837 12841 12842 12838
f 12838 12842 12843 12839
f 12839 12843 12840 12836
usemtl bridge_1_plank_1
f 12844 12845 12846 12847
f 12848 12851 12850 12849
f 12844 12848 12849 12845
f 12845 12849 12850 12846
f 12846 12850 12851 12847
f 12847 12851 12848 12844
usemtl bridge_1_plank_2
f 12852 12853 12854 12855
f 12856 12859 12858 12857
f 12852 12856 12857 12853
f 12853 12857 12858 12854
f 12854 12858 12859 12855
f 12855 12859 12856 12852
usemtl bridge_1_plank_0
f 12860 12861 12862 12863
f 12864 12867 12866 12865
f 12860 12864 12865 12861
f 12861 12865 12866 12862
f 12862 12866 12867 12863
f 12863 12867 12864 12860
usemtl bridge_1_plank_1
f 12868 12869 12870 12871
f 12872 12875 12874 12873
f 12868 12872 12873 12869
f 12869 12873 12874 12870
f 12870 12874 12875 12871
f 12871 12875 12872 12868
usemtl bridge_1_plank_2
f 12876 12877 12878 12879
f 12880 12883 12882 12881
f 12876 12880 12881 12877
f 12877 12881 12882 12878
f 12878 12882 12883 12879
f 12879 12883 12880 12876
usemtl bridge_1_plank_0
f 12884 12885 12886 12887
f 12888 12891 12890 12889
f 12884 12888 12889 12885
f 12885 12889 12890 12886
f 12886 12890 12891 12887
f 12887 12891 12888 12884
usemtl bridge_1_plank_1
f 12892 12893 12894 12895
f 12896 12899 12898 12897
f 12892 12896 12897 12893
f 12893 12897 12898 12894
f 12894 12898 12899 12895
f 12895 12899 12896 12892
usemtl bridge_1_plank_2
f 12900 12901 12902 12903
f 12904 12907 12906 12905
f 12900 12904 12905 12901
f 12901 12905 12906 12902
f 12902 12906 12907 12903
f 12903 12907 12904 12900
usemtl bridge_1_plank_0
f 12908 12909 12910 12911
f 12912 12915 12914 12913
f 12908 12912 12913 12909
f 12909 12913 12914 12910
f 12910 12914 12915 12911
f 12911 12915 12912 12908
usemtl bridge_1_plank_1
f 12916 12917 12918 12919
f 12920 12923 12922 12921
f 12916 12920 12921 12917
f 12917 12921 12922 12918
f 12918 12922 12923 12919
f 12919 12923 12920 12916
