mtllib scene_good_v3.mtl
o terrain
v -50.0000 -1.8000 -40.0000
v -50.0000 -1.8000 -38.0000
v -50.0000 -1.8000 -36.0000
v -50.0000 -1.8000 -34.0000
v -50.0000 -1.8000 -32.0000
v -50.0000 -1.8000 -30.0000
v -50.0000 -1.8000 -28.0000
v -50.0000 -1.8000 -26.0000
v -50.0000 -1.8000 -24.0000
v -50.0000 -1.8000 -22.0000
v -50.0000 -1.8000 -20.0000
v -50.0000 -1.8000 -18.0000
v -50.0000 -1.8000 -16.0000
v -50.0000 -1.8000 -14.0000
v -50.0000 -1.8000 -12.0000
v -50.0000 -1.8000 -10.0000
v -50.0000 -1.8000 -8.0000
v -50.0000 -1.8000 -6.0000
v -50.0000 -1.8000 -4.0000
v -50.0000 -1.8000 -2.0000
v -50.0000 -1.8000 0.0000
v -50.0000 -1.8000 2.0000
v -50.0000 -1.8000 4.0000
v -50.0000 -1.8000 6.0000
v -50.0000 -1.8000 8.0000
v -50.0000 -1.8000 10.0000
v -50.0000 -1.8000 12.0000
v -50.0000 -1.8000 14.0000
v -50.0000 -1.8000 16.0000
v -50.0000 -1.8000 18.0000
v -50.0000 -1.8000 20.0000
v -50.0000 -1.8000 22.0000
v -50.0000 -1.8000 24.0000
v -50.0000 -1.8000 26.0000
v -50.0000 -1.8000 28.0000
v -50.0000 -1.8000 30.0000
v -50.0000 -1.8000 32.0000
v -50.0000 -1.8000 34.0000
v -50.0000 -1.8000 36.0000
v -50.0000 -1.8000 38.0000
v -50.0000 -1.8000 40.0000
v -48.0000 -1.8000 -40.0000
v -48.0000 -1.8000 -38.0000
v -48.0000 -1.8000 -36.0000
v -48.0000 -1.8000 -34.0000
v -48.0000 -1.8000 -32.0000
v -48.0000 -1.8000 -30.0000
v -48.0000 -1.8000 -28.0000
v -48.0000 -1.8000 -26.0000
v -48.0000 -1.8000 -24.0000
v -48.0000 -1.8000 -22.0000
v -48.0000 -1.8000 -20.0000
v -48.0000 -1.8000 -18.0000
v -48.0000 -1.8000 -16.0000
v -48.0000 -1.8000 -14.0000
v -48.0000 -1.8000 -12.0000
v -48.0000 -1.8000 -10.0000
v -48.0000 -1.8000 -8.0000
v -48.0000 -1.8000 -6.0000
v -48.0000 -1.8000 -4.0000
v -48.0000 -1.8000 -2.0000
v -48.0000 -1.8000 0.0000
v -48.0000 -1.8000 2.0000
v -48.0000 -1.8000 4.0000
v -48.0000 -1.8000 6.0000
v -48.0000 -1.8000 8.0000
v -48.0000 -1.8000 10.0000
v -48.0000 -1.8000 12.0000
v -48.0000 -1.8000 14.0000
v -48.0000 -1.8000 16.0000
v -48.0000 -1.8000 18.0000
v -48.0000 -1.8000 20.0000
v -48.0000 -1.8000 22.0000
v -48.0000 -1.8000 24.0000
v -48.0000 -1.8000 26.0000
v -48.0000 -1.8000 28.0000
v -48.0000 -1.8000 30.0000
v -48.0000 -1.8000 32.0000
v -48.0000 -1.8000 34.0000
v -48.0000 -1.8000 36.0000
v -48.0000 -1.8000 38.0000
v -48.0000 -1.8000 40.0000
v -46.0000 -1.8000 -40.0000
v -46.0000 -1.8000 -38.0000
v -46.0000 -1.8000 -36.0000
v -46.0000 -1.8000 -34.0000
v -46.0000 -1.8000 -32.0000
v -46.0000 -1.8000 -30.0000
v -46.0000 -1.8000 -28.0000
v -46.0000 -1.8000 -26.0000
v -46.0000 -1.8000 -24.0000
v -46.0000 -1.8000 -22.0000
v -46.0000 -1.8000 -20.0000
v -46.0000 -1.8000 -18.0000
v -46.0000 -1.8000 -16.0000
v -46.0000 -1.8000 -14.0000
v -46.0000 -1.8000 -12.0000
v -46.0000 -1.8000 -10.0000
v -46.0000 -1.8000 -8.0000
v -46.0000 -1.8000 -6.0000
v -46.0000 -1.8000 -4.0000
v -46.0000 -1.8000 -2.0000
v -46.0000 -1.8000 0.0000
v -46.0000 -1.8000 2.0000
v -46.0000 -1.8000 4.0000
v -46.0000 -1.8000 6.0000
v -46.0000 -1.8000 8.0000
v -46.0000 -1.8000 10.0000
v -46.0000 -1.8000 12.0000
v -46.0000 -1.8000 14.0000
v -46.0000 -1.8000 16.0000
v -46.0000 -1.8000 18.0000
v -46.0000 -1.8000 20.0000
v -46.0000 -1.8000 22.0000
v -46.0000 -1.8000 24.0000
v -46.0000 -1.8000 26.0000
v -46.0000 -1.8000 28.0000
v -46.0000 -1.8000 30.0000
v -46.0000 -1.8000 32.0000
v -46.0000 -1.8000 34.0000
v -46.0000 -1.8000 36.0000
v -46.0000 -1.8000 38.0000
v -46.0000 -1.8000 40.0000
v -44.0000 -1.8000 -40.0000
v -44.0000 -1.8000 -38.0000
v -44.0000 -1.8000 -36.0000
v -44.0000 -1.8000 -34.0000
v -44.0000 -1.8000 -32.0000
v -44.0000 -1.8000 -30.0000
v -44.0000 -1.8000 -28.0000
v -44.0000 -1.8000 -26.0000
v -44.0000 -1.8000 -24.0000
v -44.0000 -1.8000 -22.0000
v -44.0000 -1.8000 -20.0000
v -44.0000 -1.8000 -18.0000
v -44.0000 -1.8000 -16.0000
v -44.0000 -1.8000 -14.0000
v -44.0000 -1.8000 -12.0000
v -44.0000 -1.8000 -10.0000
v -44.0000 -1.8000 -8.0000
v -44.0000 -1.8000 -6.0000
v -44.0000 -1.8000 -4.0000
v -44.0000 -1.8000 -2.0000
v -44.0000 -1.8000 0.0000
v -44.0000 -1.8000 2.0000
v -44.0000 -1.8000 4.0000
v -44.0000 -1.8000 6.0000
v -44.0000 -1.8000 8.0000
v -44.0000 -1.8000 10.0000
v -44.0000 -1.8000 12.0000
v -44.0000 -1.8000 14.0000
v -44.0000 -1.8000 16.0000
v -44.0000 -1.8000 18.0000
v -44.0000 -1.8000 20.0000
v -44.0000 -1.8000 22.0000
v -44.0000 -1.8000 24.0000
v -44.0000 -1.8000 26.0000
v -44.0000 -1.8000 28.0000
v -44.0000 -1.8000 30.0000
v -44.0000 -1.8000 32.0000
v -44.0000 -1.8000 34.0000
v -44.0000 -1.8000 36.0000
v -44.0000 -1.8000 38.0000
v -44.0000 -1.8000 40.0000
v -42.0000 -1.8000 -40.0000
v -42.0000 -1.8000 -38.0000
v -42.0000 -1.8000 -36.0000
v -42.0000 -1.8000 -34.0000
v -42.0000 -1.8000 -32.0000
v -42.0000 -1.8000 -30.0000
v -42.0000 -1.8000 -28.0000
v -42.0000 -1.8000 -26.0000
v -42.0000 -1.8000 -24.0000
v -42.0000 -1.8000 -22.0000
v -42.0000 -1.8000 -20.0000
v -42.0000 -1.8000 -18.0000
v -42.0000 -1.8000 -16.0000
v -42.0000 -1.8000 -14.0000
v -42.0000 -1.8000 -12.0000
v -42.0000 -1.8000 -10.0000
v -42.0000 -1.8000 -8.0000
v -42.0000 -1.8000 -6.0000
v -42.0000 -1.8000 -4.0000
v -42.0000 -1.8000 -2.0000
v -42.0000 -1.8000 0.0000
v -42.0000 -1.8000 2.0000
v -42.0000 -1.8000 4.0000
v -42.0000 -1.8000 6.0000
v -42.0000 -1.8000 8.0000
v -42.0000 -1.8000 10.0000
v -42.0000 -1.8000 12.0000
v -42.0000 -1.8000 14.0000
v -42.0000 -1.8000 16.0000
v -42.0000 -1.8000 18.0000
v -42.0000 -1.8000 20.0000
v -42.0000 -1.8000 22.0000
v -42.0000 -1.8000 24.0000
v -42.0000 -1.8000 26.0000
v -42.0000 -1.8000 28.0000
v -42.0000 -1.8000 30.0000
v -42.0000 -1.8000 32.0000
v -42.0000 -1.8000 34.0000
v -42.0000 -1.8000 36.0000
v -42.0000 -1.8000 38.0000
v -42.0000 -1.8000 40.0000
v -40.0000 -1.8000 -40.0000
v -40.0000 -1.8000 -38.0000
v -40.0000 -1.8000 -36.0000
v -40.0000 -1.8000 -34.0000
v -40.0000 -1.8000 -32.0000
v -40.0000 -1.8000 -30.0000
v -40.0000 -1.8000 -28.0000
v -40.0000 -1.8000 -26.0000
v -40.0000 -1.8000 -24.0000
v -40.0000 -1.8000 -22.0000
v -40.0000 -1.8000 -20.0000
v -40.0000 -1.8000 -18.0000
v -40.0000 -1.8000 -16.0000
v -40.0000 -1.8000 -14.0000
v -40.0000 -1.8000 -12.0000
v -40.0000 -1.8000 -10.0000
v -40.0000 -1.8000 -8.0000
v -40.0000 -1.8000 -6.0000
v -40.0000 -1.8000 -4.0000
v -40.0000 -1.8000 -2.0000
v -40.0000 -1.8000 0.0000
v -40.0000 -1.8000 2.0000
v -40.0000 -1.8000 4.0000
v -40.0000 -1.8000 6.0000
v -40.0000 -1.8000 8.0000
v -40.0000 -1.8000 10.0000
v -40.0000 -1.8000 12.0000
v -40.0000 -1.8000 14.0000
v -40.0000 -1.8000 16.0000
v -40.0000 -1.8000 18.0000
v -40.0000 -1.8000 20.0000
v -40.0000 -1.8000 22.0000
v -40.0000 -1.8000 24.0000
v -40.0000 -1.8000 26.0000
v -40.0000 -1.8000 28.0000
v -40.0000 -1.8000 30.0000
v -40.0000 -1.8000 32.0000
v -40.0000 -1.8000 34.0000
v -40.0000 -1.8000 36.0000
v -40.0000 -1.8000 38.0000
v -40.0000 -1.8000 40.0000
v -38.0000 -1.8000 -40.0000
v -38.0000 -1.8000 -38.0000
v -38.0000 -1.8000 -36.0000
v -38.0000 -1.8000 -34.0000
v -38.0000 -1.8000 -32.0000
v -38.0000 -1.8000 -30.0000
v -38.0000 -1.8000 -28.0000
v -38.0000 -1.8000 -26.0000
v -38.0000 -1.8000 -24.0000
v -38.0000 -1.8000 -22.0000
v -38.0000 -1.8000 -20.0000
v -38.0000 -1.8000 -18.0000
v -38.0000 -1.8000 -16.0000
v -38.0000 -1.8000 -14.0000
v -38.0000 -1.8000 -12.0000
v -38.0000 -1.8000 -10.0000
v -38.0000 -0.8000 -8.0000
v -38.0000 -0.8000 -6.0000
v -38.0000 -0.8000 -4.0000
v -38.0000 -0.8000 -2.0000
v -38.0000 -0.8000 0.0000
v -38.0000 -0.8000 2.0000
v -38.0000 -0.8000 4.0000
v -38.0000 -0.8000 6.0000
v -38.0000 -0.8000 8.0000
v -38.0000 -1.8000 10.0000
v -38.0000 -1.8000 12.0000
v -38.0000 -1.8000 14.0000
v -38.0000 -1.8000 16.0000
v -38.0000 -1.8000 18.0000
v -38.0000 -1.8000 20.0000
v -38.0000 -1.8000 22.0000
v -38.0000 -1.8000 24.0000
v -38.0000 -1.8000 26.0000
v -38.0000 -1.8000 28.0000
v -38.0000 -1.8000 30.0000
v -38.0000 -1.8000 32.0000
v -38.0000 -1.8000 34.0000
v -38.0000 -1.8000 36.0000
v -38.0000 -1.8000 38.0000
v -38.0000 -1.8000 40.0000
v -36.0000 -1.8000 -40.0000
v -36.0000 -1.8000 -38.0000
v -36.0000 -1.8000 -36.0000
v -36.0000 -1.8000 -34.0000
v -36.0000 -1.8000 -32.0000
v -36.0000 -1.8000 -30.0000
v -36.0000 -1.8000 -28.0000
v -36.0000 -1.8000 -26.0000
v -36.0000 -1.8000 -24.0000
v -36.0000 -1.8000 -22.0000
v -36.0000 -1.8000 -20.0000
v -36.0000 -1.8000 -18.0000
v -36.0000 -1.8000 -16.0000
v -36.0000 -1.8000 -14.0000
v -36.0000 -0.8000 -12.0000
v -36.0000 -0.8000 -10.0000
v -36.0000 0.5000 -8.0000
v -36.0000 0.5000 -6.0000
v -36.0000 0.5000 -4.0000
v -36.0000 0.5000 -2.0000
v -36.0000 0.5000 0.0000
v -36.0000 0.5000 2.0000
v -36.0000 0.5000 4.0000
v -36.0000 0.5000 6.0000
v -36.0000 0.5000 8.0000
v -36.0000 -0.8000 10.0000
v -36.0000 -0.8000 12.0000
v -36.0000 -1.8000 14.0000
v -36.0000 -1.8000 16.0000
v -36.0000 -1.8000 18.0000
v -36.0000 -1.8000 20.0000
v -36.0000 -1.8000 22.0000
v -36.0000 -1.8000 24.0000
v -36.0000 -1.8000 26.0000
v -36.0000 -1.8000 28.0000
v -36.0000 -1.8000 30.0000
v -36.0000 -1.8000 32.0000
v -36.0000 -1.8000 34.0000
v -36.0000 -1.8000 36.0000
v -36.0000 -1.8000 38.0000
v -36.0000 -1.8000 40.0000
v -34.0000 -1.8000 -40.0000
v -34.0000 -1.8000 -38.0000
v -34.0000 -1.8000 -36.0000
v -34.0000 -1.8000 -34.0000
v -34.0000 -1.8000 -32.0000
v -34.0000 -1.8000 -30.0000
v -34.0000 -1.8000 -28.0000
v -34.0000 -1.8000 -26.0000
v -34.0000 -1.8000 -24.0000
v -34.0000 -1.8000 -22.0000
v -34.0000 -1.8000 -20.0000
v -34.0000 -1.8000 -18.0000
v -34.0000 -1.8000 -16.0000
v -34.0000 -0.8000 -14.0000
v -34.0000 0.5000 -12.0000
v -34.0000 0.5000 -10.0000
v -34.0000 0.5000 -8.0000
v -34.0000 0.5000 -6.0000
v -34.0000 0.5000 -4.0000
v -34.0000 0.5000 -2.0000
v -34.0000 0.5000 0.0000
v -34.0000 0.5000 2.0000
v -34.0000 0.5000 4.0000
v -34.0000 0.5000 6.0000
v -34.0000 0.5000 8.0000
v -34.0000 0.5000 10.0000
v -34.0000 0.5000 12.0000
v -34.0000 -0.8000 14.0000
v -34.0000 -1.8000 16.0000
v -34.0000 -1.8000 18.0000
v -34.0000 -1.8000 20.0000
v -34.0000 -1.8000 22.0000
v -34.0000 -1.8000 24.0000
v -34.0000 -1.8000 26.0000
v -34.0000 -1.8000 28.0000
v -34.0000 -1.8000 30.0000
v -34.0000 -1.8000 32.0000
v -34.0000 -1.8000 34.0000
v -34.0000 -1.8000 36.0000
v -34.0000 -1.8000 38.0000
v -34.0000 -1.8000 40.0000
v -32.0000 -1.8000 -40.0000
v -32.0000 -1.8000 -38.0000
v -32.0000 -1.8000 -36.0000
v -32.0000 -1.8000 -34.0000
v -32.0000 -1.8000 -32.0000
v -32.0000 -1.8000 -30.0000
v -32.0000 -1.8000 -28.0000
v -32.0000 -1.8000 -26.0000
v -32.0000 -1.8000 -24.0000
v -32.0000 -1.8000 -22.0000
v -32.0000 -1.8000 -20.0000
v -32.0000 -1.8000 -18.0000
v -32.0000 -0.8000 -16.0000
v -32.0000 0.5000 -14.0000
v -32.0000 0.5000 -12.0000
v -32.0000 0.5000 -10.0000
v -32.0000 0.5000 -8.0000
v -32.0000 0.5000 -6.0000
v -32.0000 0.5000 -4.0000
v -32.0000 0.5000 -2.0000
v -32.0000 0.5000 0.0000
v -32.0000 0.5000 2.0000
v -32.0000 0.5000 4.0000
v -32.0000 0.5000 6.0000
v -32.0000 0.5000 8.0000
v -32.0000 0.5000 10.0000
v -32.0000 0.5000 12.0000
v -32.0000 0.5000 14.0000
v -32.0000 -0.8000 16.0000
v -32.0000 -1.8000 18.0000
v -32.0000 -1.8000 20.0000
v -32.0000 -1.8000 22.0000
v -32.0000 -1.8000 24.0000
v -32.0000 -1.8000 26.0000
v -32.0000 -1.8000 28.0000
v -32.0000 -1.8000 30.0000
v -32.0000 -1.8000 32.0000
v -32.0000 -1.8000 34.0000
v -32.0000 -1.8000 36.0000
v -32.0000 -1.8000 38.0000
v -32.0000 -1.8000 40.0000
v -30.0000 -1.8000 -40.0000
v -30.0000 -1.8000 -38.0000
v -30.0000 -1.8000 -36.0000
v -30.0000 -1.8000 -34.0000
v -30.0000 -1.8000 -32.0000
v -30.0000 -1.8000 -30.0000
v -30.0000 -1.8000 -28.0000
v -30.0000 -1.8000 -26.0000
v -30.0000 -1.8000 -24.0000
v -30.0000 -1.8000 -22.0000
v -30.0000 -1.8000 -20.0000
v -30.0000 -0.8000 -18.0000
v -30.0000 0.5000 -16.0000
v -30.0000 0.5000 -14.0000
v -30.0000 0.5000 -12.0000
v -30.0000 0.5000 -10.0000
v -30.0000 0.5000 -8.0000
v -30.0000 0.5000 -6.0000
v -30.0000 0.5000 -4.0000
v -30.0000 0.5000 -2.0000
v -30.0000 0.5000 0.0000
v -30.0000 0.5000 2.0000
v -30.0000 0.5000 4.0000
v -30.0000 0.5000 6.0000
v -30.0000 0.5000 8.0000
v -30.0000 0.5000 10.0000
v -30.0000 0.5000 12.0000
v -30.0000 0.5000 14.0000
v -30.0000 0.5000 16.0000
v -30.0000 -0.8000 18.0000
v -30.0000 -1.8000 20.0000
v -30.0000 -1.8000 22.0000
v -30.0000 -1.8000 24.0000
v -30.0000 -1.8000 26.0000
v -30.0000 -1.8000 28.0000
v -30.0000 -1.8000 30.0000
v -30.0000 -1.8000 32.0000
v -30.0000 -1.8000 34.0000
v -30.0000 -1.8000 36.0000
v -30.0000 -1.8000 38.0000
v -30.0000 -1.8000 40.0000
v -28.0000 -1.8000 -40.0000
v -28.0000 -1.8000 -38.0000
v -28.0000 -1.8000 -36.0000
v -28.0000 -1.8000 -34.0000
v -28.0000 -1.8000 -32.0000
v -28.0000 -1.8000 -30.0000
v -28.0000 -1.8000 -28.0000
v -28.0000 -1.8000 -26.0000
v -28.0000 -1.8000 -24.0000
v -28.0000 -1.8000 -22.0000
v -28.0000 -0.8000 -20.0000
v -28.0000 0.5000 -18.0000
v -28.0000 0.5000 -16.0000
v -28.0000 0.5000 -14.0000
v -28.0000 0.5000 -12.0000
v -28.0000 0.5000 -10.0000
v -28.0000 2.5000 -8.0000
v -28.0000 2.5000 -6.0000
v -28.0000 2.5000 -4.0000
v -28.0000 2.5000 -2.0000
v -28.0000 2.5000 0.0000
v -28.0000 2.5000 2.0000
v -28.0000 2.5000 4.0000
v -28.0000 2.5000 6.0000
v -28.0000 2.5000 8.0000
v -28.0000 0.5000 10.0000
v -28.0000 0.5000 12.0000
v -28.0000 0.5000 14.0000
v -28.0000 0.5000 16.0000
v -28.0000 0.5000 18.0000
v -28.0000 -0.8000 20.0000
v -28.0000 -1.8000 22.0000
v -28.0000 -1.8000 24.0000
v -28.0000 -1.8000 26.0000
v -28.0000 -1.8000 28.0000
v -28.0000 -1.8000 30.0000
v -28.0000 -1.8000 32.0000
v -28.0000 -1.8000 34.0000
v -28.0000 -1.8000 36.0000
v -28.0000 -1.8000 38.0000
v -28.0000 -1.8000 40.0000
v -26.0000 -1.8000 -40.0000
v -26.0000 -1.8000 -38.0000
v -26.0000 -1.8000 -36.0000
v -26.0000 -1.8000 -34.0000
v -26.0000 -1.8000 -32.0000
v -26.0000 -1.8000 -30.0000
v -26.0000 -1.8000 -28.0000
v -26.0000 -1.8000 -26.0000
v -26.0000 -1.8000 -24.0000
v -26.0000 -0.8000 -22.0000
v -26.0000 0.5000 -20.0000
v -26.0000 0.5000 -18.0000
v -26.0000 0.5000 -16.0000
v -26.0000 0.5000 -14.0000
v -26.0000 0.5000 -12.0000
v -26.0000 2.5000 -10.0000
v -26.0000 2.5000 -8.0000
v -26.0000 2.5000 -6.0000
v -26.0000 2.5000 -4.0000
v -26.0000 2.5000 -2.0000
v -26.0000 2.5000 0.0000
v -26.0000 2.5000 2.0000
v -26.0000 2.5000 4.0000
v -26.0000 2.5000 6.0000
v -26.0000 2.5000 8.0000
v -26.0000 2.5000 10.0000
v -26.0000 0.5000 12.0000
v -26.0000 0.5000 14.0000
v -26.0000 0.5000 16.0000
v -26.0000 0.5000 18.0000
v -26.0000 0.5000 20.0000
v -26.0000 -0.8000 22.0000
v -26.0000 -1.8000 24.0000
v -26.0000 -1.8000 26.0000
v -26.0000 -1.8000 28.0000
v -26.0000 -1.8000 30.0000
v -26.0000 -1.8000 32.0000
v -26.0000 -1.8000 34.0000
v -26.0000 -1.8000 36.0000
v -26.0000 -1.8000 38.0000
v -26.0000 -1.8000 40.0000
v -24.0000 -1.8000 -40.0000
v -24.0000 -1.8000 -38.0000
v -24.0000 -1.8000 -36.0000
v -24.0000 -1.8000 -34.0000
v -24.0000 -1.8000 -32.0000
v -24.0000 -1.8000 -30.0000
v -24.0000 -1.8000 -28.0000
v -24.0000 -1.8000 -26.0000
v -24.0000 -1.8000 -24.0000
v -24.0000 0.5000 -22.0000
v -24.0000 0.5000 -20.0000
v -24.0000 0.5000 -18.0000
v -24.0000 0.5000 -16.0000
v -24.0000 0.5000 -14.0000
v -24.0000 2.5000 -12.0000
v -24.0000 2.5000 -10.0000
v -24.0000 2.5000 -8.0000
v -24.0000 2.5000 -6.0000
v -24.0000 2.5000 -4.0000
v -24.0000 2.5000 -2.0000
v -24.0000 2.5000 0.0000
v -24.0000 2.5000 2.0000
v -24.0000 2.5000 4.0000
v -24.0000 2.5000 6.0000
v -24.0000 2.5000 8.0000
v -24.0000 2.5000 10.0000
v -24.0000 2.5000 12.0000
v -24.0000 0.5000 14.0000
v -24.0000 0.5000 16.0000
v -24.0000 0.5000 18.0000
v -24.0000 0.5000 20.0000
v -24.0000 0.5000 22.0000
v -24.0000 -1.8000 24.0000
v -24.0000 -1.8000 26.0000
v -24.0000 -1.8000 28.0000
v -24.0000 -1.8000 30.0000
v -24.0000 -1.8000 32.0000
v -24.0000 -1.8000 34.0000
v -24.0000 -1.8000 36.0000
v -24.0000 -1.8000 38.0000
v -24.0000 -1.8000 40.0000
v -22.0000 -1.8000 -40.0000
v -22.0000 -1.8000 -38.0000
v -22.0000 -1.8000 -36.0000
v -22.0000 -1.8000 -34.0000
v -22.0000 -1.8000 -32.0000
v -22.0000 -1.8000 -30.0000
v -22.0000 -1.8000 -28.0000
v -22.0000 -1.8000 -26.0000
v -22.0000 -0.8000 -24.0000
v -22.0000 0.5000 -22.0000
v -22.0000 0.5000 -20.0000
v -22.0000 0.5000 -18.0000
v -22.0000 0.5000 -16.0000
v -22.0000 2.5000 -14.0000
v -22.0000 2.5000 -12.0000
v -22.0000 2.5000 -10.0000
v -22.0000 2.5000 -8.0000
v -22.0000 2.5000 -6.0000
v -22.0000 2.5000 -4.0000
v -22.0000 2.5000 -2.0000
v -22.0000 2.5000 0.0000
v -22.0000 2.5000 2.0000
v -22.0000 2.5000 4.0000
v -22.0000 2.5000 6.0000
v -22.0000 2.5000 8.0000
v -22.0000 2.5000 10.0000
v -22.0000 2.5000 12.0000
v -22.0000 2.5000 14.0000
v -22.0000 0.5000 16.0000
v -22.0000 0.5000 18.0000
v -22.0000 0.5000 20.0000
v -22.0000 0.5000 22.0000
v -22.0000 -0.8000 24.0000
v -22.0000 -1.8000 26.0000
v -22.0000 -1.8000 28.0000
v -22.0000 -1.8000 30.0000
v -22.0000 -1.8000 32.0000
v -22.0000 -1.8000 34.0000
v -22.0000 -1.8000 36.0000
v -22.0000 -1.8000 38.0000
v -22.0000 -1.8000 40.0000
v -20.0000 -1.8000 -40.0000
v -20.0000 -1.8000 -38.0000
v -20.0000 -1.8000 -36.0000
v -20.0000 -1.8000 -34.0000
v -20.0000 -1.8000 -32.0000
v -20.0000 -1.8000 -30.0000
v -20.0000 -1.8000 -28.0000
v -20.0000 -1.8000 -26.0000
v -20.0000 0.5000 -24.0000
v -20.0000 0.5000 -22.0000
v -20.0000 0.5000 -20.0000
v -20.0000 0.5000 -18.0000
v -20.0000 2.5000 -16.0000
v -20.0000 2.5000 -14.0000
v -20.0000 2.5000 -12.0000
v -20.0000 2.5000 -10.0000
v -20.0000 2.5000 -8.0000
v -20.0000 5.5000 -6.0000
v -20.0000 5.5000 -4.0000
v -20.0000 5.5000 -2.0000
v -20.0000 5.5000 0.0000
v -20.0000 5.5000 2.0000
v -20.0000 5.5000 4.0000
v -20.0000 5.5000 6.0000
v -20.0000 2.5000 8.0000
v -20.0000 2.5000 10.0000
v -20.0000 2.5000 12.0000
v -20.0000 2.5000 14.0000
v -20.0000 2.5000 16.0000
v -20.0000 0.5000 18.0000
v -20.0000 0.5000 20.0000
v -20.0000 0.5000 22.0000
v -20.0000 0.5000 24.0000
v -20.0000 -1.8000 26.0000
v -20.0000 -1.8000 28.0000
v -20.0000 -1.8000 30.0000
v -20.0000 -1.8000 32.0000
v -20.0000 -1.8000 34.0000
v -20.0000 -1.8000 36.0000
v -20.0000 -1.8000 38.0000
v -20.0000 -1.8000 40.0000
v -18.0000 -1.8000 -40.0000
v -18.0000 -1.8000 -38.0000
v -18.0000 -1.8000 -36.0000
v -18.0000 -1.8000 -34.0000
v -18.0000 -1.8000 -32.0000
v -18.0000 -1.8000 -30.0000
v -18.0000 -1.8000 -28.0000
v -18.0000 -0.8000 -26.0000
v -18.0000 0.5000 -24.0000
v -18.0000 0.5000 -22.0000
v -18.0000 0.5000 -20.0000
v -18.0000 0.5000 -18.0000
v -18.0000 2.5000 -16.0000
v -18.0000 2.5000 -14.0000
v -18.0000 2.5000 -12.0000
v -18.0000 2.5000 -10.0000
v -18.0000 5.5000 -8.0000
v -18.0000 5.5000 -6.0000
v -18.0000 5.5000 -4.0000
v -18.0000 5.5000 -2.0000
v -18.0000 5.5000 0.0000
v -18.0000 5.5000 2.0000
v -18.0000 5.5000 4.0000
v -18.0000 5.5000 6.0000
v -18.0000 5.5000 8.0000
v -18.0000 2.5000 10.0000
v -18.0000 2.5000 12.0000
v -18.0000 2.5000 14.0000
v -18.0000 2.5000 16.0000
v -18.0000 0.5000 18.0000
v -18.0000 0.5000 20.0000
v -18.0000 0.5000 22.0000
v -18.0000 0.5000 24.0000
v -18.0000 -0.8000 26.0000
v -18.0000 -1.8000 28.0000
v -18.0000 -1.8000 30.0000
v -18.0000 -1.8000 32.0000
v -18.0000 -1.8000 34.0000
v -18.0000 -1.8000 36.0000
v -18.0000 -1.8000 38.0000
v -18.0000 -1.8000 40.0000
v -16.0000 -1.8000 -40.0000
v -16.0000 -1.8000 -38.0000
v -16.0000 -1.8000 -36.0000
v -16.0000 -1.8000 -34.0000
v -16.0000 -1.8000 -32.0000
v -16.0000 -1.8000 -30.0000
v -16.0000 -1.8000 -28.0000
v -16.0000 -0.8000 -26.0000
v -16.0000 0.3000 -24.0000
v -16.0000 0.5000 -22.0000
v -16.0000 0.5000 -20.0000
v -16.0000 2.5000 -18.0000
v -16.0000 2.5000 -16.0000
v -16.0000 2.5000 -14.0000
v -16.0000 2.5000 -12.0000
v -16.0000 5.5000 -10.0000
v -16.0000 5.5000 -8.0000
v -16.0000 5.5000 -6.0000
v -16.0000 5.5000 -4.0000
v -16.0000 5.5000 -2.0000
v -16.0000 5.5000 0.0000
v -16.0000 5.5000 2.0000
v -16.0000 5.5000 4.0000
v -16.0000 5.5000 6.0000
v -16.0000 5.5000 8.0000
v -16.0000 5.5000 10.0000
v -16.0000 2.5000 12.0000
v -16.0000 2.5000 14.0000
v -16.0000 2.5000 16.0000
v -16.0000 2.5000 18.0000
v -16.0000 0.5000 20.0000
v -16.0000 0.5000 22.0000
v -16.0000 0.5000 24.0000
v -16.0000 -0.8000 26.0000
v -16.0000 -1.8000 28.0000
v -16.0000 -1.8000 30.0000
v -16.0000 -1.8000 32.0000
v -16.0000 -1.8000 34.0000
v -16.0000 -1.8000 36.0000
v -16.0000 -1.8000 38.0000
v -16.0000 -1.8000 40.0000
v -14.0000 -1.8000 -40.0000
v -14.0000 -1.8000 -38.0000
v -14.0000 -1.8000 -36.0000
v -14.0000 -1.8000 -34.0000
v -14.0000 -1.8000 -32.0000
v -14.0000 -1.8000 -30.0000
v -14.0000 -0.8000 -28.0000
v -14.0000 0.3000 -26.0000
v -14.0000 0.3000 -24.0000
v -14.0000 0.3000 -22.0000
v -14.0000 0.3000 -20.0000
v -14.0000 2.5000 -18.0000
v -14.0000 2.5000 -16.0000
v -14.0000 2.5000 -14.0000
v -14.0000 5.5000 -12.0000
v -14.0000 5.5000 -10.0000
v -14.0000 5.5000 -8.0000
v -14.0000 5.5000 -6.0000
v -14.0000 5.5000 -4.0000
v -14.0000 5.5000 -2.0000
v -14.0000 5.5000 0.0000
v -14.0000 5.5000 2.0000
v -14.0000 5.5000 4.0000
v -14.0000 5.5000 6.0000
v -14.0000 5.5000 8.0000
v -14.0000 5.5000 10.0000
v -14.0000 5.5000 12.0000
v -14.0000 2.5000 14.0000
v -14.0000 2.5000 16.0000
v -14.0000 2.5000 18.0000
v -14.0000 0.5000 20.0000
v -14.0000 0.5000 22.0000
v -14.0000 0.5000 24.0000
v -14.0000 0.5000 26.0000
v -14.0000 -0.8000 28.0000
v -14.0000 -1.8000 30.0000
v -14.0000 -1.8000 32.0000
v -14.0000 -1.8000 34.0000
v -14.0000 -1.8000 36.0000
v -14.0000 -1.8000 38.0000
v -14.0000 -1.8000 40.0000
v -12.0000 -1.8000 -40.0000
v -12.0000 -1.8000 -38.0000
v -12.0000 -1.8000 -36.0000
v -12.0000 -1.8000 -34.0000
v -12.0000 -1.8000 -32.0000
v -12.0000 -1.8000 -30.0000
v -12.0000 -0.8000 -28.0000
v -12.0000 0.3000 -26.0000
v -12.0000 0.3000 -24.0000
v -12.0000 0.3000 -22.0000
v -12.0000 0.3000 -20.0000
v -12.0000 0.3000 -18.0000
v -12.0000 2.5000 -16.0000
v -12.0000 2.5000 -14.0000
v -12.0000 5.5000 -12.0000
v -12.0000 5.5000 -10.0000
v -12.0000 5.5000 -8.0000
v -12.0000 5.5000 -6.0000
v -12.0000 9.0000 -4.0000
v -12.0000 9.0000 -2.0000
v -12.0000 9.0000 0.0000
v -12.0000 9.0000 2.0000
v -12.0000 9.0000 4.0000
v -12.0000 5.5000 6.0000
v -12.0000 5.5000 8.0000
v -12.0000 5.5000 10.0000
v -12.0000 5.5000 12.0000
v -12.0000 2.5000 14.0000
v -12.0000 2.5000 16.0000
v -12.0000 2.5000 18.0000
v -12.0000 2.5000 20.0000
v -12.0000 0.5000 22.0000
v -12.0000 0.5000 24.0000
v -12.0000 0.5000 26.0000
v -12.0000 -0.8000 28.0000
v -12.0000 -1.8000 30.0000
v -12.0000 -1.8000 32.0000
v -12.0000 -1.8000 34.0000
v -12.0000 -1.8000 36.0000
v -12.0000 -1.8000 38.0000
v -12.0000 -1.8000 40.0000
v -10.0000 -1.8000 -40.0000
v -10.0000 -1.8000 -38.0000
v -10.0000 -1.8000 -36.0000
v -10.0000 -1.8000 -34.0000
v -10.0000 -1.8000 -32.0000
v -10.0000 -1.8000 -30.0000
v -10.0000 -0.8000 -28.0000
v -10.0000 0.3000 -26.0000
v -10.0000 0.3000 -24.0000
v -10.0000 0.3000 -22.0000
v -10.0000 0.3000 -20.0000
v -10.0000 0.3000 -18.0000
v -10.0000 0.3000 -16.0000
v -10.0000 5.5000 -14.0000
v -10.0000 5.5000 -12.0000
v -10.0000 5.5000 -10.0000
v -10.0000 5.5000 -8.0000
v -10.0000 9.0000 -6.0000
v -10.0000 9.0000 -4.0000
v -10.0000 9.0000 -2.0000
v -10.0000 9.0000 0.0000
v -10.0000 9.0000 2.0000
v -10.0000 9.0000 4.0000
v -10.0000 9.0000 6.0000
v -10.0000 5.5000 8.0000
v -10.0000 5.5000 10.0000
v -10.0000 5.5000 12.0000
v -10.0000 5.5000 14.0000
v -10.0000 2.5000 16.0000
v -10.0000 2.5000 18.0000
v -10.0000 2.5000 20.0000
v -10.0000 0.5000 22.0000
v -10.0000 0.5000 24.0000
v -10.0000 0.5000 26.0000
v -10.0000 -0.8000 28.0000
v -10.0000 -1.8000 30.0000
v -10.0000 -1.8000 32.0000
v -10.0000 -1.8000 34.0000
v -10.0000 -1.8000 36.0000
v -10.0000 -1.8000 38.0000
v -10.0000 -1.8000 40.0000
v -8.0000 -1.8000 -40.0000
v -8.0000 -1.8000 -38.0000
v -8.0000 -1.8000 -36.0000
v -8.0000 -1.8000 -34.0000
v -8.0000 -1.8000 -32.0000
v -8.0000 -1.8000 -30.0000
v -8.0000 -0.8000 -28.0000
v -8.0000 0.3000 -26.0000
v -8.0000 0.3000 -24.0000
v -8.0000 0.3000 -22.0000
v -8.0000 0.3000 -20.0000
v -8.0000 0.3000 -18.0000
v -8.0000 0.3000 -16.0000
v -8.0000 5.5000 -14.0000
v -8.0000 5.5000 -12.0000
v -8.0000 5.5000 -10.0000
v -8.0000 9.0000 -8.0000
v -8.0000 9.0000 -6.0000
v -8.0000 9.0000 -4.0000
v -8.0000 9.0000 -2.0000
v -8.0000 9.0000 0.0000
v -8.0000 9.0000 2.0000
v -8.0000 9.0000 4.0000
v -8.0000 9.0000 6.0000
v -8.0000 9.0000 8.0000
v -8.0000 5.5000 10.0000
v -8.0000 5.5000 12.0000
v -8.0000 5.5000 14.0000
v -8.0000 2.5000 16.0000
v -8.0000 2.5000 18.0000
v -8.0000 2.5000 20.0000
v -8.0000 0.5000 22.0000
v -8.0000 0.5000 24.0000
v -8.0000 0.5000 26.0000
v -8.0000 -0.8000 28.0000
v -8.0000 -1.8000 30.0000
v -8.0000 -1.8000 32.0000
v -8.0000 -1.8000 34.0000
v -8.0000 -1.8000 36.0000
v -8.0000 -1.8000 38.0000
v -8.0000 -1.8000 40.0000
v -6.0000 -1.8000 -40.0000
v -6.0000 -1.8000 -38.0000
v -6.0000 -1.8000 -36.0000
v -6.0000 -1.8000 -34.0000
v -6.0000 -1.8000 -32.0000
v -6.0000 -1.8000 -30.0000
v -6.0000 0.3000 -28.0000
v -6.0000 0.3000 -26.0000
v -6.0000 0.3000 -24.0000
v -6.0000 0.3000 -22.0000
v -6.0000 0.3000 -20.0000
v -6.0000 0.3000 -18.0000
v -6.0000 0.3000 -16.0000
v -6.0000 5.5000 -14.0000
v -6.0000 5.5000 -12.0000
v -6.0000 5.5000 -10.0000
v -6.0000 9.0000 -8.0000
v -6.0000 9.0000 -6.0000
v -6.0000 9.0000 -4.0000
v -6.0000 9.0000 -2.0000
v -6.0000 9.0000 0.0000
v -6.0000 9.0000 2.0000
v -6.0000 9.0000 4.0000
v -6.0000 9.0000 6.0000
v -6.0000 9.0000 8.0000
v -6.0000 5.5000 10.0000
v -6.0000 5.5000 12.0000
v -6.0000 5.5000 14.0000
v -6.0000 2.5000 16.0000
v -6.0000 2.5000 18.0000
v -6.0000 2.5000 20.0000
v -6.0000 2.5000 22.0000
v -6.0000 0.5000 24.0000
v -6.0000 0.5000 26.0000
v -6.0000 0.5000 28.0000
v -6.0000 -1.8000 30.0000
v -6.0000 -1.8000 32.0000
v -6.0000 -1.8000 34.0000
v -6.0000 -1.8000 36.0000
v -6.0000 -1.8000 38.0000
v -6.0000 -1.8000 40.0000
v -4.0000 -1.8000 -40.0000
v -4.0000 -1.8000 -38.0000
v -4.0000 -1.8000 -36.0000
v -4.0000 -1.8000 -34.0000
v -4.0000 -1.8000 -32.0000
v -4.0000 -1.8000 -30.0000
v -4.0000 0.3000 -28.0000
v -4.0000 0.3000 -26.0000
v -4.0000 0.3000 -24.0000
v -4.0000 0.3000 -22.0000
v -4.0000 0.3000 -20.0000
v -4.0000 0.3000 -18.0000
v -4.0000 5.5000 -16.0000
v -4.0000 5.5000 -14.0000
v -4.0000 5.5000 -12.0000
v -4.0000 9.0000 -10.0000
v -4.0000 9.0000 -8.0000
v -4.0000 9.0000 -6.0000
v -4.0000 9.0000 -4.0000
v -4.0000 9.0000 -2.0000
v -4.0000 9.0000 0.0000
v -4.0000 9.0000 2.0000
v -4.0000 9.0000 4.0000
v -4.0000 9.0000 6.0000
v -4.0000 9.0000 8.0000
v -4.0000 9.0000 10.0000
v -4.0000 5.5000 12.0000
v -4.0000 5.5000 14.0000
v -4.0000 5.5000 16.0000
v -4.0000 2.5000 18.0000
v -4.0000 2.5000 20.0000
v -4.0000 2.5000 22.0000
v -4.0000 0.5000 24.0000
v -4.0000 0.5000 26.0000
v -4.0000 0.5000 28.0000
v -4.0000 -1.8000 30.0000
v -4.0000 -1.8000 32.0000
v -4.0000 -1.8000 34.0000
v -4.0000 -1.8000 36.0000
v -4.0000 -1.8000 38.0000
v -4.0000 -1.8000 40.0000
v -2.0000 -1.8000 -40.0000
v -2.0000 -1.8000 -38.0000
v -2.0000 -1.8000 -36.0000
v -2.0000 -1.8000 -34.0000
v -2.0000 -1.8000 -32.0000
v -2.0000 -1.8000 -30.0000
v -2.0000 0.3000 -28.0000
v -2.0000 0.3000 -26.0000
v -2.0000 0.3000 -24.0000
v -2.0000 0.3000 -22.0000
v -2.0000 0.3000 -20.0000
v -2.0000 0.3000 -18.0000
v -2.0000 5.5000 -16.0000
v -2.0000 5.5000 -14.0000
v -2.0000 5.5000 -12.0000
v -2.0000 9.0000 -10.0000
v -2.0000 9.0000 -8.0000
v -2.0000 9.0000 -6.0000
v -2.0000 9.0000 -4.0000
v -2.0000 9.0000 -2.0000
v -2.0000 9.0000 0.0000
v -2.0000 9.0000 2.0000
v -2.0000 9.0000 4.0000
v -2.0000 9.0000 6.0000
v -2.0000 9.0000 8.0000
v -2.0000 9.0000 10.0000
v -2.0000 5.5000 12.0000
v -2.0000 5.5000 14.0000
v -2.0000 5.5000 16.0000
v -2.0000 2.5000 18.0000
v -2.0000 2.5000 20.0000
v -2.0000 2.5000 22.0000
v -2.0000 0.5000 24.0000
v -2.0000 0.5000 26.0000
v -2.0000 0.5000 28.0000
v -2.0000 -1.8000 30.0000
v -2.0000 -1.8000 32.0000
v -2.0000 -1.8000 34.0000
v -2.0000 -1.8000 36.0000
v -2.0000 -1.8000 38.0000
v -2.0000 -1.8000 40.0000
v 0.0000 -1.8000 -40.0000
v 0.0000 -1.8000 -38.0000
v 0.0000 -1.8000 -36.0000
v 0.0000 -1.8000 -34.0000
v 0.0000 -1.8000 -32.0000
v 0.0000 -1.8000 -30.0000
v 0.0000 0.3000 -28.0000
v 0.0000 0.3000 -26.0000
v 0.0000 0.3000 -24.0000
v 0.0000 0.3000 -22.0000
v 0.0000 0.3000 -20.0000
v 0.0000 0.3000 -18.0000
v 0.0000 5.5000 -16.0000
v 0.0000 5.5000 -14.0000
v 0.0000 5.5000 -12.0000
v 0.0000 9.0000 -10.0000
v 0.0000 9.0000 -8.0000
v 0.0000 9.0000 -6.0000
v 0.0000 9.0000 -4.0000
v 0.0000 9.0000 -2.0000
v 0.0000 9.0000 0.0000
v 0.0000 9.0000 2.0000
v 0.0000 9.0000 4.0000
v 0.0000 9.0000 6.0000
v 0.0000 9.0000 8.0000
v 0.0000 9.0000 10.0000
v 0.0000 5.5000 12.0000
v 0.0000 5.5000 14.0000
v 0.0000 5.5000 16.0000
v 0.0000 2.5000 18.0000
v 0.0000 2.5000 20.0000
v 0.0000 2.5000 22.0000
v 0.0000 0.5000 24.0000
v 0.0000 0.5000 26.0000
v 0.0000 0.5000 28.0000
v 0.0000 -1.8000 30.0000
v 0.0000 -1.8000 32.0000
v 0.0000 -1.8000 34.0000
v 0.0000 -1.8000 36.0000
v 0.0000 -1.8000 38.0000
v 0.0000 -1.8000 40.0000
v 2.0000 -1.8000 -40.0000
v 2.0000 -1.8000 -38.0000
v 2.0000 -1.8000 -36.0000
v 2.0000 -1.8000 -34.0000
v 2.0000 -1.8000 -32.0000
v 2.0000 -1.8000 -30.0000
v 2.0000 0.3000 -28.0000
v 2.0000 0.3000 -26.0000
v 2.0000 0.3000 -24.0000
v 2.0000 0.3000 -22.0000
v 2.0000 0.3000 -20.0000
v 2.0000 0.3000 -18.0000
v 2.0000 5.5000 -16.0000
v 2.0000 5.5000 -14.0000
v 2.0000 5.5000 -12.0000
v 2.0000 9.0000 -10.0000
v 2.0000 9.0000 -8.0000
v 2.0000 9.0000 -6.0000
v 2.0000 9.0000 -4.0000
v 2.0000 9.0000 -2.0000
v 2.0000 9.0000 0.0000
v 2.0000 9.0000 2.0000
v 2.0000 9.0000 4.0000
v 2.0000 9.0000 6.0000
v 2.0000 9.0000 8.0000
v 2.0000 9.0000 10.0000
v 2.0000 5.5000 12.0000
v 2.0000 5.5000 14.0000
v 2.0000 5.5000 16.0000
v 2.0000 2.5000 18.0000
v 2.0000 2.5000 20.0000
v 2.0000 2.5000 22.0000
v 2.0000 0.5000 24.0000
v 2.0000 0.5000 26.0000
v 2.0000 0.5000 28.0000
v 2.0000 -1.8000 30.0000
v 2.0000 -1.8000 32.0000
v 2.0000 -1.8000 34.0000
v 2.0000 -1.8000 36.0000
v 2.0000 -1.8000 38.0000
v 2.0000 -1.8000 40.0000
v 4.0000 -1.8000 -40.0000
v 4.0000 -1.8000 -38.0000
v 4.0000 -1.8000 -36.0000
v 4.0000 -1.8000 -34.0000
v 4.0000 -1.8000 -32.0000
v 4.0000 -1.8000 -30.0000
v 4.0000 0.3000 -28.0000
v 4.0000 0.3000 -26.0000
v 4.0000 0.3000 -24.0000
v 4.0000 0.3000 -22.0000
v 4.0000 0.3000 -20.0000
v 4.0000 0.3000 -18.0000
v 4.0000 5.5000 -16.0000
v 4.0000 5.5000 -14.0000
v 4.0000 5.5000 -12.0000
v 4.0000 9.0000 -10.0000
v 4.0000 9.0000 -8.0000
v 4.0000 9.0000 -6.0000
v 4.0000 9.0000 -4.0000
v 4.0000 9.0000 -2.0000
v 4.0000 9.0000 0.0000
v 4.0000 9.0000 2.0000
v 4.0000 9.0000 4.0000
v 4.0000 9.0000 6.0000
v 4.0000 9.0000 8.0000
v 4.0000 9.0000 10.0000
v 4.0000 5.5000 12.0000
v 4.0000 5.5000 14.0000
v 4.0000 5.5000 16.0000
v 4.0000 2.5000 18.0000
v 4.0000 2.5000 20.0000
v 4.0000 2.5000 22.0000
v 4.0000 0.5000 24.0000
v 4.0000 0.5000 26.0000
v 4.0000 0.5000 28.0000
v 4.0000 -1.8000 30.0000
v 4.0000 -1.8000 32.0000
v 4.0000 -1.8000 34.0000
v 4.0000 -1.8000 36.0000
v 4.0000 -1.8000 38.0000
v 4.0000 -1.8000 40.0000
v 6.0000 -1.8000 -40.0000
v 6.0000 -1.8000 -38.0000
v 6.0000 -1.8000 -36.0000
v 6.0000 -1.8000 -34.0000
v 6.0000 -1.8000 -32.0000
v 6.0000 -1.8000 -30.0000
v 6.0000 0.3000 -28.0000
v 6.0000 0.3000 -26.0000
v 6.0000 0.3000 -24.0000
v 6.0000 0.3000 -22.0000
v 6.0000 0.3000 -20.0000
v 6.0000 0.3000 -18.0000
v 6.0000 0.3000 -16.0000
v 6.0000 5.5000 -14.0000
v 6.0000 5.5000 -12.0000
v 6.0000 5.5000 -10.0000
v 6.0000 9.0000 -8.0000
v 6.0000 9.0000 -6.0000
v 6.0000 9.0000 -4.0000
v 6.0000 9.0000 -2.0000
v 6.0000 9.0000 0.0000
v 6.0000 9.0000 2.0000
v 6.0000 9.0000 4.0000
v 6.0000 9.0000 6.0000
v 6.0000 9.0000 8.0000
v 6.0000 5.5000 10.0000
v 6.0000 5.5000 12.0000
v 6.0000 5.5000 14.0000
v 6.0000 2.5000 16.0000
v 6.0000 2.5000 18.0000
v 6.0000 2.5000 20.0000
v 6.0000 2.5000 22.0000
v 6.0000 0.5000 24.0000
v 6.0000 0.5000 26.0000
v 6.0000 0.5000 28.0000
v 6.0000 -1.8000 30.0000
v 6.0000 -1.8000 32.0000
v 6.0000 -1.8000 34.0000
v 6.0000 -1.8000 36.0000
v 6.0000 -1.8000 38.0000
v 6.0000 -1.8000 40.0000
v 8.0000 -1.8000 -40.0000
v 8.0000 -1.8000 -38.0000
v 8.0000 -1.8000 -36.0000
v 8.0000 -1.8000 -34.0000
v 8.0000 -1.8000 -32.0000
v 8.0000 -1.8000 -30.0000
v 8.0000 -0.8000 -28.0000
v 8.0000 0.3000 -26.0000
v 8.0000 0.3000 -24.0000
v 8.0000 0.3000 -22.0000
v 8.0000 0.3000 -20.0000
v 8.0000 0.3000 -18.0000
v 8.0000 0.3000 -16.0000
v 8.0000 5.5000 -14.0000
v 8.0000 5.5000 -12.0000
v 8.0000 5.5000 -10.0000
v 8.0000 9.0000 -8.0000
v 8.0000 9.0000 -6.0000
v 8.0000 9.0000 -4.0000
v 8.0000 9.0000 -2.0000
v 8.0000 9.0000 0.0000
v 8.0000 9.0000 2.0000
v 8.0000 9.0000 4.0000
v 8.0000 9.0000 6.0000
v 8.0000 9.0000 8.0000
v 8.0000 5.5000 10.0000
v 8.0000 5.5000 12.0000
v 8.0000 5.5000 14.0000
v 8.0000 2.5000 16.0000
v 8.0000 2.5000 18.0000
v 8.0000 2.5000 20.0000
v 8.0000 0.5000 22.0000
v 8.0000 0.5000 24.0000
v 8.0000 0.5000 26.0000
v 8.0000 -0.8000 28.0000
v 8.0000 -1.8000 30.0000
v 8.0000 -1.8000 32.0000
v 8.0000 -1.8000 34.0000
v 8.0000 -1.8000 36.0000
v 8.0000 -1.8000 38.0000
v 8.0000 -1.8000 40.0000
v 10.0000 -1.8000 -40.0000
v 10.0000 -1.8000 -38.0000
v 10.0000 -1.8000 -36.0000
v 10.0000 -1.8000 -34.0000
v 10.0000 -1.8000 -32.0000
v 10.0000 -1.8000 -30.0000
v 10.0000 -0.8000 -28.0000
v 10.0000 0.3000 -26.0000
v 10.0000 0.3000 -24.0000
v 10.0000 0.3000 -22.0000
v 10.0000 0.3000 -20.0000
v 10.0000 0.3000 -18.0000
v 10.0000 0.3000 -16.0000
v 10.0000 5.5000 -14.0000
v 10.0000 5.5000 -12.0000
v 10.0000 5.5000 -10.0000
v 10.0000 5.5000 -8.0000
v 10.0000 9.0000 -6.0000
v 10.0000 9.0000 -4.0000
v 10.0000 9.0000 -2.0000
v 10.0000 9.0000 0.0000
v 10.0000 9.0000 2.0000
v 10.0000 9.0000 4.0000
v 10.0000 9.0000 6.0000
v 10.0000 5.5000 8.0000
v 10.0000 5.5000 10.0000
v 10.0000 5.5000 12.0000
v 10.0000 5.5000 14.0000
v 10.0000 2.5000 16.0000
v 10.0000 2.5000 18.0000
v 10.0000 2.5000 20.0000
v 10.0000 0.5000 22.0000
v 10.0000 0.5000 24.0000
v 10.0000 0.5000 26.0000
v 10.0000 -0.8000 28.0000
v 10.0000 -1.8000 30.0000
v 10.0000 -1.8000 32.0000
v 10.0000 -1.8000 34.0000
v 10.0000 -1.8000 36.0000
v 10.0000 -1.8000 38.0000
v 10.0000 -1.8000 40.0000
v 12.0000 -1.8000 -40.0000
v 12.0000 -1.8000 -38.0000
v 12.0000 -1.8000 -36.0000
v 12.0000 -1.8000 -34.0000
v 12.0000 -1.8000 -32.0000
v 12.0000 -1.8000 -30.0000
v 12.0000 -0.8000 -28.0000
v 12.0000 0.3000 -26.0000
v 12.0000 0.3000 -24.0000
v 12.0000 0.3000 -22.0000
v 12.0000 0.3000 -20.0000
v 12.0000 0.3000 -18.0000
v 12.0000 2.5000 -16.0000
v 12.0000 2.5000 -14.0000
v 12.0000 5.5000 -12.0000
v 12.0000 5.5000 -10.0000
v 12.0000 5.5000 -8.0000
v 12.0000 5.5000 -6.0000
v 12.0000 9.0000 -4.0000
v 12.0000 9.0000 -2.0000
v 12.0000 9.0000 0.0000
v 12.0000 9.0000 2.0000
v 12.0000 9.0000 4.0000
v 12.0000 5.5000 6.0000
v 12.0000 5.5000 8.0000
v 12.0000 5.5000 10.0000
v 12.0000 5.5000 12.0000
v 12.0000 2.5000 14.0000
v 12.0000 2.5000 16.0000
v 12.0000 2.5000 18.0000
v 12.0000 2.5000 20.0000
v 12.0000 0.5000 22.0000
v 12.0000 0.5000 24.0000
v 12.0000 0.5000 26.0000
v 12.0000 -0.8000 28.0000
v 12.0000 -1.8000 30.0000
v 12.0000 -1.8000 32.0000
v 12.0000 -1.8000 34.0000
v 12.0000 -1.8000 36.0000
v 12.0000 -1.8000 38.0000
v 12.0000 -1.8000 40.0000
v 14.0000 -1.8000 -40.0000
v 14.0000 -1.8000 -38.0000
v 14.0000 -1.8000 -36.0000
v 14.0000 -1.8000 -34.0000
v 14.0000 -1.8000 -32.0000
v 14.0000 -1.8000 -30.0000
v 14.0000 -0.8000 -28.0000
v 14.0000 0.3000 -26.0000
v 14.0000 0.3000 -24.0000
v 14.0000 0.3000 -22.0000
v 14.0000 0.3000 -20.0000
v 14.0000 2.5000 -18.0000
v 14.0000 2.5000 -16.0000
v 14.0000 2.5000 -14.0000
v 14.0000 5.5000 -12.0000
v 14.0000 5.5000 -10.0000
v 14.0000 5.5000 -8.0000
v 14.0000 5.5000 -6.0000
v 14.0000 5.5000 -4.0000
v 14.0000 5.5000 -2.0000
v 14.0000 5.5000 0.0000
v 14.0000 5.5000 2.0000
v 14.0000 5.5000 4.0000
v 14.0000 5.5000 6.0000
v 14.0000 5.5000 8.0000
v 14.0000 5.5000 10.0000
v 14.0000 5.5000 12.0000
v 14.0000 2.5000 14.0000
v 14.0000 2.5000 16.0000
v 14.0000 2.5000 18.0000
v 14.0000 0.5000 20.0000
v 14.0000 0.5000 22.0000
v 14.0000 0.5000 24.0000
v 14.0000 0.5000 26.0000
v 14.0000 -0.8000 28.0000
v 14.0000 -1.8000 30.0000
v 14.0000 -1.8000 32.0000
v 14.0000 -1.8000 34.0000
v 14.0000 -1.8000 36.0000
v 14.0000 -1.8000 38.0000
v 14.0000 -1.8000 40.0000
v 16.0000 -1.8000 -40.0000
v 16.0000 -1.8000 -38.0000
v 16.0000 -1.8000 -36.0000
v 16.0000 -1.8000 -34.0000
v 16.0000 -1.8000 -32.0000
v 16.0000 -1.8000 -30.0000
v 16.0000 -1.8000 -28.0000
v 16.0000 -0.8000 -26.0000
v 16.0000 0.3000 -24.0000
v 16.0000 0.5000 -22.0000
v 16.0000 0.5000 -20.0000
v 16.0000 2.5000 -18.0000
v 16.0000 2.5000 -16.0000
v 16.0000 2.5000 -14.0000
v 16.0000 2.5000 -12.0000
v 16.0000 5.5000 -10.0000
v 16.0000 5.5000 -8.0000
v 16.0000 5.5000 -6.0000
v 16.0000 5.5000 -4.0000
v 16.0000 5.5000 -2.0000
v 16.0000 5.5000 0.0000
v 16.0000 5.5000 2.0000
v 16.0000 5.5000 4.0000
v 16.0000 5.5000 6.0000
v 16.0000 5.5000 8.0000
v 16.0000 5.5000 10.0000
v 16.0000 2.5000 12.0000
v 16.0000 2.5000 14.0000
v 16.0000 2.5000 16.0000
v 16.0000 2.5000 18.0000
v 16.0000 0.5000 20.0000
v 16.0000 0.5000 22.0000
v 16.0000 0.5000 24.0000
v 16.0000 -0.8000 26.0000
v 16.0000 -1.8000 28.0000
v 16.0000 -1.8000 30.0000
v 16.0000 -1.8000 32.0000
v 16.0000 -1.8000 34.0000
v 16.0000 -1.8000 36.0000
v 16.0000 -1.8000 38.0000
v 16.0000 -1.8000 40.0000
v 18.0000 -1.8000 -40.0000
v 18.0000 -1.8000 -38.0000
v 18.0000 -1.8000 -36.0000
v 18.0000 -1.8000 -34.0000
v 18.0000 -1.8000 -32.0000
v 18.0000 -1.8000 -30.0000
v 18.0000 -1.8000 -28.0000
v 18.0000 -0.8000 -26.0000
v 18.0000 0.5000 -24.0000
v 18.0000 0.5000 -22.0000
v 18.0000 0.5000 -20.0000
v 18.0000 0.5000 -18.0000
v 18.0000 2.5000 -16.0000
v 18.0000 2.5000 -14.0000
v 18.0000 2.5000 -12.0000
v 18.0000 2.5000 -10.0000
v 18.0000 5.5000 -8.0000
v 18.0000 5.5000 -6.0000
v 18.0000 5.5000 -4.0000
v 18.0000 5.5000 -2.0000
v 18.0000 5.5000 0.0000
v 18.0000 5.5000 2.0000
v 18.0000 5.5000 4.0000
v 18.0000 5.5000 6.0000
v 18.0000 5.5000 8.0000
v 18.0000 2.5000 10.0000
v 18.0000 2.5000 12.0000
v 18.0000 2.5000 14.0000
v 18.0000 2.5000 16.0000
v 18.0000 0.5000 18.0000
v 18.0000 0.5000 20.0000
v 18.0000 0.5000 22.0000
v 18.0000 0.5000 24.0000
v 18.0000 -0.8000 26.0000
v 18.0000 -1.8000 28.0000
v 18.0000 -1.8000 30.0000
v 18.0000 -1.8000 32.0000
v 18.0000 -1.8000 34.0000
v 18.0000 -1.8000 36.0000
v 18.0000 -1.8000 38.0000
v 18.0000 -1.8000 40.0000
v 20.0000 -1.8000 -40.0000
v 20.0000 -1.8000 -38.0000
v 20.0000 -1.8000 -36.0000
v 20.0000 -1.8000 -34.0000
v 20.0000 -1.8000 -32.0000
v 20.0000 -1.8000 -30.0000
v 20.0000 -1.8000 -28.0000
v 20.0000 -1.8000 -26.0000
v 20.0000 0.5000 -24.0000
v 20.0000 0.5000 -22.0000
v 20.0000 0.5000 -20.0000
v 20.0000 0.5000 -18.0000
v 20.0000 2.5000 -16.0000
v 20.0000 2.5000 -14.0000
v 20.0000 2.5000 -12.0000
v 20.0000 2.5000 -10.0000
v 20.0000 2.5000 -8.0000
v 20.0000 5.5000 -6.0000
v 20.0000 5.5000 -4.0000
v 20.0000 5.5000 -2.0000
v 20.0000 5.5000 0.0000
v 20.0000 5.5000 2.0000
v 20.0000 5.5000 4.0000
v 20.0000 5.5000 6.0000
v 20.0000 2.5000 8.0000
v 20.0000 2.5000 10.0000
v 20.0000 2.5000 12.0000
v 20.0000 2.5000 14.0000
v 20.0000 2.5000 16.0000
v 20.0000 0.5000 18.0000
v 20.0000 0.5000 20.0000
v 20.0000 0.5000 22.0000
v 20.0000 0.5000 24.0000
v 20.0000 -1.8000 26.0000
v 20.0000 -1.8000 28.0000
v 20.0000 -1.8000 30.0000
v 20.0000 -1.8000 32.0000
v 20.0000 -1.8000 34.0000
v 20.0000 -1.8000 36.0000
v 20.0000 -1.8000 38.0000
v 20.0000 -1.8000 40.0000
v 22.0000 -1.8000 -40.0000
v 22.0000 -1.8000 -38.0000
v 22.0000 -1.8000 -36.0000
v 22.0000 -1.8000 -34.0000
v 22.0000 -1.8000 -32.0000
v 22.0000 -1.8000 -30.0000
v 22.0000 -1.8000 -28.0000
v 22.0000 -1.8000 -26.0000
v 22.0000 -0.8000 -24.0000
v 22.0000 0.5000 -22.0000
v 22.0000 0.5000 -20.0000
v 22.0000 0.5000 -18.0000
v 22.0000 0.5000 -16.0000
v 22.0000 2.5000 -14.0000
v 22.0000 2.5000 -12.0000
v 22.0000 2.5000 -10.0000
v 22.0000 2.5000 -8.0000
v 22.0000 2.5000 -6.0000
v 22.0000 2.5000 -4.0000
v 22.0000 2.5000 -2.0000
v 22.0000 2.5000 0.0000
v 22.0000 2.5000 2.0000
v 22.0000 2.5000 4.0000
v 22.0000 2.5000 6.0000
v 22.0000 2.5000 8.0000
v 22.0000 2.5000 10.0000
v 22.0000 2.5000 12.0000
v 22.0000 2.5000 14.0000
v 22.0000 0.5000 16.0000
v 22.0000 0.5000 18.0000
v 22.0000 0.5000 20.0000
v 22.0000 0.5000 22.0000
v 22.0000 -0.8000 24.0000
v 22.0000 -1.8000 26.0000
v 22.0000 -1.8000 28.0000
v 22.0000 -1.8000 30.0000
v 22.0000 -1.8000 32.0000
v 22.0000 -1.8000 34.0000
v 22.0000 -1.8000 36.0000
v 22.0000 -1.8000 38.0000
v 22.0000 -1.8000 40.0000
v 24.0000 -1.8000 -40.0000
v 24.0000 -1.8000 -38.0000
v 24.0000 -1.8000 -36.0000
v 24.0000 -1.8000 -34.0000
v 24.0000 -1.8000 -32.0000
v 24.0000 -1.8000 -30.0000
v 24.0000 -1.8000 -28.0000
v 24.0000 -1.8000 -26.0000
v 24.0000 -1.8000 -24.0000
v 24.0000 0.5000 -22.0000
v 24.0000 0.5000 -20.0000
v 24.0000 0.5000 -18.0000
v 24.0000 0.5000 -16.0000
v 24.0000 0.5000 -14.0000
v 24.0000 2.5000 -12.0000
v 24.0000 2.5000 -10.0000
v 24.0000 2.5000 -8.0000
v 24.0000 2.5000 -6.0000
v 24.0000 2.5000 -4.0000
v 24.0000 2.5000 -2.0000
v 24.0000 2.5000 0.0000
v 24.0000 2.5000 2.0000
v 24.0000 2.5000 4.0000
v 24.0000 2.5000 6.0000
v 24.0000 2.5000 8.0000
v 24.0000 2.5000 10.0000
v 24.0000 2.5000 12.0000
v 24.0000 0.5000 14.0000
v 24.0000 0.5000 16.0000
v 24.0000 0.5000 18.0000
v 24.0000 0.5000 20.0000
v 24.0000 0.5000 22.0000
v 24.0000 -1.8000 24.0000
v 24.0000 -1.8000 26.0000
v 24.0000 -1.8000 28.0000
v 24.0000 -1.8000 30.0000
v 24.0000 -1.8000 32.0000
v 24.0000 -1.8000 34.0000
v 24.0000 -1.8000 36.0000
v 24.0000 -1.8000 38.0000
v 24.0000 -1.8000 40.0000
v 26.0000 -1.8000 -40.0000
v 26.0000 -1.8000 -38.0000
v 26.0000 -1.8000 -36.0000
v 26.0000 -1.8000 -34.0000
v 26.0000 -1.8000 -32.0000
v 26.0000 -1.8000 -30.0000
v 26.0000 -1.8000 -28.0000
v 26.0000 -1.8000 -26.0000
v 26.0000 -1.8000 -24.0000
v 26.0000 -0.8000 -22.0000
v 26.0000 0.5000 -20.0000
v 26.0000 0.5000 -18.0000
v 26.0000 0.5000 -16.0000
v 26.0000 0.5000 -14.0000
v 26.0000 0.5000 -12.0000
v 26.0000 2.5000 -10.0000
v 26.0000 2.5000 -8.0000
v 26.0000 2.6667 -6.0000
v 26.0000 2.5000 -4.0000
v 26.0000 2.5000 -2.0000
v 26.0000 2.5000 0.0000
v 26.0000 2.5000 2.0000
v 26.0000 2.5000 4.0000
v 26.0000 2.5000 6.0000
v 26.0000 2.5000 8.0000
v 26.0000 2.5000 10.0000
v 26.0000 0.5000 12.0000
v 26.0000 0.5000 14.0000
v 26.0000 0.5000 16.0000
v 26.0000 0.5000 18.0000
v 26.0000 0.5000 20.0000
v 26.0000 -0.8000 22.0000
v 26.0000 -1.8000 24.0000
v 26.0000 -1.8000 26.0000
v 26.0000 -1.8000 28.0000
v 26.0000 -1.8000 30.0000
v 26.0000 -1.8000 32.0000
v 26.0000 -1.8000 34.0000
v 26.0000 -1.8000 36.0000
v 26.0000 -1.8000 38.0000
v 26.0000 -1.8000 40.0000
v 28.0000 -1.8000 -40.0000
v 28.0000 -1.8000 -38.0000
v 28.0000 -1.8000 -36.0000
v 28.0000 -1.8000 -34.0000
v 28.0000 -1.8000 -32.0000
v 28.0000 -1.8000 -30.0000
v 28.0000 -1.8000 -28.0000
v 28.0000 -1.8000 -26.0000
v 28.0000 -1.8000 -24.0000
v 28.0000 -1.8000 -22.0000
v 28.0000 -0.8000 -20.0000
v 28.0000 0.5000 -18.0000
v 28.0000 0.5000 -16.0000
v 28.0000 0.5000 -14.0000
v 28.0000 0.5000 -12.0000
v 28.0000 2.1552 -10.0000
v 28.0000 3.9359 -8.0000
v 28.0000 4.8333 -6.0000
v 28.0000 3.9359 -4.0000
v 28.0000 2.5000 -2.0000
v 28.0000 2.5000 0.0000
v 28.0000 2.5000 2.0000
v 28.0000 2.5000 4.0000
v 28.0000 2.5000 6.0000
v 28.0000 2.5000 8.0000
v 28.0000 0.5000 10.0000
v 28.0000 0.5000 12.0000
v 28.0000 0.5000 14.0000
v 28.0000 0.5000 16.0000
v 28.0000 0.5000 18.0000
v 28.0000 -0.8000 20.0000
v 28.0000 -1.8000 22.0000
v 28.0000 -1.8000 24.0000
v 28.0000 -1.8000 26.0000
v 28.0000 -1.8000 28.0000
v 28.0000 -1.8000 30.0000
v 28.0000 -1.8000 32.0000
v 28.0000 -1.8000 34.0000
v 28.0000 -1.8000 36.0000
v 28.0000 -1.8000 38.0000
v 28.0000 -1.8000 40.0000
v 30.0000 -1.8000 -40.0000
v 30.0000 -1.8000 -38.0000
v 30.0000 -1.8000 -36.0000
v 30.0000 -1.8000 -34.0000
v 30.0000 -1.8000 -32.0000
v 30.0000 -1.8000 -30.0000
v 30.0000 -1.8000 -28.0000
v 30.0000 -1.8000 -26.0000
v 30.0000 -1.8000 -24.0000
v 30.0000 -1.8000 -22.0000
v 30.0000 -1.8000 -20.0000
v 30.0000 -0.8000 -18.0000
v 30.0000 0.5000 -16.0000
v 30.0000 0.5000 -14.0000
v 30.0000 0.5000 -12.0000
v 30.0000 2.6667 -10.0000
v 30.0000 4.8333 -8.0000
v 30.0000 7.0000 -6.0000
v 30.0000 4.8333 -4.0000
v 30.0000 2.6667 -2.0000
v 30.0000 0.5000 0.0000
v 30.0000 0.5000 2.0000
v 30.0000 0.5000 4.0000
v 30.0000 0.5000 6.0000
v 30.0000 0.5000 8.0000
v 30.0000 0.5000 10.0000
v 30.0000 0.5000 12.0000
v 30.0000 0.5000 14.0000
v 30.0000 0.5000 16.0000
v 30.0000 -0.8000 18.0000
v 30.0000 -1.8000 20.0000
v 30.0000 -1.8000 22.0000
v 30.0000 -1.8000 24.0000
v 30.0000 -1.8000 26.0000
v 30.0000 -1.8000 28.0000
v 30.0000 -1.8000 30.0000
v 30.0000 -1.8000 32.0000
v 30.0000 -1.8000 34.0000
v 30.0000 -1.8000 36.0000
v 30.0000 -1.8000 38.0000
v 30.0000 -1.8000 40.0000
v 32.0000 -1.8000 -40.0000
v 32.0000 -1.8000 -38.0000
v 32.0000 -1.8000 -36.0000
v 32.0000 -1.8000 -34.0000
v 32.0000 -1.8000 -32.0000
v 32.0000 -1.8000 -30.0000
v 32.0000 -1.8000 -28.0000
v 32.0000 -1.8000 -26.0000
v 32.0000 -1.8000 -24.0000
v 32.0000 -1.8000 -22.0000
v 32.0000 -1.8000 -20.0000
v 32.0000 -1.8000 -18.0000
v 32.0000 -0.8000 -16.0000
v 32.0000 0.5000 -14.0000
v 32.0000 0.5000 -12.0000
v 32.0000 2.1552 -10.0000
v 32.0000 3.9359 -8.0000
v 32.0000 4.8333 -6.0000
v 32.0000 3.9359 -4.0000
v 32.0000 2.1552 -2.0000
v 32.0000 0.5000 0.0000
v 32.0000 0.5000 2.0000
v 32.0000 0.5000 4.0000
v 32.0000 0.5000 6.0000
v 32.0000 0.5000 8.0000
v 32.0000 0.5000 10.0000
v 32.0000 0.5000 12.0000
v 32.0000 0.5000 14.0000
v 32.0000 -0.8000 16.0000
v 32.0000 -1.8000 18.0000
v 32.0000 -1.8000 20.0000
v 32.0000 -1.8000 22.0000
v 32.0000 -1.8000 24.0000
v 32.0000 -1.8000 26.0000
v 32.0000 -1.8000 28.0000
v 32.0000 -1.8000 30.0000
v 32.0000 -1.8000 32.0000
v 32.0000 -1.8000 34.0000
v 32.0000 -1.8000 36.0000
v 32.0000 -1.8000 38.0000
v 32.0000 -1.8000 40.0000
v 34.0000 -1.8000 -40.0000
v 34.0000 -1.8000 -38.0000
v 34.0000 -1.8000 -36.0000
v 34.0000 -1.8000 -34.0000
v 34.0000 -1.8000 -32.0000
v 34.0000 -1.8000 -30.0000
v 34.0000 -1.8000 -28.0000
v 34.0000 -1.8000 -26.0000
v 34.0000 -1.8000 -24.0000
v 34.0000 -1.8000 -22.0000
v 34.0000 -1.8000 -20.0000
v 34.0000 -1.8000 -18.0000
v 34.0000 -1.8000 -16.0000
v 34.0000 -0.8000 -14.0000
v 34.0000 0.5000 -12.0000
v 34.0000 0.8717 -10.0000
v 34.0000 2.1552 -8.0000
v 34.0000 2.6667 -6.0000
v 34.0000 2.1552 -4.0000
v 34.0000 0.8717 -2.0000
v 34.0000 0.5000 0.0000
v 34.0000 0.5000 2.0000
v 34.0000 0.5000 4.0000
v 34.0000 0.5000 6.0000
v 34.0000 0.5000 8.0000
v 34.0000 0.5000 10.0000
v 34.0000 0.5000 12.0000
v 34.0000 -0.8000 14.0000
v 34.0000 -1.8000 16.0000
v 34.0000 -1.8000 18.0000
v 34.0000 -1.8000 20.0000
v 34.0000 -1.8000 22.0000
v 34.0000 -1.8000 24.0000
v 34.0000 -1.8000 26.0000
v 34.0000 -1.8000 28.0000
v 34.0000 -1.8000 30.0000
v 34.0000 -1.8000 32.0000
v 34.0000 -1.8000 34.0000
v 34.0000 -1.8000 36.0000
v 34.0000 -1.8000 38.0000
v 34.0000 -1.8000 40.0000
v 36.0000 -1.8000 -40.0000
v 36.0000 -1.8000 -38.0000
v 36.0000 -1.8000 -36.0000
v 36.0000 -1.8000 -34.0000
v 36.0000 -1.8000 -32.0000
v 36.0000 -1.8000 -30.0000
v 36.0000 -1.8000 -28.0000
v 36.0000 -1.8000 -26.0000
v 36.0000 -1.8000 -24.0000
v 36.0000 -1.8000 -22.0000
v 36.0000 -1.8000 -20.0000
v 36.0000 -1.8000 -18.0000
v 36.0000 -1.8000 -16.0000
v 36.0000 -1.8000 -14.0000
v 36.0000 -0.8000 -12.0000
v 36.0000 -0.8000 -10.0000
v 36.0000 0.5000 -8.0000
v 36.0000 0.5000 -6.0000
v 36.0000 0.5000 -4.0000
v 36.0000 0.5000 -2.0000
v 36.0000 0.5000 0.0000
v 36.0000 0.5000 2.0000
v 36.0000 0.5000 4.0000
v 36.0000 0.5000 6.0000
v 36.0000 0.5000 8.0000
v 36.0000 -0.8000 10.0000
v 36.0000 -0.8000 12.0000
v 36.0000 -1.8000 14.0000
v 36.0000 -1.8000 16.0000
v 36.0000 -1.8000 18.0000
v 36.0000 -1.8000 20.0000
v 36.0000 -1.8000 22.0000
v 36.0000 -1.8000 24.0000
v 36.0000 -1.8000 26.0000
v 36.0000 -1.8000 28.0000
v 36.0000 -1.8000 30.0000
v 36.0000 -1.8000 32.0000
v 36.0000 -1.8000 34.0000
v 36.0000 -1.8000 36.0000
v 36.0000 -1.8000 38.0000
v 36.0000 -1.8000 40.0000
v 38.0000 -1.8000 -40.0000
v 38.0000 -1.8000 -38.0000
v 38.0000 -1.8000 -36.0000
v 38.0000 -1.8000 -34.0000
v 38.0000 -1.8000 -32.0000
v 38.0000 -1.8000 -30.0000
v 38.0000 -1.8000 -28.0000
v 38.0000 -1.8000 -26.0000
v 38.0000 -1.8000 -24.0000
v 38.0000 -1.8000 -22.0000
v 38.0000 -1.8000 -20.0000
v 38.0000 -1.8000 -18.0000
v 38.0000 -1.8000 -16.0000
v 38.0000 -1.8000 -14.0000
v 38.0000 -1.8000 -12.0000
v 38.0000 -1.8000 -10.0000
v 38.0000 -0.8000 -8.0000
v 38.0000 -0.8000 -6.0000
v 38.0000 -0.8000 -4.0000
v 38.0000 -0.8000 -2.0000
v 38.0000 -0.8000 0.0000
v 38.0000 -0.8000 2.0000
v 38.0000 -0.8000 4.0000
v 38.0000 -0.8000 6.0000
v 38.0000 -0.8000 8.0000
v 38.0000 -1.8000 10.0000
v 38.0000 -1.8000 12.0000
v 38.0000 -1.8000 14.0000
v 38.0000 -1.8000 16.0000
v 38.0000 -1.8000 18.0000
v 38.0000 -1.8000 20.0000
v 38.0000 -1.8000 22.0000
v 38.0000 -1.8000 24.0000
v 38.0000 -1.8000 26.0000
v 38.0000 -1.8000 28.0000
v 38.0000 -1.8000 30.0000
v 38.0000 -1.8000 32.0000
v 38.0000 -1.8000 34.0000
v 38.0000 -1.8000 36.0000
v 38.0000 -1.8000 38.0000
v 38.0000 -1.8000 40.0000
v 40.0000 -1.8000 -40.0000
v 40.0000 -1.8000 -38.0000
v 40.0000 -1.8000 -36.0000
v 40.0000 -1.8000 -34.0000
v 40.0000 -1.8000 -32.0000
v 40.0000 -1.8000 -30.0000
v 40.0000 -1.8000 -28.0000
v 40.0000 -1.8000 -26.0000
v 40.0000 -1.8000 -24.0000
v 40.0000 -1.8000 -22.0000
v 40.0000 -1.8000 -20.0000
v 40.0000 -1.8000 -18.0000
v 40.0000 -1.8000 -16.0000
v 40.0000 -1.8000 -14.0000
v 40.0000 -1.8000 -12.0000
v 40.0000 -1.8000 -10.0000
v 40.0000 -1.8000 -8.0000
v 40.0000 -1.8000 -6.0000
v 40.0000 -1.8000 -4.0000
v 40.0000 -1.8000 -2.0000
v 40.0000 -1.8000 0.0000
v 40.0000 -1.8000 2.0000
v 40.0000 -1.8000 4.0000
v 40.0000 -1.8000 6.0000
v 40.0000 -1.8000 8.0000
v 40.0000 -1.8000 10.0000
v 40.0000 -1.8000 12.0000
v 40.0000 -1.8000 14.0000
v 40.0000 -1.8000 16.0000
v 40.0000 -1.8000 18.0000
v 40.0000 -1.8000 20.0000
v 40.0000 -1.8000 22.0000
v 40.0000 -1.8000 24.0000
v 40.0000 -1.8000 26.0000
v 40.0000 -1.8000 28.0000
v 40.0000 -1.8000 30.0000
v 40.0000 -1.8000 32.0000
v 40.0000 -1.8000 34.0000
v 40.0000 -1.8000 36.0000
v 40.0000 -1.8000 38.0000
v 40.0000 -1.8000 40.0000
v 42.0000 -1.8000 -40.0000
v 42.0000 -1.8000 -38.0000
v 42.0000 -1.8000 -36.0000
v 42.0000 -1.8000 -34.0000
v 42.0000 -1.8000 -32.0000
v 42.0000 -1.8000 -30.0000
v 42.0000 -1.8000 -28.0000
v 42.0000 -1.8000 -26.0000
v 42.0000 -1.8000 -24.0000
v 42.0000 -1.8000 -22.0000
v 42.0000 -1.8000 -20.0000
v 42.0000 -1.8000 -18.0000
v 42.0000 -1.8000 -16.0000
v 42.0000 -1.8000 -14.0000
v 42.0000 -1.8000 -12.0000
v 42.0000 -1.8000 -10.0000
v 42.0000 -1.8000 -8.0000
v 42.0000 -1.8000 -6.0000
v 42.0000 -1.8000 -4.0000
v 42.0000 -1.8000 -2.0000
v 42.0000 -1.8000 0.0000
v 42.0000 -1.8000 2.0000
v 42.0000 -1.8000 4.0000
v 42.0000 -1.8000 6.0000
v 42.0000 -1.8000 8.0000
v 42.0000 -1.8000 10.0000
v 42.0000 -1.8000 12.0000
v 42.0000 -1.8000 14.0000
v 42.0000 -1.8000 16.0000
v 42.0000 -1.8000 18.0000
v 42.0000 -1.8000 20.0000
v 42.0000 -1.8000 22.0000
v 42.0000 -1.8000 24.0000
v 42.0000 -1.8000 26.0000
v 42.0000 -1.8000 28.0000
v 42.0000 -1.8000 30.0000
v 42.0000 -1.8000 32.0000
v 42.0000 -1.8000 34.0000
v 42.0000 -1.8000 36.0000
v 42.0000 -1.8000 38.0000
v 42.0000 -1.8000 40.0000
v 44.0000 -1.8000 -40.0000
v 44.0000 -1.8000 -38.0000
v 44.0000 -1.8000 -36.0000
v 44.0000 -1.8000 -34.0000
v 44.0000 -1.8000 -32.0000
v 44.0000 -1.8000 -30.0000
v 44.0000 -1.8000 -28.0000
v 44.0000 -1.8000 -26.0000
v 44.0000 -1.8000 -24.0000
v 44.0000 -1.8000 -22.0000
v 44.0000 -1.8000 -20.0000
v 44.0000 -1.8000 -18.0000
v 44.0000 -1.8000 -16.0000
v 44.0000 -1.8000 -14.0000
v 44.0000 -1.8000 -12.0000
v 44.0000 -1.8000 -10.0000
v 44.0000 -1.8000 -8.0000
v 44.0000 -1.8000 -6.0000
v 44.0000 -1.8000 -4.0000
v 44.0000 -1.8000 -2.0000
v 44.0000 -1.8000 0.0000
v 44.0000 -1.8000 2.0000
v 44.0000 -1.8000 4.0000
v 44.0000 -1.8000 6.0000
v 44.0000 -1.8000 8.0000
v 44.0000 -1.8000 10.0000
v 44.0000 -1.8000 12.0000
v 44.0000 -1.8000 14.0000
v 44.0000 -1.8000 16.0000
v 44.0000 -1.8000 18.0000
v 44.0000 -1.8000 20.0000
v 44.0000 -1.8000 22.0000
v 44.0000 -1.8000 24.0000
v 44.0000 -1.8000 26.0000
v 44.0000 -1.8000 28.0000
v 44.0000 -1.8000 30.0000
v 44.0000 -1.8000 32.0000
v 44.0000 -1.8000 34.0000
v 44.0000 -1.8000 36.0000
v 44.0000 -1.8000 38.0000
v 44.0000 -1.8000 40.0000
v 46.0000 -1.8000 -40.0000
v 46.0000 -1.8000 -38.0000
v 46.0000 -1.8000 -36.0000
v 46.0000 -1.8000 -34.0000
v 46.0000 -1.8000 -32.0000
v 46.0000 -1.8000 -30.0000
v 46.0000 -1.8000 -28.0000
v 46.0000 -1.8000 -26.0000
v 46.0000 -1.8000 -24.0000
v 46.0000 -1.8000 -22.0000
v 46.0000 -1.8000 -20.0000
v 46.0000 -1.8000 -18.0000
v 46.0000 -1.8000 -16.0000
v 46.0000 -1.8000 -14.0000
v 46.0000 -1.8000 -12.0000
v 46.0000 -1.8000 -10.0000
v 46.0000 -1.8000 -8.0000
v 46.0000 -1.8000 -6.0000
v 46.0000 -1.8000 -4.0000
v 46.0000 -1.8000 -2.0000
v 46.0000 -1.8000 0.0000
v 46.0000 -1.8000 2.0000
v 46.0000 -1.8000 4.0000
v 46.0000 -1.8000 6.0000
v 46.0000 -1.8000 8.0000
v 46.0000 -1.8000 10.0000
v 46.0000 -1.8000 12.0000
v 46.0000 -1.8000 14.0000
v 46.0000 -1.8000 16.0000
v 46.0000 -1.8000 18.0000
v 46.0000 -1.8000 20.0000
v 46.0000 -1.8000 22.0000
v 46.0000 -1.8000 24.0000
v 46.0000 -1.8000 26.0000
v 46.0000 -1.8000 28.0000
v 46.0000 -1.8000 30.0000
v 46.0000 -1.8000 32.0000
v 46.0000 -1.8000 34.0000
v 46.0000 -1.8000 36.0000
v 46.0000 -1.8000 38.0000
v 46.0000 -1.8000 40.0000
v 48.0000 -1.8000 -40.0000
v 48.0000 -1.8000 -38.0000
v 48.0000 -1.8000 -36.0000
v 48.0000 -1.8000 -34.0000
v 48.0000 -1.8000 -32.0000
v 48.0000 -1.8000 -30.0000
v 48.0000 -1.8000 -28.0000
v 48.0000 -1.8000 -26.0000
v 48.0000 -1.8000 -24.0000
v 48.0000 -1.8000 -22.0000
v 48.0000 -1.8000 -20.0000
v 48.0000 -1.8000 -18.0000
v 48.0000 -1.8000 -16.0000
v 48.0000 -1.8000 -14.0000
v 48.0000 -1.8000 -12.0000
v 48.0000 -1.8000 -10.0000
v 48.0000 -1.8000 -8.0000
v 48.0000 -1.8000 -6.0000
v 48.0000 -1.8000 -4.0000
v 48.0000 -1.8000 -2.0000
v 48.0000 -1.8000 0.0000
v 48.0000 -1.8000 2.0000
v 48.0000 -1.8000 4.0000
v 48.0000 -1.8000 6.0000
v 48.0000 -1.8000 8.0000
v 48.0000 -1.8000 10.0000
v 48.0000 -1.8000 12.0000
v 48.0000 -1.8000 14.0000
v 48.0000 -1.8000 16.0000
v 48.0000 -1.8000 18.0000
v 48.0000 -1.8000 20.0000
v 48.0000 -1.8000 22.0000
v 48.0000 -1.8000 24.0000
v 48.0000 -1.8000 26.0000
v 48.0000 -1.8000 28.0000
v 48.0000 -1.8000 30.0000
v 48.0000 -1.8000 32.0000
v 48.0000 -1.8000 34.0000
v 48.0000 -1.8000 36.0000
v 48.0000 -1.8000 38.0000
v 48.0000 -1.8000 40.0000
v 50.0000 -1.8000 -40.0000
v 50.0000 -1.8000 -38.0000
v 50.0000 -1.8000 -36.0000
v 50.0000 -1.8000 -34.0000
v 50.0000 -1.8000 -32.0000
v 50.0000 -1.8000 -30.0000
v 50.0000 -1.8000 -28.0000
v 50.0000 -1.8000 -26.0000
v 50.0000 -1.8000 -24.0000
v 50.0000 -1.8000 -22.0000
v 50.0000 -1.8000 -20.0000
v 50.0000 -1.8000 -18.0000
v 50.0000 -1.8000 -16.0000
v 50.0000 -1.8000 -14.0000
v 50.0000 -1.8000 -12.0000
v 50.0000 -1.8000 -10.0000
v 50.0000 -1.8000 -8.0000
v 50.0000 -1.8000 -6.0000
v 50.0000 -1.8000 -4.0000
v 50.0000 -1.8000 -2.0000
v 50.0000 -1.8000 0.0000
v 50.0000 -1.8000 2.0000
v 50.0000 -1.8000 4.0000
v 50.0000 -1.8000 6.0000
v 50.0000 -1.8000 8.0000
v 50.0000 -1.8000 10.0000
v 50.0000 -1.8000 12.0000
v 50.0000 -1.8000 14.0000
v 50.0000 -1.8000 16.0000
v 50.0000 -1.8000 18.0000
v 50.0000 -1.8000 20.0000
v 50.0000 -1.8000 22.0000
v 50.0000 -1.8000 24.0000
v 50.0000 -1.8000 26.0000
v 50.0000 -1.8000 28.0000
v 50.0000 -1.8000 30.0000
v 50.0000 -1.8000 32.0000
v 50.0000 -1.8000 34.0000
v 50.0000 -1.8000 36.0000
v 50.0000 -1.8000 38.0000
v 50.0000 -1.8000 40.0000
usemtl terrain_seabed
f 1 42 43 2
f 2 43 44 3
f 3 44 45 4
f 4 45 46 5
f 5 46 47 6
f 6 47 48 7
f 7 48 49 8
f 8 49 50 9
f 9 50 51 10
f 10 51 52 11
f 11 52 53 12
f 12 53 54 13
f 13 54 55 14
f 14 55 56 15
f 15 56 57 16
f 16 57 58 17
f 17 58 59 18
f 18 59 60 19
f 19 60 61 20
f 20 61 62 21
f 21 62 63 22
f 22 63 64 23
f 23 64 65 24
f 24 65 66 25
f 25 66 67 26
f 26 67 68 27
f 27 68 69 28
f 28 69 70 29
f 29 70 71 30
f 30 71 72 31
f 31 72 73 32
f 32 73 74 33
f 33 74 75 34
f 34 75 76 35
f 35 76 77 36
f 36 77 78 37
f 37 78 79 38
f 38 79 80 39
f 39 80 81 40
f 40 81 82 41
f 42 83 84 43
f 43 84 85 44
f 44 85 86 45
f 45 86 87 46
f 46 87 88 47
f 47 88 89 48
f 48 89 90 49
f 49 90 91 50
f 50 91 92 51
f 51 92 93 52
f 52 93 94 53
f 53 94 95 54
f 54 95 96 55
f 55 96 97 56
f 56 97 98 57
f 57 98 99 58
f 58 99 100 59
f 59 100 101 60
f 60 101 102 61
f 61 102 103 62
f 62 103 104 63
f 63 104 105 64
f 64 105 106 65
f 65 106 107 66
f 66 107 108 67
f 67 108 109 68
f 68 109 110 69
f 69 110 111 70
f 70 111 112 71
f 71 112 113 72
f 72 113 114 73
f 73 114 115 74
f 74 115 116 75
f 75 116 117 76
f 76 117 118 77
f 77 118 119 78
f 78 119 120 79
f 79 120 121 80
f 80 121 122 81
f 81 122 123 82
f 83 124 125 84
f 84 125 126 85
f 85 126 127 86
f 86 127 128 87
f 87 128 129 88
f 88 129 130 89
f 89 130 131 90
f 90 131 132 91
f 91 132 133 92
f 92 133 134 93
f 93 134 135 94
f 94 135 136 95
f 95 136 137 96
f 96 137 138 97
f 97 138 139 98
f 98 139 140 99
f 99 140 141 100
f 100 141 142 101
f 101 142 143 102
f 102 143 144 103
f 103 144 145 104
f 104 145 146 105
f 105 146 147 106
f 106 147 148 107
f 107 148 149 108
f 108 149 150 109
f 109 150 151 110
f 110 151 152 111
f 111 152 153 112
f 112 153 154 113
f 113 154 155 114
f 114 155 156 115
f 115 156 157 116
f 116 157 158 117
f 117 158 159 118
f 118 159 160 119
f 119 160 161 120
f 120 161 162 121
f 121 162 163 122
f 122 163 164 123
f 124 165 166 125
f 125 166 167 126
f 126 167 168 127
f 127 168 169 128
f 128 169 170 129
f 129 170 171 130
f 130 171 172 131
f 131 172 173 132
f 132 173 174 133
f 133 174 175 134
f 134 175 176 135
f 135 176 177 136
f 136 177 178 137
f 137 178 179 138
f 138 179 180 139
f 139 180 181 140
f 140 181 182 141
f 141 182 183 142
f 142 183 184 143
f 143 184 185 144
f 144 185 186 145
f 145 186 187 146
f 146 187 188 147
f 147 188 189 148
f 148 189 190 149
f 149 190 191 150
f 150 191 192 151
f 151 192 193 152
f 152 193 194 153
f 153 194 195 154
f 154 195 196 155
f 155 196 197 156
f 156 197 198 157
f 157 198 199 158
f 158 199 200 159
f 159 200 201 160
f 160 201 202 161
f 161 202 203 162
f 162 203 204 163
f 163 204 205 164
f 165 206 207 166
f 166 207 208 167
f 167 208 209 168
f 168 209 210 169
f 169 210 211 170
f 170 211 212 171
f 171 212 213 172
f 172 213 214 173
f 173 214 215 174
f 174 215 216 175
f 175 216 217 176
f 176 217 218 177
f 177 218 219 178
f 178 219 220 179
f 179 220 221 180
f 180 221 222 181
f 181 222 223 182
f 182 223 224 183
f 183 224 225 184
f 184 225 226 185
f 185 226 227 186
f 186 227 228 187
f 187 228 229 188
f 188 229 230 189
f 189 230 231 190
f 190 231 232 191
f 191 232 233 192
f 192 233 234 193
f 193 234 235 194
f 194 235 236 195
f 195 236 237 196
f 196 237 238 197
f 197 238 239 198
f 198 239 240 199
f 199 240 241 200
f 200 241 242 201
f 201 242 243 202
f 202 243 244 203
f 203 244 245 204
f 204 245 246 205
f 206 247 248 207
f 207 248 249 208
f 208 249 250 209
f 209 250 251 210
f 210 251 252 211
f 211 252 253 212
f 212 253 254 213
f 213 254 255 214
f 214 255 256 215
f 215 256 257 216
f 216 257 258 217
f 217 258 259 218
f 218 259 260 219
f 219 260 261 220
f 220 261 262 221
f 221 262 263 222
f 222 263 264 223
f 223 264 265 224
f 224 265 266 225
f 225 266 267 226
f 226 267 268 227
f 227 268 269 228
f 228 269 270 229
f 229 270 271 230
f 230 271 272 231
f 231 272 273 232
f 232 273 274 233
f 233 274 275 234
f 234 275 276 235
f 235 276 277 236
f 236 277 278 237
f 237 278 279 238
f 238 279 280 239
f 239 280 281 240
f 240 281 282 241
f 241 282 283 242
f 242 283 284 243
f 243 284 285 244
f 244 285 286 245
f 245 286 287 246
f 247 288 289 248
f 248 289 290 249
f 249 290 291 250
f 250 291 292 251
f 251 292 293 252
f 252 293 294 253
f 253 294 295 254
f 254 295 296 255
f 255 296 297 256
f 256 297 298 257
f 257 298 299 258
f 258 299 300 259
f 259 300 301 260
f 260 301 302 261
f 261 302 303 262
f 262 303 304 263
f 263 304 305 264
usemtl terrain_grass
f 264 305 306 265
f 265 306 307 266
f 266 307 308 267
f 267 308 309 268
f 268 309 310 269
f 269 310 311 270
usemtl terrain_seabed
f 270 311 312 271
f 271 312 313 272
f 272 313 314 273
f 273 314 315 274
f 274 315 316 275
f 275 316 317 276
f 276 317 318 277
f 277 318 319 278
f 278 319 320 279
f 279 320 321 280
f 280 321 322 281
f 281 322 323 282
f 282 323 324 283
f 283 324 325 284
f 284 325 326 285
f 285 326 327 286
f 286 327 328 287
f 288 329 330 289
f 289 330 331 290
f 290 331 332 291
f 291 332 333 292
f 292 333 334 293
f 293 334 335 294
f 294 335 336 295
f 295 336 337 296
f 296 337 338 297
f 297 338 339 298
f 298 339 340 299
f 299 340 341 300
f 300 341 342 301
f 301 342 343 302
usemtl terrain_grass
f 302 343 344 303
f 303 344 345 304
f 304 345 346 305
f 305 346 347 306
f 306 347 348 307
f 307 348 349 308
f 308 349 350 309
f 309 350 351 310
f 310 351 352 311
f 311 352 353 312
f 312 353 354 313
f 313 354 355 314
usemtl terrain_seabed
f 314 355 356 315
f 315 356 357 316
f 316 357 358 317
f 317 358 359 318
f 318 359 360 319
f 319 360 361 320
f 320 361 362 321
f 321 362 363 322
f 322 363 364 323
f 323 364 365 324
f 324 365 366 325
f 325 366 367 326
f 326 367 368 327
f 327 368 369 328
f 329 370 371 330
f 330 371 372 331
f 331 372 373 332
f 332 373 374 333
f 333 374 375 334
f 334 375 376 335
f 335 376 377 336
f 336 377 378 337
f 337 378 379 338
f 338 379 380 339
f 339 380 381 340
f 340 381 382 341
f 341 382 383 342
usemtl terrain_grass
f 342 383 384 343
f 343 384 385 344
f 344 385 386 345
f 345 386 387 346
f 346 387 388 347
f 347 388 389 348
f 348 389 390 349
f 349 390 391 350
f 350 391 392 351
f 351 392 393 352
f 352 393 394 353
f 353 394 395 354
f 354 395 396 355
f 355 396 397 356
usemtl terrain_seabed
f 356 397 398 357
f 357 398 399 358
f 358 399 400 359
f 359 400 401 360
f 360 401 402 361
f 361 402 403 362
f 362 403 404 363
f 363 404 405 364
f 364 405 406 365
f 365 406 407 366
f 366 407 408 367
f 367 408 409 368
f 368 409 410 369
f 370 411 412 371
f 371 412 413 372
f 372 413 414 373
f 373 414 415 374
f 374 415 416 375
f 375 416 417 376
f 376 417 418 377
f 377 418 419 378
f 378 419 420 379
f 379 420 421 380
f 380 421 422 381
f 381 422 423 382
usemtl terrain_grass
f 382 423 424 383
f 383 424 425 384
f 384 425 426 385
f 385 426 427 386
f 386 427 428 387
f 387 428 429 388
f 388 429 430 389
f 389 430 431 390
f 390 431 432 391
f 391 432 433 392
f 392 433 434 393
f 393 434 435 394
f 394 435 436 395
f 395 436 437 396
f 396 437 438 397
f 397 438 439 398
usemtl terrain_seabed
f 398 439 440 399
f 399 440 441 400
f 400 441 442 401
f 401 442 443 402
f 402 443 444 403
f 403 444 445 404
f 404 445 446 405
f 405 446 447 406
f 406 447 448 407
f 407 448 449 408
f 408 449 450 409
f 409 450 451 410
f 411 452 453 412
f 412 453 454 413
f 413 454 455 414
f 414 455 456 415
f 415 456 457 416
f 416 457 458 417
f 417 458 459 418
f 418 459 460 419
f 419 460 461 420
f 420 461 462 421
f 421 462 463 422
usemtl terrain_grass
f 422 463 464 423
f 423 464 465 424
f 424 465 466 425
f 425 466 467 426
f 426 467 468 427
f 427 468 469 428
f 428 469 470 429
f 429 470 471 430
f 430 471 472 431
f 431 472 473 432
f 432 473 474 433
f 433 474 475 434
f 434 475 476 435
f 435 476 477 436
f 436 477 478 437
f 437 478 479 438
f 438 479 480 439
f 439 480 481 440
usemtl terrain_seabed
f 440 481 482 441
f 441 482 483 442
f 442 483 484 443
f 443 484 485 444
f 444 485 486 445
f 445 486 487 446
f 446 487 488 447
f 447 488 489 448
f 448 489 490 449
f 449 490 491 450
f 450 491 492 451
f 452 493 494 453
f 453 494 495 454
f 454 495 496 455
f 455 496 497 456
f 456 497 498 457
f 457 498 499 458
f 458 499 500 459
f 459 500 501 460
f 460 501 502 461
f 461 502 503 462
usemtl terrain_grass
f 462 503 504 463
f 463 504 505 464
f 464 505 506 465
f 465 506 507 466
f 466 507 508 467
f 467 508 509 468
f 468 509 510 469
f 469 510 511 470
f 470 511 512 471
f 471 512 513 472
f 472 513 514 473
f 473 514 515 474
f 474 515 516 475
f 475 516 517 476
f 476 517 518 477
f 477 518 519 478
f 478 519 520 479
f 479 520 521 480
f 480 521 522 481
f 481 522 523 482
usemtl terrain_seabed
f 482 523 524 483
f 483 524 525 484
f 484 525 526 485
f 485 526 527 486
f 486 527 528 487
f 487 528 529 488
f 488 529 530 489
f 489 530 531 490
f 490 531 532 491
f 491 532 533 492
f 493 534 535 494
f 494 535 536 495
f 495 536 537 496
f 496 537 538 497
f 497 538 539 498
f 498 539 540 499
f 499 540 541 500
f 500 541 542 501
f 501 542 543 502
usemtl terrain_grass
f 502 543 544 503
f 503 544 545 504
f 504 545 546 505
f 505 546 547 506
f 506 547 548 507
f 507 548 549 508
f 508 549 550 509
f 509 550 551 510
f 510 551 552 511
f 511 552 553 512
f 512 553 554 513
f 513 554 555 514
f 514 555 556 515
f 515 556 557 516
f 516 557 558 517
f 517 558 559 518
f 518 559 560 519
f 519 560 561 520
f 520 561 562 521
f 521 562 563 522
f 522 563 564 523
f 523 564 565 524
usemtl terrain_seabed
f 524 565 566 525
f 525 566 567 526
f 526 567 568 527
f 527 568 569 528
f 528 569 570 529
f 529 570 571 530
f 530 571 572 531
f 531 572 573 532
f 532 573 574 533
f 534 575 576 535
f 535 576 577 536
f 536 577 578 537
f 537 578 579 538
f 538 579 580 539
f 539 580 581 540
f 540 581 582 541
f 541 582 583 542
f 542 583 584 543
usemtl terrain_grass
f 543 584 585 544
f 544 585 586 545
f 545 586 587 546
f 546 587 588 547
f 547 588 589 548
f 548 589 590 549
f 549 590 591 550
f 550 591 592 551
f 551 592 593 552
f 552 593 594 553
f 553 594 595 554
f 554 595 596 555
f 555 596 597 556
f 556 597 598 557
f 557 598 599 558
f 558 599 600 559
f 559 600 601 560
f 560 601 602 561
f 561 602 603 562
f 562 603 604 563
f 563 604 605 564
f 564 605 606 565
usemtl terrain_seabed
f 565 606 607 566
f 566 607 608 567
f 567 608 609 568
f 568 609 610 569
f 569 610 611 570
f 570 611 612 571
f 571 612 613 572
f 572 613 614 573
f 573 614 615 574
f 575 616 617 576
f 576 617 618 577
f 577 618 619 578
f 578 619 620 579
f 579 620 621 580
f 580 621 622 581
f 581 622 623 582
f 582 623 624 583
usemtl terrain_grass
f 583 624 625 584
f 584 625 626 585
f 585 626 627 586
f 586 627 628 587
f 587 628 629 588
f 588 629 630 589
f 589 630 631 590
f 590 631 632 591
f 591 632 633 592
f 592 633 634 593
usemtl terrain_rock_face
f 593 634 635 594
f 594 635 636 595
f 595 636 637 596
f 596 637 638 597
usemtl terrain_grass
f 597 638 639 598
f 598 639 640 599
f 599 640 641 600
f 600 641 642 601
f 601 642 643 602
f 602 643 644 603
f 603 644 645 604
f 604 645 646 605
f 605 646 647 606
f 606 647 648 607
usemtl terrain_seabed
f 607 648 649 608
f 608 649 650 609
f 609 650 651 610
f 610 651 652 611
f 611 652 653 612
f 612 653 654 613
f 613 654 655 614
f 614 655 656 615
f 616 657 658 617
f 617 658 659 618
f 618 659 660 619
f 619 660 661 620
f 620 661 662 621
f 621 662 663 622
f 622 663 664 623
f 623 664 665 624
usemtl terrain_grass
f 624 665 666 625
f 625 666 667 626
f 626 667 668 627
f 627 668 669 628
f 628 669 670 629
f 629 670 671 630
f 630 671 672 631
f 631 672 673 632
usemtl terrain_rock_face
f 632 673 674 633
f 633 674 675 634
f 634 675 676 635
f 635 676 677 636
f 636 677 678 637
f 637 678 679 638
f 638 679 680 639
f 639 680 681 640
usemtl terrain_grass
f 640 681 682 641
f 641 682 683 642
f 642 683 684 643
f 643 684 685 644
f 644 685 686 645
f 645 686 687 646
f 646 687 688 647
f 647 688 689 648
usemtl terrain_seabed
f 648 689 690 649
f 649 690 691 650
f 650 691 692 651
f 651 692 693 652
f 652 693 694 653
f 653 694 695 654
f 654 695 696 655
f 655 696 697 656
f 657 698 699 658
f 658 699 700 659
f 659 700 701 660
f 660 701 702 661
f 661 702 703 662
f 662 703 704 663
f 663 704 705 664
usemtl terrain_grass
f 664 705 706 665
f 665 706 707 666
f 666 707 708 667
f 667 708 709 668
f 668 709 710 669
f 669 710 711 670
f 670 711 712 671
f 671 712 713 672
usemtl terrain_rock_face
f 672 713 714 673
f 673 714 715 674
f 674 715 716 675
f 675 716 717 676
f 676 717 718 677
f 677 718 719 678
f 678 719 720 679
f 679 720 721 680
f 680 721 722 681
f 681 722 723 682
usemtl terrain_grass
f 682 723 724 683
f 683 724 725 684
f 684 725 726 685
f 685 726 727 686
f 686 727 728 687
f 687 728 729 688
f 688 729 730 689
f 689 730 731 690
usemtl terrain_seabed
f 690 731 732 691
f 691 732 733 692
f 692 733 734 693
f 693 734 735 694
f 694 735 736 695
f 695 736 737 696
f 696 737 738 697
f 698 739 740 699
f 699 740 741 700
f 700 741 742 701
f 701 742 743 702
f 702 743 744 703
f 703 744 745 704
f 704 745 746 705
usemtl terrain_grass
f 705 746 747 706
f 706 747 748 707
f 707 748 749 708
f 708 749 750 709
f 709 750 751 710
f 710 751 752 711
f 711 752 753 712
usemtl terrain_rock_face
f 712 753 754 713
f 713 754 755 714
f 714 755 756 715
f 715 756 757 716
f 716 757 758 717
f 717 758 759 718
f 718 759 760 719
f 719 760 761 720
f 720 761 762 721
f 721 762 763 722
f 722 763 764 723
f 723 764 765 724
usemtl terrain_grass
f 724 765 766 725
f 725 766 767 726
f 726 767 768 727
f 727 768 769 728
f 728 769 770 729
f 729 770 771 730
f 730 771 772 731
usemtl terrain_seabed
f 731 772 773 732
f 732 773 774 733
f 733 774 775 734
f 734 775 776 735
f 735 776 777 736
f 736 777 778 737
f 737 778 779 738
f 739 780 781 740
f 740 781 782 741
f 741 782 783 742
f 742 783 784 743
f 743 784 785 744
f 744 785 786 745
f 745 786 787 746
usemtl terrain_grass
f 746 787 788 747
usemtl terrain_sand
f 747 788 789 748
f 748 789 790 749
usemtl terrain_grass
f 749 790 791 750
f 750 791 792 751
f 751 792 793 752
usemtl terrain_rock_face
f 752 793 794 753
f 753 794 795 754
f 754 795 796 755
f 755 796 797 756
f 756 797 798 757
f 757 798 799 758
f 758 799 800 759
f 759 800 801 760
f 760 801 802 761
f 761 802 803 762
f 762 803 804 763
f 763 804 805 764
f 764 805 806 765
f 765 806 807 766
usemtl terrain_grass
f 766 807 808 767
f 767 808 809 768
f 768 809 810 769
f 769 810 811 770
f 770 811 812 771
f 771 812 813 772
usemtl terrain_seabed
f 772 813 814 773
f 773 814 815 774
f 774 815 816 775
f 775 816 817 776
f 776 817 818 777
f 777 818 819 778
f 778 819 820 779
f 780 821 822 781
f 781 822 823 782
f 782 823 824 783
f 783 824 825 784
f 784 825 826 785
f 785 826 827 786
usemtl terrain_grass
f 786 827 828 787
usemtl terrain_sand
f 787 828 829 788
f 788 829 830 789
f 789 830 831 790
f 790 831 832 791
usemtl terrain_grass
f 791 832 833 792
f 792 833 834 793
usemtl terrain_rock_face
f 793 834 835 794
f 794 835 836 795
f 795 836 837 796
f 796 837 838 797
f 797 838 839 798
f 798 839 840 799
f 799 840 841 800
f 800 841 842 801
f 801 842 843 802
f 802 843 844 803
f 803 844 845 804
f 804 845 846 805
f 805 846 847 806
f 806 847 848 807
usemtl terrain_grass
f 807 848 849 808
f 808 849 850 809
f 809 850 851 810
f 810 851 852 811
f 811 852 853 812
f 812 853 854 813
f 813 854 855 814
usemtl terrain_seabed
f 814 855 856 815
f 815 856 857 816
f 816 857 858 817
f 817 858 859 818
f 818 859 860 819
f 819 860 861 820
f 821 862 863 822
f 822 863 864 823
f 823 864 865 824
f 824 865 866 825
f 825 866 867 826
f 826 867 868 827
usemtl terrain_grass
f 827 868 869 828
usemtl terrain_sand
f 828 869 870 829
f 829 870 871 830
f 830 871 872 831
f 831 872 873 832
usemtl terrain_grass
f 832 873 874 833
usemtl terrain_rock_face
f 833 874 875 834
f 834 875 876 835
f 835 876 877 836
f 836 877 878 837
f 837 878 879 838
f 838 879 880 839
f 839 880 881 840
f 840 881 882 841
f 841 882 883 842
f 842 883 884 843
f 843 884 885 844
f 844 885 886 845
f 845 886 887 846
f 846 887 888 847
f 847 888 889 848
f 848 889 890 849
usemtl terrain_grass
f 849 890 891 850
f 850 891 892 851
f 851 892 893 852
f 852 893 894 853
f 853 894 895 854
f 854 895 896 855
usemtl terrain_seabed
f 855 896 897 856
f 856 897 898 857
f 857 898 899 858
f 858 899 900 859
f 859 900 901 860
f 860 901 902 861
f 862 903 904 863
f 863 904 905 864
f 864 905 906 865
f 865 906 907 866
f 866 907 908 867
f 867 908 909 868
usemtl terrain_grass
f 868 909 910 869
usemtl terrain_sand
f 869 910 911 870
f 870 911 912 871
f 871 912 913 872
f 872 913 914 873
usemtl terrain_grass
f 873 914 915 874
usemtl terrain_rock_face
f 874 915 916 875
f 875 916 917 876
f 876 917 918 877
f 877 918 919 878
f 878 919 920 879
f 879 920 921 880
f 880 921 922 881
f 881 922 923 882
f 882 923 924 883
f 883 924 925 884
f 884 925 926 885
f 885 926 927 886
f 886 927 928 887
f 887 928 929 888
f 888 929 930 889
f 889 930 931 890
usemtl terrain_grass
f 890 931 932 891
f 891 932 933 892
f 892 933 934 893
f 893 934 935 894
f 894 935 936 895
f 895 936 937 896
usemtl terrain_seabed
f 896 937 938 897
f 897 938 939 898
f 898 939 940 899
f 899 940 941 900
f 900 941 942 901
f 901 942 943 902
f 903 944 945 904
f 904 945 946 905
f 905 946 947 906
f 906 947 948 907
f 907 948 949 908
f 908 949 950 909
usemtl terrain_grass
f 909 950 951 910
usemtl terrain_sand
f 910 951 952 911
f 911 952 953 912
f 912 953 954 913
f 913 954 955 914
usemtl terrain_grass
f 914 955 956 915
usemtl terrain_rock_face
f 915 956 957 916
f 916 957 958 917
f 917 958 959 918
f 918 959 960 919
f 919 960 961 920
f 920 961 962 921
f 921 962 963 922
f 922 963 964 923
f 923 964 965 924
f 924 965 966 925
f 925 966 967 926
f 926 967 968 927
f 927 968 969 928
f 928 969 970 929
f 929 970 971 930
f 930 971 972 931
usemtl terrain_grass
f 931 972 973 932
f 932 973 974 933
f 933 974 975 934
f 934 975 976 935
f 935 976 977 936
f 936 977 978 937
usemtl terrain_seabed
f 937 978 979 938
f 938 979 980 939
f 939 980 981 940
f 940 981 982 941
f 941 982 983 942
f 942 983 984 943
f 944 985 986 945
f 945 986 987 946
f 946 987 988 947
f 947 988 989 948
f 948 989 990 949
f 949 990 991 950
usemtl terrain_grass
f 950 991 992 951
usemtl terrain_sand
f 951 992 993 952
f 952 993 994 953
f 953 994 995 954
f 954 995 996 955
usemtl terrain_grass
f 955 996 997 956
usemtl terrain_rock_face
f 956 997 998 957
f 957 998 999 958
f 958 999 1000 959
f 959 1000 1001 960
f 960 1001 1002 961
f 961 1002 1003 962
f 962 1003 1004 963
f 963 1004 1005 964
f 964 1005 1006 965
f 965 1006 1007 966
f 966 1007 1008 967
f 967 1008 1009 968
f 968 1009 1010 969
f 969 1010 1011 970
f 970 1011 1012 971
f 971 1012 1013 972
usemtl terrain_grass
f 972 1013 1014 973
f 973 1014 1015 974
f 974 1015 1016 975
f 975 1016 1017 976
f 976 1017 1018 977
f 977 1018 1019 978
usemtl terrain_seabed
f 978 1019 1020 979
f 979 1020 1021 980
f 980 1021 1022 981
f 981 1022 1023 982
f 982 1023 1024 983
f 983 1024 1025 984
f 985 1026 1027 986
f 986 1027 1028 987
f 987 1028 1029 988
f 988 1029 1030 989
f 989 1030 1031 990
f 990 1031 1032 991
usemtl terrain_grass
f 991 1032 1033 992
usemtl terrain_sand
f 992 1033 1034 993
f 993 1034 1035 994
f 994 1035 1036 995
f 995 1036 1037 996
usemtl terrain_grass
f 996 1037 1038 997
usemtl terrain_rock_face
f 997 1038 1039 998
f 998 1039 1040 999
f 999 1040 1041 1000
f 1000 1041 1042 1001
f 1001 1042 1043 1002
f 1002 1043 1044 1003
f 1003 1044 1045 1004
f 1004 1045 1046 1005
f 1005 1046 1047 1006
f 1006 1047 1048 1007
f 1007 1048 1049 1008
f 1008 1049 1050 1009
f 1009 1050 1051 1010
f 1010 1051 1052 1011
f 1011 1052 1053 1012
f 1012 1053 1054 1013
usemtl terrain_grass
f 1013 1054 1055 1014
f 1014 1055 1056 1015
f 1015 1056 1057 1016
f 1016 1057 1058 1017
f 1017 1058 1059 1018
f 1018 1059 1060 1019
usemtl terrain_seabed
f 1019 1060 1061 1020
f 1020 1061 1062 1021
f 1021 1062 1063 1022
f 1022 1063 1064 1023
f 1023 1064 1065 1024
f 1024 1065 1066 1025
f 1026 1067 1068 1027
f 1027 1068 1069 1028
f 1028 1069 1070 1029
f 1029 1070 1071 1030
f 1030 1071 1072 1031
f 1031 1072 1073 1032
usemtl terrain_grass
f 1032 1073 1074 1033
usemtl terrain_sand
f 1033 1074 1075 1034
f 1034 1075 1076 1035
f 1035 1076 1077 1036
f 1036 1077 1078 1037
usemtl terrain_grass
f 1037 1078 1079 1038
usemtl terrain_rock_face
f 1038 1079 1080 1039
f 1039 1080 1081 1040
f 1040 1081 1082 1041
f 1041 1082 1083 1042
f 1042 1083 1084 1043
f 1043 1084 1085 1044
f 1044 1085 1086 1045
f 1045 1086 1087 1046
f 1046 1087 1088 1047
f 1047 1088 1089 1048
f 1048 1089 1090 1049
f 1049 1090 1091 1050
f 1050 1091 1092 1051
f 1051 1092 1093 1052
f 1052 1093 1094 1053
f 1053 1094 1095 1054
usemtl terrain_grass
f 1054 1095 1096 1055
f 1055 1096 1097 1056
f 1056 1097 1098 1057
f 1057 1098 1099 1058
f 1058 1099 1100 1059
f 1059 1100 1101 1060
usemtl terrain_seabed
f 1060 1101 1102 1061
f 1061 1102 1103 1062
f 1062 1103 1104 1063
f 1063 1104 1105 1064
f 1064 1105 1106 1065
f 1065 1106 1107 1066
f 1067 1108 1109 1068
f 1068 1109 1110 1069
f 1069 1110 1111 1070
f 1070 1111 1112 1071
f 1071 1112 1113 1072
f 1072 1113 1114 1073
usemtl terrain_grass
f 1073 1114 1115 1074
usemtl terrain_sand
f 1074 1115 1116 1075
f 1075 1116 1117 1076
f 1076 1117 1118 1077
f 1077 1118 1119 1078
usemtl terrain_grass
f 1078 1119 1120 1079
usemtl terrain_rock_face
f 1079 1120 1121 1080
f 1080 1121 1122 1081
f 1081 1122 1123 1082
f 1082 1123 1124 1083
f 1083 1124 1125 1084
f 1084 1125 1126 1085
f 1085 1126 1127 1086
f 1086 1127 1128 1087
f 1087 1128 1129 1088
f 1088 1129 1130 1089
f 1089 1130 1131 1090
f 1090 1131 1132 1091
f 1091 1132 1133 1092
f 1092 1133 1134 1093
f 1093 1134 1135 1094
f 1094 1135 1136 1095
usemtl terrain_grass
f 1095 1136 1137 1096
f 1096 1137 1138 1097
f 1097 1138 1139 1098
f 1098 1139 1140 1099
f 1099 1140 1141 1100
f 1100 1141 1142 1101
usemtl terrain_seabed
f 1101 1142 1143 1102
f 1102 1143 1144 1103
f 1103 1144 1145 1104
f 1104 1145 1146 1105
f 1105 1146 1147 1106
f 1106 1147 1148 1107
f 1108 1149 1150 1109
f 1109 1150 1151 1110
f 1110 1151 1152 1111
f 1111 1152 1153 1112
f 1112 1153 1154 1113
f 1113 1154 1155 1114
usemtl terrain_grass
f 1114 1155 1156 1115
usemtl terrain_sand
f 1115 1156 1157 1116
f 1116 1157 1158 1117
f 1117 1158 1159 1118
f 1118 1159 1160 1119
usemtl terrain_grass
f 1119 1160 1161 1120
usemtl terrain_rock_face
f 1120 1161 1162 1121
f 1121 1162 1163 1122
f 1122 1163 1164 1123
f 1123 1164 1165 1124
f 1124 1165 1166 1125
f 1125 1166 1167 1126
f 1126 1167 1168 1127
f 1127 1168 1169 1128
f 1128 1169 1170 1129
f 1129 1170 1171 1130
f 1130 1171 1172 1131
f 1131 1172 1173 1132
f 1132 1173 1174 1133
f 1133 1174 1175 1134
f 1134 1175 1176 1135
f 1135 1176 1177 1136
usemtl terrain_grass
f 1136 1177 1178 1137
f 1137 1178 1179 1138
f 1138 1179 1180 1139
f 1139 1180 1181 1140
f 1140 1181 1182 1141
f 1141 1182 1183 1142
usemtl terrain_seabed
f 1142 1183 1184 1143
f 1143 1184 1185 1144
f 1144 1185 1186 1145
f 1145 1186 1187 1146
f 1146 1187 1188 1147
f 1147 1188 1189 1148
f 1149 1190 1191 1150
f 1150 1191 1192 1151
f 1151 1192 1193 1152
f 1152 1193 1194 1153
f 1153 1194 1195 1154
f 1154 1195 1196 1155
usemtl terrain_grass
f 1155 1196 1197 1156
usemtl terrain_sand
f 1156 1197 1198 1157
f 1157 1198 1199 1158
f 1158 1199 1200 1159
f 1159 1200 1201 1160
usemtl terrain_grass
f 1160 1201 1202 1161
usemtl terrain_rock_face
f 1161 1202 1203 1162
f 1162 1203 1204 1163
f 1163 1204 1205 1164
f 1164 1205 1206 1165
f 1165 1206 1207 1166
f 1166 1207 1208 1167
f 1167 1208 1209 1168
f 1168 1209 1210 1169
f 1169 1210 1211 1170
f 1170 1211 1212 1171
f 1171 1212 1213 1172
f 1172 1213 1214 1173
f 1173 1214 1215 1174
f 1174 1215 1216 1175
f 1175 1216 1217 1176
f 1176 1217 1218 1177
usemtl terrain_grass
f 1177 1218 1219 1178
f 1178 1219 1220 1179
f 1179 1220 1221 1180
f 1180 1221 1222 1181
f 1181 1222 1223 1182
f 1182 1223 1224 1183
usemtl terrain_seabed
f 1183 1224 1225 1184
f 1184 1225 1226 1185
f 1185 1226 1227 1186
f 1186 1227 1228 1187
f 1187 1228 1229 1188
f 1188 1229 1230 1189
f 1190 1231 1232 1191
f 1191 1232 1233 1192
f 1192 1233 1234 1193
f 1193 1234 1235 1194
f 1194 1235 1236 1195
f 1195 1236 1237 1196
usemtl terrain_grass
f 1196 1237 1238 1197
usemtl terrain_sand
f 1197 1238 1239 1198
f 1198 1239 1240 1199
f 1199 1240 1241 1200
f 1200 1241 1242 1201
usemtl terrain_grass
f 1201 1242 1243 1202
usemtl terrain_rock_face
f 1202 1243 1244 1203
f 1203 1244 1245 1204
f 1204 1245 1246 1205
f 1205 1246 1247 1206
f 1206 1247 1248 1207
f 1207 1248 1249 1208
f 1208 1249 1250 1209
f 1209 1250 1251 1210
f 1210 1251 1252 1211
f 1211 1252 1253 1212
f 1212 1253 1254 1213
f 1213 1254 1255 1214
f 1214 1255 1256 1215
f 1215 1256 1257 1216
f 1216 1257 1258 1217
f 1217 1258 1259 1218
usemtl terrain_grass
f 1218 1259 1260 1219
f 1219 1260 1261 1220
f 1220 1261 1262 1221
f 1221 1262 1263 1222
f 1222 1263 1264 1223
f 1223 1264 1265 1224
usemtl terrain_seabed
f 1224 1265 1266 1225
f 1225 1266 1267 1226
f 1226 1267 1268 1227
f 1227 1268 1269 1228
f 1228 1269 1270 1229
f 1229 1270 1271 1230
f 1231 1272 1273 1232
f 1232 1273 1274 1233
f 1233 1274 1275 1234
f 1234 1275 1276 1235
f 1235 1276 1277 1236
f 1236 1277 1278 1237
usemtl terrain_grass
f 1237 1278 1279 1238
usemtl terrain_sand
f 1238 1279 1280 1239
f 1239 1280 1281 1240
f 1240 1281 1282 1241
f 1241 1282 1283 1242
usemtl terrain_grass
f 1242 1283 1284 1243
f 1243 1284 1285 1244
usemtl terrain_rock_face
f 1244 1285 1286 1245
f 1245 1286 1287 1246
f 1246 1287 1288 1247
f 1247 1288 1289 1248
f 1248 1289 1290 1249
f 1249 1290 1291 1250
f 1250 1291 1292 1251
f 1251 1292 1293 1252
f 1252 1293 1294 1253
f 1253 1294 1295 1254
f 1254 1295 1296 1255
f 1255 1296 1297 1256
f 1256 1297 1298 1257
f 1257 1298 1299 1258
usemtl terrain_grass
f 1258 1299 1300 1259
f 1259 1300 1301 1260
f 1260 1301 1302 1261
f 1261 1302 1303 1262
f 1262 1303 1304 1263
f 1263 1304 1305 1264
f 1264 1305 1306 1265
usemtl terrain_seabed
f 1265 1306 1307 1266
f 1266 1307 1308 1267
f 1267 1308 1309 1268
f 1268 1309 1310 1269
f 1269 1310 1311 1270
f 1270 1311 1312 1271
f 1272 1313 1314 1273
f 1273 1314 1315 1274
f 1274 1315 1316 1275
f 1275 1316 1317 1276
f 1276 1317 1318 1277
f 1277 1318 1319 1278
f 1278 1319 1320 1279
usemtl terrain_grass
f 1279 1320 1321 1280
usemtl terrain_sand
f 1280 1321 1322 1281
f 1281 1322 1323 1282
usemtl terrain_grass
f 1282 1323 1324 1283
f 1283 1324 1325 1284
f 1284 1325 1326 1285
usemtl terrain_rock_face
f 1285 1326 1327 1286
f 1286 1327 1328 1287
f 1287 1328 1329 1288
f 1288 1329 1330 1289
f 1289 1330 1331 1290
f 1290 1331 1332 1291
f 1291 1332 1333 1292
f 1292 1333 1334 1293
f 1293 1334 1335 1294
f 1294 1335 1336 1295
f 1295 1336 1337 1296
f 1296 1337 1338 1297
f 1297 1338 1339 1298
f 1298 1339 1340 1299
usemtl terrain_grass
f 1299 1340 1341 1300
f 1300 1341 1342 1301
f 1301 1342 1343 1302
f 1302 1343 1344 1303
f 1303 1344 1345 1304
f 1304 1345 1346 1305
usemtl terrain_seabed
f 1305 1346 1347 1306
f 1306 1347 1348 1307
f 1307 1348 1349 1308
f 1308 1349 1350 1309
f 1309 1350 1351 1310
f 1310 1351 1352 1311
f 1311 1352 1353 1312
f 1313 1354 1355 1314
f 1314 1355 1356 1315
f 1315 1356 1357 1316
f 1316 1357 1358 1317
f 1317 1358 1359 1318
f 1318 1359 1360 1319
f 1319 1360 1361 1320
usemtl terrain_grass
f 1320 1361 1362 1321
f 1321 1362 1363 1322
f 1322 1363 1364 1323
f 1323 1364 1365 1324
f 1324 1365 1366 1325
f 1325 1366 1367 1326
f 1326 1367 1368 1327
usemtl terrain_rock_face
f 1327 1368 1369 1328
f 1328 1369 1370 1329
f 1329 1370 1371 1330
f 1330 1371 1372 1331
f 1331 1372 1373 1332
f 1332 1373 1374 1333
f 1333 1374 1375 1334
f 1334 1375 1376 1335
f 1335 1376 1377 1336
f 1336 1377 1378 1337
f 1337 1378 1379 1338
f 1338 1379 1380 1339
usemtl terrain_grass
f 1339 1380 1381 1340
f 1340 1381 1382 1341
f 1341 1382 1383 1342
f 1342 1383 1384 1343
f 1343 1384 1385 1344
f 1344 1385 1386 1345
f 1345 1386 1387 1346
usemtl terrain_seabed
f 1346 1387 1388 1347
f 1347 1388 1389 1348
f 1348 1389 1390 1349
f 1349 1390 1391 1350
f 1350 1391 1392 1351
f 1351 1392 1393 1352
f 1352 1393 1394 1353
f 1354 1395 1396 1355
f 1355 1396 1397 1356
f 1356 1397 1398 1357
f 1357 1398 1399 1358
f 1358 1399 1400 1359
f 1359 1400 1401 1360
f 1360 1401 1402 1361
usemtl terrain_grass
f 1361 1402 1403 1362
f 1362 1403 1404 1363
f 1363 1404 1405 1364
f 1364 1405 1406 1365
f 1365 1406 1407 1366
f 1366 1407 1408 1367
f 1367 1408 1409 1368
f 1368 1409 1410 1369
usemtl terrain_rock_face
f 1369 1410 1411 1370
f 1370 1411 1412 1371
f 1371 1412 1413 1372
f 1372 1413 1414 1373
f 1373 1414 1415 1374
f 1374 1415 1416 1375
f 1375 1416 1417 1376
f 1376 1417 1418 1377
f 1377 1418 1419 1378
f 1378 1419 1420 1379
usemtl terrain_grass
f 1379 1420 1421 1380
f 1380 1421 1422 1381
f 1381 1422 1423 1382
f 1382 1423 1424 1383
f 1383 1424 1425 1384
f 1384 1425 1426 1385
f 1385 1426 1427 1386
f 1386 1427 1428 1387
usemtl terrain_seabed
f 1387 1428 1429 1388
f 1388 1429 1430 1389
f 1389 1430 1431 1390
f 1390 1431 1432 1391
f 1391 1432 1433 1392
f 1392 1433 1434 1393
f 1393 1434 1435 1394
f 1395 1436 1437 1396
f 1396 1437 1438 1397
f 1397 1438 1439 1398
f 1398 1439 1440 1399
f 1399 1440 1441 1400
f 1400 1441 1442 1401
f 1401 1442 1443 1402
f 1402 1443 1444 1403
usemtl terrain_grass
f 1403 1444 1445 1404
f 1404 1445 1446 1405
f 1405 1446 1447 1406
f 1406 1447 1448 1407
f 1407 1448 1449 1408
f 1408 1449 1450 1409
f 1409 1450 1451 1410
f 1410 1451 1452 1411
usemtl terrain_rock_face
f 1411 1452 1453 1412
f 1412 1453 1454 1413
f 1413 1454 1455 1414
f 1414 1455 1456 1415
f 1415 1456 1457 1416
f 1416 1457 1458 1417
f 1417 1458 1459 1418
f 1418 1459 1460 1419
usemtl terrain_grass
f 1419 1460 1461 1420
f 1420 1461 1462 1421
f 1421 1462 1463 1422
f 1422 1463 1464 1423
f 1423 1464 1465 1424
f 1424 1465 1466 1425
f 1425 1466 1467 1426
f 1426 1467 1468 1427
usemtl terrain_seabed
f 1427 1468 1469 1428
f 1428 1469 1470 1429
f 1429 1470 1471 1430
f 1430 1471 1472 1431
f 1431 1472 1473 1432
f 1432 1473 1474 1433
f 1433 1474 1475 1434
f 1434 1475 1476 1435
f 1436 1477 1478 1437
f 1437 1478 1479 1438
f 1438 1479 1480 1439
f 1439 1480 1481 1440
f 1440 1481 1482 1441
f 1441 1482 1483 1442
f 1442 1483 1484 1443
f 1443 1484 1485 1444
usemtl terrain_grass
f 1444 1485 1486 1445
f 1445 1486 1487 1446
f 1446 1487 1488 1447
f 1447 1488 1489 1448
f 1448 1489 1490 1449
f 1449 1490 1491 1450
f 1450 1491 1492 1451
f 1451 1492 1493 1452
f 1452 1493 1494 1453
f 1453 1494 1495 1454
usemtl terrain_rock_face
f 1454 1495 1496 1455
f 1455 1496 1497 1456
f 1456 1497 1498 1457
f 1457 1498 1499 1458
usemtl terrain_grass
f 1458 1499 1500 1459
f 1459 1500 1501 1460
f 1460 1501 1502 1461
f 1461 1502 1503 1462
f 1462 1503 1504 1463
f 1463 1504 1505 1464
f 1464 1505 1506 1465
f 1465 1506 1507 1466
f 1466 1507 1508 1467
f 1467 1508 1509 1468
usemtl terrain_seabed
f 1468 1509 1510 1469
f 1469 1510 1511 1470
f 1470 1511 1512 1471
f 1471 1512 1513 1472
f 1472 1513 1514 1473
f 1473 1514 1515 1474
f 1474 1515 1516 1475
f 1475 1516 1517 1476
f 1477 1518 1519 1478
f 1478 1519 1520 1479
f 1479 1520 1521 1480
f 1480 1521 1522 1481
f 1481 1522 1523 1482
f 1482 1523 1524 1483
f 1483 1524 1525 1484
f 1484 1525 1526 1485
f 1485 1526 1527 1486
usemtl terrain_grass
f 1486 1527 1528 1487
f 1487 1528 1529 1488
f 1488 1529 1530 1489
f 1489 1530 1531 1490
f 1490 1531 1532 1491
f 1491 1532 1533 1492
f 1492 1533 1534 1493
f 1493 1534 1535 1494
f 1494 1535 1536 1495
f 1495 1536 1537 1496
f 1496 1537 1538 1497
f 1497 1538 1539 1498
f 1498 1539 1540 1499
f 1499 1540 1541 1500
f 1500 1541 1542 1501
f 1501 1542 1543 1502
f 1502 1543 1544 1503
f 1503 1544 1545 1504
f 1504 1545 1546 1505
f 1505 1546 1547 1506
f 1506 1547 1548 1507
f 1507 1548 1549 1508
usemtl terrain_seabed
f 1508 1549 1550 1509
f 1509 1550 1551 1510
f 1510 1551 1552 1511
f 1511 1552 1553 1512
f 1512 1553 1554 1513
f 1513 1554 1555 1514
f 1514 1555 1556 1515
f 1515 1556 1557 1516
f 1516 1557 1558 1517
f 1518 1559 1560 1519
f 1519 1560 1561 1520
f 1520 1561 1562 1521
f 1521 1562 1563 1522
f 1522 1563 1564 1523
f 1523 1564 1565 1524
f 1524 1565 1566 1525
f 1525 1566 1567 1526
f 1526 1567 1568 1527
usemtl terrain_grass
f 1527 1568 1569 1528
f 1528 1569 1570 1529
f 1529 1570 1571 1530
f 1530 1571 1572 1531
f 1531 1572 1573 1532
f 1532 1573 1574 1533
f 1533 1574 1575 1534
f 1534 1575 1576 1535
f 1535 1576 1577 1536
f 1536 1577 1578 1537
f 1537 1578 1579 1538
f 1538 1579 1580 1539
f 1539 1580 1581 1540
f 1540 1581 1582 1541
f 1541 1582 1583 1542
f 1542 1583 1584 1543
f 1543 1584 1585 1544
f 1544 1585 1586 1545
f 1545 1586 1587 1546
f 1546 1587 1588 1547
f 1547 1588 1589 1548
f 1548 1589 1590 1549
usemtl terrain_seabed
f 1549 1590 1591 1550
f 1550 1591 1592 1551
f 1551 1592 1593 1552
f 1552 1593 1594 1553
f 1553 1594 1595 1554
f 1554 1595 1596 1555
f 1555 1596 1597 1556
f 1556 1597 1598 1557
f 1557 1598 1599 1558
f 1559 1600 1601 1560
f 1560 1601 1602 1561
f 1561 1602 1603 1562
f 1562 1603 1604 1563
f 1563 1604 1605 1564
f 1564 1605 1606 1565
f 1565 1606 1607 1566
f 1566 1607 1608 1567
f 1567 1608 1609 1568
f 1568 1609 1610 1569
usemtl terrain_grass
f 1569 1610 1611 1570
f 1570 1611 1612 1571
f 1571 1612 1613 1572
f 1572 1613 1614 1573
f 1573 1614 1615 1574
f 1574 1615 1616 1575
f 1575 1616 1617 1576
f 1576 1617 1618 1577
f 1577 1618 1619 1578
f 1578 1619 1620 1579
f 1579 1620 1621 1580
f 1580 1621 1622 1581
f 1581 1622 1623 1582
f 1582 1623 1624 1583
f 1583 1624 1625 1584
f 1584 1625 1626 1585
f 1585 1626 1627 1586
f 1586 1627 1628 1587
f 1587 1628 1629 1588
f 1588 1629 1630 1589
usemtl terrain_seabed
f 1589 1630 1631 1590
f 1590 1631 1632 1591
f 1591 1632 1633 1592
f 1592 1633 1634 1593
f 1593 1634 1635 1594
f 1594 1635 1636 1595
f 1595 1636 1637 1596
f 1596 1637 1638 1597
f 1597 1638 1639 1598
f 1598 1639 1640 1599
f 1600 1641 1642 1601
f 1601 1642 1643 1602
f 1602 1643 1644 1603
f 1603 1644 1645 1604
f 1604 1645 1646 1605
f 1605 1646 1647 1606
f 1606 1647 1648 1607
f 1607 1648 1649 1608
f 1608 1649 1650 1609
f 1609 1650 1651 1610
f 1610 1651 1652 1611
usemtl terrain_grass
f 1611 1652 1653 1612
f 1612 1653 1654 1613
f 1613 1654 1655 1614
f 1614 1655 1656 1615
f 1615 1656 1657 1616
usemtl terrain_rock_face
f 1616 1657 1658 1617
f 1617 1658 1659 1618
usemtl terrain_grass
f 1618 1659 1660 1619
f 1619 1660 1661 1620
f 1620 1661 1662 1621
f 1621 1662 1663 1622
f 1622 1663 1664 1623
f 1623 1664 1665 1624
f 1624 1665 1666 1625
f 1625 1666 1667 1626
f 1626 1667 1668 1627
f 1627 1668 1669 1628
f 1628 1669 1670 1629
usemtl terrain_seabed
f 1629 1670 1671 1630
f 1630 1671 1672 1631
f 1631 1672 1673 1632
f 1632 1673 1674 1633
f 1633 1674 1675 1634
f 1634 1675 1676 1635
f 1635 1676 1677 1636
f 1636 1677 1678 1637
f 1637 1678 1679 1638
f 1638 1679 1680 1639
f 1639 1680 1681 1640
f 1641 1682 1683 1642
f 1642 1683 1684 1643
f 1643 1684 1685 1644
f 1644 1685 1686 1645
f 1645 1686 1687 1646
f 1646 1687 1688 1647
f 1647 1688 1689 1648
f 1648 1689 1690 1649
f 1649 1690 1691 1650
f 1650 1691 1692 1651
f 1651 1692 1693 1652
f 1652 1693 1694 1653
usemtl terrain_grass
f 1653 1694 1695 1654
f 1654 1695 1696 1655
f 1655 1696 1697 1656
f 1656 1697 1698 1657
usemtl terrain_rock_face
f 1657 1698 1699 1658
f 1658 1699 1700 1659
usemtl terrain_grass
f 1659 1700 1701 1660
f 1660 1701 1702 1661
f 1661 1702 1703 1662
f 1662 1703 1704 1663
f 1663 1704 1705 1664
f 1664 1705 1706 1665
f 1665 1706 1707 1666
f 1666 1707 1708 1667
f 1667 1708 1709 1668
f 1668 1709 1710 1669
usemtl terrain_seabed
f 1669 1710 1711 1670
f 1670 1711 1712 1671
f 1671 1712 1713 1672
f 1672 1713 1714 1673
f 1673 1714 1715 1674
f 1674 1715 1716 1675
f 1675 1716 1717 1676
f 1676 1717 1718 1677
f 1677 1718 1719 1678
f 1678 1719 1720 1679
f 1679 1720 1721 1680
f 1680 1721 1722 1681
f 1682 1723 1724 1683
f 1683 1724 1725 1684
f 1684 1725 1726 1685
f 1685 1726 1727 1686
f 1686 1727 1728 1687
f 1687 1728 1729 1688
f 1688 1729 1730 1689
f 1689 1730 1731 1690
f 1690 1731 1732 1691
f 1691 1732 1733 1692
f 1692 1733 1734 1693
f 1693 1734 1735 1694
f 1694 1735 1736 1695
usemtl terrain_grass
f 1695 1736 1737 1696
f 1696 1737 1738 1697
f 1697 1738 1739 1698
f 1698 1739 1740 1699
f 1699 1740 1741 1700
f 1700 1741 1742 1701
f 1701 1742 1743 1702
f 1702 1743 1744 1703
f 1703 1744 1745 1704
f 1704 1745 1746 1705
f 1705 1746 1747 1706
f 1706 1747 1748 1707
f 1707 1748 1749 1708
f 1708 1749 1750 1709
usemtl terrain_seabed
f 1709 1750 1751 1710
f 1710 1751 1752 1711
f 1711 1752 1753 1712
f 1712 1753 1754 1713
f 1713 1754 1755 1714
f 1714 1755 1756 1715
f 1715 1756 1757 1716
f 1716 1757 1758 1717
f 1717 1758 1759 1718
f 1718 1759 1760 1719
f 1719 1760 1761 1720
f 1720 1761 1762 1721
f 1721 1762 1763 1722
f 1723 1764 1765 1724
f 1724 1765 1766 1725
f 1725 1766 1767 1726
f 1726 1767 1768 1727
f 1727 1768 1769 1728
f 1728 1769 1770 1729
f 1729 1770 1771 1730
f 1730 1771 1772 1731
f 1731 1772 1773 1732
f 1732 1773 1774 1733
f 1733 1774 1775 1734
f 1734 1775 1776 1735
f 1735 1776 1777 1736
f 1736 1777 1778 1737
usemtl terrain_grass
f 1737 1778 1779 1738
f 1738 1779 1780 1739
f 1739 1780 1781 1740
f 1740 1781 1782 1741
f 1741 1782 1783 1742
f 1742 1783 1784 1743
f 1743 1784 1785 1744
f 1744 1785 1786 1745
f 1745 1786 1787 1746
f 1746 1787 1788 1747
f 1747 1788 1789 1748
f 1748 1789 1790 1749
usemtl terrain_seabed
f 1749 1790 1791 1750
f 1750 1791 1792 1751
f 1751 1792 1793 1752
f 1752 1793 1794 1753
f 1753 1794 1795 1754
f 1754 1795 1796 1755
f 1755 1796 1797 1756
f 1756 1797 1798 1757
f 1757 1798 1799 1758
f 1758 1799 1800 1759
f 1759 1800 1801 1760
f 1760 1801 1802 1761
f 1761 1802 1803 1762
f 1762 1803 1804 1763
f 1764 1805 1806 1765
f 1765 1806 1807 1766
f 1766 1807 1808 1767
f 1767 1808 1809 1768
f 1768 1809 1810 1769
f 1769 1810 1811 1770
f 1770 1811 1812 1771
f 1771 1812 1813 1772
f 1772 1813 1814 1773
f 1773 1814 1815 1774
f 1774 1815 1816 1775
f 1775 1816 1817 1776
f 1776 1817 1818 1777
f 1777 1818 1819 1778
f 1778 1819 1820 1779
f 1779 1820 1821 1780
f 1780 1821 1822 1781
usemtl terrain_grass
f 1781 1822 1823 1782
f 1782 1823 1824 1783
f 1783 1824 1825 1784
f 1784 1825 1826 1785
f 1785 1826 1827 1786
f 1786 1827 1828 1787
usemtl terrain_seabed
f 1787 1828 1829 1788
f 1788 1829 1830 1789
f 1789 1830 1831 1790
f 1790 1831 1832 1791
f 1791 1832 1833 1792
f 1792 1833 1834 1793
f 1793 1834 1835 1794
f 1794 1835 1836 1795
f 1795 1836 1837 1796
f 1796 1837 1838 1797
f 1797 1838 1839 1798
f 1798 1839 1840 1799
f 1799 1840 1841 1800
f 1800 1841 1842 1801
f 1801 1842 1843 1802
f 1802 1843 1844 1803
f 1803 1844 1845 1804
f 1805 1846 1847 1806
f 1806 1847 1848 1807
f 1807 1848 1849 1808
f 1808 1849 1850 1809
f 1809 1850 1851 1810
f 1810 1851 1852 1811
f 1811 1852 1853 1812
f 1812 1853 1854 1813
f 1813 1854 1855 1814
f 1814 1855 1856 1815
f 1815 1856 1857 1816
f 1816 1857 1858 1817
f 1817 1858 1859 1818
f 1818 1859 1860 1819
f 1819 1860 1861 1820
f 1820 1861 1862 1821
f 1821 1862 1863 1822
f 1822 1863 1864 1823
f 1823 1864 1865 1824
f 1824 1865 1866 1825
f 1825 1866 1867 1826
f 1826 1867 1868 1827
f 1827 1868 1869 1828
f 1828 1869 1870 1829
f 1829 1870 1871 1830
f 1830 1871 1872 1831
f 1831 1872 1873 1832
f 1832 1873 1874 1833
f 1833 1874 1875 1834
f 1834 1875 1876 1835
f 1835 1876 1877 1836
f 1836 1877 1878 1837
f 1837 1878 1879 1838
f 1838 1879 1880 1839
f 1839 1880 1881 1840
f 1840 1881 1882 1841
f 1841 1882 1883 1842
f 1842 1883 1884 1843
f 1843 1884 1885 1844
f 1844 1885 1886 1845
f 1846 1887 1888 1847
f 1847 1888 1889 1848
f 1848 1889 1890 1849
f 1849 1890 1891 1850
f 1850 1891 1892 1851
f 1851 1892 1893 1852
f 1852 1893 1894 1853
f 1853 1894 1895 1854
f 1854 1895 1896 1855
f 1855 1896 1897 1856
f 1856 1897 1898 1857
f 1857 1898 1899 1858
f 1858 1899 1900 1859
f 1859 1900 1901 1860
f 1860 1901 1902 1861
f 1861 1902 1903 1862
f 1862 1903 1904 1863
f 1863 1904 1905 1864
f 1864 1905 1906 1865
f 1865 1906 1907 1866
f 1866 1907 1908 1867
f 1867 1908 1909 1868
f 1868 1909 1910 1869
f 1869 1910 1911 1870
f 1870 1911 1912 1871
f 1871 1912 1913 1872
f 1872 1913 1914 1873
f 1873 1914 1915 1874
f 1874 1915 1916 1875
f 1875 1916 1917 1876
f 1876 1917 1918 1877
f 1877 1918 1919 1878
f 1878 1919 1920 1879
f 1879 1920 1921 1880
f 1880 1921 1922 1881
f 1881 1922 1923 1882
f 1882 1923 1924 1883
f 1883 1924 1925 1884
f 1884 1925 1926 1885
f 1885 1926 1927 1886
f 1887 1928 1929 1888
f 1888 1929 1930 1889
f 1889 1930 1931 1890
f 1890 1931 1932 1891
f 1891 1932 1933 1892
f 1892 1933 1934 1893
f 1893 1934 1935 1894
f 1894 1935 1936 1895
f 1895 1936 1937 1896
f 1896 1937 1938 1897
f 1897 1938 1939 1898
f 1898 1939 1940 1899
f 1899 1940 1941 1900
f 1900 1941 1942 1901
f 1901 1942 1943 1902
f 1902 1943 1944 1903
f 1903 1944 1945 1904
f 1904 1945 1946 1905
f 1905 1946 1947 1906
f 1906 1947 1948 1907
f 1907 1948 1949 1908
f 1908 1949 1950 1909
f 1909 1950 1951 1910
f 1910 1951 1952 1911
f 1911 1952 1953 1912
f 1912 1953 1954 1913
f 1913 1954 1955 1914
f 1914 1955 1956 1915
f 1915 1956 1957 1916
f 1916 1957 1958 1917
f 1917 1958 1959 1918
f 1918 1959 1960 1919
f 1919 1960 1961 1920
f 1920 1961 1962 1921
f 1921 1962 1963 1922
f 1922 1963 1964 1923
f 1923 1964 1965 1924
f 1924 1965 1966 1925
f 1925 1966 1967 1926
f 1926 1967 1968 1927
f 1928 1969 1970 1929
f 1929 1970 1971 1930
f 1930 1971 1972 1931
f 1931 1972 1973 1932
f 1932 1973 1974 1933
f 1933 1974 1975 1934
f 1934 1975 1976 1935
f 1935 1976 1977 1936
f 1936 1977 1978 1937
f 1937 1978 1979 1938
f 1938 1979 1980 1939
f 1939 1980 1981 1940
f 1940 1981 1982 1941
f 1941 1982 1983 1942
f 1942 1983 1984 1943
f 1943 1984 1985 1944
f 1944 1985 1986 1945
f 1945 1986 1987 1946
f 1946 1987 1988 1947
f 1947 1988 1989 1948
f 1948 1989 1990 1949
f 1949 1990 1991 1950
f 1950 1991 1992 1951
f 1951 1992 1993 1952
f 1952 1993 1994 1953
f 1953 1994 1995 1954
f 1954 1995 1996 1955
f 1955 1996 1997 1956
f 1956 1997 1998 1957
f 1957 1998 1999 1958
f 1958 1999 2000 1959
f 1959 2000 2001 1960
f 1960 2001 2002 1961
f 1961 2002 2003 1962
f 1962 2003 2004 1963
f 1963 2004 2005 1964
f 1964 2005 2006 1965
f 1965 2006 2007 1966
f 1966 2007 2008 1967
f 1967 2008 2009 1968
f 1969 2010 2011 1970
f 1970 2011 2012 1971
f 1971 2012 2013 1972
f 1972 2013 2014 1973
f 1973 2014 2015 1974
f 1974 2015 2016 1975
f 1975 2016 2017 1976
f 1976 2017 2018 1977
f 1977 2018 2019 1978
f 1978 2019 2020 1979
f 1979 2020 2021 1980
f 1980 2021 2022 1981
f 1981 2022 2023 1982
f 1982 2023 2024 1983
f 1983 2024 2025 1984
f 1984 2025 2026 1985
f 1985 2026 2027 1986
f 1986 2027 2028 1987
f 1987 2028 2029 1988
f 1988 2029 2030 1989
f 1989 2030 2031 1990
f 1990 2031 2032 1991
f 1991 2032 2033 1992
f 1992 2033 2034 1993
f 1993 2034 2035 1994
f 1994 2035 2036 1995
f 1995 2036 2037 1996
f 1996 2037 2038 1997
f 1997 2038 2039 1998
f 1998 2039 2040 1999
f 1999 2040 2041 2000
f 2000 2041 2042 2001
f 2001 2042 2043 2002
f 2002 2043 2044 2003
f 2003 2044 2045 2004
f 2004 2045 2046 2005
f 2005 2046 2047 2006
f 2006 2047 2048 2007
f 2007 2048 2049 2008
f 2008 2049 2050 2009
f 2010 2051 2052 2011
f 2011 2052 2053 2012
f 2012 2053 2054 2013
f 2013 2054 2055 2014
f 2014 2055 2056 2015
f 2015 2056 2057 2016
f 2016 2057 2058 2017
f 2017 2058 2059 2018
f 2018 2059 2060 2019
f 2019 2060 2061 2020
f 2020 2061 2062 2021
f 2021 2062 2063 2022
f 2022 2063 2064 2023
f 2023 2064 2065 2024
f 2024 2065 2066 2025
f 2025 2066 2067 2026
f 2026 2067 2068 2027
f 2027 2068 2069 2028
f 2028 2069 2070 2029
f 2029 2070 2071 2030
f 2030 2071 2072 2031
f 2031 2072 2073 2032
f 2032 2073 2074 2033
f 2033 2074 2075 2034
f 2034 2075 2076 2035
f 2035 2076 2077 2036
f 2036 2077 2078 2037
f 2037 2078 2079 2038
f 2038 2079 2080 2039
f 2039 2080 2081 2040
f 2040 2081 2082 2041
f 2041 2082 2083 2042
f 2042 2083 2084 2043
f 2043 2084 2085 2044
f 2044 2085 2086 2045
f 2045 2086 2087 2046
f 2046 2087 2088 2047
f 2047 2088 2089 2048
f 2048 2089 2090 2049
f 2049 2090 2091 2050
o water
v -50.0000 0.0000 -40.0000
v 50.0000 0.0000 -40.0000
v 50.0000 0.0000 40.0000
v -50.0000 0.0000 40.0000
usemtl water_sea
f 2092 2093 2094 2095
o lighthouse_tower
v -1.5000 8.9000 0.0000
v 1.5000 8.9000 0.0000
v 1.5000 35.0000 0.0000
v -1.5000 35.0000 0.0000
v 0.0000 8.9000 -1.5000
v 0.0000 8.9000 1.5000
v 0.0000 35.0000 1.5000
v 0.0000 35.0000 -1.5000
usemtl lighthouse_tower_lh_white
f 2096 2097 2098 2099
usemtl lighthouse_tower_lh_red
f 2100 2101 2102 2103
o house_1_timber
v 3.3564 5.5000 10.1859
v 8.9564 5.5000 10.1859
v 8.9564 5.5000 15.1859
v 3.3564 5.5000 15.1859
v 3.3564 5.8000 10.1859
v 8.9564 5.8000 10.1859
v 8.9564 5.8000 15.1859
v 3.3564 5.8000 15.1859
v 3.4564 5.8000 10.2859
v 6.1564 5.8000 10.2859
v 6.1564 5.8000 15.0859
v 3.4564 5.8000 15.0859
v 3.4564 8.7000 10.2859
v 6.1564 8.7000 10.2859
v 6.1564 8.7000 15.0859
v 3.4564 8.7000 15.0859
v 6.1564 5.8000 10.2859
v 8.8564 5.8000 10.2859
v 8.8564 5.8000 15.0859
v 6.1564 5.8000 15.0859
v 6.1564 8.7000 10.2859
v 8.8564 8.7000 10.2859
v 8.8564 8.7000 15.0859
v 6.1564 8.7000 15.0859
v 3.3564 8.7000 10.1859
v 8.9564 8.7000 10.1859
v 8.9564 8.7000 15.1859
v 3.3564 8.7000 15.1859
v 3.3564 10.1000 12.6859
v 8.9564 10.1000 12.6859
v 5.4564 5.8000 10.1259
v 6.8564 5.8000 10.1259
v 6.8564 5.8000 10.2059
v 5.4564 5.8000 10.2059
v 5.4564 7.8000 10.1259
v 6.8564 7.8000 10.1259
v 6.8564 7.8000 10.2059
v 5.4564 7.8000 10.2059
v 5.6064 5.8000 10.1059
v 6.7064 5.8000 10.1059
v 6.7064 5.8000 10.1959
v 5.6064 5.8000 10.1959
v 5.6064 7.6500 10.1059
v 6.7064 7.6500 10.1059
v 6.7064 7.6500 10.1959
v 5.6064 7.6500 10.1959
v 7.4564 9.7000 12.3859
v 8.0564 9.7000 12.3859
v 8.0564 9.7000 12.9859
v 7.4564 9.7000 12.9859
v 7.4564 10.7000 12.3859
v 8.0564 10.7000 12.3859
v 8.0564 10.7000 12.9859
v 7.4564 10.7000 12.9859
v 3.6764 5.8000 10.1459
v 3.8364 5.8000 10.1459
v 3.8364 5.8000 10.1859
v 3.6764 5.8000 10.1859
v 3.6764 8.7000 10.1459
v 3.8364 8.7000 10.1459
v 3.8364 8.7000 10.1859
v 3.6764 8.7000 10.1859
v 4.6764 5.8000 10.1459
v 4.8364 5.8000 10.1459
v 4.8364 5.8000 10.1859
v 4.6764 5.8000 10.1859
v 4.6764 8.7000 10.1459
v 4.8364 8.7000 10.1459
v 4.8364 8.7000 10.1859
v 4.6764 8.7000 10.1859
v 6.4764 5.8000 10.1459
v 6.6364 5.8000 10.1459
v 6.6364 5.8000 10.1859
v 6.4764 5.8000 10.1859
v 6.4764 8.7000 10.1459
v 6.6364 8.7000 10.1459
v 6.6364 8.7000 10.1859
v 6.4764 8.7000 10.1859
v 7.8764 5.8000 10.1459
v 8.0364 5.8000 10.1459
v 8.0364 5.8000 10.1859
v 7.8764 5.8000 10.1859
v 7.8764 8.7000 10.1459
v 8.0364 8.7000 10.1459
v 8.0364 8.7000 10.1859
v 7.8764 8.7000 10.1859
v 3.3564 7.2000 10.1459
v 8.9564 7.2000 10.1459
v 8.9564 7.2000 10.1859
v 3.3564 7.2000 10.1859
v 3.3564 7.3600 10.1459
v 8.9564 7.3600 10.1459
v 8.9564 7.3600 10.1859
v 3.3564 7.3600 10.1859
v 4.1064 6.6500 10.1359
v 5.2064 6.6500 10.1359
v 5.2064 6.6500 10.2059
v 4.1064 6.6500 10.2059
v 4.1064 7.7500 10.1359
v 5.2064 7.7500 10.1359
v 5.2064 7.7500 10.2059
v 4.1064 7.7500 10.2059
v 4.2564 6.8000 10.1159
v 5.0564 6.8000 10.1159
v 5.0564 6.8000 10.1959
v 4.2564 6.8000 10.1959
v 4.2564 7.6000 10.1159
v 5.0564 7.6000 10.1159
v 5.0564 7.6000 10.1959
v 4.2564 7.6000 10.1959
v 7.1064 6.6500 10.1359
v 8.2064 6.6500 10.1359
v 8.2064 6.6500 10.2059
v 7.1064 6.6500 10.2059
v 7.1064 7.7500 10.1359
v 8.2064 7.7500 10.1359
v 8.2064 7.7500 10.2059
v 7.1064 7.7500 10.2059
v 7.2564 6.8000 10.1159
v 8.0564 6.8000 10.1159
v 8.0564 6.8000 10.1959
v 7.2564 6.8000 10.1959
v 7.2564 7.6000 10.1159
v 8.0564 7.6000 10.1159
v 8.0564 7.6000 10.1959
v 7.2564 7.6000 10.1959
usemtl house_1_timber_foundation
f 2104 2105 2106 2107
f 2108 2109 2110 2111
f 2104 2105 2109 2108
f 2106 2107 2111 2110
f 2105 2106 2110 2109
f 2107 2104 2108 2111
usemtl house_1_timber_wall_0
f 2112 2113 2114 2115
f 2116 2117 2118 2119
f 2112 2113 2117 2116
f 2114 2115 2119 2118
f 2113 2114 2118 2117
f 2115 2112 2116 2119
usemtl house_1_timber_wall_1
f 2120 2121 2122 2123
f 2124 2125 2126 2127
f 2120 2121 2125 2124
f 2122 2123 2127 2126
f 2121 2122 2126 2125
f 2123 2120 2124 2127
usemtl house_1_timber_roof_0
f 2128 2129 2133 2132
usemtl house_1_timber_roof_1
f 2131 2130 2133 2132
usemtl house_1_timber_wall_0
f 2128 2131 2132
usemtl house_1_timber_wall_1
f 2129 2130 2133
usemtl house_1_timber_frame
f 2134 2135 2136 2137
f 2138 2139 2140 2141
f 2134 2135 2139 2138
f 2136 2137 2141 2140
f 2135 2136 2140 2139
f 2137 2134 2138 2141
usemtl house_1_timber_door
f 2142 2143 2144 2145
f 2146 2147 2148 2149
f 2142 2143 2147 2146
f 2144 2145 2149 2148
f 2143 2144 2148 2147
f 2145 2142 2146 2149
usemtl house_1_timber_chimney
f 2150 2151 2152 2153
f 2154 2155 2156 2157
f 2150 2151 2155 2154
f 2152 2153 2157 2156
f 2151 2152 2156 2155
f 2153 2150 2154 2157
usemtl house_1_timber_beam
f 2158 2159 2160 2161
f 2162 2163 2164 2165
f 2158 2159 2163 2162
f 2160 2161 2165 2164
f 2159 2160 2164 2163
f 2161 2158 2162 2165
f 2166 2167 2168 2169
f 2170 2171 2172 2173
f 2166 2167 2171 2170
f 2168 2169 2173 2172
f 2167 2168 2172 2171
f 2169 2166 2170 2173
f 2174 2175 2176 2177
f 2178 2179 2180 2181
f 2174 2175 2179 2178
f 2176 2177 2181 2180
f 2175 2176 2180 2179
f 2177 2174 2178 2181
f 2182 2183 2184 2185
f 2186 2187 2188 2189
f 2182 2183 2187 2186
f 2184 2185 2189 2188
f 2183 2184 2188 2187
f 2185 2182 2186 2189
f 2190 2191 2192 2193
f 2194 2195 2196 2197
f 2190 2191 2195 2194
f 2192 2193 2197 2196
f 2191 2192 2196 2195
f 2193 2190 2194 2197
usemtl house_1_timber_frame
f 2198 2199 2200 2201
f 2202 2203 2204 2205
f 2198 2199 2203 2202
f 2200 2201 2205 2204
f 2199 2200 2204 2203
f 2201 2198 2202 2205
usemtl house_1_timber_glass
f 2206 2207 2208 2209
f 2210 2211 2212 2213
f 2206 2207 2211 2210
f 2208 2209 2213 2212
f 2207 2208 2212 2211
f 2209 2206 2210 2213
usemtl house_1_timber_frame
f 2214 2215 2216 2217
f 2218 2219 2220 2221
f 2214 2215 2219 2218
f 2216 2217 2221 2220
f 2215 2216 2220 2219
f 2217 2214 2218 2221
usemtl house_1_timber_glass
f 2222 2223 2224 2225
f 2226 2227 2228 2229
f 2222 2223 2227 2226
f 2224 2225 2229 2228
f 2223 2224 2228 2227
f 2225 2222 2226 2229
o house_2_stone
v -4.7688 5.5000 10.7486
v 1.6312 5.5000 10.7486
v 1.6312 5.5000 16.1486
v -4.7688 5.5000 16.1486
v -4.7688 5.8000 10.7486
v 1.6312 5.8000 10.7486
v 1.6312 5.8000 16.1486
v -4.7688 5.8000 16.1486
v -4.6688 5.8000 10.8486
v -1.5688 5.8000 10.8486
v -1.5688 5.8000 16.0486
v -4.6688 5.8000 16.0486
v -4.6688 8.1000 10.8486
v -1.5688 8.1000 10.8486
v -1.5688 8.1000 16.0486
v -4.6688 8.1000 16.0486
v -1.5688 5.8000 10.8486
v 1.5312 5.8000 10.8486
v 1.5312 5.8000 16.0486
v -1.5688 5.8000 16.0486
v -1.5688 8.1000 10.8486
v 1.5312 8.1000 10.8486
v 1.5312 8.1000 16.0486
v -1.5688 8.1000 16.0486
v -4.7688 8.1000 10.7486
v 1.6312 8.1000 10.7486
v 1.6312 8.1000 16.1486
v -4.7688 8.1000 16.1486
v -4.7688 9.3000 13.4486
v 1.6312 9.3000 13.4486
v -2.2688 5.8000 10.6886
v -0.8688 5.8000 10.6886
v -0.8688 5.8000 10.7686
v -2.2688 5.8000 10.7686
v -2.2688 7.8000 10.6886
v -0.8688 7.8000 10.6886
v -0.8688 7.8000 10.7686
v -2.2688 7.8000 10.7686
v -2.1188 5.8000 10.6686
v -1.0188 5.8000 10.6686
v -1.0188 5.8000 10.7586
v -2.1188 5.8000 10.7586
v -2.1188 7.6500 10.6686
v -1.0188 7.6500 10.6686
v -1.0188 7.6500 10.7586
v -2.1188 7.6500 10.7586
v 0.1312 8.9000 13.1486
v 0.7312 8.9000 13.1486
v 0.7312 8.9000 13.7486
v 0.1312 8.9000 13.7486
v 0.1312 9.9000 13.1486
v 0.7312 9.9000 13.1486
v 0.7312 9.9000 13.7486
v 0.1312 9.9000 13.7486
v -3.8188 6.6500 10.6986
v -2.7188 6.6500 10.6986
v -2.7188 6.6500 10.7686
v -3.8188 6.6500 10.7686
v -3.8188 7.5500 10.6986
v -2.7188 7.5500 10.6986
v -2.7188 7.5500 10.7686
v -3.8188 7.5500 10.7686
v -3.6688 6.8000 10.6786
v -2.8688 6.8000 10.6786
v -2.8688 6.8000 10.7586
v -3.6688 6.8000 10.7586
v -3.6688 7.4000 10.6786
v -2.8688 7.4000 10.6786
v -2.8688 7.4000 10.7586
v -3.6688 7.4000 10.7586
v -0.4188 6.6500 10.6986
v 0.6812 6.6500 10.6986
v 0.6812 6.6500 10.7686
v -0.4188 6.6500 10.7686
v -0.4188 7.5500 10.6986
v 0.6812 7.5500 10.6986
v 0.6812 7.5500 10.7686
v -0.4188 7.5500 10.7686
v -0.2688 6.8000 10.6786
v 0.5312 6.8000 10.6786
v 0.5312 6.8000 10.7586
v -0.2688 6.8000 10.7586
v -0.2688 7.4000 10.6786
v 0.5312 7.4000 10.6786
v 0.5312 7.4000 10.7586
v -0.2688 7.4000 10.7586
usemtl house_2_stone_foundation
f 2230 2231 2232 2233
f 2234 2235 2236 2237
f 2230 2231 2235 2234
f 2232 2233 2237 2236
f 2231 2232 2236 2235
f 2233 2230 2234 2237
usemtl house_2_stone_stone_0
f 2238 2239 2240 2241
f 2242 2243 2244 2245
f 2238 2239 2243 2242
f 2240 2241 2245 2244
f 2239 2240 2244 2243
f 2241 2238 2242 2245
usemtl house_2_stone_stone_1
f 2246 2247 2248 2249
f 2250 2251 2252 2253
f 2246 2247 2251 2250
f 2248 2249 2253 2252
f 2247 2248 2252 2251
f 2249 2246 2250 2253
usemtl house_2_stone_roof_0
f 2254 2255 2259 2258
usemtl house_2_stone_roof_1
f 2257 2256 2259 2258
usemtl house_2_stone_stone_0
f 2254 2257 2258
usemtl house_2_stone_stone_1
f 2255 2256 2259
usemtl house_2_stone_frame
f 2260 2261 2262 2263
f 2264 2265 2266 2267
f 2260 2261 2265 2264
f 2262 2263 2267 2266
f 2261 2262 2266 2265
f 2263 2260 2264 2267
usemtl house_2_stone_door
f 2268 2269 2270 2271
f 2272 2273 2274 2275
f 2268 2269 2273 2272
f 2270 2271 2275 2274
f 2269 2270 2274 2273
f 2271 2268 2272 2275
usemtl house_2_stone_chimney
f 2276 2277 2278 2279
f 2280 2281 2282 2283
f 2276 2277 2281 2280
f 2278 2279 2283 2282
f 2277 2278 2282 2281
f 2279 2276 2280 2283
usemtl house_2_stone_frame
f 2284 2285 2286 2287
f 2288 2289 2290 2291
f 2284 2285 2289 2288
f 2286 2287 2291 2290
f 2285 2286 2290 2289
f 2287 2284 2288 2291
usemtl house_2_stone_glass
f 2292 2293 2294 2295
f 2296 2297 2298 2299
f 2292 2293 2297 2296
f 2294 2295 2299 2298
f 2293 2294 2298 2297
f 2295 2292 2296 2299
usemtl house_2_stone_frame
f 2300 2301 2302 2303
f 2304 2305 2306 2307
f 2300 2301 2305 2304
f 2302 2303 2307 2306
f 2301 2302 2306 2305
f 2303 2300 2304 2307
usemtl house_2_stone_glass
f 2308 2309 2310 2311
f 2312 2313 2314 2315
f 2308 2309 2313 2312
f 2310 2311 2315 2314
f 2309 2310 2314 2313
f 2311 2308 2312 2315
o house_3_two_story
v -11.6000 5.5000 9.4913
v -6.4000 5.5000 9.4913
v -6.4000 5.5000 13.8913
v -11.6000 5.5000 13.8913
v -11.6000 5.8000 9.4913
v -6.4000 5.8000 9.4913
v -6.4000 5.8000 13.8913
v -11.6000 5.8000 13.8913
v -11.5000 5.8000 9.5913
v -9.0000 5.8000 9.5913
v -9.0000 5.8000 13.7913
v -11.5000 5.8000 13.7913
v -11.5000 10.8000 9.5913
v -9.0000 10.8000 9.5913
v -9.0000 10.8000 13.7913
v -11.5000 10.8000 13.7913
v -9.0000 5.8000 9.5913
v -6.5000 5.8000 9.5913
v -6.5000 5.8000 13.7913
v -9.0000 5.8000 13.7913
v -9.0000 10.8000 9.5913
v -6.5000 10.8000 9.5913
v -6.5000 10.8000 13.7913
v -9.0000 10.8000 13.7913
v -11.6000 10.8000 9.4913
v -6.4000 10.8000 9.4913
v -6.4000 10.8000 13.8913
v -11.6000 10.8000 13.8913
v -11.6000 12.3000 11.6913
v -6.4000 12.3000 11.6913
v -9.7000 5.8000 9.4313
v -8.3000 5.8000 9.4313
v -8.3000 5.8000 9.5113
v -9.7000 5.8000 9.5113
v -9.7000 7.8000 9.4313
v -8.3000 7.8000 9.4313
v -8.3000 7.8000 9.5113
v -9.7000 7.8000 9.5113
v -9.5500 5.8000 9.4113
v -8.4500 5.8000 9.4113
v -8.4500 5.8000 9.5013
v -9.5500 5.8000 9.5013
v -9.5500 7.6500 9.4113
v -8.4500 7.6500 9.4113
v -8.4500 7.6500 9.5013
v -9.5500 7.6500 9.5013
v -7.9000 11.9000 11.3913
v -7.3000 11.9000 11.3913
v -7.3000 11.9000 11.9913
v -7.9000 11.9000 11.9913
v -7.9000 12.9000 11.3913
v -7.3000 12.9000 11.3913
v -7.3000 12.9000 11.9913
v -7.9000 12.9000 11.9913
v -11.2500 6.4500 9.4413
v -10.1500 6.4500 9.4413
v -10.1500 6.4500 9.5113
v -11.2500 6.4500 9.5113
v -11.2500 7.5500 9.4413
v -10.1500 7.5500 9.4413
v -10.1500 7.5500 9.5113
v -11.2500 7.5500 9.5113
v -11.1000 6.6000 9.4213
v -10.3000 6.6000 9.4213
v -10.3000 6.6000 9.5013
v -11.1000 6.6000 9.5013
v -11.1000 7.4000 9.4213
v -10.3000 7.4000 9.4213
v -10.3000 7.4000 9.5013
v -11.1000 7.4000 9.5013
v -7.8500 6.4500 9.4413
v -6.7500 6.4500 9.4413
v -6.7500 6.4500 9.5113
v -7.8500 6.4500 9.5113
v -7.8500 7.5500 9.4413
v -6.7500 7.5500 9.4413
v -6.7500 7.5500 9.5113
v -7.8500 7.5500 9.5113
v -7.7000 6.6000 9.4213
v -6.9000 6.6000 9.4213
v -6.9000 6.6000 9.5013
v -7.7000 6.6000 9.5013
v -7.7000 7.4000 9.4213
v -6.9000 7.4000 9.4213
v -6.9000 7.4000 9.5013
v -7.7000 7.4000 9.5013
v -11.2500 8.9500 9.4413
v -10.1500 8.9500 9.4413
v -10.1500 8.9500 9.5113
v -11.2500 8.9500 9.5113
v -11.2500 10.0500 9.4413
v -10.1500 10.0500 9.4413
v -10.1500 10.0500 9.5113
v -11.2500 10.0500 9.5113
v -11.1000 9.1000 9.4213
v -10.3000 9.1000 9.4213
v -10.3000 9.1000 9.5013
v -11.1000 9.1000 9.5013
v -11.1000 9.9000 9.4213
v -10.3000 9.9000 9.4213
v -10.3000 9.9000 9.5013
v -11.1000 9.9000 9.5013
v -7.8500 8.9500 9.4413
v -6.7500 8.9500 9.4413
v -6.7500 8.9500 9.5113
v -7.8500 8.9500 9.5113
v -7.8500 10.0500 9.4413
v -6.7500 10.0500 9.4413
v -6.7500 10.0500 9.5113
v -7.8500 10.0500 9.5113
v -7.7000 9.1000 9.4213
v -6.9000 9.1000 9.4213
v -6.9000 9.1000 9.5013
v -7.7000 9.1000 9.5013
v -7.7000 9.9000 9.4213
v -6.9000 9.9000 9.4213
v -6.9000 9.9000 9.5013
v -7.7000 9.9000 9.5013
usemtl house_3_two_story_foundation
f 2316 2317 2318 2319
f 2320 2321 2322 2323
f 2316 2317 2321 2320
f 2318 2319 2323 2322
f 2317 2318 2322 2321
f 2319 2316 2320 2323
usemtl house_3_two_story_wall_0
f 2324 2325 2326 2327
f 2328 2329 2330 2331
f 2324 2325 2329 2328
f 2326 2327 2331 2330
f 2325 2326 2330 2329
f 2327 2324 2328 2331
usemtl house_3_two_story_wall_1
f 2332 2333 2334 2335
f 2336 2337 2338 2339
f 2332 2333 2337 2336
f 2334 2335 2339 2338
f 2333 2334 2338 2337
f 2335 2332 2336 2339
usemtl house_3_two_story_roof_0
f 2340 2341 2345 2344
usemtl house_3_two_story_roof_1
f 2343 2342 2345 2344
usemtl house_3_two_story_wall_0
f 2340 2343 2344
usemtl house_3_two_story_wall_1
f 2341 2342 2345
usemtl house_3_two_story_frame
f 2346 2347 2348 2349
f 2350 2351 2352 2353
f 2346 2347 2351 2350
f 2348 2349 2353 2352
f 2347 2348 2352 2351
f 2349 2346 2350 2353
usemtl house_3_two_story_door
f 2354 2355 2356 2357
f 2358 2359 2360 2361
f 2354 2355 2359 2358
f 2356 2357 2361 2360
f 2355 2356 2360 2359
f 2357 2354 2358 2361
usemtl house_3_two_story_chimney
f 2362 2363 2364 2365
f 2366 2367 2368 2369
f 2362 2363 2367 2366
f 2364 2365 2369 2368
f 2363 2364 2368 2367
f 2365 2362 2366 2369
usemtl house_3_two_story_frame
f 2370 2371 2372 2373
f 2374 2375 2376 2377
f 2370 2371 2375 2374
f 2372 2373 2377 2376
f 2371 2372 2376 2375
f 2373 2370 2374 2377
usemtl house_3_two_story_glass
f 2378 2379 2380 2381
f 2382 2383 2384 2385
f 2378 2379 2383 2382
f 2380 2381 2385 2384
f 2379 2380 2384 2383
f 2381 2378 2382 2385
usemtl house_3_two_story_frame
f 2386 2387 2388 2389
f 2390 2391 2392 2393
f 2386 2387 2391 2390
f 2388 2389 2393 2392
f 2387 2388 2392 2391
f 2389 2386 2390 2393
usemtl house_3_two_story_glass
f 2394 2395 2396 2397
f 2398 2399 2400 2401
f 2394 2395 2399 2398
f 2396 2397 2401 2400
f 2395 2396 2400 2399
f 2397 2394 2398 2401
usemtl house_3_two_story_frame
f 2402 2403 2404 2405
f 2406 2407 2408 2409
f 2402 2403 2407 2406
f 2404 2405 2409 2408
f 2403 2404 2408 2407
f 2405 2402 2406 2409
usemtl house_3_two_story_glass
f 2410 2411 2412 2413
f 2414 2415 2416 2417
f 2410 2411 2415 2414
f 2412 2413 2417 2416
f 2411 2412 2416 2415
f 2413 2410 2414 2417
usemtl house_3_two_story_frame
f 2418 2419 2420 2421
f 2422 2423 2424 2425
f 2418 2419 2423 2422
f 2420 2421 2425 2424
f 2419 2420 2424 2423
f 2421 2418 2422 2425
usemtl house_3_two_story_glass
f 2426 2427 2428 2429
f 2430 2431 2432 2433
f 2426 2427 2431 2430
f 2428 2429 2433 2432
f 2427 2428 2432 2431
f 2429 2426 2430 2433
o house_4_timber
v -18.3649 5.5000 4.6539
v -12.1649 5.5000 4.6539
v -12.1649 5.5000 9.6539
v -18.3649 5.5000 9.6539
v -18.3649 5.8000 4.6539
v -12.1649 5.8000 4.6539
v -12.1649 5.8000 9.6539
v -18.3649 5.8000 9.6539
v -18.2649 5.8000 4.7539
v -15.2649 5.8000 4.7539
v -15.2649 5.8000 9.5539
v -18.2649 5.8000 9.5539
v -18.2649 8.7000 4.7539
v -15.2649 8.7000 4.7539
v -15.2649 8.7000 9.5539
v -18.2649 8.7000 9.5539
v -15.2649 5.8000 4.7539
v -12.2649 5.8000 4.7539
v -12.2649 5.8000 9.5539
v -15.2649 5.8000 9.5539
v -15.2649 8.7000 4.7539
v -12.2649 8.7000 4.7539
v -12.2649 8.7000 9.5539
v -15.2649 8.7000 9.5539
v -18.3649 8.7000 4.6539
v -12.1649 8.7000 4.6539
v -12.1649 8.7000 9.6539
v -18.3649 8.7000 9.6539
v -18.3649 10.1000 7.1539
v -12.1649 10.1000 7.1539
v -15.9649 5.8000 4.5939
v -14.5649 5.8000 4.5939
v -14.5649 5.8000 4.6739
v -15.9649 5.8000 4.6739
v -15.9649 7.8000 4.5939
v -14.5649 7.8000 4.5939
v -14.5649 7.8000 4.6739
v -15.9649 7.8000 4.6739
v -15.8149 5.8000 4.5739
v -14.7149 5.8000 4.5739
v -14.7149 5.8000 4.6639
v -15.8149 5.8000 4.6639
v -15.8149 7.6500 4.5739
v -14.7149 7.6500 4.5739
v -14.7149 7.6500 4.6639
v -15.8149 7.6500 4.6639
v -13.6649 9.7000 6.8539
v -13.0649 9.7000 6.8539
v -13.0649 9.7000 7.4539
v -13.6649 9.7000 7.4539
v -13.6649 10.7000 6.8539
v -13.0649 10.7000 6.8539
v -13.0649 10.7000 7.4539
v -13.6649 10.7000 7.4539
v -18.0449 5.8000 4.6139
v -17.8849 5.8000 4.6139
v -17.8849 5.8000 4.6539
v -18.0449 5.8000 4.6539
v -18.0449 8.7000 4.6139
v -17.8849 8.7000 4.6139
v -17.8849 8.7000 4.6539
v -18.0449 8.7000 4.6539
v -16.8949 5.8000 4.6139
v -16.7349 5.8000 4.6139
v -16.7349 5.8000 4.6539
v -16.8949 5.8000 4.6539
v -16.8949 8.7000 4.6139
v -16.7349 8.7000 4.6139
v -16.7349 8.7000 4.6539
v -16.8949 8.7000 4.6539
v -14.9449 5.8000 4.6139
v -14.7849 5.8000 4.6139
v -14.7849 5.8000 4.6539
v -14.9449 5.8000 4.6539
v -14.9449 8.7000 4.6139
v -14.7849 8.7000 4.6139
v -14.7849 8.7000 4.6539
v -14.9449 8.7000 4.6539
v -13.3949 5.8000 4.6139
v -13.2349 5.8000 4.6139
v -13.2349 5.8000 4.6539
v -13.3949 5.8000 4.6539
v -13.3949 8.7000 4.6139
v -13.2349 8.7000 4.6139
v -13.2349 8.7000 4.6539
v -13.3949 8.7000 4.6539
v -18.3649 7.2000 4.6139
v -12.1649 7.2000 4.6139
v -12.1649 7.2000 4.6539
v -18.3649 7.2000 4.6539
v -18.3649 7.3600 4.6139
v -12.1649 7.3600 4.6139
v -12.1649 7.3600 4.6539
v -18.3649 7.3600 4.6539
v -17.6149 6.6500 4.6039
v -16.5149 6.6500 4.6039
v -16.5149 6.6500 4.6739
v -17.6149 6.6500 4.6739
v -17.6149 7.7500 4.6039
v -16.5149 7.7500 4.6039
v -16.5149 7.7500 4.6739
v -17.6149 7.7500 4.6739
v -17.4649 6.8000 4.5839
v -16.6649 6.8000 4.5839
v -16.6649 6.8000 4.6639
v -17.4649 6.8000 4.6639
v -17.4649 7.6000 4.5839
v -16.6649 7.6000 4.5839
v -16.6649 7.6000 4.6639
v -17.4649 7.6000 4.6639
v -14.0149 6.6500 4.6039
v -12.9149 6.6500 4.6039
v -12.9149 6.6500 4.6739
v -14.0149 6.6500 4.6739
v -14.0149 7.7500 4.6039
v -12.9149 7.7500 4.6039
v -12.9149 7.7500 4.6739
v -14.0149 7.7500 4.6739
v -13.8649 6.8000 4.5839
v -13.0649 6.8000 4.5839
v -13.0649 6.8000 4.6639
v -13.8649 6.8000 4.6639
v -13.8649 7.6000 4.5839
v -13.0649 7.6000 4.5839
v -13.0649 7.6000 4.6639
v -13.8649 7.6000 4.6639
usemtl house_4_timber_foundation
f 2434 2435 2436 2437
f 2438 2439 2440 2441
f 2434 2435 2439 2438
f 2436 2437 2441 2440
f 2435 2436 2440 2439
f 2437 2434 2438 2441
usemtl house_4_timber_wall_0
f 2442 2443 2444 2445
f 2446 2447 2448 2449
f 2442 2443 2447 2446
f 2444 2445 2449 2448
f 2443 2444 2448 2447
f 2445 2442 2446 2449
usemtl house_4_timber_wall_1
f 2450 2451 2452 2453
f 2454 2455 2456 2457
f 2450 2451 2455 2454
f 2452 2453 2457 2456
f 2451 2452 2456 2455
f 2453 2450 2454 2457
usemtl house_4_timber_roof_0
f 2458 2459 2463 2462
usemtl house_4_timber_roof_1
f 2461 2460 2463 2462
usemtl house_4_timber_wall_0
f 2458 2461 2462
usemtl house_4_timber_wall_1
f 2459 2460 2463
usemtl house_4_timber_frame
f 2464 2465 2466 2467
f 2468 2469 2470 2471
f 2464 2465 2469 2468
f 2466 2467 2471 2470
f 2465 2466 2470 2469
f 2467 2464 2468 2471
usemtl house_4_timber_door
f 2472 2473 2474 2475
f 2476 2477 2478 2479
f 2472 2473 2477 2476
f 2474 2475 2479 2478
f 2473 2474 2478 2477
f 2475 2472 2476 2479
usemtl house_4_timber_chimney
f 2480 2481 2482 2483
f 2484 2485 2486 2487
f 2480 2481 2485 2484
f 2482 2483 2487 2486
f 2481 2482 2486 2485
f 2483 2480 2484 2487
usemtl house_4_timber_beam
f 2488 2489 2490 2491
f 2492 2493 2494 2495
f 2488 2489 2493 2492
f 2490 2491 2495 2494
f 2489 2490 2494 2493
f 2491 2488 2492 2495
f 2496 2497 2498 2499
f 2500 2501 2502 2503
f 2496 2497 2501 2500
f 2498 2499 2503 2502
f 2497 2498 2502 2501
f 2499 2496 2500 2503
f 2504 2505 2506 2507
f 2508 2509 2510 2511
f 2504 2505 2509 2508
f 2506 2507 2511 2510
f 2505 2506 2510 2509
f 2507 2504 2508 2511
f 2512 2513 2514 2515
f 2516 2517 2518 2519
f 2512 2513 2517 2516
f 2514 2515 2519 2518
f 2513 2514 2518 2517
f 2515 2512 2516 2519
f 2520 2521 2522 2523
f 2524 2525 2526 2527
f 2520 2521 2525 2524
f 2522 2523 2527 2526
f 2521 2522 2526 2525
f 2523 2520 2524 2527
usemtl house_4_timber_frame
f 2528 2529 2530 2531
f 2532 2533 2534 2535
f 2528 2529 2533 2532
f 2530 2531 2535 2534
f 2529 2530 2534 2533
f 2531 2528 2532 2535
usemtl house_4_timber_glass
f 2536 2537 2538 2539
f 2540 2541 2542 2543
f 2536 2537 2541 2540
f 2538 2539 2543 2542
f 2537 2538 2542 2541
f 2539 2536 2540 2543
usemtl house_4_timber_frame
f 2544 2545 2546 2547
f 2548 2549 2550 2551
f 2544 2545 2549 2548
f 2546 2547 2551 2550
f 2545 2546 2550 2549
f 2547 2544 2548 2551
usemtl house_4_timber_glass
f 2552 2553 2554 2555
f 2556 2557 2558 2559
f 2552 2553 2557 2556
f 2554 2555 2559 2558
f 2553 2554 2558 2557
f 2555 2552 2556 2559
o house_5_stone
v -21.0562 5.5000 -1.7583
v -14.8562 5.5000 -1.7583
v -14.8562 5.5000 3.6417
v -21.0562 5.5000 3.6417
v -21.0562 5.8000 -1.7583
v -14.8562 5.8000 -1.7583
v -14.8562 5.8000 3.6417
v -21.0562 5.8000 3.6417
v -20.9562 5.8000 -1.6583
v -17.9562 5.8000 -1.6583
v -17.9562 5.8000 3.5417
v -20.9562 5.8000 3.5417
v -20.9562 8.1000 -1.6583
v -17.9562 8.1000 -1.6583
v -17.9562 8.1000 3.5417
v -20.9562 8.1000 3.5417
v -17.9562 5.8000 -1.6583
v -14.9562 5.8000 -1.6583
v -14.9562 5.8000 3.5417
v -17.9562 5.8000 3.5417
v -17.9562 8.1000 -1.6583
v -14.9562 8.1000 -1.6583
v -14.9562 8.1000 3.5417
v -17.9562 8.1000 3.5417
v -21.0562 8.1000 -1.7583
v -14.8562 8.1000 -1.7583
v -14.8562 8.1000 3.6417
v -21.0562 8.1000 3.6417
v -21.0562 9.3000 0.9417
v -14.8562 9.3000 0.9417
v -18.6562 5.8000 -1.8183
v -17.2562 5.8000 -1.8183
v -17.2562 5.8000 -1.7383
v -18.6562 5.8000 -1.7383
v -18.6562 7.8000 -1.8183
v -17.2562 7.8000 -1.8183
v -17.2562 7.8000 -1.7383
v -18.6562 7.8000 -1.7383
v -18.5062 5.8000 -1.8383
v -17.4062 5.8000 -1.8383
v -17.4062 5.8000 -1.7483
v -18.5062 5.8000 -1.7483
v -18.5062 7.6500 -1.8383
v -17.4062 7.6500 -1.8383
v -17.4062 7.6500 -1.7483
v -18.5062 7.6500 -1.7483
v -16.3562 8.9000 0.6417
v -15.7562 8.9000 0.6417
v -15.7562 8.9000 1.2417
v -16.3562 8.9000 1.2417
v -16.3562 9.9000 0.6417
v -15.7562 9.9000 0.6417
v -15.7562 9.9000 1.2417
v -16.3562 9.9000 1.2417
v -20.1062 6.6500 -1.8083
v -19.0062 6.6500 -1.8083
v -19.0062 6.6500 -1.7383
v -20.1062 6.6500 -1.7383
v -20.1062 7.5500 -1.8083
v -19.0062 7.5500 -1.8083
v -19.0062 7.5500 -1.7383
v -20.1062 7.5500 -1.7383
v -19.9562 6.8000 -1.8283
v -19.1562 6.8000 -1.8283
v -19.1562 6.8000 -1.7483
v -19.9562 6.8000 -1.7483
v -19.9562 7.4000 -1.8283
v -19.1562 7.4000 -1.8283
v -19.1562 7.4000 -1.7483
v -19.9562 7.4000 -1.7483
v -16.9062 6.6500 -1.8083
v -15.8062 6.6500 -1.8083
v -15.8062 6.6500 -1.7383
v -16.9062 6.6500 -1.7383
v -16.9062 7.5500 -1.8083
v -15.8062 7.5500 -1.8083
v -15.8062 7.5500 -1.7383
v -16.9062 7.5500 -1.7383
v -16.7562 6.8000 -1.8283
v -15.9562 6.8000 -1.8283
v -15.9562 6.8000 -1.7483
v -16.7562 6.8000 -1.7483
v -16.7562 7.4000 -1.8283
v -15.9562 7.4000 -1.8283
v -15.9562 7.4000 -1.7483
v -16.7562 7.4000 -1.7483
usemtl house_5_stone_foundation
f 2560 2561 2562 2563
f 2564 2565 2566 2567
f 2560 2561 2565 2564
f 2562 2563 2567 2566
f 2561 2562 2566 2565
f 2563 2560 2564 2567
usemtl house_5_stone_stone_0
f 2568 2569 2570 2571
f 2572 2573 2574 2575
f 2568 2569 2573 2572
f 2570 2571 2575 2574
f 2569 2570 2574 2573
f 2571 2568 2572 2575
usemtl house_5_stone_stone_1
f 2576 2577 2578 2579
f 2580 2581 2582 2583
f 2576 2577 2581 2580
f 2578 2579 2583 2582
f 2577 2578 2582 2581
f 2579 2576 2580 2583
usemtl house_5_stone_roof_0
f 2584 2585 2589 2588
usemtl house_5_stone_roof_1
f 2587 2586 2589 2588
usemtl house_5_stone_stone_0
f 2584 2587 2588
usemtl house_5_stone_stone_1
f 2585 2586 2589
usemtl house_5_stone_frame
f 2590 2591 2592 2593
f 2594 2595 2596 2597
f 2590 2591 2595 2594
f 2592 2593 2597 2596
f 2591 2592 2596 2595
f 2593 2590 2594 2597
usemtl house_5_stone_door
f 2598 2599 2600 2601
f 2602 2603 2604 2605
f 2598 2599 2603 2602
f 2600 2601 2605 2604
f 2599 2600 2604 2603
f 2601 2598 2602 2605
usemtl house_5_stone_chimney
f 2606 2607 2608 2609
f 2610 2611 2612 2613
f 2606 2607 2611 2610
f 2608 2609 2613 2612
f 2607 2608 2612 2611
f 2609 2606 2610 2613
usemtl house_5_stone_frame
f 2614 2615 2616 2617
f 2618 2619 2620 2621
f 2614 2615 2619 2618
f 2616 2617 2621 2620
f 2615 2616 2620 2619
f 2617 2614 2618 2621
usemtl house_5_stone_glass
f 2622 2623 2624 2625
f 2626 2627 2628 2629
f 2622 2623 2627 2626
f 2624 2625 2629 2628
f 2623 2624 2628 2627
f 2625 2622 2626 2629
usemtl house_5_stone_frame
f 2630 2631 2632 2633
f 2634 2635 2636 2637
f 2630 2631 2635 2634
f 2632 2633 2637 2636
f 2631 2632 2636 2635
f 2633 2630 2634 2637
usemtl house_5_stone_glass
f 2638 2639 2640 2641
f 2642 2643 2644 2645
f 2638 2639 2643 2642
f 2640 2641 2645 2644
f 2639 2640 2644 2643
f 2641 2638 2642 2645
o house_6_two_story
v -18.9438 5.5000 -7.6909
v -13.9438 5.5000 -7.6909
v -13.9438 5.5000 -3.2909
v -18.9438 5.5000 -3.2909
v -18.9438 5.8000 -7.6909
v -13.9438 5.8000 -7.6909
v -13.9438 5.8000 -3.2909
v -18.9438 5.8000 -3.2909
v -18.8438 5.8000 -7.5909
v -16.4438 5.8000 -7.5909
v -16.4438 5.8000 -3.3909
v -18.8438 5.8000 -3.3909
v -18.8438 10.8000 -7.5909
v -16.4438 10.8000 -7.5909
v -16.4438 10.8000 -3.3909
v -18.8438 10.8000 -3.3909
v -16.4438 5.8000 -7.5909
v -14.0438 5.8000 -7.5909
v -14.0438 5.8000 -3.3909
v -16.4438 5.8000 -3.3909
v -16.4438 10.8000 -7.5909
v -14.0438 10.8000 -7.5909
v -14.0438 10.8000 -3.3909
v -16.4438 10.8000 -3.3909
v -18.9438 10.8000 -7.6909
v -13.9438 10.8000 -7.6909
v -13.9438 10.8000 -3.2909
v -18.9438 10.8000 -3.2909
v -18.9438 12.3000 -5.4909
v -13.9438 12.3000 -5.4909
v -17.1438 5.8000 -7.7509
v -15.7438 5.8000 -7.7509
v -15.7438 5.8000 -7.6709
v -17.1438 5.8000 -7.6709
v -17.1438 7.8000 -7.7509
v -15.7438 7.8000 -7.7509
v -15.7438 7.8000 -7.6709
v -17.1438 7.8000 -7.6709
v -16.9938 5.8000 -7.7709
v -15.8938 5.8000 -7.7709
v -15.8938 5.8000 -7.6809
v -16.9938 5.8000 -7.6809
v -16.9938 7.6500 -7.7709
v -15.8938 7.6500 -7.7709
v -15.8938 7.6500 -7.6809
v -16.9938 7.6500 -7.6809
v -15.4438 11.9000 -5.7909
v -14.8438 11.9000 -5.7909
v -14.8438 11.9000 -5.1909
v -15.4438 11.9000 -5.1909
v -15.4438 12.9000 -5.7909
v -14.8438 12.9000 -5.7909
v -14.8438 12.9000 -5.1909
v -15.4438 12.9000 -5.1909
v -18.5938 6.4500 -7.7409
v -17.4938 6.4500 -7.7409
v -17.4938 6.4500 -7.6709
v -18.5938 6.4500 -7.6709
v -18.5938 7.5500 -7.7409
v -17.4938 7.5500 -7.7409
v -17.4938 7.5500 -7.6709
v -18.5938 7.5500 -7.6709
v -18.4438 6.6000 -7.7609
v -17.6438 6.6000 -7.7609
v -17.6438 6.6000 -7.6809
v -18.4438 6.6000 -7.6809
v -18.4438 7.4000 -7.7609
v -17.6438 7.4000 -7.7609
v -17.6438 7.4000 -7.6809
v -18.4438 7.4000 -7.6809
v -15.3938 6.4500 -7.7409
v -14.2938 6.4500 -7.7409
v -14.2938 6.4500 -7.6709
v -15.3938 6.4500 -7.6709
v -15.3938 7.5500 -7.7409
v -14.2938 7.5500 -7.7409
v -14.2938 7.5500 -7.6709
v -15.3938 7.5500 -7.6709
v -15.2438 6.6000 -7.7609
v -14.4438 6.6000 -7.7609
v -14.4438 6.6000 -7.6809
v -15.2438 6.6000 -7.6809
v -15.2438 7.4000 -7.7609
v -14.4438 7.4000 -7.7609
v -14.4438 7.4000 -7.6809
v -15.2438 7.4000 -7.6809
v -18.5938 8.9500 -7.7409
v -17.4938 8.9500 -7.7409
v -17.4938 8.9500 -7.6709
v -18.5938 8.9500 -7.6709
v -18.5938 10.0500 -7.7409
v -17.4938 10.0500 -7.7409
v -17.4938 10.0500 -7.6709
v -18.5938 10.0500 -7.6709
v -18.4438 9.1000 -7.7609
v -17.6438 9.1000 -7.7609
v -17.6438 9.1000 -7.6809
v -18.4438 9.1000 -7.6809
v -18.4438 9.9000 -7.7609
v -17.6438 9.9000 -7.7609
v -17.6438 9.9000 -7.6809
v -18.4438 9.9000 -7.6809
v -15.3938 8.9500 -7.7409
v -14.2938 8.9500 -7.7409
v -14.2938 8.9500 -7.6709
v -15.3938 8.9500 -7.6709
v -15.3938 10.0500 -7.7409
v -14.2938 10.0500 -7.7409
v -14.2938 10.0500 -7.6709
v -15.3938 10.0500 -7.6709
v -15.2438 9.1000 -7.7609
v -14.4438 9.1000 -7.7609
v -14.4438 9.1000 -7.6809
v -15.2438 9.1000 -7.6809
v -15.2438 9.9000 -7.7609
v -14.4438 9.9000 -7.7609
v -14.4438 9.9000 -7.6809
v -15.2438 9.9000 -7.6809
usemtl house_6_two_story_foundation
f 2646 2647 2648 2649
f 2650 2651 2652 2653
f 2646 2647 2651 2650
f 2648 2649 2653 2652
f 2647 2648 2652 2651
f 2649 2646 2650 2653
usemtl house_6_two_story_wall_0
f 2654 2655 2656 2657
f 2658 2659 2660 2661
f 2654 2655 2659 2658
f 2656 2657 2661 2660
f 2655 2656 2660 2659
f 2657 2654 2658 2661
usemtl house_6_two_story_wall_1
f 2662 2663 2664 2665
f 2666 2667 2668 2669
f 2662 2663 2667 2666
f 2664 2665 2669 2668
f 2663 2664 2668 2667
f 2665 2662 2666 2669
usemtl house_6_two_story_roof_0
f 2670 2671 2675 2674
usemtl house_6_two_story_roof_1
f 2673 2672 2675 2674
usemtl house_6_two_story_wall_0
f 2670 2673 2674
usemtl house_6_two_story_wall_1
f 2671 2672 2675
usemtl house_6_two_story_frame
f 2676 2677 2678 2679
f 2680 2681 2682 2683
f 2676 2677 2681 2680
f 2678 2679 2683 2682
f 2677 2678 2682 2681
f 2679 2676 2680 2683
usemtl house_6_two_story_door
f 2684 2685 2686 2687
f 2688 2689 2690 2691
f 2684 2685 2689 2688
f 2686 2687 2691 2690
f 2685 2686 2690 2689
f 2687 2684 2688 2691
usemtl house_6_two_story_chimney
f 2692 2693 2694 2695
f 2696 2697 2698 2699
f 2692 2693 2697 2696
f 2694 2695 2699 2698
f 2693 2694 2698 2697
f 2695 2692 2696 2699
usemtl house_6_two_story_frame
f 2700 2701 2702 2703
f 2704 2705 2706 2707
f 2700 2701 2705 2704
f 2702 2703 2707 2706
f 2701 2702 2706 2705
f 2703 2700 2704 2707
usemtl house_6_two_story_glass
f 2708 2709 2710 2711
f 2712 2713 2714 2715
f 2708 2709 2713 2712
f 2710 2711 2715 2714
f 2709 2710 2714 2713
f 2711 2708 2712 2715
usemtl house_6_two_story_frame
f 2716 2717 2718 2719
f 2720 2721 2722 2723
f 2716 2717 2721 2720
f 2718 2719 2723 2722
f 2717 2718 2722 2721
f 2719 2716 2720 2723
usemtl house_6_two_story_glass
f 2724 2725 2726 2727
f 2728 2729 2730 2731
f 2724 2725 2729 2728
f 2726 2727 2731 2730
f 2725 2726 2730 2729
f 2727 2724 2728 2731
usemtl house_6_two_story_frame
f 2732 2733 2734 2735
f 2736 2737 2738 2739
f 2732 2733 2737 2736
f 2734 2735 2739 2738
f 2733 2734 2738 2737
f 2735 2732 2736 2739
usemtl house_6_two_story_glass
f 2740 2741 2742 2743
f 2744 2745 2746 2747
f 2740 2741 2745 2744
f 2742 2743 2747 2746
f 2741 2742 2746 2745
f 2743 2740 2744 2747
usemtl house_6_two_story_frame
f 2748 2749 2750 2751
f 2752 2753 2754 2755
f 2748 2749 2753 2752
f 2750 2751 2755 2754
f 2749 2750 2754 2753
f 2751 2748 2752 2755
usemtl house_6_two_story_glass
f 2756 2757 2758 2759
f 2760 2761 2762 2763
f 2756 2757 2761 2760
f 2758 2759 2763 2762
f 2757 2758 2762 2761
f 2759 2756 2760 2763
o house_7_timber
v -7.5843 2.5000 16.9992
v -1.5843 2.5000 16.9992
v -1.5843 2.5000 21.9992
v -7.5843 2.5000 21.9992
v -7.5843 2.8000 16.9992
v -1.5843 2.8000 16.9992
v -1.5843 2.8000 21.9992
v -7.5843 2.8000 21.9992
v -7.4843 2.8000 17.0992
v -4.5843 2.8000 17.0992
v -4.5843 2.8000 21.8992
v -7.4843 2.8000 21.8992
v -7.4843 5.7000 17.0992
v -4.5843 5.7000 17.0992
v -4.5843 5.7000 21.8992
v -7.4843 5.7000 21.8992
v -4.5843 2.8000 17.0992
v -1.6843 2.8000 17.0992
v -1.6843 2.8000 21.8992
v -4.5843 2.8000 21.8992
v -4.5843 5.7000 17.0992
v -1.6843 5.7000 17.0992
v -1.6843 5.7000 21.8992
v -4.5843 5.7000 21.8992
v -7.5843 5.7000 16.9992
v -1.5843 5.7000 16.9992
v -1.5843 5.7000 21.9992
v -7.5843 5.7000 21.9992
v -7.5843 7.1000 19.4992
v -1.5843 7.1000 19.4992
v -5.2843 2.8000 16.9392
v -3.8843 2.8000 16.9392
v -3.8843 2.8000 17.0192
v -5.2843 2.8000 17.0192
v -5.2843 4.8000 16.9392
v -3.8843 4.8000 16.9392
v -3.8843 4.8000 17.0192
v -5.2843 4.8000 17.0192
v -5.1343 2.8000 16.9192
v -4.0343 2.8000 16.9192
v -4.0343 2.8000 17.0092
v -5.1343 2.8000 17.0092
v -5.1343 4.6500 16.9192
v -4.0343 4.6500 16.9192
v -4.0343 4.6500 17.0092
v -5.1343 4.6500 17.0092
v -3.0843 6.7000 19.1992
v -2.4843 6.7000 19.1992
v -2.4843 6.7000 19.7992
v -3.0843 6.7000 19.7992
v -3.0843 7.7000 19.1992
v -2.4843 7.7000 19.1992
v -2.4843 7.7000 19.7992
v -3.0843 7.7000 19.7992
v -7.2643 2.8000 16.9592
v -7.1043 2.8000 16.9592
v -7.1043 2.8000 16.9992
v -7.2643 2.8000 16.9992
v -7.2643 5.7000 16.9592
v -7.1043 5.7000 16.9592
v -7.1043 5.7000 16.9992
v -7.2643 5.7000 16.9992
v -6.1643 2.8000 16.9592
v -6.0043 2.8000 16.9592
v -6.0043 2.8000 16.9992
v -6.1643 2.8000 16.9992
v -6.1643 5.7000 16.9592
v -6.0043 5.7000 16.9592
v -6.0043 5.7000 16.9992
v -6.1643 5.7000 16.9992
v -4.2643 2.8000 16.9592
v -4.1043 2.8000 16.9592
v -4.1043 2.8000 16.9992
v -4.2643 2.8000 16.9992
v -4.2643 5.7000 16.9592
v -4.1043 5.7000 16.9592
v -4.1043 5.7000 16.9992
v -4.2643 5.7000 16.9992
v -2.7643 2.8000 16.9592
v -2.6043 2.8000 16.9592
v -2.6043 2.8000 16.9992
v -2.7643 2.8000 16.9992
v -2.7643 5.7000 16.9592
v -2.6043 5.7000 16.9592
v -2.6043 5.7000 16.9992
v -2.7643 5.7000 16.9992
v -7.5843 4.2000 16.9592
v -1.5843 4.2000 16.9592
v -1.5843 4.2000 16.9992
v -7.5843 4.2000 16.9992
v -7.5843 4.3600 16.9592
v -1.5843 4.3600 16.9592
v -1.5843 4.3600 16.9992
v -7.5843 4.3600 16.9992
v -6.8343 3.6500 16.9492
v -5.7343 3.6500 16.9492
v -5.7343 3.6500 17.0192
v -6.8343 3.6500 17.0192
v -6.8343 4.7500 16.9492
v -5.7343 4.7500 16.9492
v -5.7343 4.7500 17.0192
v -6.8343 4.7500 17.0192
v -6.6843 3.8000 16.9292
v -5.8843 3.8000 16.9292
v -5.8843 3.8000 17.0092
v -6.6843 3.8000 17.0092
v -6.6843 4.6000 16.9292
v -5.8843 4.6000 16.9292
v -5.8843 4.6000 17.0092
v -6.6843 4.6000 17.0092
v -3.4343 3.6500 16.9492
v -2.3343 3.6500 16.9492
v -2.3343 3.6500 17.0192
v -3.4343 3.6500 17.0192
v -3.4343 4.7500 16.9492
v -2.3343 4.7500 16.9492
v -2.3343 4.7500 17.0192
v -3.4343 4.7500 17.0192
v -3.2843 3.8000 16.9292
v -2.4843 3.8000 16.9292
v -2.4843 3.8000 17.0092
v -3.2843 3.8000 17.0092
v -3.2843 4.6000 16.9292
v -2.4843 4.6000 16.9292
v -2.4843 4.6000 17.0092
v -3.2843 4.6000 17.0092
usemtl house_7_timber_foundation
f 2764 2765 2766 2767
f 2768 2769 2770 2771
f 2764 2765 2769 2768
f 2766 2767 2771 2770
f 2765 2766 2770 2769
f 2767 2764 2768 2771
usemtl house_7_timber_wall_0
f 2772 2773 2774 2775
f 2776 2777 2778 2779
f 2772 2773 2777 2776
f 2774 2775 2779 2778
f 2773 2774 2778 2777
f 2775 2772 2776 2779
usemtl house_7_timber_wall_1
f 2780 2781 2782 2783
f 2784 2785 2786 2787
f 2780 2781 2785 2784
f 2782 2783 2787 2786
f 2781 2782 2786 2785
f 2783 2780 2784 2787
usemtl house_7_timber_roof_0
f 2788 2789 2793 2792
usemtl house_7_timber_roof_1
f 2791 2790 2793 2792
usemtl house_7_timber_wall_0
f 2788 2791 2792
usemtl house_7_timber_wall_1
f 2789 2790 2793
usemtl house_7_timber_frame
f 2794 2795 2796 2797
f 2798 2799 2800 2801
f 2794 2795 2799 2798
f 2796 2797 2801 2800
f 2795 2796 2800 2799
f 2797 2794 2798 2801
usemtl house_7_timber_door
f 2802 2803 2804 2805
f 2806 2807 2808 2809
f 2802 2803 2807 2806
f 2804 2805 2809 2808
f 2803 2804 2808 2807
f 2805 2802 2806 2809
usemtl house_7_timber_chimney
f 2810 2811 2812 2813
f 2814 2815 2816 2817
f 2810 2811 2815 2814
f 2812 2813 2817 2816
f 2811 2812 2816 2815
f 2813 2810 2814 2817
usemtl house_7_timber_beam
f 2818 2819 2820 2821
f 2822 2823 2824 2825
f 2818 2819 2823 2822
f 2820 2821 2825 2824
f 2819 2820 2824 2823
f 2821 2818 2822 2825
f 2826 2827 2828 2829
f 2830 2831 2832 2833
f 2826 2827 2831 2830
f 2828 2829 2833 2832
f 2827 2828 2832 2831
f 2829 2826 2830 2833
f 2834 2835 2836 2837
f 2838 2839 2840 2841
f 2834 2835 2839 2838
f 2836 2837 2841 2840
f 2835 2836 2840 2839
f 2837 2834 2838 2841
f 2842 2843 2844 2845
f 2846 2847 2848 2849
f 2842 2843 2847 2846
f 2844 2845 2849 2848
f 2843 2844 2848 2847
f 2845 2842 2846 2849
f 2850 2851 2852 2853
f 2854 2855 2856 2857
f 2850 2851 2855 2854
f 2852 2853 2857 2856
f 2851 2852 2856 2855
f 2853 2850 2854 2857
usemtl house_7_timber_frame
f 2858 2859 2860 2861
f 2862 2863 2864 2865
f 2858 2859 2863 2862
f 2860 2861 2865 2864
f 2859 2860 2864 2863
f 2861 2858 2862 2865
usemtl house_7_timber_glass
f 2866 2867 2868 2869
f 2870 2871 2872 2873
f 2866 2867 2871 2870
f 2868 2869 2873 2872
f 2867 2868 2872 2871
f 2869 2866 2870 2873
usemtl house_7_timber_frame
f 2874 2875 2876 2877
f 2878 2879 2880 2881
f 2874 2875 2879 2878
f 2876 2877 2881 2880
f 2875 2876 2880 2879
f 2877 2874 2878 2881
usemtl house_7_timber_glass
f 2882 2883 2884 2885
f 2886 2887 2888 2889
f 2882 2883 2887 2886
f 2884 2885 2889 2888
f 2883 2884 2888 2887
f 2885 2882 2886 2889
o house_8_stone
v -18.5424 2.5000 13.5192
v -11.7424 2.5000 13.5192
v -11.7424 2.5000 18.9192
v -18.5424 2.5000 18.9192
v -18.5424 2.8000 13.5192
v -11.7424 2.8000 13.5192
v -11.7424 2.8000 18.9192
v -18.5424 2.8000 18.9192
v -18.4424 2.8000 13.6192
v -15.1424 2.8000 13.6192
v -15.1424 2.8000 18.8192
v -18.4424 2.8000 18.8192
v -18.4424 5.1000 13.6192
v -15.1424 5.1000 13.6192
v -15.1424 5.1000 18.8192
v -18.4424 5.1000 18.8192
v -15.1424 2.8000 13.6192
v -11.8424 2.8000 13.6192
v -11.8424 2.8000 18.8192
v -15.1424 2.8000 18.8192
v -15.1424 5.1000 13.6192
v -11.8424 5.1000 13.6192
v -11.8424 5.1000 18.8192
v -15.1424 5.1000 18.8192
v -18.5424 5.1000 13.5192
v -11.7424 5.1000 13.5192
v -11.7424 5.1000 18.9192
v -18.5424 5.1000 18.9192
v -18.5424 6.3000 16.2192
v -11.7424 6.3000 16.2192
v -15.8424 2.8000 13.4592
v -14.4424 2.8000 13.4592
v -14.4424 2.8000 13.5392
v -15.8424 2.8000 13.5392
v -15.8424 4.8000 13.4592
v -14.4424 4.8000 13.4592
v -14.4424 4.8000 13.5392
v -15.8424 4.8000 13.5392
v -15.6924 2.8000 13.4392
v -14.5924 2.8000 13.4392
v -14.5924 2.8000 13.5292
v -15.6924 2.8000 13.5292
v -15.6924 4.6500 13.4392
v -14.5924 4.6500 13.4392
v -14.5924 4.6500 13.5292
v -15.6924 4.6500 13.5292
v -13.2424 5.9000 15.9192
v -12.6424 5.9000 15.9192
v -12.6424 5.9000 16.5192
v -13.2424 5.9000 16.5192
v -13.2424 6.9000 15.9192
v -12.6424 6.9000 15.9192
v -12.6424 6.9000 16.5192
v -13.2424 6.9000 16.5192
v -17.5924 3.6500 13.4692
v -16.4924 3.6500 13.4692
v -16.4924 3.6500 13.5392
v -17.5924 3.6500 13.5392
v -17.5924 4.5500 13.4692
v -16.4924 4.5500 13.4692
v -16.4924 4.5500 13.5392
v -17.5924 4.5500 13.5392
v -17.4424 3.8000 13.4492
v -16.6424 3.8000 13.4492
v -16.6424 3.8000 13.5292
v -17.4424 3.8000 13.5292
v -17.4424 4.4000 13.4492
v -16.6424 4.4000 13.4492
v -16.6424 4.4000 13.5292
v -17.4424 4.4000 13.5292
v -13.7924 3.6500 13.4692
v -12.6924 3.6500 13.4692
v -12.6924 3.6500 13.5392
v -13.7924 3.6500 13.5392
v -13.7924 4.5500 13.4692
v -12.6924 4.5500 13.4692
v -12.6924 4.5500 13.5392
v -13.7924 4.5500 13.5392
v -13.6424 3.8000 13.4492
v -12.8424 3.8000 13.4492
v -12.8424 3.8000 13.5292
v -13.6424 3.8000 13.5292
v -13.6424 4.4000 13.4492
v -12.8424 4.4000 13.4492
v -12.8424 4.4000 13.5292
v -13.6424 4.4000 13.5292
usemtl house_8_stone_foundation
f 2890 2891 2892 2893
f 2894 2895 2896 2897
f 2890 2891 2895 2894
f 2892 2893 2897 2896
f 2891 2892 2896 2895
f 2893 2890 2894 2897
usemtl house_8_stone_stone_0
f 2898 2899 2900 2901
f 2902 2903 2904 2905
f 2898 2899 2903 2902
f 2900 2901 2905 2904
f 2899 2900 2904 2903
f 2901 2898 2902 2905
usemtl house_8_stone_stone_1
f 2906 2907 2908 2909
f 2910 2911 2912 2913
f 2906 2907 2911 2910
f 2908 2909 2913 2912
f 2907 2908 2912 2911
f 2909 2906 2910 2913
usemtl house_8_stone_roof_0
f 2914 2915 2919 2918
usemtl house_8_stone_roof_1
f 2917 2916 2919 2918
usemtl house_8_stone_stone_0
f 2914 2917 2918
usemtl house_8_stone_stone_1
f 2915 2916 2919
usemtl house_8_stone_frame
f 2920 2921 2922 2923
f 2924 2925 2926 2927
f 2920 2921 2925 2924
f 2922 2923 2927 2926
f 2921 2922 2926 2925
f 2923 2920 2924 2927
usemtl house_8_stone_door
f 2928 2929 2930 2931
f 2932 2933 2934 2935
f 2928 2929 2933 2932
f 2930 2931 2935 2934
f 2929 2930 2934 2933
f 2931 2928 2932 2935
usemtl house_8_stone_chimney
f 2936 2937 2938 2939
f 2940 2941 2942 2943
f 2936 2937 2941 2940
f 2938 2939 2943 2942
f 2937 2938 2942 2941
f 2939 2936 2940 2943
usemtl house_8_stone_frame
f 2944 2945 2946 2947
f 2948 2949 2950 2951
f 2944 2945 2949 2948
f 2946 2947 2951 2950
f 2945 2946 2950 2949
f 2947 2944 2948 2951
usemtl house_8_stone_glass
f 2952 2953 2954 2955
f 2956 2957 2958 2959
f 2952 2953 2957 2956
f 2954 2955 2959 2958
f 2953 2954 2958 2957
f 2955 2952 2956 2959
usemtl house_8_stone_frame
f 2960 2961 2962 2963
f 2964 2965 2966 2967
f 2960 2961 2965 2964
f 2962 2963 2967 2966
f 2961 2962 2966 2965
f 2963 2960 2964 2967
usemtl house_8_stone_glass
f 2968 2969 2970 2971
f 2972 2973 2974 2975
f 2968 2969 2973 2972
f 2970 2971 2975 2974
f 2969 2970 2974 2973
f 2971 2968 2972 2975
o house_9_two_story
v -25.2631 2.5000 7.7000
v -20.4631 2.5000 7.7000
v -20.4631 2.5000 12.1000
v -25.2631 2.5000 12.1000
v -25.2631 2.8000 7.7000
v -20.4631 2.8000 7.7000
v -20.4631 2.8000 12.1000
v -25.2631 2.8000 12.1000
v -25.1631 2.8000 7.8000
v -22.8631 2.8000 7.8000
v -22.8631 2.8000 12.0000
v -25.1631 2.8000 12.0000
v -25.1631 7.8000 7.8000
v -22.8631 7.8000 7.8000
v -22.8631 7.8000 12.0000
v -25.1631 7.8000 12.0000
v -22.8631 2.8000 7.8000
v -20.5631 2.8000 7.8000
v -20.5631 2.8000 12.0000
v -22.8631 2.8000 12.0000
v -22.8631 7.8000 7.8000
v -20.5631 7.8000 7.8000
v -20.5631 7.8000 12.0000
v -22.8631 7.8000 12.0000
v -25.2631 7.8000 7.7000
v -20.4631 7.8000 7.7000
v -20.4631 7.8000 12.1000
v -25.2631 7.8000 12.1000
v -25.2631 9.3000 9.9000
v -20.4631 9.3000 9.9000
v -23.5631 2.8000 7.6400
v -22.1631 2.8000 7.6400
v -22.1631 2.8000 7.7200
v -23.5631 2.8000 7.7200
v -23.5631 4.8000 7.6400
v -22.1631 4.8000 7.6400
v -22.1631 4.8000 7.7200
v -23.5631 4.8000 7.7200
v -23.4131 2.8000 7.6200
v -22.3131 2.8000 7.6200
v -22.3131 2.8000 7.7100
v -23.4131 2.8000 7.7100
v -23.4131 4.6500 7.6200
v -22.3131 4.6500 7.6200
v -22.3131 4.6500 7.7100
v -23.4131 4.6500 7.7100
v -21.9631 8.9000 9.6000
v -21.3631 8.9000 9.6000
v -21.3631 8.9000 10.2000
v -21.9631 8.9000 10.2000
v -21.9631 9.9000 9.6000
v -21.3631 9.9000 9.6000
v -21.3631 9.9000 10.2000
v -21.9631 9.9000 10.2000
v -24.9131 3.4500 7.6500
v -23.8131 3.4500 7.6500
v -23.8131 3.4500 7.7200
v -24.9131 3.4500 7.7200
v -24.9131 4.5500 7.6500
v -23.8131 4.5500 7.6500
v -23.8131 4.5500 7.7200
v -24.9131 4.5500 7.7200
v -24.7631 3.6000 7.6300
v -23.9631 3.6000 7.6300
v -23.9631 3.6000 7.7100
v -24.7631 3.6000 7.7100
v -24.7631 4.4000 7.6300
v -23.9631 4.4000 7.6300
v -23.9631 4.4000 7.7100
v -24.7631 4.4000 7.7100
v -21.9131 3.4500 7.6500
v -20.8131 3.4500 7.6500
v -20.8131 3.4500 7.7200
v -21.9131 3.4500 7.7200
v -21.9131 4.5500 7.6500
v -20.8131 4.5500 7.6500
v -20.8131 4.5500 7.7200
v -21.9131 4.5500 7.7200
v -21.7631 3.6000 7.6300
v -20.9631 3.6000 7.6300
v -20.9631 3.6000 7.7100
v -21.7631 3.6000 7.7100
v -21.7631 4.4000 7.6300
v -20.9631 4.4000 7.6300
v -20.9631 4.4000 7.7100
v -21.7631 4.4000 7.7100
v -24.9131 5.9500 7.6500
v -23.8131 5.9500 7.6500
v -23.8131 5.9500 7.7200
v -24.9131 5.9500 7.7200
v -24.9131 7.0500 7.6500
v -23.8131 7.0500 7.6500
v -23.8131 7.0500 7.7200
v -24.9131 7.0500 7.7200
v -24.7631 6.1000 7.6300
v -23.9631 6.1000 7.6300
v -23.9631 6.1000 7.7100
v -24.7631 6.1000 7.7100
v -24.7631 6.9000 7.6300
v -23.9631 6.9000 7.6300
v -23.9631 6.9000 7.7100
v -24.7631 6.9000 7.7100
v -21.9131 5.9500 7.6500
v -20.8131 5.9500 7.6500
v -20.8131 5.9500 7.7200
v -21.9131 5.9500 7.7200
v -21.9131 7.0500 7.6500
v -20.8131 7.0500 7.6500
v -20.8131 7.0500 7.7200
v -21.9131 7.0500 7.7200
v -21.7631 6.1000 7.6300
v -20.9631 6.1000 7.6300
v -20.9631 6.1000 7.7100
v -21.7631 6.1000 7.7100
v -21.7631 6.9000 7.6300
v -20.9631 6.9000 7.6300
v -20.9631 6.9000 7.7100
v -21.7631 6.9000 7.7100
usemtl house_9_two_story_foundation
f 2976 2977 2978 2979
f 2980 2981 2982 2983
f 2976 2977 2981 2980
f 2978 2979 2983 2982
f 2977 2978 2982 2981
f 2979 2976 2980 2983
usemtl house_9_two_story_wall_0
f 2984 2985 2986 2987
f 2988 2989 2990 2991
f 2984 2985 2989 2988
f 2986 2987 2991 2990
f 2985 2986 2990 2989
f 2987 2984 2988 2991
usemtl house_9_two_story_wall_1
f 2992 2993 2994 2995
f 2996 2997 2998 2999
f 2992 2993 2997 2996
f 2994 2995 2999 2998
f 2993 2994 2998 2997
f 2995 2992 2996 2999
usemtl house_9_two_story_roof_0
f 3000 3001 3005 3004
usemtl house_9_two_story_roof_1
f 3003 3002 3005 3004
usemtl house_9_two_story_wall_0
f 3000 3003 3004
usemtl house_9_two_story_wall_1
f 3001 3002 3005
usemtl house_9_two_story_frame
f 3006 3007 3008 3009
f 3010 3011 3012 3013
f 3006 3007 3011 3010
f 3008 3009 3013 3012
f 3007 3008 3012 3011
f 3009 3006 3010 3013
usemtl house_9_two_story_door
f 3014 3015 3016 3017
f 3018 3019 3020 3021
f 3014 3015 3019 3018
f 3016 3017 3021 3020
f 3015 3016 3020 3019
f 3017 3014 3018 3021
usemtl house_9_two_story_chimney
f 3022 3023 3024 3025
f 3026 3027 3028 3029
f 3022 3023 3027 3026
f 3024 3025 3029 3028
f 3023 3024 3028 3027
f 3025 3022 3026 3029
usemtl house_9_two_story_frame
f 3030 3031 3032 3033
f 3034 3035 3036 3037
f 3030 3031 3035 3034
f 3032 3033 3037 3036
f 3031 3032 3036 3035
f 3033 3030 3034 3037
usemtl house_9_two_story_glass
f 3038 3039 3040 3041
f 3042 3043 3044 3045
f 3038 3039 3043 3042
f 3040 3041 3045 3044
f 3039 3040 3044 3043
f 3041 3038 3042 3045
usemtl house_9_two_story_frame
f 3046 3047 3048 3049
f 3050 3051 3052 3053
f 3046 3047 3051 3050
f 3048 3049 3053 3052
f 3047 3048 3052 3051
f 3049 3046 3050 3053
usemtl house_9_two_story_glass
f 3054 3055 3056 3057
f 3058 3059 3060 3061
f 3054 3055 3059 3058
f 3056 3057 3061 3060
f 3055 3056 3060 3059
f 3057 3054 3058 3061
usemtl house_9_two_story_frame
f 3062 3063 3064 3065
f 3066 3067 3068 3069
f 3062 3063 3067 3066
f 3064 3065 3069 3068
f 3063 3064 3068 3067
f 3065 3062 3066 3069
usemtl house_9_two_story_glass
f 3070 3071 3072 3073
f 3074 3075 3076 3077
f 3070 3071 3075 3074
f 3072 3073 3077 3076
f 3071 3072 3076 3075
f 3073 3070 3074 3077
usemtl house_9_two_story_frame
f 3078 3079 3080 3081
f 3082 3083 3084 3085
f 3078 3079 3083 3082
f 3080 3081 3085 3084
f 3079 3080 3084 3083
f 3081 3078 3082 3085
usemtl house_9_two_story_glass
f 3086 3087 3088 3089
f 3090 3091 3092 3093
f 3086 3087 3091 3090
f 3088 3089 3093 3092
f 3087 3088 3092 3091
f 3089 3086 3090 3093
o wall_1
v 15.3709 5.5000 9.3418
v 17.7709 5.5000 9.3418
v 17.7709 5.5000 9.6418
v 15.3709 5.5000 9.6418
v 15.3709 7.1000 9.3418
v 17.7709 7.1000 9.3418
v 17.7709 7.1000 9.6418
v 15.3709 7.1000 9.6418
v 17.8709 5.5000 9.3418
v 20.2709 5.5000 9.3418
v 20.2709 5.5000 9.6418
v 17.8709 5.5000 9.6418
v 17.8709 7.1000 9.3418
v 20.2709 7.1000 9.3418
v 20.2709 7.1000 9.6418
v 17.8709 7.1000 9.6418
v 20.3709 5.5000 9.3418
v 22.7709 5.5000 9.3418
v 22.7709 5.5000 9.6418
v 20.3709 5.5000 9.6418
v 20.3709 7.1000 9.3418
v 22.7709 7.1000 9.3418
v 22.7709 7.1000 9.6418
v 20.3709 7.1000 9.6418
v 22.8709 5.5000 9.3418
v 25.2709 5.5000 9.3418
v 25.2709 5.5000 9.6418
v 22.8709 5.5000 9.6418
v 22.8709 7.1000 9.3418
v 25.2709 7.1000 9.3418
v 25.2709 7.1000 9.6418
v 22.8709 7.1000 9.6418
v 19.3209 5.5000 10.0418
v 21.3209 5.5000 10.0418
v 21.3209 5.5000 10.4918
v 19.3209 5.5000 10.4918
v 19.3209 5.7500 10.0418
v 21.3209 5.7500 10.0418
v 21.3209 5.7500 10.4918
v 19.3209 5.7500 10.4918
v 19.3209 5.7500 10.4918
v 21.3209 5.7500 10.4918
v 21.3209 5.7500 10.9418
v 19.3209 5.7500 10.9418
v 19.3209 6.0000 10.4918
v 21.3209 6.0000 10.4918
v 21.3209 6.0000 10.9418
v 19.3209 6.0000 10.9418
v 19.3209 6.0000 10.9418
v 21.3209 6.0000 10.9418
v 21.3209 6.0000 11.3918
v 19.3209 6.0000 11.3918
v 19.3209 6.2500 10.9418
v 21.3209 6.2500 10.9418
v 21.3209 6.2500 11.3918
v 19.3209 6.2500 11.3918
v 19.3209 6.2500 11.3918
v 21.3209 6.2500 11.3918
v 21.3209 6.2500 11.8418
v 19.3209 6.2500 11.8418
v 19.3209 6.5000 11.3918
v 21.3209 6.5000 11.3918
v 21.3209 6.5000 11.8418
v 19.3209 6.5000 11.8418
v 19.3209 6.5000 11.8418
v 21.3209 6.5000 11.8418
v 21.3209 6.5000 12.2918
v 19.3209 6.5000 12.2918
v 19.3209 6.7500 11.8418
v 21.3209 6.7500 11.8418
v 21.3209 6.7500 12.2918
v 19.3209 6.7500 12.2918
v 19.3209 6.7500 12.2918
v 21.3209 6.7500 12.2918
v 21.3209 6.7500 12.7418
v 19.3209 6.7500 12.7418
v 19.3209 7.0000 12.2918
v 21.3209 7.0000 12.2918
v 21.3209 7.0000 12.7418
v 19.3209 7.0000 12.7418
v 19.3209 7.0000 12.7418
v 21.3209 7.0000 12.7418
v 21.3209 7.0000 13.1918
v 19.3209 7.0000 13.1918
v 19.3209 7.2500 12.7418
v 21.3209 7.2500 12.7418
v 21.3209 7.2500 13.1918
v 19.3209 7.2500 13.1918
v 19.3209 7.2500 13.1918
v 21.3209 7.2500 13.1918
v 21.3209 7.2500 13.6418
v 19.3209 7.2500 13.6418
v 19.3209 7.5000 13.1918
v 21.3209 7.5000 13.1918
v 21.3209 7.5000 13.6418
v 19.3209 7.5000 13.6418
usemtl wall_1_wall_stone_0
f 3094 3095 3096 3097
f 3098 3099 3100 3101
f 3094 3095 3099 3098
f 3096 3097 3101 3100
f 3095 3096 3100 3099
f 3097 3094 3098 3101
usemtl wall_1_wall_stone_1
f 3102 3103 3104 3105
f 3106 3107 3108 3109
f 3102 3103 3107 3106
f 3104 3105 3109 3108
f 3103 3104 3108 3107
f 3105 3102 3106 3109
usemtl wall_1_wall_stone_0
f 3110 3111 3112 3113
f 3114 3115 3116 3117
f 3110 3111 3115 3114
f 3112 3113 3117 3116
f 3111 3112 3116 3115
f 3113 3110 3114 3117
usemtl wall_1_wall_stone_1
f 3118 3119 3120 3121
f 3122 3123 3124 3125
f 3118 3119 3123 3122
f 3120 3121 3125 3124
f 3119 3120 3124 3123
f 3121 3118 3122 3125
usemtl wall_1_step
f 3126 3127 3128 3129
f 3130 3131 3132 3133
f 3126 3127 3131 3130
f 3128 3129 3133 3132
f 3127 3128 3132 3131
f 3129 3126 3130 3133
f 3134 3135 3136 3137
f 3138 3139 3140 3141
f 3134 3135 3139 3138
f 3136 3137 3141 3140
f 3135 3136 3140 3139
f 3137 3134 3138 3141
f 3142 3143 3144 3145
f 3146 3147 3148 3149
f 3142 3143 3147 3146
f 3144 3145 3149 3148
f 3143 3144 3148 3147
f 3145 3142 3146 3149
f 3150 3151 3152 3153
f 3154 3155 3156 3157
f 3150 3151 3155 3154
f 3152 3153 3157 3156
f 3151 3152 3156 3155
f 3153 3150 3154 3157
f 3158 3159 3160 3161
f 3162 3163 3164 3165
f 3158 3159 3163 3162
f 3160 3161 3165 3164
f 3159 3160 3164 3163
f 3161 3158 3162 3165
f 3166 3167 3168 3169
f 3170 3171 3172 3173
f 3166 3167 3171 3170
f 3168 3169 3173 3172
f 3167 3168 3172 3171
f 3169 3166 3170 3173
f 3174 3175 3176 3177
f 3178 3179 3180 3181
f 3174 3175 3179 3178
f 3176 3177 3181 3180
f 3175 3176 3180 3179
f 3177 3174 3178 3181
f 3182 3183 3184 3185
f 3186 3187 3188 3189
f 3182 3183 3187 3186
f 3184 3185 3189 3188
f 3183 3184 3188 3187
f 3185 3182 3186 3189
o wall_2
v -14.0921 5.5000 -10.9066
v -11.6921 5.5000 -10.9066
v -11.6921 5.5000 -10.6066
v -14.0921 5.5000 -10.6066
v -14.0921 7.1000 -10.9066
v -11.6921 7.1000 -10.9066
v -11.6921 7.1000 -10.6066
v -14.0921 7.1000 -10.6066
v -11.5921 5.5000 -10.9066
v -9.1921 5.5000 -10.9066
v -9.1921 5.5000 -10.6066
v -11.5921 5.5000 -10.6066
v -11.5921 7.1000 -10.9066
v -9.1921 7.1000 -10.9066
v -9.1921 7.1000 -10.6066
v -11.5921 7.1000 -10.6066
v -9.0921 5.5000 -10.9066
v -6.6921 5.5000 -10.9066
v -6.6921 5.5000 -10.6066
v -9.0921 5.5000 -10.6066
v -9.0921 7.1000 -10.9066
v -6.6921 7.1000 -10.9066
v -6.6921 7.1000 -10.6066
v -9.0921 7.1000 -10.6066
v -6.5921 5.5000 -10.9066
v -4.1921 5.5000 -10.9066
v -4.1921 5.5000 -10.6066
v -6.5921 5.5000 -10.6066
v -6.5921 7.1000 -10.9066
v -4.1921 7.1000 -10.9066
v -4.1921 7.1000 -10.6066
v -6.5921 7.1000 -10.6066
v -10.1421 5.5000 -10.2066
v -8.1421 5.5000 -10.2066
v -8.1421 5.5000 -9.7566
v -10.1421 5.5000 -9.7566
v -10.1421 5.7500 -10.2066
v -8.1421 5.7500 -10.2066
v -8.1421 5.7500 -9.7566
v -10.1421 5.7500 -9.7566
v -10.1421 5.7500 -9.7566
v -8.1421 5.7500 -9.7566
v -8.1421 5.7500 -9.3066
v -10.1421 5.7500 -9.3066
v -10.1421 6.0000 -9.7566
v -8.1421 6.0000 -9.7566
v -8.1421 6.0000 -9.3066
v -10.1421 6.0000 -9.3066
v -10.1421 6.0000 -9.3066
v -8.1421 6.0000 -9.3066
v -8.1421 6.0000 -8.8566
v -10.1421 6.0000 -8.8566
v -10.1421 6.2500 -9.3066
v -8.1421 6.2500 -9.3066
v -8.1421 6.2500 -8.8566
v -10.1421 6.2500 -8.8566
v -10.1421 6.2500 -8.8566
v -8.1421 6.2500 -8.8566
v -8.1421 6.2500 -8.4066
v -10.1421 6.2500 -8.4066
v -10.1421 6.5000 -8.8566
v -8.1421 6.5000 -8.8566
v -8.1421 6.5000 -8.4066
v -10.1421 6.5000 -8.4066
v -10.1421 6.5000 -8.4066
v -8.1421 6.5000 -8.4066
v -8.1421 6.5000 -7.9566
v -10.1421 6.5000 -7.9566
v -10.1421 6.7500 -8.4066
v -8.1421 6.7500 -8.4066
v -8.1421 6.7500 -7.9566
v -10.1421 6.7500 -7.9566
v -10.1421 6.7500 -7.9566
v -8.1421 6.7500 -7.9566
v -8.1421 6.7500 -7.5066
v -10.1421 6.7500 -7.5066
v -10.1421 7.0000 -7.9566
v -8.1421 7.0000 -7.9566
v -8.1421 7.0000 -7.5066
v -10.1421 7.0000 -7.5066
v -10.1421 7.0000 -7.5066
v -8.1421 7.0000 -7.5066
v -8.1421 7.0000 -7.0566
v -10.1421 7.0000 -7.0566
v -10.1421 7.2500 -7.5066
v -8.1421 7.2500 -7.5066
v -8.1421 7.2500 -7.0566
v -10.1421 7.2500 -7.0566
v -10.1421 7.2500 -7.0566
v -8.1421 7.2500 -7.0566
v -8.1421 7.2500 -6.6066
v -10.1421 7.2500 -6.6066
v -10.1421 7.5000 -7.0566
v -8.1421 7.5000 -7.0566
v -8.1421 7.5000 -6.6066
v -10.1421 7.5000 -6.6066
usemtl wall_2_wall_stone_0
f 3190 3191 3192 3193
f 3194 3195 3196 3197
f 3190 3191 3195 3194
f 3192 3193 3197 3196
f 3191 3192 3196 3195
f 3193 3190 3194 3197
usemtl wall_2_wall_stone_1
f 3198 3199 3200 3201
f 3202 3203 3204 3205
f 3198 3199 3203 3202
f 3200 3201 3205 3204
f 3199 3200 3204 3203
f 3201 3198 3202 3205
usemtl wall_2_wall_stone_0
f 3206 3207 3208 3209
f 3210 3211 3212 3213
f 3206 3207 3211 3210
f 3208 3209 3213 3212
f 3207 3208 3212 3211
f 3209 3206 3210 3213
usemtl wall_2_wall_stone_1
f 3214 3215 3216 3217
f 3218 3219 3220 3221
f 3214 3215 3219 3218
f 3216 3217 3221 3220
f 3215 3216 3220 3219
f 3217 3214 3218 3221
usemtl wall_2_step
f 3222 3223 3224 3225
f 3226 3227 3228 3229
f 3222 3223 3227 3226
f 3224 3225 3229 3228
f 3223 3224 3228 3227
f 3225 3222 3226 3229
f 3230 3231 3232 3233
f 3234 3235 3236 3237
f 3230 3231 3235 3234
f 3232 3233 3237 3236
f 3231 3232 3236 3235
f 3233 3230 3234 3237
f 3238 3239 3240 3241
f 3242 3243 3244 3245
f 3238 3239 3243 3242
f 3240 3241 3245 3244
f 3239 3240 3244 3243
f 3241 3238 3242 3245
f 3246 3247 3248 3249
f 3250 3251 3252 3253
f 3246 3247 3251 3250
f 3248 3249 3253 3252
f 3247 3248 3252 3251
f 3249 3246 3250 3253
f 3254 3255 3256 3257
f 3258 3259 3260 3261
f 3254 3255 3259 3258
f 3256 3257 3261 3260
f 3255 3256 3260 3259
f 3257 3254 3258 3261
f 3262 3263 3264 3265
f 3266 3267 3268 3269
f 3262 3263 3267 3266
f 3264 3265 3269 3268
f 3263 3264 3268 3267
f 3265 3262 3266 3269
f 3270 3271 3272 3273
f 3274 3275 3276 3277
f 3270 3271 3275 3274
f 3272 3273 3277 3276
f 3271 3272 3276 3275
f 3273 3270 3274 3277
f 3278 3279 3280 3281
f 3282 3283 3284 3285
f 3278 3279 3283 3282
f 3280 3281 3285 3284
f 3279 3280 3284 3283
f 3281 3278 3282 3285
o stair_1
v -20.7346 2.5000 -9.3000
v -18.3346 2.5000 -9.3000
v -18.3346 2.5000 -9.0000
v -20.7346 2.5000 -9.0000
v -20.7346 4.1000 -9.3000
v -18.3346 4.1000 -9.3000
v -18.3346 4.1000 -9.0000
v -20.7346 4.1000 -9.0000
v -18.2346 2.5000 -9.3000
v -15.8346 2.5000 -9.3000
v -15.8346 2.5000 -9.0000
v -18.2346 2.5000 -9.0000
v -18.2346 4.1000 -9.3000
v -15.8346 4.1000 -9.3000
v -15.8346 4.1000 -9.0000
v -18.2346 4.1000 -9.0000
v -15.7346 2.5000 -9.3000
v -13.3346 2.5000 -9.3000
v -13.3346 2.5000 -9.0000
v -15.7346 2.5000 -9.0000
v -15.7346 4.1000 -9.3000
v -13.3346 4.1000 -9.3000
v -13.3346 4.1000 -9.0000
v -15.7346 4.1000 -9.0000
v -13.2346 2.5000 -9.3000
v -10.8346 2.5000 -9.3000
v -10.8346 2.5000 -9.0000
v -13.2346 2.5000 -9.0000
v -13.2346 4.1000 -9.3000
v -10.8346 4.1000 -9.3000
v -10.8346 4.1000 -9.0000
v -13.2346 4.1000 -9.0000
v -16.7846 2.5000 -8.6000
v -14.7846 2.5000 -8.6000
v -14.7846 2.5000 -8.1500
v -16.7846 2.5000 -8.1500
v -16.7846 2.7500 -8.6000
v -14.7846 2.7500 -8.6000
v -14.7846 2.7500 -8.1500
v -16.7846 2.7500 -8.1500
v -16.7846 2.7500 -8.1500
v -14.7846 2.7500 -8.1500
v -14.7846 2.7500 -7.7000
v -16.7846 2.7500 -7.7000
v -16.7846 3.0000 -8.1500
v -14.7846 3.0000 -8.1500
v -14.7846 3.0000 -7.7000
v -16.7846 3.0000 -7.7000
v -16.7846 3.0000 -7.7000
v -14.7846 3.0000 -7.7000
v -14.7846 3.0000 -7.2500
v -16.7846 3.0000 -7.2500
v -16.7846 3.2500 -7.7000
v -14.7846 3.2500 -7.7000
v -14.7846 3.2500 -7.2500
v -16.7846 3.2500 -7.2500
v -16.7846 3.2500 -7.2500
v -14.7846 3.2500 -7.2500
v -14.7846 3.2500 -6.8000
v -16.7846 3.2500 -6.8000
v -16.7846 3.5000 -7.2500
v -14.7846 3.5000 -7.2500
v -14.7846 3.5000 -6.8000
v -16.7846 3.5000 -6.8000
v -16.7846 3.5000 -6.8000
v -14.7846 3.5000 -6.8000
v -14.7846 3.5000 -6.3500
v -16.7846 3.5000 -6.3500
v -16.7846 3.7500 -6.8000
v -14.7846 3.7500 -6.8000
v -14.7846 3.7500 -6.3500
v -16.7846 3.7500 -6.3500
v -16.7846 3.7500 -6.3500
v -14.7846 3.7500 -6.3500
v -14.7846 3.7500 -5.9000
v -16.7846 3.7500 -5.9000
v -16.7846 4.0000 -6.3500
v -14.7846 4.0000 -6.3500
v -14.7846 4.0000 -5.9000
v -16.7846 4.0000 -5.9000
v -16.7846 4.0000 -5.9000
v -14.7846 4.0000 -5.9000
v -14.7846 4.0000 -5.4500
v -16.7846 4.0000 -5.4500
v -16.7846 4.2500 -5.9000
v -14.7846 4.2500 -5.9000
v -14.7846 4.2500 -5.4500
v -16.7846 4.2500 -5.4500
v -16.7846 4.2500 -5.4500
v -14.7846 4.2500 -5.4500
v -14.7846 4.2500 -5.0000
v -16.7846 4.2500 -5.0000
v -16.7846 4.5000 -5.4500
v -14.7846 4.5000 -5.4500
v -14.7846 4.5000 -5.0000
v -16.7846 4.5000 -5.0000
usemtl stair_1_wall_stone_0
f 3286 3287 3288 3289
f 3290 3291 3292 3293
f 3286 3287 3291 3290
f 3288 3289 3293 3292
f 3287 3288 3292 3291
f 3289 3286 3290 3293
usemtl stair_1_wall_stone_1
f 3294 3295 3296 3297
f 3298 3299 3300 3301
f 3294 3295 3299 3298
f 3296 3297 3301 3300
f 3295 3296 3300 3299
f 3297 3294 3298 3301
usemtl stair_1_wall_stone_0
f 3302 3303 3304 3305
f 3306 3307 3308 3309
f 3302 3303 3307 3306
f 3304 3305 3309 3308
f 3303 3304 3308 3307
f 3305 3302 3306 3309
usemtl stair_1_wall_stone_1
f 3310 3311 3312 3313
f 3314 3315 3316 3317
f 3310 3311 3315 3314
f 3312 3313 3317 3316
f 3311 3312 3316 3315
f 3313 3310 3314 3317
usemtl stair_1_step
f 3318 3319 3320 3321
f 3322 3323 3324 3325
f 3318 3319 3323 3322
f 3320 3321 3325 3324
f 3319 3320 3324 3323
f 3321 3318 3322 3325
f 3326 3327 3328 3329
f 3330 3331 3332 3333
f 3326 3327 3331 3330
f 3328 3329 3333 3332
f 3327 3328 3332 3331
f 3329 3326 3330 3333
f 3334 3335 3336 3337
f 3338 3339 3340 3341
f 3334 3335 3339 3338
f 3336 3337 3341 3340
f 3335 3336 3340 3339
f 3337 3334 3338 3341
f 3342 3343 3344 3345
f 3346 3347 3348 3349
f 3342 3343 3347 3346
f 3344 3345 3349 3348
f 3343 3344 3348 3347
f 3345 3342 3346 3349
f 3350 3351 3352 3353
f 3354 3355 3356 3357
f 3350 3351 3355 3354
f 3352 3353 3357 3356
f 3351 3352 3356 3355
f 3353 3350 3354 3357
f 3358 3359 3360 3361
f 3362 3363 3364 3365
f 3358 3359 3363 3362
f 3360 3361 3365 3364
f 3359 3360 3364 3363
f 3361 3358 3362 3365
f 3366 3367 3368 3369
f 3370 3371 3372 3373
f 3366 3367 3371 3370
f 3368 3369 3373 3372
f 3367 3368 3372 3371
f 3369 3366 3370 3373
f 3374 3375 3376 3377
f 3378 3379 3380 3381
f 3374 3375 3379 3378
f 3376 3377 3381 3380
f 3375 3376 3380 3379
f 3377 3374 3378 3381
o chapel_1
v 28.5000 7.0000 -8.0000
v 30.0000 7.0000 -8.0000
v 30.0000 7.0000 -4.0000
v 28.5000 7.0000 -4.0000
v 28.5000 9.4000 -8.0000
v 30.0000 9.4000 -8.0000
v 30.0000 9.4000 -4.0000
v 28.5000 9.4000 -4.0000
v 30.0000 7.0000 -8.0000
v 31.5000 7.0000 -8.0000
v 31.5000 7.0000 -4.0000
v 30.0000 7.0000 -4.0000
v 30.0000 9.4000 -8.0000
v 31.5000 9.4000 -8.0000
v 31.5000 9.4000 -4.0000
v 30.0000 9.4000 -4.0000
v 28.5000 9.4000 -8.0000
v 31.5000 9.4000 -8.0000
v 31.5000 9.4000 -4.0000
v 28.5000 9.4000 -4.0000
v 28.5000 10.6000 -6.0000
v 31.5000 10.6000 -6.0000
v 29.6000 7.0000 -8.0500
v 30.4000 7.0000 -8.0500
v 30.4000 7.0000 -7.9800
v 29.6000 7.0000 -7.9800
v 29.6000 8.6000 -8.0500
v 30.4000 8.6000 -8.0500
v 30.4000 8.6000 -7.9800
v 29.6000 8.6000 -7.9800
v 29.9400 10.6000 -6.0600
v 30.0600 10.6000 -6.0600
v 30.0600 10.6000 -5.9400
v 29.9400 10.6000 -5.9400
v 29.9400 11.5000 -6.0600
v 30.0600 11.5000 -6.0600
v 30.0600 11.5000 -5.9400
v 29.9400 11.5000 -5.9400
v 29.7000 11.1000 -6.0600
v 30.3000 11.1000 -6.0600
v 30.3000 11.1000 -5.9400
v 29.7000 11.1000 -5.9400
v 29.7000 11.2500 -6.0600
v 30.3000 11.2500 -6.0600
v 30.3000 11.2500 -5.9400
v 29.7000 11.2500 -5.9400
usemtl chapel_1_stone_0
f 3382 3383 3384 3385
f 3386 3387 3388 3389
f 3382 3383 3387 3386
f 3384 3385 3389 3388
f 3383 3384 3388 3387
f 3385 3382 3386 3389
usemtl chapel_1_stone_1
f 3390 3391 3392 3393
f 3394 3395 3396 3397
f 3390 3391 3395 3394
f 3392 3393 3397 3396
f 3391 3392 3396 3395
f 3393 3390 3394 3397
usemtl chapel_1_roof_0
f 3398 3399 3403 3402
f 3401 3400 3403 3402
usemtl chapel_1_stone_0
f 3398 3401 3402
usemtl chapel_1_stone_1
f 3399 3400 3403
usemtl chapel_1_door
f 3404 3405 3406 3407
f 3408 3409 3410 3411
f 3404 3405 3409 3408
f 3406 3407 3411 3410
f 3405 3406 3410 3409
f 3407 3404 3408 3411
usemtl chapel_1_cross
f 3412 3413 3414 3415
f 3416 3417 3418 3419
f 3412 3413 3417 3416
f 3414 3415 3419 3418
f 3413 3414 3418 3417
f 3415 3412 3416 3419
f 3420 3421 3422 3423
f 3424 3425 3426 3427
f 3420 3421 3425 3424
f 3422 3423 3427 3426
f 3421 3422 3426 3425
f 3423 3420 3424 3427
o bridge_1
v 21.5000 6.5000 -5.5300
v 21.5000 6.5600 -5.4700
v 22.3000 6.3900 -5.4700
v 22.3000 6.3300 -5.5300
v 22.3000 6.3300 -5.5300
v 22.3000 6.3900 -5.4700
v 23.1000 6.2367 -5.4700
v 23.1000 6.1767 -5.5300
v 23.1000 6.1767 -5.5300
v 23.1000 6.2367 -5.4700
v 23.9000 6.1150 -5.4700
v 23.9000 6.0550 -5.5300
v 23.9000 6.0550 -5.5300
v 23.9000 6.1150 -5.4700
v 24.7000 6.0369 -5.4700
v 24.7000 5.9769 -5.5300
v 24.7000 5.9769 -5.5300
v 24.7000 6.0369 -5.4700
v 25.5000 6.0100 -5.4700
v 25.5000 5.9500 -5.5300
v 25.5000 5.9500 -5.5300
v 25.5000 6.0100 -5.4700
v 26.3000 6.0369 -5.4700
v 26.3000 5.9769 -5.5300
v 26.3000 5.9769 -5.5300
v 26.3000 6.0369 -5.4700
v 27.1000 6.1150 -5.4700
v 27.1000 6.0550 -5.5300
v 27.1000 6.0550 -5.5300
v 27.1000 6.1150 -5.4700
v 27.9000 6.2367 -5.4700
v 27.9000 6.1767 -5.5300
v 27.9000 6.1767 -5.5300
v 27.9000 6.2367 -5.4700
v 28.7000 6.3900 -5.4700
v 28.7000 6.3300 -5.5300
v 28.7000 6.3300 -5.5300
v 28.7000 6.3900 -5.4700
v 29.5000 6.5600 -5.4700
v 29.5000 6.5000 -5.5300
v 21.5000 6.5000 -4.5300
v 21.5000 6.5600 -4.4700
v 22.3000 6.3900 -4.4700
v 22.3000 6.3300 -4.5300
v 22.3000 6.3300 -4.5300
v 22.3000 6.3900 -4.4700
v 23.1000 6.2367 -4.4700
v 23.1000 6.1767 -4.5300
v 23.1000 6.1767 -4.5300
v 23.1000 6.2367 -4.4700
v 23.9000 6.1150 -4.4700
v 23.9000 6.0550 -4.5300
v 23.9000 6.0550 -4.5300
v 23.9000 6.1150 -4.4700
v 24.7000 6.0369 -4.4700
v 24.7000 5.9769 -4.5300
v 24.7000 5.9769 -4.5300
v 24.7000 6.0369 -4.4700
v 25.5000 6.0100 -4.4700
v 25.5000 5.9500 -4.5300
v 25.5000 5.9500 -4.5300
v 25.5000 6.0100 -4.4700
v 26.3000 6.0369 -4.4700
v 26.3000 5.9769 -4.5300
v 26.3000 5.9769 -4.5300
v 26.3000 6.0369 -4.4700
v 27.1000 6.1150 -4.4700
v 27.1000 6.0550 -4.5300
v 27.1000 6.0550 -4.5300
v 27.1000 6.1150 -4.4700
v 27.9000 6.2367 -4.4700
v 27.9000 6.1767 -4.5300
v 27.9000 6.1767 -4.5300
v 27.9000 6.2367 -4.4700
v 28.7000 6.3900 -4.4700
v 28.7000 6.3300 -4.5300
v 28.7000 6.3300 -4.5300
v 28.7000 6.3900 -4.4700
v 29.5000 6.5600 -4.4700
v 29.5000 6.5000 -4.5300
v 21.6500 5.8640 -5.5500
v 22.1500 5.8640 -5.5500
v 22.1500 5.8640 -4.4500
v 21.6500 5.8640 -4.4500
v 22.4500 5.7003 -5.5500
v 22.9500 5.7003 -5.5500
v 22.9500 5.7003 -4.4500
v 22.4500 5.7003 -4.4500
v 23.2500 5.5611 -5.5500
v 23.7500 5.5611 -5.5500
v 23.7500 5.5611 -4.4500
v 23.2500 5.5611 -4.4500
v 24.0500 5.4599 -5.5500
v 24.5500 5.4599 -5.5500
v 24.5500 5.4599 -4.4500
v 24.0500 5.4599 -4.4500
v 24.8500 5.4068 -5.5500
v 25.3500 5.4068 -5.5500
v 25.3500 5.4068 -4.4500
v 24.8500 5.4068 -4.4500
v 25.6500 5.4068 -5.5500
v 26.1500 5.4068 -5.5500
v 26.1500 5.4068 -4.4500
v 25.6500 5.4068 -4.4500
v 26.4500 5.4599 -5.5500
v 26.9500 5.4599 -5.5500
v 26.9500 5.4599 -4.4500
v 26.4500 5.4599 -4.4500
v 27.2500 5.5611 -5.5500
v 27.7500 5.5611 -5.5500
v 27.7500 5.5611 -4.4500
v 27.2500 5.5611 -4.4500
v 28.0500 5.7003 -5.5500
v 28.5500 5.7003 -5.5500
v 28.5500 5.7003 -4.4500
v 28.0500 5.7003 -4.4500
v 28.8500 5.8640 -5.5500
v 29.3500 5.8640 -5.5500
v 29.3500 5.8640 -4.4500
v 28.8500 5.8640 -4.4500
usemtl bridge_1_rope
f 3428 3429 3430 3431
f 3432 3433 3434 3435
f 3436 3437 3438 3439
f 3440 3441 3442 3443
f 3444 3445 3446 3447
f 3448 3449 3450 3451
f 3452 3453 3454 3455
f 3456 3457 3458 3459
f 3460 3461 3462 3463
f 3464 3465 3466 3467
f 3468 3469 3470 3471
f 3472 3473 3474 3475
f 3476 3477 3478 3479
f 3480 3481 3482 3483
f 3484 3485 3486 3487
f 3488 3489 3490 3491
f 3492 3493 3494 3495
f 3496 3497 3498 3499
f 3500 3501 3502 3503
f 3504 3505 3506 3507
usemtl bridge_1_plank_0
f 3508 3509 3510 3511
usemtl bridge_1_plank_1
f 3512 3513 3514 3515
usemtl bridge_1_plank_0
f 3516 3517 3518 3519
usemtl bridge_1_plank_1
f 3520 3521 3522 3523
usemtl bridge_1_plank_0
f 3524 3525 3526 3527
usemtl bridge_1_plank_1
f 3528 3529 3530 3531
usemtl bridge_1_plank_0
f 3532 3533 3534 3535
usemtl bridge_1_plank_1
f 3536 3537 3538 3539
usemtl bridge_1_plank_0
f 3540 3541 3542 3543
usemtl bridge_1_plank_1
f 3544 3545 3546 3547
o wall_3
v 19.0500 5.5000 -4.3000
v 20.4500 5.5000 -4.3000
v 20.4500 5.5000 -4.0000
v 19.0500 5.5000 -4.0000
v 19.0500 7.1000 -4.3000
v 20.4500 7.1000 -4.3000
v 20.4500 7.1000 -4.0000
v 19.0500 7.1000 -4.0000
v 20.5500 5.5000 -4.3000
v 21.9500 5.5000 -4.3000
v 21.9500 5.5000 -4.0000
v 20.5500 5.5000 -4.0000
v 20.5500 7.1000 -4.3000
v 21.9500 7.1000 -4.3000
v 21.9500 7.1000 -4.0000
v 20.5500 7.1000 -4.0000
v 22.0500 5.5000 -4.3000
v 23.4500 5.5000 -4.3000
v 23.4500 5.5000 -4.0000
v 22.0500 5.5000 -4.0000
v 22.0500 7.1000 -4.3000
v 23.4500 7.1000 -4.3000
v 23.4500 7.1000 -4.0000
v 22.0500 7.1000 -4.0000
v 23.5500 5.5000 -4.3000
v 24.9500 5.5000 -4.3000
v 24.9500 5.5000 -4.0000
v 23.5500 5.5000 -4.0000
v 23.5500 7.1000 -4.3000
v 24.9500 7.1000 -4.3000
v 24.9500 7.1000 -4.0000
v 23.5500 7.1000 -4.0000
v 21.0000 5.5000 -3.6000
v 23.0000 5.5000 -3.6000
v 23.0000 5.5000 -3.1500
v 21.0000 5.5000 -3.1500
v 21.0000 5.7500 -3.6000
v 23.0000 5.7500 -3.6000
v 23.0000 5.7500 -3.1500
v 21.0000 5.7500 -3.1500
v 21.0000 5.7500 -3.1500
v 23.0000 5.7500 -3.1500
v 23.0000 5.7500 -2.7000
v 21.0000 5.7500 -2.7000
v 21.0000 6.0000 -3.1500
v 23.0000 6.0000 -3.1500
v 23.0000 6.0000 -2.7000
v 21.0000 6.0000 -2.7000
v 21.0000 6.0000 -2.7000
v 23.0000 6.0000 -2.7000
v 23.0000 6.0000 -2.2500
v 21.0000 6.0000 -2.2500
v 21.0000 6.2500 -2.7000
v 23.0000 6.2500 -2.7000
v 23.0000 6.2500 -2.2500
v 21.0000 6.2500 -2.2500
v 21.0000 6.2500 -2.2500
v 23.0000 6.2500 -2.2500
v 23.0000 6.2500 -1.8000
v 21.0000 6.2500 -1.8000
v 21.0000 6.5000 -2.2500
v 23.0000 6.5000 -2.2500
v 23.0000 6.5000 -1.8000
v 21.0000 6.5000 -1.8000
v 21.0000 6.5000 -1.8000
v 23.0000 6.5000 -1.8000
v 23.0000 6.5000 -1.3500
v 21.0000 6.5000 -1.3500
v 21.0000 6.7500 -1.8000
v 23.0000 6.7500 -1.8000
v 23.0000 6.7500 -1.3500
v 21.0000 6.7500 -1.3500
v 21.0000 6.7500 -1.3500
v 23.0000 6.7500 -1.3500
v 23.0000 6.7500 -0.9000
v 21.0000 6.7500 -0.9000
v 21.0000 7.0000 -1.3500
v 23.0000 7.0000 -1.3500
v 23.0000 7.0000 -0.9000
v 21.0000 7.0000 -0.9000
v 21.0000 7.0000 -0.9000
v 23.0000 7.0000 -0.9000
v 23.0000 7.0000 -0.4500
v 21.0000 7.0000 -0.4500
v 21.0000 7.2500 -0.9000
v 23.0000 7.2500 -0.9000
v 23.0000 7.2500 -0.4500
v 21.0000 7.2500 -0.4500
v 21.0000 7.2500 -0.4500
v 23.0000 7.2500 -0.4500
v 23.0000 7.2500 0.0000
v 21.0000 7.2500 0.0000
v 21.0000 7.5000 -0.4500
v 23.0000 7.5000 -0.4500
v 23.0000 7.5000 0.0000
v 21.0000 7.5000 0.0000
usemtl wall_3_wall_stone_0
f 3548 3549 3550 3551
f 3552 3553 3554 3555
f 3548 3549 3553 3552
f 3550 3551 3555 3554
f 3549 3550 3554 3553
f 3551 3548 3552 3555
usemtl wall_3_wall_stone_1
f 3556 3557 3558 3559
f 3560 3561 3562 3563
f 3556 3557 3561 3560
f 3558 3559 3563 3562
f 3557 3558 3562 3561
f 3559 3556 3560 3563
usemtl wall_3_wall_stone_0
f 3564 3565 3566 3567
f 3568 3569 3570 3571
f 3564 3565 3569 3568
f 3566 3567 3571 3570
f 3565 3566 3570 3569
f 3567 3564 3568 3571
usemtl wall_3_wall_stone_1
f 3572 3573 3574 3575
f 3576 3577 3578 3579
f 3572 3573 3577 3576
f 3574 3575 3579 3578
f 3573 3574 3578 3577
f 3575 3572 3576 3579
usemtl wall_3_step
f 3580 3581 3582 3583
f 3584 3585 3586 3587
f 3580 3581 3585 3584
f 3582 3583 3587 3586
f 3581 3582 3586 3585
f 3583 3580 3584 3587
f 3588 3589 3590 3591
f 3592 3593 3594 3595
f 3588 3589 3593 3592
f 3590 3591 3595 3594
f 3589 3590 3594 3593
f 3591 3588 3592 3595
f 3596 3597 3598 3599
f 3600 3601 3602 3603
f 3596 3597 3601 3600
f 3598 3599 3603 3602
f 3597 3598 3602 3601
f 3599 3596 3600 3603
f 3604 3605 3606 3607
f 3608 3609 3610 3611
f 3604 3605 3609 3608
f 3606 3607 3611 3610
f 3605 3606 3610 3609
f 3607 3604 3608 3611
f 3612 3613 3614 3615
f 3616 3617 3618 3619
f 3612 3613 3617 3616
f 3614 3615 3619 3618
f 3613 3614 3618 3617
f 3615 3612 3616 3619
f 3620 3621 3622 3623
f 3624 3625 3626 3627
f 3620 3621 3625 3624
f 3622 3623 3627 3626
f 3621 3622 3626 3625
f 3623 3620 3624 3627
f 3628 3629 3630 3631
f 3632 3633 3634 3635
f 3628 3629 3633 3632
f 3630 3631 3635 3634
f 3629 3630 3634 3633
f 3631 3628 3632 3635
f 3636 3637 3638 3639
f 3640 3641 3642 3643
f 3636 3637 3641 3640
f 3638 3639 3643 3642
f 3637 3638 3642 3641
f 3639 3636 3640 3643
o pier_1
v -7.0000 0.6000 -39.4800
v -7.0000 0.6000 -39.1200
v -5.0000 0.6000 -39.1200
v -5.0000 0.6000 -39.4800
v -7.0000 0.7000 -39.4800
v -7.0000 0.7000 -39.1200
v -5.0000 0.7000 -39.1200
v -5.0000 0.7000 -39.4800
v -7.0000 0.6000 -39.0800
v -7.0000 0.6000 -38.7200
v -5.0000 0.6000 -38.7200
v -5.0000 0.6000 -39.0800
v -7.0000 0.7000 -39.0800
v -7.0000 0.7000 -38.7200
v -5.0000 0.7000 -38.7200
v -5.0000 0.7000 -39.0800
v -7.0000 0.6000 -38.6800
v -7.0000 0.6000 -38.3200
v -5.0000 0.6000 -38.3200
v -5.0000 0.6000 -38.6800
v -7.0000 0.7000 -38.6800
v -7.0000 0.7000 -38.3200
v -5.0000 0.7000 -38.3200
v -5.0000 0.7000 -38.6800
v -7.0000 0.6000 -38.2800
v -7.0000 0.6000 -37.9200
v -5.0000 0.6000 -37.9200
v -5.0000 0.6000 -38.2800
v -7.0000 0.7000 -38.2800
v -7.0000 0.7000 -37.9200
v -5.0000 0.7000 -37.9200
v -5.0000 0.7000 -38.2800
v -7.0000 0.6000 -37.8800
v -7.0000 0.6000 -37.5200
v -5.0000 0.6000 -37.5200
v -5.0000 0.6000 -37.8800
v -7.0000 0.7000 -37.8800
v -7.0000 0.7000 -37.5200
v -5.0000 0.7000 -37.5200
v -5.0000 0.7000 -37.8800
v -7.0000 0.6000 -37.4800
v -7.0000 0.6000 -37.1200
v -5.0000 0.6000 -37.1200
v -5.0000 0.6000 -37.4800
v -7.0000 0.7000 -37.4800
v -7.0000 0.7000 -37.1200
v -5.0000 0.7000 -37.1200
v -5.0000 0.7000 -37.4800
v -7.0000 0.6000 -37.0800
v -7.0000 0.6000 -36.7200
v -5.0000 0.6000 -36.7200
v -5.0000 0.6000 -37.0800
v -7.0000 0.7000 -37.0800
v -7.0000 0.7000 -36.7200
v -5.0000 0.7000 -36.7200
v -5.0000 0.7000 -37.0800
v -7.0000 0.6000 -36.6800
v -7.0000 0.6000 -36.3200
v -5.0000 0.6000 -36.3200
v -5.0000 0.6000 -36.6800
v -7.0000 0.7000 -36.6800
v -7.0000 0.7000 -36.3200
v -5.0000 0.7000 -36.3200
v -5.0000 0.7000 -36.6800
v -7.0000 0.6000 -36.2800
v -7.0000 0.6000 -35.9200
v -5.0000 0.6000 -35.9200
v -5.0000 0.6000 -36.2800
v -7.0000 0.7000 -36.2800
v -7.0000 0.7000 -35.9200
v -5.0000 0.7000 -35.9200
v -5.0000 0.7000 -36.2800
v -7.0000 0.6000 -35.8800
v -7.0000 0.6000 -35.5200
v -5.0000 0.6000 -35.5200
v -5.0000 0.6000 -35.8800
v -7.0000 0.7000 -35.8800
v -7.0000 0.7000 -35.5200
v -5.0000 0.7000 -35.5200
v -5.0000 0.7000 -35.8800
v -7.0000 0.6000 -35.4800
v -7.0000 0.6000 -35.1200
v -5.0000 0.6000 -35.1200
v -5.0000 0.6000 -35.4800
v -7.0000 0.7000 -35.4800
v -7.0000 0.7000 -35.1200
v -5.0000 0.7000 -35.1200
v -5.0000 0.7000 -35.4800
v -7.0000 0.6000 -35.0800
v -7.0000 0.6000 -34.7200
v -5.0000 0.6000 -34.7200
v -5.0000 0.6000 -35.0800
v -7.0000 0.7000 -35.0800
v -7.0000 0.7000 -34.7200
v -5.0000 0.7000 -34.7200
v -5.0000 0.7000 -35.0800
v -7.0000 0.6000 -34.6800
v -7.0000 0.6000 -34.3200
v -5.0000 0.6000 -34.3200
v -5.0000 0.6000 -34.6800
v -7.0000 0.7000 -34.6800
v -7.0000 0.7000 -34.3200
v -5.0000 0.7000 -34.3200
v -5.0000 0.7000 -34.6800
v -7.0000 0.6000 -34.2800
v -7.0000 0.6000 -33.9200
v -5.0000 0.6000 -33.9200
v -5.0000 0.6000 -34.2800
v -7.0000 0.7000 -34.2800
v -7.0000 0.7000 -33.9200
v -5.0000 0.7000 -33.9200
v -5.0000 0.7000 -34.2800
v -7.0000 0.6000 -33.8800
v -7.0000 0.6000 -33.5200
v -5.0000 0.6000 -33.5200
v -5.0000 0.6000 -33.8800
v -7.0000 0.7000 -33.8800
v -7.0000 0.7000 -33.5200
v -5.0000 0.7000 -33.5200
v -5.0000 0.7000 -33.8800
v -7.0000 0.6000 -33.4800
v -7.0000 0.6000 -33.1200
v -5.0000 0.6000 -33.1200
v -5.0000 0.6000 -33.4800
v -7.0000 0.7000 -33.4800
v -7.0000 0.7000 -33.1200
v -5.0000 0.7000 -33.1200
v -5.0000 0.7000 -33.4800
v -7.0000 0.6000 -33.0800
v -7.0000 0.6000 -32.7200
v -5.0000 0.6000 -32.7200
v -5.0000 0.6000 -33.0800
v -7.0000 0.7000 -33.0800
v -7.0000 0.7000 -32.7200
v -5.0000 0.7000 -32.7200
v -5.0000 0.7000 -33.0800
v -7.0000 0.6000 -32.6800
v -7.0000 0.6000 -32.3200
v -5.0000 0.6000 -32.3200
v -5.0000 0.6000 -32.6800
v -7.0000 0.7000 -32.6800
v -7.0000 0.7000 -32.3200
v -5.0000 0.7000 -32.3200
v -5.0000 0.7000 -32.6800
v -7.0000 0.6000 -32.2800
v -7.0000 0.6000 -31.9200
v -5.0000 0.6000 -31.9200
v -5.0000 0.6000 -32.2800
v -7.0000 0.7000 -32.2800
v -7.0000 0.7000 -31.9200
v -5.0000 0.7000 -31.9200
v -5.0000 0.7000 -32.2800
v -7.0000 0.6000 -31.8800
v -7.0000 0.6000 -31.5200
v -5.0000 0.6000 -31.5200
v -5.0000 0.6000 -31.8800
v -7.0000 0.7000 -31.8800
v -7.0000 0.7000 -31.5200
v -5.0000 0.7000 -31.5200
v -5.0000 0.7000 -31.8800
v -7.0000 0.6000 -31.4800
v -7.0000 0.6000 -31.1200
v -5.0000 0.6000 -31.1200
v -5.0000 0.6000 -31.4800
v -7.0000 0.7000 -31.4800
v -7.0000 0.7000 -31.1200
v -5.0000 0.7000 -31.1200
v -5.0000 0.7000 -31.4800
v -7.0000 0.6000 -31.0800
v -7.0000 0.6000 -30.7200
v -5.0000 0.6000 -30.7200
v -5.0000 0.6000 -31.0800
v -7.0000 0.7000 -31.0800
v -7.0000 0.7000 -30.7200
v -5.0000 0.7000 -30.7200
v -5.0000 0.7000 -31.0800
v -7.0000 0.6000 -30.6800
v -7.0000 0.6000 -30.3200
v -5.0000 0.6000 -30.3200
v -5.0000 0.6000 -30.6800
v -7.0000 0.7000 -30.6800
v -7.0000 0.7000 -30.3200
v -5.0000 0.7000 -30.3200
v -5.0000 0.7000 -30.6800
v -7.0000 0.6000 -30.2800
v -7.0000 0.6000 -29.9200
v -5.0000 0.6000 -29.9200
v -5.0000 0.6000 -30.2800
v -7.0000 0.7000 -30.2800
v -7.0000 0.7000 -29.9200
v -5.0000 0.7000 -29.9200
v -5.0000 0.7000 -30.2800
v -7.0000 0.6000 -29.8800
v -7.0000 0.6000 -29.5200
v -5.0000 0.6000 -29.5200
v -5.0000 0.6000 -29.8800
v -7.0000 0.7000 -29.8800
v -7.0000 0.7000 -29.5200
v -5.0000 0.7000 -29.5200
v -5.0000 0.7000 -29.8800
v -7.0000 0.6000 -29.4800
v -7.0000 0.6000 -29.1200
v -5.0000 0.6000 -29.1200
v -5.0000 0.6000 -29.4800
v -7.0000 0.7000 -29.4800
v -7.0000 0.7000 -29.1200
v -5.0000 0.7000 -29.1200
v -5.0000 0.7000 -29.4800
v -7.0000 0.6000 -29.0800
v -7.0000 0.6000 -28.7200
v -5.0000 0.6000 -28.7200
v -5.0000 0.6000 -29.0800
v -7.0000 0.7000 -29.0800
v -7.0000 0.7000 -28.7200
v -5.0000 0.7000 -28.7200
v -5.0000 0.7000 -29.0800
v -7.0000 0.6000 -28.6800
v -7.0000 0.6000 -28.3200
v -5.0000 0.6000 -28.3200
v -5.0000 0.6000 -28.6800
v -7.0000 0.7000 -28.6800
v -7.0000 0.7000 -28.3200
v -5.0000 0.7000 -28.3200
v -5.0000 0.7000 -28.6800
v -7.0000 0.6000 -28.2800
v -7.0000 0.6000 -27.9200
v -5.0000 0.6000 -27.9200
v -5.0000 0.6000 -28.2800
v -7.0000 0.7000 -28.2800
v -7.0000 0.7000 -27.9200
v -5.0000 0.7000 -27.9200
v -5.0000 0.7000 -28.2800
v -7.0000 0.6000 -27.8800
v -7.0000 0.6000 -27.5200
v -5.0000 0.6000 -27.5200
v -5.0000 0.6000 -27.8800
v -7.0000 0.7000 -27.8800
v -7.0000 0.7000 -27.5200
v -5.0000 0.7000 -27.5200
v -5.0000 0.7000 -27.8800
v -7.0000 0.6000 -27.4800
v -7.0000 0.6000 -27.1200
v -5.0000 0.6000 -27.1200
v -5.0000 0.6000 -27.4800
v -7.0000 0.7000 -27.4800
v -7.0000 0.7000 -27.1200
v -5.0000 0.7000 -27.1200
v -5.0000 0.7000 -27.4800
v -7.0000 0.6000 -27.0800
v -7.0000 0.6000 -26.7200
v -5.0000 0.6000 -26.7200
v -5.0000 0.6000 -27.0800
v -7.0000 0.7000 -27.0800
v -7.0000 0.7000 -26.7200
v -5.0000 0.7000 -26.7200
v -5.0000 0.7000 -27.0800
v -7.0000 0.6000 -26.6800
v -7.0000 0.6000 -26.3200
v -5.0000 0.6000 -26.3200
v -5.0000 0.6000 -26.6800
v -7.0000 0.7000 -26.6800
v -7.0000 0.7000 -26.3200
v -5.0000 0.7000 -26.3200
v -5.0000 0.7000 -26.6800
v -7.0000 0.6000 -26.2800
v -7.0000 0.6000 -25.9200
v -5.0000 0.6000 -25.9200
v -5.0000 0.6000 -26.2800
v -7.0000 0.7000 -26.2800
v -7.0000 0.7000 -25.9200
v -5.0000 0.7000 -25.9200
v -5.0000 0.7000 -26.2800
v -7.0000 0.6000 -25.8800
v -7.0000 0.6000 -25.5200
v -5.0000 0.6000 -25.5200
v -5.0000 0.6000 -25.8800
v -7.0000 0.7000 -25.8800
v -7.0000 0.7000 -25.5200
v -5.0000 0.7000 -25.5200
v -5.0000 0.7000 -25.8800
v -6.9700 -1.0000 -39.1200
v -6.9700 -1.0000 -38.8800
v -6.7300 -1.0000 -38.8800
v -6.7300 -1.0000 -39.1200
v -6.9700 0.6000 -39.1200
v -6.9700 0.6000 -38.8800
v -6.7300 0.6000 -38.8800
v -6.7300 0.6000 -39.1200
v -5.2700 -1.0000 -39.1200
v -5.2700 -1.0000 -38.8800
v -5.0300 -1.0000 -38.8800
v -5.0300 -1.0000 -39.1200
v -5.2700 0.6000 -39.1200
v -5.2700 0.6000 -38.8800
v -5.0300 0.6000 -38.8800
v -5.0300 0.6000 -39.1200
v -6.9700 -1.0000 -37.4950
v -6.9700 -1.0000 -37.2550
v -6.7300 -1.0000 -37.2550
v -6.7300 -1.0000 -37.4950
v -6.9700 0.6000 -37.4950
v -6.9700 0.6000 -37.2550
v -6.7300 0.6000 -37.2550
v -6.7300 0.6000 -37.4950
v -5.2700 -1.0000 -37.4950
v -5.2700 -1.0000 -37.2550
v -5.0300 -1.0000 -37.2550
v -5.0300 -1.0000 -37.4950
v -5.2700 0.6000 -37.4950
v -5.2700 0.6000 -37.2550
v -5.0300 0.6000 -37.2550
v -5.0300 0.6000 -37.4950
v -6.9700 -1.0000 -35.8700
v -6.9700 -1.0000 -35.6300
v -6.7300 -1.0000 -35.6300
v -6.7300 -1.0000 -35.8700
v -6.9700 0.6000 -35.8700
v -6.9700 0.6000 -35.6300
v -6.7300 0.6000 -35.6300
v -6.7300 0.6000 -35.8700
v -5.2700 -1.0000 -35.8700
v -5.2700 -1.0000 -35.6300
v -5.0300 -1.0000 -35.6300
v -5.0300 -1.0000 -35.8700
v -5.2700 0.6000 -35.8700
v -5.2700 0.6000 -35.6300
v -5.0300 0.6000 -35.6300
v -5.0300 0.6000 -35.8700
v -6.9700 -1.0000 -34.2450
v -6.9700 -1.0000 -34.0050
v -6.7300 -1.0000 -34.0050
v -6.7300 -1.0000 -34.2450
v -6.9700 0.6000 -34.2450
v -6.9700 0.6000 -34.0050
v -6.7300 0.6000 -34.0050
v -6.7300 0.6000 -34.2450
v -5.2700 -1.0000 -34.2450
v -5.2700 -1.0000 -34.0050
v -5.0300 -1.0000 -34.0050
v -5.0300 -1.0000 -34.2450
v -5.2700 0.6000 -34.2450
v -5.2700 0.6000 -34.0050
v -5.0300 0.6000 -34.0050
v -5.0300 0.6000 -34.2450
v -6.9700 -1.0000 -32.6200
v -6.9700 -1.0000 -32.3800
v -6.7300 -1.0000 -32.3800
v -6.7300 -1.0000 -32.6200
v -6.9700 0.6000 -32.6200
v -6.9700 0.6000 -32.3800
v -6.7300 0.6000 -32.3800
v -6.7300 0.6000 -32.6200
v -5.2700 -1.0000 -32.6200
v -5.2700 -1.0000 -32.3800
v -5.0300 -1.0000 -32.3800
v -5.0300 -1.0000 -32.6200
v -5.2700 0.6000 -32.6200
v -5.2700 0.6000 -32.3800
v -5.0300 0.6000 -32.3800
v -5.0300 0.6000 -32.6200
v -6.9700 -1.0000 -30.9950
v -6.9700 -1.0000 -30.7550
v -6.7300 -1.0000 -30.7550
v -6.7300 -1.0000 -30.9950
v -6.9700 0.6000 -30.9950
v -6.9700 0.6000 -30.7550
v -6.7300 0.6000 -30.7550
v -6.7300 0.6000 -30.9950
v -5.2700 -1.0000 -30.9950
v -5.2700 -1.0000 -30.7550
v -5.0300 -1.0000 -30.7550
v -5.0300 -1.0000 -30.9950
v -5.2700 0.6000 -30.9950
v -5.2700 0.6000 -30.7550
v -5.0300 0.6000 -30.7550
v -5.0300 0.6000 -30.9950
v -6.9700 -1.0000 -29.3700
v -6.9700 -1.0000 -29.1300
v -6.7300 -1.0000 -29.1300
v -6.7300 -1.0000 -29.3700
v -6.9700 0.6000 -29.3700
v -6.9700 0.6000 -29.1300
v -6.7300 0.6000 -29.1300
v -6.7300 0.6000 -29.3700
v -5.2700 -1.0000 -29.3700
v -5.2700 -1.0000 -29.1300
v -5.0300 -1.0000 -29.1300
v -5.0300 -1.0000 -29.3700
v -5.2700 0.6000 -29.3700
v -5.2700 0.6000 -29.1300
v -5.0300 0.6000 -29.1300
v -5.0300 0.6000 -29.3700
v -6.9700 -1.0000 -27.7450
v -6.9700 -1.0000 -27.5050
v -6.7300 -1.0000 -27.5050
v -6.7300 -1.0000 -27.7450
v -6.9700 0.6000 -27.7450
v -6.9700 0.6000 -27.5050
v -6.7300 0.6000 -27.5050
v -6.7300 0.6000 -27.7450
v -5.2700 -1.0000 -27.7450
v -5.2700 -1.0000 -27.5050
v -5.0300 -1.0000 -27.5050
v -5.0300 -1.0000 -27.7450
v -5.2700 0.6000 -27.7450
v -5.2700 0.6000 -27.5050
v -5.0300 0.6000 -27.5050
v -5.0300 0.6000 -27.7450
v -6.9700 -1.0000 -26.1200
v -6.9700 -1.0000 -25.8800
v -6.7300 -1.0000 -25.8800
v -6.7300 -1.0000 -26.1200
v -6.9700 0.6000 -26.1200
v -6.9700 0.6000 -25.8800
v -6.7300 0.6000 -25.8800
v -6.7300 0.6000 -26.1200
v -5.2700 -1.0000 -26.1200
v -5.2700 -1.0000 -25.8800
v -5.0300 -1.0000 -25.8800
v -5.0300 -1.0000 -26.1200
v -5.2700 0.6000 -26.1200
v -5.2700 0.6000 -25.8800
v -5.0300 0.6000 -25.8800
v -5.0300 0.6000 -26.1200
v -7.0600 0.7000 -38.7600
v -7.0600 0.7000 -38.6400
v -6.9400 0.7000 -38.6400
v -6.9400 0.7000 -38.7600
v -7.0600 1.6000 -38.7600
v -7.0600 1.6000 -38.6400
v -6.9400 1.6000 -38.6400
v -6.9400 1.6000 -38.7600
v -5.0600 0.7000 -38.7600
v -5.0600 0.7000 -38.6400
v -4.9400 0.7000 -38.6400
v -4.9400 0.7000 -38.7600
v -5.0600 1.6000 -38.7600
v -5.0600 1.6000 -38.6400
v -4.9400 1.6000 -38.6400
v -4.9400 1.6000 -38.7600
v -7.0600 0.7000 -35.6600
v -7.0600 0.7000 -35.5400
v -6.9400 0.7000 -35.5400
v -6.9400 0.7000 -35.6600
v -7.0600 1.6000 -35.6600
v -7.0600 1.6000 -35.5400
v -6.9400 1.6000 -35.5400
v -6.9400 1.6000 -35.6600
v -5.0600 0.7000 -35.6600
v -5.0600 0.7000 -35.5400
v -4.9400 0.7000 -35.5400
v -4.9400 0.7000 -35.6600
v -5.0600 1.6000 -35.6600
v -5.0600 1.6000 -35.5400
v -4.9400 1.6000 -35.5400
v -4.9400 1.6000 -35.6600
v -7.0600 0.7000 -32.5600
v -7.0600 0.7000 -32.4400
v -6.9400 0.7000 -32.4400
v -6.9400 0.7000 -32.5600
v -7.0600 1.6000 -32.5600
v -7.0600 1.6000 -32.4400
v -6.9400 1.6000 -32.4400
v -6.9400 1.6000 -32.5600
v -5.0600 0.7000 -32.5600
v -5.0600 0.7000 -32.4400
v -4.9400 0.7000 -32.4400
v -4.9400 0.7000 -32.5600
v -5.0600 1.6000 -32.5600
v -5.0600 1.6000 -32.4400
v -4.9400 1.6000 -32.4400
v -4.9400 1.6000 -32.5600
v -7.0600 0.7000 -29.4600
v -7.0600 0.7000 -29.3400
v -6.9400 0.7000 -29.3400
v -6.9400 0.7000 -29.4600
v -7.0600 1.6000 -29.4600
v -7.0600 1.6000 -29.3400
v -6.9400 1.6000 -29.3400
v -6.9400 1.6000 -29.4600
v -5.0600 0.7000 -29.4600
v -5.0600 0.7000 -29.3400
v -4.9400 0.7000 -29.3400
v -4.9400 0.7000 -29.4600
v -5.0600 1.6000 -29.4600
v -5.0600 1.6000 -29.3400
v -4.9400 1.6000 -29.3400
v -4.9400 1.6000 -29.4600
v -7.0600 0.7000 -26.3600
v -7.0600 0.7000 -26.2400
v -6.9400 0.7000 -26.2400
v -6.9400 0.7000 -26.3600
v -7.0600 1.6000 -26.3600
v -7.0600 1.6000 -26.2400
v -6.9400 1.6000 -26.2400
v -6.9400 1.6000 -26.3600
v -5.0600 0.7000 -26.3600
v -5.0600 0.7000 -26.2400
v -4.9400 0.7000 -26.2400
v -4.9400 0.7000 -26.3600
v -5.0600 1.6000 -26.3600
v -5.0600 1.6000 -26.2400
v -4.9400 1.6000 -26.2400
v -4.9400 1.6000 -26.3600
v -7.0500 1.5500 -38.9000
v -7.0500 1.5500 -26.1000
v -6.9500 1.5500 -26.1000
v -6.9500 1.5500 -38.9000
v -7.0500 1.6500 -38.9000
v -7.0500 1.6500 -26.1000
v -6.9500 1.6500 -26.1000
v -6.9500 1.6500 -38.9000
v -5.0500 1.5500 -38.9000
v -5.0500 1.5500 -26.1000
v -4.9500 1.5500 -26.1000
v -4.9500 1.5500 -38.9000
v -5.0500 1.6500 -38.9000
v -5.0500 1.6500 -26.1000
v -4.9500 1.6500 -26.1000
v -4.9500 1.6500 -38.9000
v -6.8500 0.7000 -26.0000
v -6.8500 0.7000 -25.7000
v -6.5500 0.7000 -25.7000
v -6.5500 0.7000 -26.0000
v -6.8500 1.1000 -26.0000
v -6.8500 1.1000 -25.7000
v -6.5500 1.1000 -25.7000
v -6.5500 1.1000 -26.0000
v -5.4500 0.7000 -26.0000
v -5.4500 0.7000 -25.7000
v -5.1500 0.7000 -25.7000
v -5.1500 0.7000 -26.0000
v -5.4500 1.1000 -26.0000
v -5.4500 1.1000 -25.7000
v -5.1500 1.1000 -25.7000
v -5.1500 1.1000 -26.0000
usemtl pier_1_plank_0
f 3644 3645 3646 3647
f 3648 3649 3650 3651
f 3644 3645 3649 3648
f 3646 3647 3651 3650
f 3645 3646 3650 3649
f 3647 3644 3648 3651
usemtl pier_1_plank_1
f 3652 3653 3654 3655
f 3656 3657 3658 3659
f 3652 3653 3657 3656
f 3654 3655 3659 3658
f 3653 3654 3658 3657
f 3655 3652 3656 3659
usemtl pier_1_plank_0
f 3660 3661 3662 3663
f 3664 3665 3666 3667
f 3660 3661 3665 3664
f 3662 3663 3667 3666
f 3661 3662 3666 3665
f 3663 3660 3664 3667
usemtl pier_1_plank_1
f 3668 3669 3670 3671
f 3672 3673 3674 3675
f 3668 3669 3673 3672
f 3670 3671 3675 3674
f 3669 3670 3674 3673
f 3671 3668 3672 3675
usemtl pier_1_plank_0
f 3676 3677 3678 3679
f 3680 3681 3682 3683
f 3676 3677 3681 3680
f 3678 3679 3683 3682
f 3677 3678 3682 3681
f 3679 3676 3680 3683
usemtl pier_1_plank_1
f 3684 3685 3686 3687
f 3688 3689 3690 3691
f 3684 3685 3689 3688
f 3686 3687 3691 3690
f 3685 3686 3690 3689
f 3687 3684 3688 3691
usemtl pier_1_plank_0
f 3692 3693 3694 3695
f 3696 3697 3698 3699
f 3692 3693 3697 3696
f 3694 3695 3699 3698
f 3693 3694 3698 3697
f 3695 3692 3696 3699
usemtl pier_1_plank_1
f 3700 3701 3702 3703
f 3704 3705 3706 3707
f 3700 3701 3705 3704
f 3702 3703 3707 3706
f 3701 3702 3706 3705
f 3703 3700 3704 3707
usemtl pier_1_plank_0
f 3708 3709 3710 3711
f 3712 3713 3714 3715
f 3708 3709 3713 3712
f 3710 3711 3715 3714
f 3709 3710 3714 3713
f 3711 3708 3712 3715
usemtl pier_1_plank_1
f 3716 3717 3718 3719
f 3720 3721 3722 3723
f 3716 3717 3721 3720
f 3718 3719 3723 3722
f 3717 3718 3722 3721
f 3719 3716 3720 3723
usemtl pier_1_plank_0
f 3724 3725 3726 3727
f 3728 3729 3730 3731
f 3724 3725 3729 3728
f 3726 3727 3731 3730
f 3725 3726 3730 3729
f 3727 3724 3728 3731
usemtl pier_1_plank_1
f 3732 3733 3734 3735
f 3736 3737 3738 3739
f 3732 3733 3737 3736
f 3734 3735 3739 3738
f 3733 3734 3738 3737
f 3735 3732 3736 3739
usemtl pier_1_plank_0
f 3740 3741 3742 3743
f 3744 3745 3746 3747
f 3740 3741 3745 3744
f 3742 3743 3747 3746
f 3741 3742 3746 3745
f 3743 3740 3744 3747
usemtl pier_1_plank_1
f 3748 3749 3750 3751
f 3752 3753 3754 3755
f 3748 3749 3753 3752
f 3750 3751 3755 3754
f 3749 3750 3754 3753
f 3751 3748 3752 3755
usemtl pier_1_plank_0
f 3756 3757 3758 3759
f 3760 3761 3762 3763
f 3756 3757 3761 3760
f 3758 3759 3763 3762
f 3757 3758 3762 3761
f 3759 3756 3760 3763
usemtl pier_1_plank_1
f 3764 3765 3766 3767
f 3768 3769 3770 3771
f 3764 3765 3769 3768
f 3766 3767 3771 3770
f 3765 3766 3770 3769
f 3767 3764 3768 3771
usemtl pier_1_plank_0
f 3772 3773 3774 3775
f 3776 3777 3778 3779
f 3772 3773 3777 3776
f 3774 3775 3779 3778
f 3773 3774 3778 3777
f 3775 3772 3776 3779
usemtl pier_1_plank_1
f 3780 3781 3782 3783
f 3784 3785 3786 3787
f 3780 3781 3785 3784
f 3782 3783 3787 3786
f 3781 3782 3786 3785
f 3783 3780 3784 3787
usemtl pier_1_plank_0
f 3788 3789 3790 3791
f 3792 3793 3794 3795
f 3788 3789 3793 3792
f 3790 3791 3795 3794
f 3789 3790 3794 3793
f 3791 3788 3792 3795
usemtl pier_1_plank_1
f 3796 3797 3798 3799
f 3800 3801 3802 3803
f 3796 3797 3801 3800
f 3798 3799 3803 3802
f 3797 3798 3802 3801
f 3799 3796 3800 3803
usemtl pier_1_plank_0
f 3804 3805 3806 3807
f 3808 3809 3810 3811
f 3804 3805 3809 3808
f 3806 3807 3811 3810
f 3805 3806 3810 3809
f 3807 3804 3808 3811
usemtl pier_1_plank_1
f 3812 3813 3814 3815
f 3816 3817 3818 3819
f 3812 3813 3817 3816
f 3814 3815 3819 3818
f 3813 3814 3818 3817
f 3815 3812 3816 3819
usemtl pier_1_plank_0
f 3820 3821 3822 3823
f 3824 3825 3826 3827
f 3820 3821 3825 3824
f 3822 3823 3827 3826
f 3821 3822 3826 3825
f 3823 3820 3824 3827
usemtl pier_1_plank_1
f 3828 3829 3830 3831
f 3832 3833 3834 3835
f 3828 3829 3833 3832
f 3830 3831 3835 3834
f 3829 3830 3834 3833
f 3831 3828 3832 3835
usemtl pier_1_plank_0
f 3836 3837 3838 3839
f 3840 3841 3842 3843
f 3836 3837 3841 3840
f 3838 3839 3843 3842
f 3837 3838 3842 3841
f 3839 3836 3840 3843
usemtl pier_1_plank_1
f 3844 3845 3846 3847
f 3848 3849 3850 3851
f 3844 3845 3849 3848
f 3846 3847 3851 3850
f 3845 3846 3850 3849
f 3847 3844 3848 3851
usemtl pier_1_plank_0
f 3852 3853 3854 3855
f 3856 3857 3858 3859
f 3852 3853 3857 3856
f 3854 3855 3859 3858
f 3853 3854 3858 3857
f 3855 3852 3856 3859
usemtl pier_1_plank_1
f 3860 3861 3862 3863
f 3864 3865 3866 3867
f 3860 3861 3865 3864
f 3862 3863 3867 3866
f 3861 3862 3866 3865
f 3863 3860 3864 3867
usemtl pier_1_plank_0
f 3868 3869 3870 3871
f 3872 3873 3874 3875
f 3868 3869 3873 3872
f 3870 3871 3875 3874
f 3869 3870 3874 3873
f 3871 3868 3872 3875
usemtl pier_1_plank_1
f 3876 3877 3878 3879
f 3880 3881 3882 3883
f 3876 3877 3881 3880
f 3878 3879 3883 3882
f 3877 3878 3882 3881
f 3879 3876 3880 3883
usemtl pier_1_plank_0
f 3884 3885 3886 3887
f 3888 3889 3890 3891
f 3884 3885 3889 3888
f 3886 3887 3891 3890
f 3885 3886 3890 3889
f 3887 3884 3888 3891
usemtl pier_1_plank_1
f 3892 3893 3894 3895
f 3896 3897 3898 3899
f 3892 3893 3897 3896
f 3894 3895 3899 3898
f 3893 3894 3898 3897
f 3895 3892 3896 3899
usemtl pier_1_plank_0
f 3900 3901 3902 3903
f 3904 3905 3906 3907
f 3900 3901 3905 3904
f 3902 3903 3907 3906
f 3901 3902 3906 3905
f 3903 3900 3904 3907
usemtl pier_1_plank_1
f 3908 3909 3910 3911
f 3912 3913 3914 3915
f 3908 3909 3913 3912
f 3910 3911 3915 3914
f 3909 3910 3914 3913
f 3911 3908 3912 3915
usemtl pier_1_plank_0
f 3916 3917 3918 3919
f 3920 3921 3922 3923
f 3916 3917 3921 3920
f 3918 3919 3923 3922
f 3917 3918 3922 3921
f 3919 3916 3920 3923
usemtl pier_1_pile
f 3924 3925 3926 3927
f 3928 3929 3930 3931
f 3924 3925 3929 3928
f 3926 3927 3931 3930
f 3925 3926 3930 3929
f 3927 3924 3928 3931
f 3932 3933 3934 3935
f 3936 3937 3938 3939
f 3932 3933 3937 3936
f 3934 3935 3939 3938
f 3933 3934 3938 3937
f 3935 3932 3936 3939
f 3940 3941 3942 3943
f 3944 3945 3946 3947
f 3940 3941 3945 3944
f 3942 3943 3947 3946
f 3941 3942 3946 3945
f 3943 3940 3944 3947
f 3948 3949 3950 3951
f 3952 3953 3954 3955
f 3948 3949 3953 3952
f 3950 3951 3955 3954
f 3949 3950 3954 3953
f 3951 3948 3952 3955
f 3956 3957 3958 3959
f 3960 3961 3962 3963
f 3956 3957 3961 3960
f 3958 3959 3963 3962
f 3957 3958 3962 3961
f 3959 3956 3960 3963
f 3964 3965 3966 3967
f 3968 3969 3970 3971
f 3964 3965 3969 3968
f 3966 3967 3971 3970
f 3965 3966 3970 3969
f 3967 3964 3968 3971
f 3972 3973 3974 3975
f 3976 3977 3978 3979
f 3972 3973 3977 3976
f 3974 3975 3979 3978
f 3973 3974 3978 3977
f 3975 3972 3976 3979
f 3980 3981 3982 3983
f 3984 3985 3986 3987
f 3980 3981 3985 3984
f 3982 3983 3987 3986
f 3981 3982 3986 3985
f 3983 3980 3984 3987
f 3988 3989 3990 3991
f 3992 3993 3994 3995
f 3988 3989 3993 3992
f 3990 3991 3995 3994
f 3989 3990 3994 3993
f 3991 3988 3992 3995
f 3996 3997 3998 3999
f 4000 4001 4002 4003
f 3996 3997 4001 4000
f 3998 3999 4003 4002
f 3997 3998 4002 4001
f 3999 3996 4000 4003
f 4004 4005 4006 4007
f 4008 4009 4010 4011
f 4004 4005 4009 4008
f 4006 4007 4011 4010
f 4005 4006 4010 4009
f 4007 4004 4008 4011
f 4012 4013 4014 4015
f 4016 4017 4018 4019
f 4012 4013 4017 4016
f 4014 4015 4019 4018
f 4013 4014 4018 4017
f 4015 4012 4016 4019
f 4020 4021 4022 4023
f 4024 4025 4026 4027
f 4020 4021 4025 4024
f 4022 4023 4027 4026
f 4021 4022 4026 4025
f 4023 4020 4024 4027
f 4028 4029 4030 4031
f 4032 4033 4034 4035
f 4028 4029 4033 4032
f 4030 4031 4035 4034
f 4029 4030 4034 4033
f 4031 4028 4032 4035
f 4036 4037 4038 4039
f 4040 4041 4042 4043
f 4036 4037 4041 4040
f 4038 4039 4043 4042
f 4037 4038 4042 4041
f 4039 4036 4040 4043
f 4044 4045 4046 4047
f 4048 4049 4050 4051
f 4044 4045 4049 4048
f 4046 4047 4051 4050
f 4045 4046 4050 4049
f 4047 4044 4048 4051
f 4052 4053 4054 4055
f 4056 4057 4058 4059
f 4052 4053 4057 4056
f 4054 4055 4059 4058
f 4053 4054 4058 4057
f 4055 4052 4056 4059
f 4060 4061 4062 4063
f 4064 4065 4066 4067
f 4060 4061 4065 4064
f 4062 4063 4067 4066
f 4061 4062 4066 4065
f 4063 4060 4064 4067
usemtl pier_1_rail_post
f 4068 4069 4070 4071
f 4072 4073 4074 4075
f 4068 4069 4073 4072
f 4070 4071 4075 4074
f 4069 4070 4074 4073
f 4071 4068 4072 4075
f 4076 4077 4078 4079
f 4080 4081 4082 4083
f 4076 4077 4081 4080
f 4078 4079 4083 4082
f 4077 4078 4082 4081
f 4079 4076 4080 4083
f 4084 4085 4086 4087
f 4088 4089 4090 4091
f 4084 4085 4089 4088
f 4086 4087 4091 4090
f 4085 4086 4090 4089
f 4087 4084 4088 4091
f 4092 4093 4094 4095
f 4096 4097 4098 4099
f 4092 4093 4097 4096
f 4094 4095 4099 4098
f 4093 4094 4098 4097
f 4095 4092 4096 4099
f 4100 4101 4102 4103
f 4104 4105 4106 4107
f 4100 4101 4105 4104
f 4102 4103 4107 4106
f 4101 4102 4106 4105
f 4103 4100 4104 4107
f 4108 4109 4110 4111
f 4112 4113 4114 4115
f 4108 4109 4113 4112
f 4110 4111 4115 4114
f 4109 4110 4114 4113
f 4111 4108 4112 4115
f 4116 4117 4118 4119
f 4120 4121 4122 4123
f 4116 4117 4121 4120
f 4118 4119 4123 4122
f 4117 4118 4122 4121
f 4119 4116 4120 4123
f 4124 4125 4126 4127
f 4128 4129 4130 4131
f 4124 4125 4129 4128
f 4126 4127 4131 4130
f 4125 4126 4130 4129
f 4127 4124 4128 4131
f 4132 4133 4134 4135
f 4136 4137 4138 4139
f 4132 4133 4137 4136
f 4134 4135 4139 4138
f 4133 4134 4138 4137
f 4135 4132 4136 4139
f 4140 4141 4142 4143
f 4144 4145 4146 4147
f 4140 4141 4145 4144
f 4142 4143 4147 4146
f 4141 4142 4146 4145
f 4143 4140 4144 4147
usemtl pier_1_rail_top
f 4148 4149 4150 4151
f 4152 4153 4154 4155
f 4148 4149 4153 4152
f 4150 4151 4155 4154
f 4149 4150 4154 4153
f 4151 4148 4152 4155
f 4156 4157 4158 4159
f 4160 4161 4162 4163
f 4156 4157 4161 4160
f 4158 4159 4163 4162
f 4157 4158 4162 4161
f 4159 4156 4160 4163
usemtl pier_1_bollard
f 4164 4165 4166 4167
f 4168 4169 4170 4171
f 4164 4165 4169 4168
f 4166 4167 4171 4170
f 4165 4166 4170 4169
f 4167 4164 4168 4171
f 4172 4173 4174 4175
f 4176 4177 4178 4179
f 4172 4173 4177 4176
f 4174 4175 4179 4178
f 4173 4174 4178 4177
f 4175 4172 4176 4179
o pier_2
v 7.0000 0.6000 -39.4800
v 7.0000 0.6000 -39.1200
v 9.0000 0.6000 -39.1200
v 9.0000 0.6000 -39.4800
v 7.0000 0.7000 -39.4800
v 7.0000 0.7000 -39.1200
v 9.0000 0.7000 -39.1200
v 9.0000 0.7000 -39.4800
v 7.0000 0.6000 -39.0800
v 7.0000 0.6000 -38.7200
v 9.0000 0.6000 -38.7200
v 9.0000 0.6000 -39.0800
v 7.0000 0.7000 -39.0800
v 7.0000 0.7000 -38.7200
v 9.0000 0.7000 -38.7200
v 9.0000 0.7000 -39.0800
v 7.0000 0.6000 -38.6800
v 7.0000 0.6000 -38.3200
v 9.0000 0.6000 -38.3200
v 9.0000 0.6000 -38.6800
v 7.0000 0.7000 -38.6800
v 7.0000 0.7000 -38.3200
v 9.0000 0.7000 -38.3200
v 9.0000 0.7000 -38.6800
v 7.0000 0.6000 -38.2800
v 7.0000 0.6000 -37.9200
v 9.0000 0.6000 -37.9200
v 9.0000 0.6000 -38.2800
v 7.0000 0.7000 -38.2800
v 7.0000 0.7000 -37.9200
v 9.0000 0.7000 -37.9200
v 9.0000 0.7000 -38.2800
v 7.0000 0.6000 -37.8800
v 7.0000 0.6000 -37.5200
v 9.0000 0.6000 -37.5200
v 9.0000 0.6000 -37.8800
v 7.0000 0.7000 -37.8800
v 7.0000 0.7000 -37.5200
v 9.0000 0.7000 -37.5200
v 9.0000 0.7000 -37.8800
v 7.0000 0.6000 -37.4800
v 7.0000 0.6000 -37.1200
v 9.0000 0.6000 -37.1200
v 9.0000 0.6000 -37.4800
v 7.0000 0.7000 -37.4800
v 7.0000 0.7000 -37.1200
v 9.0000 0.7000 -37.1200
v 9.0000 0.7000 -37.4800
v 7.0000 0.6000 -37.0800
v 7.0000 0.6000 -36.7200
v 9.0000 0.6000 -36.7200
v 9.0000 0.6000 -37.0800
v 7.0000 0.7000 -37.0800
v 7.0000 0.7000 -36.7200
v 9.0000 0.7000 -36.7200
v 9.0000 0.7000 -37.0800
v 7.0000 0.6000 -36.6800
v 7.0000 0.6000 -36.3200
v 9.0000 0.6000 -36.3200
v 9.0000 0.6000 -36.6800
v 7.0000 0.7000 -36.6800
v 7.0000 0.7000 -36.3200
v 9.0000 0.7000 -36.3200
v 9.0000 0.7000 -36.6800
v 7.0000 0.6000 -36.2800
v 7.0000 0.6000 -35.9200
v 9.0000 0.6000 -35.9200
v 9.0000 0.6000 -36.2800
v 7.0000 0.7000 -36.2800
v 7.0000 0.7000 -35.9200
v 9.0000 0.7000 -35.9200
v 9.0000 0.7000 -36.2800
v 7.0000 0.6000 -35.8800
v 7.0000 0.6000 -35.5200
v 9.0000 0.6000 -35.5200
v 9.0000 0.6000 -35.8800
v 7.0000 0.7000 -35.8800
v 7.0000 0.7000 -35.5200
v 9.0000 0.7000 -35.5200
v 9.0000 0.7000 -35.8800
v 7.0000 0.6000 -35.4800
v 7.0000 0.6000 -35.1200
v 9.0000 0.6000 -35.1200
v 9.0000 0.6000 -35.4800
v 7.0000 0.7000 -35.4800
v 7.0000 0.7000 -35.1200
v 9.0000 0.7000 -35.1200
v 9.0000 0.7000 -35.4800
v 7.0000 0.6000 -35.0800
v 7.0000 0.6000 -34.7200
v 9.0000 0.6000 -34.7200
v 9.0000 0.6000 -35.0800
v 7.0000 0.7000 -35.0800
v 7.0000 0.7000 -34.7200
v 9.0000 0.7000 -34.7200
v 9.0000 0.7000 -35.0800
v 7.0000 0.6000 -34.6800
v 7.0000 0.6000 -34.3200
v 9.0000 0.6000 -34.3200
v 9.0000 0.6000 -34.6800
v 7.0000 0.7000 -34.6800
v 7.0000 0.7000 -34.3200
v 9.0000 0.7000 -34.3200
v 9.0000 0.7000 -34.6800
v 7.0000 0.6000 -34.2800
v 7.0000 0.6000 -33.9200
v 9.0000 0.6000 -33.9200
v 9.0000 0.6000 -34.2800
v 7.0000 0.7000 -34.2800
v 7.0000 0.7000 -33.9200
v 9.0000 0.7000 -33.9200
v 9.0000 0.7000 -34.2800
v 7.0000 0.6000 -33.8800
v 7.0000 0.6000 -33.5200
v 9.0000 0.6000 -33.5200
v 9.0000 0.6000 -33.8800
v 7.0000 0.7000 -33.8800
v 7.0000 0.7000 -33.5200
v 9.0000 0.7000 -33.5200
v 9.0000 0.7000 -33.8800
v 7.0000 0.6000 -33.4800
v 7.0000 0.6000 -33.1200
v 9.0000 0.6000 -33.1200
v 9.0000 0.6000 -33.4800
v 7.0000 0.7000 -33.4800
v 7.0000 0.7000 -33.1200
v 9.0000 0.7000 -33.1200
v 9.0000 0.7000 -33.4800
v 7.0000 0.6000 -33.0800
v 7.0000 0.6000 -32.7200
v 9.0000 0.6000 -32.7200
v 9.0000 0.6000 -33.0800
v 7.0000 0.7000 -33.0800
v 7.0000 0.7000 -32.7200
v 9.0000 0.7000 -32.7200
v 9.0000 0.7000 -33.0800
v 7.0000 0.6000 -32.6800
v 7.0000 0.6000 -32.3200
v 9.0000 0.6000 -32.3200
v 9.0000 0.6000 -32.6800
v 7.0000 0.7000 -32.6800
v 7.0000 0.7000 -32.3200
v 9.0000 0.7000 -32.3200
v 9.0000 0.7000 -32.6800
v 7.0000 0.6000 -32.2800
v 7.0000 0.6000 -31.9200
v 9.0000 0.6000 -31.9200
v 9.0000 0.6000 -32.2800
v 7.0000 0.7000 -32.2800
v 7.0000 0.7000 -31.9200
v 9.0000 0.7000 -31.9200
v 9.0000 0.7000 -32.2800
v 7.0000 0.6000 -31.8800
v 7.0000 0.6000 -31.5200
v 9.0000 0.6000 -31.5200
v 9.0000 0.6000 -31.8800
v 7.0000 0.7000 -31.8800
v 7.0000 0.7000 -31.5200
v 9.0000 0.7000 -31.5200
v 9.0000 0.7000 -31.8800
v 7.0000 0.6000 -31.4800
v 7.0000 0.6000 -31.1200
v 9.0000 0.6000 -31.1200
v 9.0000 0.6000 -31.4800
v 7.0000 0.7000 -31.4800
v 7.0000 0.7000 -31.1200
v 9.0000 0.7000 -31.1200
v 9.0000 0.7000 -31.4800
v 7.0000 0.6000 -31.0800
v 7.0000 0.6000 -30.7200
v 9.0000 0.6000 -30.7200
v 9.0000 0.6000 -31.0800
v 7.0000 0.7000 -31.0800
v 7.0000 0.7000 -30.7200
v 9.0000 0.7000 -30.7200
v 9.0000 0.7000 -31.0800
v 7.0000 0.6000 -30.6800
v 7.0000 0.6000 -30.3200
v 9.0000 0.6000 -30.3200
v 9.0000 0.6000 -30.6800
v 7.0000 0.7000 -30.6800
v 7.0000 0.7000 -30.3200
v 9.0000 0.7000 -30.3200
v 9.0000 0.7000 -30.6800
v 7.0000 0.6000 -30.2800
v 7.0000 0.6000 -29.9200
v 9.0000 0.6000 -29.9200
v 9.0000 0.6000 -30.2800
v 7.0000 0.7000 -30.2800
v 7.0000 0.7000 -29.9200
v 9.0000 0.7000 -29.9200
v 9.0000 0.7000 -30.2800
v 7.0000 0.6000 -29.8800
v 7.0000 0.6000 -29.5200
v 9.0000 0.6000 -29.5200
v 9.0000 0.6000 -29.8800
v 7.0000 0.7000 -29.8800
v 7.0000 0.7000 -29.5200
v 9.0000 0.7000 -29.5200
v 9.0000 0.7000 -29.8800
v 7.0000 0.6000 -29.4800
v 7.0000 0.6000 -29.1200
v 9.0000 0.6000 -29.1200
v 9.0000 0.6000 -29.4800
v 7.0000 0.7000 -29.4800
v 7.0000 0.7000 -29.1200
v 9.0000 0.7000 -29.1200
v 9.0000 0.7000 -29.4800
v 7.0000 0.6000 -29.0800
v 7.0000 0.6000 -28.7200
v 9.0000 0.6000 -28.7200
v 9.0000 0.6000 -29.0800
v 7.0000 0.7000 -29.0800
v 7.0000 0.7000 -28.7200
v 9.0000 0.7000 -28.7200
v 9.0000 0.7000 -29.0800
v 7.0000 0.6000 -28.6800
v 7.0000 0.6000 -28.3200
v 9.0000 0.6000 -28.3200
v 9.0000 0.6000 -28.6800
v 7.0000 0.7000 -28.6800
v 7.0000 0.7000 -28.3200
v 9.0000 0.7000 -28.3200
v 9.0000 0.7000 -28.6800
v 7.0000 0.6000 -28.2800
v 7.0000 0.6000 -27.9200
v 9.0000 0.6000 -27.9200
v 9.0000 0.6000 -28.2800
v 7.0000 0.7000 -28.2800
v 7.0000 0.7000 -27.9200
v 9.0000 0.7000 -27.9200
v 9.0000 0.7000 -28.2800
v 7.0000 0.6000 -27.8800
v 7.0000 0.6000 -27.5200
v 9.0000 0.6000 -27.5200
v 9.0000 0.6000 -27.8800
v 7.0000 0.7000 -27.8800
v 7.0000 0.7000 -27.5200
v 9.0000 0.7000 -27.5200
v 9.0000 0.7000 -27.8800
v 7.0000 0.6000 -27.4800
v 7.0000 0.6000 -27.1200
v 9.0000 0.6000 -27.1200
v 9.0000 0.6000 -27.4800
v 7.0000 0.7000 -27.4800
v 7.0000 0.7000 -27.1200
v 9.0000 0.7000 -27.1200
v 9.0000 0.7000 -27.4800
v 7.0000 0.6000 -27.0800
v 7.0000 0.6000 -26.7200
v 9.0000 0.6000 -26.7200
v 9.0000 0.6000 -27.0800
v 7.0000 0.7000 -27.0800
v 7.0000 0.7000 -26.7200
v 9.0000 0.7000 -26.7200
v 9.0000 0.7000 -27.0800
v 7.0000 0.6000 -26.6800
v 7.0000 0.6000 -26.3200
v 9.0000 0.6000 -26.3200
v 9.0000 0.6000 -26.6800
v 7.0000 0.7000 -26.6800
v 7.0000 0.7000 -26.3200
v 9.0000 0.7000 -26.3200
v 9.0000 0.7000 -26.6800
v 7.0000 0.6000 -26.2800
v 7.0000 0.6000 -25.9200
v 9.0000 0.6000 -25.9200
v 9.0000 0.6000 -26.2800
v 7.0000 0.7000 -26.2800
v 7.0000 0.7000 -25.9200
v 9.0000 0.7000 -25.9200
v 9.0000 0.7000 -26.2800
v 7.0000 0.6000 -25.8800
v 7.0000 0.6000 -25.5200
v 9.0000 0.6000 -25.5200
v 9.0000 0.6000 -25.8800
v 7.0000 0.7000 -25.8800
v 7.0000 0.7000 -25.5200
v 9.0000 0.7000 -25.5200
v 9.0000 0.7000 -25.8800
v 7.0300 -1.0000 -39.1200
v 7.0300 -1.0000 -38.8800
v 7.2700 -1.0000 -38.8800
v 7.2700 -1.0000 -39.1200
v 7.0300 0.6000 -39.1200
v 7.0300 0.6000 -38.8800
v 7.2700 0.6000 -38.8800
v 7.2700 0.6000 -39.1200
v 8.7300 -1.0000 -39.1200
v 8.7300 -1.0000 -38.8800
v 8.9700 -1.0000 -38.8800
v 8.9700 -1.0000 -39.1200
v 8.7300 0.6000 -39.1200
v 8.7300 0.6000 -38.8800
v 8.9700 0.6000 -38.8800
v 8.9700 0.6000 -39.1200
v 7.0300 -1.0000 -37.4950
v 7.0300 -1.0000 -37.2550
v 7.2700 -1.0000 -37.2550
v 7.2700 -1.0000 -37.4950
v 7.0300 0.6000 -37.4950
v 7.0300 0.6000 -37.2550
v 7.2700 0.6000 -37.2550
v 7.2700 0.6000 -37.4950
v 8.7300 -1.0000 -37.4950
v 8.7300 -1.0000 -37.2550
v 8.9700 -1.0000 -37.2550
v 8.9700 -1.0000 -37.4950
v 8.7300 0.6000 -37.4950
v 8.7300 0.6000 -37.2550
v 8.9700 0.6000 -37.2550
v 8.9700 0.6000 -37.4950
v 7.0300 -1.0000 -35.8700
v 7.0300 -1.0000 -35.6300
v 7.2700 -1.0000 -35.6300
v 7.2700 -1.0000 -35.8700
v 7.0300 0.6000 -35.8700
v 7.0300 0.6000 -35.6300
v 7.2700 0.6000 -35.6300
v 7.2700 0.6000 -35.8700
v 8.7300 -1.0000 -35.8700
v 8.7300 -1.0000 -35.6300
v 8.9700 -1.0000 -35.6300
v 8.9700 -1.0000 -35.8700
v 8.7300 0.6000 -35.8700
v 8.7300 0.6000 -35.6300
v 8.9700 0.6000 -35.6300
v 8.9700 0.6000 -35.8700
v 7.0300 -1.0000 -34.2450
v 7.0300 -1.0000 -34.0050
v 7.2700 -1.0000 -34.0050
v 7.2700 -1.0000 -34.2450
v 7.0300 0.6000 -34.2450
v 7.0300 0.6000 -34.0050
v 7.2700 0.6000 -34.0050
v 7.2700 0.6000 -34.2450
v 8.7300 -1.0000 -34.2450
v 8.7300 -1.0000 -34.0050
v 8.9700 -1.0000 -34.0050
v 8.9700 -1.0000 -34.2450
v 8.7300 0.6000 -34.2450
v 8.7300 0.6000 -34.0050
v 8.9700 0.6000 -34.0050
v 8.9700 0.6000 -34.2450
v 7.0300 -1.0000 -32.6200
v 7.0300 -1.0000 -32.3800
v 7.2700 -1.0000 -32.3800
v 7.2700 -1.0000 -32.6200
v 7.0300 0.6000 -32.6200
v 7.0300 0.6000 -32.3800
v 7.2700 0.6000 -32.3800
v 7.2700 0.6000 -32.6200
v 8.7300 -1.0000 -32.6200
v 8.7300 -1.0000 -32.3800
v 8.9700 -1.0000 -32.3800
v 8.9700 -1.0000 -32.6200
v 8.7300 0.6000 -32.6200
v 8.7300 0.6000 -32.3800
v 8.9700 0.6000 -32.3800
v 8.9700 0.6000 -32.6200
v 7.0300 -1.0000 -30.9950
v 7.0300 -1.0000 -30.7550
v 7.2700 -1.0000 -30.7550
v 7.2700 -1.0000 -30.9950
v 7.0300 0.6000 -30.9950
v 7.0300 0.6000 -30.7550
v 7.2700 0.6000 -30.7550
v 7.2700 0.6000 -30.9950
v 8.7300 -1.0000 -30.9950
v 8.7300 -1.0000 -30.7550
v 8.9700 -1.0000 -30.7550
v 8.9700 -1.0000 -30.9950
v 8.7300 0.6000 -30.9950
v 8.7300 0.6000 -30.7550
v 8.9700 0.6000 -30.7550
v 8.9700 0.6000 -30.9950
v 7.0300 -1.0000 -29.3700
v 7.0300 -1.0000 -29.1300
v 7.2700 -1.0000 -29.1300
v 7.2700 -1.0000 -29.3700
v 7.0300 0.6000 -29.3700
v 7.0300 0.6000 -29.1300
v 7.2700 0.6000 -29.1300
v 7.2700 0.6000 -29.3700
v 8.7300 -1.0000 -29.3700
v 8.7300 -1.0000 -29.1300
v 8.9700 -1.0000 -29.1300
v 8.9700 -1.0000 -29.3700
v 8.7300 0.6000 -29.3700
v 8.7300 0.6000 -29.1300
v 8.9700 0.6000 -29.1300
v 8.9700 0.6000 -29.3700
v 7.0300 -1.0000 -27.7450
v 7.0300 -1.0000 -27.5050
v 7.2700 -1.0000 -27.5050
v 7.2700 -1.0000 -27.7450
v 7.0300 0.6000 -27.7450
v 7.0300 0.6000 -27.5050
v 7.2700 0.6000 -27.5050
v 7.2700 0.6000 -27.7450
v 8.7300 -1.0000 -27.7450
v 8.7300 -1.0000 -27.5050
v 8.9700 -1.0000 -27.5050
v 8.9700 -1.0000 -27.7450
v 8.7300 0.6000 -27.7450
v 8.7300 0.6000 -27.5050
v 8.9700 0.6000 -27.5050
v 8.9700 0.6000 -27.7450
v 7.0300 -1.0000 -26.1200
v 7.0300 -1.0000 -25.8800
v 7.2700 -1.0000 -25.8800
v 7.2700 -1.0000 -26.1200
v 7.0300 0.6000 -26.1200
v 7.0300 0.6000 -25.8800
v 7.2700 0.6000 -25.8800
v 7.2700 0.6000 -26.1200
v 8.7300 -1.0000 -26.1200
v 8.7300 -1.0000 -25.8800
v 8.9700 -1.0000 -25.8800
v 8.9700 -1.0000 -26.1200
v 8.7300 0.6000 -26.1200
v 8.7300 0.6000 -25.8800
v 8.9700 0.6000 -25.8800
v 8.9700 0.6000 -26.1200
v 6.9400 0.7000 -38.7600
v 6.9400 0.7000 -38.6400
v 7.0600 0.7000 -38.6400
v 7.0600 0.7000 -38.7600
v 6.9400 1.6000 -38.7600
v 6.9400 1.6000 -38.6400
v 7.0600 1.6000 -38.6400
v 7.0600 1.6000 -38.7600
v 8.9400 0.7000 -38.7600
v 8.9400 0.7000 -38.6400
v 9.0600 0.7000 -38.6400
v 9.0600 0.7000 -38.7600
v 8.9400 1.6000 -38.7600
v 8.9400 1.6000 -38.6400
v 9.0600 1.6000 -38.6400
v 9.0600 1.6000 -38.7600
v 6.9400 0.7000 -35.6600
v 6.9400 0.7000 -35.5400
v 7.0600 0.7000 -35.5400
v 7.0600 0.7000 -35.6600
v 6.9400 1.6000 -35.6600
v 6.9400 1.6000 -35.5400
v 7.0600 1.6000 -35.5400
v 7.0600 1.6000 -35.6600
v 8.9400 0.7000 -35.6600
v 8.9400 0.7000 -35.5400
v 9.0600 0.7000 -35.5400
v 9.0600 0.7000 -35.6600
v 8.9400 1.6000 -35.6600
v 8.9400 1.6000 -35.5400
v 9.0600 1.6000 -35.5400
v 9.0600 1.6000 -35.6600
v 6.9400 0.7000 -32.5600
v 6.9400 0.7000 -32.4400
v 7.0600 0.7000 -32.4400
v 7.0600 0.7000 -32.5600
v 6.9400 1.6000 -32.5600
v 6.9400 1.6000 -32.4400
v 7.0600 1.6000 -32.4400
v 7.0600 1.6000 -32.5600
v 8.9400 0.7000 -32.5600
v 8.9400 0.7000 -32.4400
v 9.0600 0.7000 -32.4400
v 9.0600 0.7000 -32.5600
v 8.9400 1.6000 -32.5600
v 8.9400 1.6000 -32.4400
v 9.0600 1.6000 -32.4400
v 9.0600 1.6000 -32.5600
v 6.9400 0.7000 -29.4600
v 6.9400 0.7000 -29.3400
v 7.0600 0.7000 -29.3400
v 7.0600 0.7000 -29.4600
v 6.9400 1.6000 -29.4600
v 6.9400 1.6000 -29.3400
v 7.0600 1.6000 -29.3400
v 7.0600 1.6000 -29.4600
v 8.9400 0.7000 -29.4600
v 8.9400 0.7000 -29.3400
v 9.0600 0.7000 -29.3400
v 9.0600 0.7000 -29.4600
v 8.9400 1.6000 -29.4600
v 8.9400 1.6000 -29.3400
v 9.0600 1.6000 -29.3400
v 9.0600 1.6000 -29.4600
v 6.9400 0.7000 -26.3600
v 6.9400 0.7000 -26.2400
v 7.0600 0.7000 -26.2400
v 7.0600 0.7000 -26.3600
v 6.9400 1.6000 -26.3600
v 6.9400 1.6000 -26.2400
v 7.0600 1.6000 -26.2400
v 7.0600 1.6000 -26.3600
v 8.9400 0.7000 -26.3600
v 8.9400 0.7000 -26.2400
v 9.0600 0.7000 -26.2400
v 9.0600 0.7000 -26.3600
v 8.9400 1.6000 -26.3600
v 8.9400 1.6000 -26.2400
v 9.0600 1.6000 -26.2400
v 9.0600 1.6000 -26.3600
v 6.9500 1.5500 -38.9000
v 6.9500 1.5500 -26.1000
v 7.0500 1.5500 -26.1000
v 7.0500 1.5500 -38.9000
v 6.9500 1.6500 -38.9000
v 6.9500 1.6500 -26.1000
v 7.0500 1.6500 -26.1000
v 7.0500 1.6500 -38.9000
v 8.9500 1.5500 -38.9000
v 8.9500 1.5500 -26.1000
v 9.0500 1.5500 -26.1000
v 9.0500 1.5500 -38.9000
v 8.9500 1.6500 -38.9000
v 8.9500 1.6500 -26.1000
v 9.0500 1.6500 -26.1000
v 9.0500 1.6500 -38.9000
v 7.1500 0.7000 -26.0000
v 7.1500 0.7000 -25.7000
v 7.4500 0.7000 -25.7000
v 7.4500 0.7000 -26.0000
v 7.1500 1.1000 -26.0000
v 7.1500 1.1000 -25.7000
v 7.4500 1.1000 -25.7000
v 7.4500 1.1000 -26.0000
v 8.5500 0.7000 -26.0000
v 8.5500 0.7000 -25.7000
v 8.8500 0.7000 -25.7000
v 8.8500 0.7000 -26.0000
v 8.5500 1.1000 -26.0000
v 8.5500 1.1000 -25.7000
v 8.8500 1.1000 -25.7000
v 8.8500 1.1000 -26.0000
usemtl pier_2_plank_0
f 4180 4181 4182 4183
f 4184 4185 4186 4187
f 4180 4181 4185 4184
f 4182 4183 4187 4186
f 4181 4182 4186 4185
f 4183 4180 4184 4187
usemtl pier_2_plank_1
f 4188 4189 4190 4191
f 4192 4193 4194 4195
f 4188 4189 4193 4192
f 4190 4191 4195 4194
f 4189 4190 4194 4193
f 4191 4188 4192 4195
usemtl pier_2_plank_0
f 4196 4197 4198 4199
f 4200 4201 4202 4203
f 4196 4197 4201 4200
f 4198 4199 4203 4202
f 4197 4198 4202 4201
f 4199 4196 4200 4203
usemtl pier_2_plank_1
f 4204 4205 4206 4207
f 4208 4209 4210 4211
f 4204 4205 4209 4208
f 4206 4207 4211 4210
f 4205 4206 4210 4209
f 4207 4204 4208 4211
usemtl pier_2_plank_0
f 4212 4213 4214 4215
f 4216 4217 4218 4219
f 4212 4213 4217 4216
f 4214 4215 4219 4218
f 4213 4214 4218 4217
f 4215 4212 4216 4219
usemtl pier_2_plank_1
f 4220 4221 4222 4223
f 4224 4225 4226 4227
f 4220 4221 4225 4224
f 4222 4223 4227 4226
f 4221 4222 4226 4225
f 4223 4220 4224 4227
usemtl pier_2_plank_0
f 4228 4229 4230 4231
f 4232 4233 4234 4235
f 4228 4229 4233 4232
f 4230 4231 4235 4234
f 4229 4230 4234 4233
f 4231 4228 4232 4235
usemtl pier_2_plank_1
f 4236 4237 4238 4239
f 4240 4241 4242 4243
f 4236 4237 4241 4240
f 4238 4239 4243 4242
f 4237 4238 4242 4241
f 4239 4236 4240 4243
usemtl pier_2_plank_0
f 4244 4245 4246 4247
f 4248 4249 4250 4251
f 4244 4245 4249 4248
f 4246 4247 4251 4250
f 4245 4246 4250 4249
f 4247 4244 4248 4251
usemtl pier_2_plank_1
f 4252 4253 4254 4255
f 4256 4257 4258 4259
f 4252 4253 4257 4256
f 4254 4255 4259 4258
f 4253 4254 4258 4257
f 4255 4252 4256 4259
usemtl pier_2_plank_0
f 4260 4261 4262 4263
f 4264 4265 4266 4267
f 4260 4261 4265 4264
f 4262 4263 4267 4266
f 4261 4262 4266 4265
f 4263 4260 4264 4267
usemtl pier_2_plank_1
f 4268 4269 4270 4271
f 4272 4273 4274 4275
f 4268 4269 4273 4272
f 4270 4271 4275 4274
f 4269 4270 4274 4273
f 4271 4268 4272 4275
usemtl pier_2_plank_0
f 4276 4277 4278 4279
f 4280 4281 4282 4283
f 4276 4277 4281 4280
f 4278 4279 4283 4282
f 4277 4278 4282 4281
f 4279 4276 4280 4283
usemtl pier_2_plank_1
f 4284 4285 4286 4287
f 4288 4289 4290 4291
f 4284 4285 4289 4288
f 4286 4287 4291 4290
f 4285 4286 4290 4289
f 4287 4284 4288 4291
usemtl pier_2_plank_0
f 4292 4293 4294 4295
f 4296 4297 4298 4299
f 4292 4293 4297 4296
f 4294 4295 4299 4298
f 4293 4294 4298 4297
f 4295 4292 4296 4299
usemtl pier_2_plank_1
f 4300 4301 4302 4303
f 4304 4305 4306 4307
f 4300 4301 4305 4304
f 4302 4303 4307 4306
f 4301 4302 4306 4305
f 4303 4300 4304 4307
usemtl pier_2_plank_0
f 4308 4309 4310 4311
f 4312 4313 4314 4315
f 4308 4309 4313 4312
f 4310 4311 4315 4314
f 4309 4310 4314 4313
f 4311 4308 4312 4315
usemtl pier_2_plank_1
f 4316 4317 4318 4319
f 4320 4321 4322 4323
f 4316 4317 4321 4320
f 4318 4319 4323 4322
f 4317 4318 4322 4321
f 4319 4316 4320 4323
usemtl pier_2_plank_0
f 4324 4325 4326 4327
f 4328 4329 4330 4331
f 4324 4325 4329 4328
f 4326 4327 4331 4330
f 4325 4326 4330 4329
f 4327 4324 4328 4331
usemtl pier_2_plank_1
f 4332 4333 4334 4335
f 4336 4337 4338 4339
f 4332 4333 4337 4336
f 4334 4335 4339 4338
f 4333 4334 4338 4337
f 4335 4332 4336 4339
usemtl pier_2_plank_0
f 4340 4341 4342 4343
f 4344 4345 4346 4347
f 4340 4341 4345 4344
f 4342 4343 4347 4346
f 4341 4342 4346 4345
f 4343 4340 4344 4347
usemtl pier_2_plank_1
f 4348 4349 4350 4351
f 4352 4353 4354 4355
f 4348 4349 4353 4352
f 4350 4351 4355 4354
f 4349 4350 4354 4353
f 4351 4348 4352 4355
usemtl pier_2_plank_0
f 4356 4357 4358 4359
f 4360 4361 4362 4363
f 4356 4357 4361 4360
f 4358 4359 4363 4362
f 4357 4358 4362 4361
f 4359 4356 4360 4363
usemtl pier_2_plank_1
f 4364 4365 4366 4367
f 4368 4369 4370 4371
f 4364 4365 4369 4368
f 4366 4367 4371 4370
f 4365 4366 4370 4369
f 4367 4364 4368 4371
usemtl pier_2_plank_0
f 4372 4373 4374 4375
f 4376 4377 4378 4379
f 4372 4373 4377 4376
f 4374 4375 4379 4378
f 4373 4374 4378 4377
f 4375 4372 4376 4379
usemtl pier_2_plank_1
f 4380 4381 4382 4383
f 4384 4385 4386 4387
f 4380 4381 4385 4384
f 4382 4383 4387 4386
f 4381 4382 4386 4385
f 4383 4380 4384 4387
usemtl pier_2_plank_0
f 4388 4389 4390 4391
f 4392 4393 4394 4395
f 4388 4389 4393 4392
f 4390 4391 4395 4394
f 4389 4390 4394 4393
f 4391 4388 4392 4395
usemtl pier_2_plank_1
f 4396 4397 4398 4399
f 4400 4401 4402 4403
f 4396 4397 4401 4400
f 4398 4399 4403 4402
f 4397 4398 4402 4401
f 4399 4396 4400 4403
usemtl pier_2_plank_0
f 4404 4405 4406 4407
f 4408 4409 4410 4411
f 4404 4405 4409 4408
f 4406 4407 4411 4410
f 4405 4406 4410 4409
f 4407 4404 4408 4411
usemtl pier_2_plank_1
f 4412 4413 4414 4415
f 4416 4417 4418 4419
f 4412 4413 4417 4416
f 4414 4415 4419 4418
f 4413 4414 4418 4417
f 4415 4412 4416 4419
usemtl pier_2_plank_0
f 4420 4421 4422 4423
f 4424 4425 4426 4427
f 4420 4421 4425 4424
f 4422 4423 4427 4426
f 4421 4422 4426 4425
f 4423 4420 4424 4427
usemtl pier_2_plank_1
f 4428 4429 4430 4431
f 4432 4433 4434 4435
f 4428 4429 4433 4432
f 4430 4431 4435 4434
f 4429 4430 4434 4433
f 4431 4428 4432 4435
usemtl pier_2_plank_0
f 4436 4437 4438 4439
f 4440 4441 4442 4443
f 4436 4437 4441 4440
f 4438 4439 4443 4442
f 4437 4438 4442 4441
f 4439 4436 4440 4443
usemtl pier_2_plank_1
f 4444 4445 4446 4447
f 4448 4449 4450 4451
f 4444 4445 4449 4448
f 4446 4447 4451 4450
f 4445 4446 4450 4449
f 4447 4444 4448 4451
usemtl pier_2_plank_0
f 4452 4453 4454 4455
f 4456 4457 4458 4459
f 4452 4453 4457 4456
f 4454 4455 4459 4458
f 4453 4454 4458 4457
f 4455 4452 4456 4459
usemtl pier_2_pile
f 4460 4461 4462 4463
f 4464 4465 4466 4467
f 4460 4461 4465 4464
f 4462 4463 4467 4466
f 4461 4462 4466 4465
f 4463 4460 4464 4467
f 4468 4469 4470 4471
f 4472 4473 4474 4475
f 4468 4469 4473 4472
f 4470 4471 4475 4474
f 4469 4470 4474 4473
f 4471 4468 4472 4475
f 4476 4477 4478 4479
f 4480 4481 4482 4483
f 4476 4477 4481 4480
f 4478 4479 4483 4482
f 4477 4478 4482 4481
f 4479 4476 4480 4483
f 4484 4485 4486 4487
f 4488 4489 4490 4491
f 4484 4485 4489 4488
f 4486 4487 4491 4490
f 4485 4486 4490 4489
f 4487 4484 4488 4491
f 4492 4493 4494 4495
f 4496 4497 4498 4499
f 4492 4493 4497 4496
f 4494 4495 4499 4498
f 4493 4494 4498 4497
f 4495 4492 4496 4499
f 4500 4501 4502 4503
f 4504 4505 4506 4507
f 4500 4501 4505 4504
f 4502 4503 4507 4506
f 4501 4502 4506 4505
f 4503 4500 4504 4507
f 4508 4509 4510 4511
f 4512 4513 4514 4515
f 4508 4509 4513 4512
f 4510 4511 4515 4514
f 4509 4510 4514 4513
f 4511 4508 4512 4515
f 4516 4517 4518 4519
f 4520 4521 4522 4523
f 4516 4517 4521 4520
f 4518 4519 4523 4522
f 4517 4518 4522 4521
f 4519 4516 4520 4523
f 4524 4525 4526 4527
f 4528 4529 4530 4531
f 4524 4525 4529 4528
f 4526 4527 4531 4530
f 4525 4526 4530 4529
f 4527 4524 4528 4531
f 4532 4533 4534 4535
f 4536 4537 4538 4539
f 4532 4533 4537 4536
f 4534 4535 4539 4538
f 4533 4534 4538 4537
f 4535 4532 4536 4539
f 4540 4541 4542 4543
f 4544 4545 4546 4547
f 4540 4541 4545 4544
f 4542 4543 4547 4546
f 4541 4542 4546 4545
f 4543 4540 4544 4547
f 4548 4549 4550 4551
f 4552 4553 4554 4555
f 4548 4549 4553 4552
f 4550 4551 4555 4554
f 4549 4550 4554 4553
f 4551 4548 4552 4555
f 4556 4557 4558 4559
f 4560 4561 4562 4563
f 4556 4557 4561 4560
f 4558 4559 4563 4562
f 4557 4558 4562 4561
f 4559 4556 4560 4563
f 4564 4565 4566 4567
f 4568 4569 4570 4571
f 4564 4565 4569 4568
f 4566 4567 4571 4570
f 4565 4566 4570 4569
f 4567 4564 4568 4571
f 4572 4573 4574 4575
f 4576 4577 4578 4579
f 4572 4573 4577 4576
f 4574 4575 4579 4578
f 4573 4574 4578 4577
f 4575 4572 4576 4579
f 4580 4581 4582 4583
f 4584 4585 4586 4587
f 4580 4581 4585 4584
f 4582 4583 4587 4586
f 4581 4582 4586 4585
f 4583 4580 4584 4587
f 4588 4589 4590 4591
f 4592 4593 4594 4595
f 4588 4589 4593 4592
f 4590 4591 4595 4594
f 4589 4590 4594 4593
f 4591 4588 4592 4595
f 4596 4597 4598 4599
f 4600 4601 4602 4603
f 4596 4597 4601 4600
f 4598 4599 4603 4602
f 4597 4598 4602 4601
f 4599 4596 4600 4603
usemtl pier_2_rail_post
f 4604 4605 4606 4607
f 4608 4609 4610 4611
f 4604 4605 4609 4608
f 4606 4607 4611 4610
f 4605 4606 4610 4609
f 4607 4604 4608 4611
f 4612 4613 4614 4615
f 4616 4617 4618 4619
f 4612 4613 4617 4616
f 4614 4615 4619 4618
f 4613 4614 4618 4617
f 4615 4612 4616 4619
f 4620 4621 4622 4623
f 4624 4625 4626 4627
f 4620 4621 4625 4624
f 4622 4623 4627 4626
f 4621 4622 4626 4625
f 4623 4620 4624 4627
f 4628 4629 4630 4631
f 4632 4633 4634 4635
f 4628 4629 4633 4632
f 4630 4631 4635 4634
f 4629 4630 4634 4633
f 4631 4628 4632 4635
f 4636 4637 4638 4639
f 4640 4641 4642 4643
f 4636 4637 4641 4640
f 4638 4639 4643 4642
f 4637 4638 4642 4641
f 4639 4636 4640 4643
f 4644 4645 4646 4647
f 4648 4649 4650 4651
f 4644 4645 4649 4648
f 4646 4647 4651 4650
f 4645 4646 4650 4649
f 4647 4644 4648 4651
f 4652 4653 4654 4655
f 4656 4657 4658 4659
f 4652 4653 4657 4656
f 4654 4655 4659 4658
f 4653 4654 4658 4657
f 4655 4652 4656 4659
f 4660 4661 4662 4663
f 4664 4665 4666 4667
f 4660 4661 4665 4664
f 4662 4663 4667 4666
f 4661 4662 4666 4665
f 4663 4660 4664 4667
f 4668 4669 4670 4671
f 4672 4673 4674 4675
f 4668 4669 4673 4672
f 4670 4671 4675 4674
f 4669 4670 4674 4673
f 4671 4668 4672 4675
f 4676 4677 4678 4679
f 4680 4681 4682 4683
f 4676 4677 4681 4680
f 4678 4679 4683 4682
f 4677 4678 4682 4681
f 4679 4676 4680 4683
usemtl pier_2_rail_top
f 4684 4685 4686 4687
f 4688 4689 4690 4691
f 4684 4685 4689 4688
f 4686 4687 4691 4690
f 4685 4686 4690 4689
f 4687 4684 4688 4691
f 4692 4693 4694 4695
f 4696 4697 4698 4699
f 4692 4693 4697 4696
f 4694 4695 4699 4698
f 4693 4694 4698 4697
f 4695 4692 4696 4699
usemtl pier_2_bollard
f 4700 4701 4702 4703
f 4704 4705 4706 4707
f 4700 4701 4705 4704
f 4702 4703 4707 4706
f 4701 4702 4706 4705
f 4703 4700 4704 4707
f 4708 4709 4710 4711
f 4712 4713 4714 4715
f 4708 4709 4713 4712
f 4710 4711 4715 4714
f 4709 4710 4714 4713
f 4711 4708 4712 4715
o barrel_1
v -4.1850 0.3000 -24.6000
v -4.2773 0.3000 -24.3773
v -4.5000 0.3000 -24.2850
v -4.7227 0.3000 -24.3773
v -4.8150 0.3000 -24.6000
v -4.7227 0.3000 -24.8227
v -4.5000 0.3000 -24.9150
v -4.2773 0.3000 -24.8227
v -4.1500 0.5500 -24.6000
v -4.2525 0.5500 -24.3525
v -4.5000 0.5500 -24.2500
v -4.7475 0.5500 -24.3525
v -4.8500 0.5500 -24.6000
v -4.7475 0.5500 -24.8475
v -4.5000 0.5500 -24.9500
v -4.2525 0.5500 -24.8475
v -4.1500 1.0500 -24.6000
v -4.2525 1.0500 -24.3525
v -4.5000 1.0500 -24.2500
v -4.7475 1.0500 -24.3525
v -4.8500 1.0500 -24.6000
v -4.7475 1.0500 -24.8475
v -4.5000 1.0500 -24.9500
v -4.2525 1.0500 -24.8475
v -4.1850 1.3000 -24.6000
v -4.2773 1.3000 -24.3773
v -4.5000 1.3000 -24.2850
v -4.7227 1.3000 -24.3773
v -4.8150 1.3000 -24.6000
v -4.7227 1.3000 -24.8227
v -4.5000 1.3000 -24.9150
v -4.2773 1.3000 -24.8227
v -4.1300 0.5200 -24.6000
v -4.2384 0.5200 -24.3384
v -4.5000 0.5200 -24.2300
v -4.7616 0.5200 -24.3384
v -4.8700 0.5200 -24.6000
v -4.7616 0.5200 -24.8616
v -4.5000 0.5200 -24.9700
v -4.2384 0.5200 -24.8616
v -4.1300 0.5800 -24.6000
v -4.2384 0.5800 -24.3384
v -4.5000 0.5800 -24.2300
v -4.7616 0.5800 -24.3384
v -4.8700 0.5800 -24.6000
v -4.7616 0.5800 -24.8616
v -4.5000 0.5800 -24.9700
v -4.2384 0.5800 -24.8616
v -4.1300 1.0200 -24.6000
v -4.2384 1.0200 -24.3384
v -4.5000 1.0200 -24.2300
v -4.7616 1.0200 -24.3384
v -4.8700 1.0200 -24.6000
v -4.7616 1.0200 -24.8616
v -4.5000 1.0200 -24.9700
v -4.2384 1.0200 -24.8616
v -4.1300 1.0800 -24.6000
v -4.2384 1.0800 -24.3384
v -4.5000 1.0800 -24.2300
v -4.7616 1.0800 -24.3384
v -4.8700 1.0800 -24.6000
v -4.7616 1.0800 -24.8616
v -4.5000 1.0800 -24.9700
v -4.2384 1.0800 -24.8616
usemtl barrel_1_barrel_wood
f 4716 4717 4725 4724
f 4717 4718 4726 4725
f 4718 4719 4727 4726
f 4719 4720 4728 4727
f 4720 4721 4729 4728
f 4721 4722 4730 4729
f 4722 4723 4731 4730
f 4723 4716 4724 4731
f 4724 4725 4733 4732
f 4725 4726 4734 4733
f 4726 4727 4735 4734
f 4727 4728 4736 4735
f 4728 4729 4737 4736
f 4729 4730 4738 4737
f 4730 4731 4739 4738
f 4731 4724 4732 4739
f 4732 4733 4741 4740
f 4733 4734 4742 4741
f 4734 4735 4743 4742
f 4735 4736 4744 4743
f 4736 4737 4745 4744
f 4737 4738 4746 4745
f 4738 4739 4747 4746
f 4739 4732 4740 4747
f 4716 4717 4718 4719 4720 4721 4722 4723
f 4747 4746 4745 4744 4743 4742 4741 4740
usemtl barrel_1_hoop
f 4748 4749 4757 4756
f 4749 4750 4758 4757
f 4750 4751 4759 4758
f 4751 4752 4760 4759
f 4752 4753 4761 4760
f 4753 4754 4762 4761
f 4754 4755 4763 4762
f 4755 4748 4756 4763
f 4764 4765 4773 4772
f 4765 4766 4774 4773
f 4766 4767 4775 4774
f 4767 4768 4776 4775
f 4768 4769 4777 4776
f 4769 4770 4778 4777
f 4770 4771 4779 4778
f 4771 4764 4772 4779
o barrel_2
v -1.1850 0.3000 -24.6000
v -1.2773 0.3000 -24.3773
v -1.5000 0.3000 -24.2850
v -1.7227 0.3000 -24.3773
v -1.8150 0.3000 -24.6000
v -1.7227 0.3000 -24.8227
v -1.5000 0.3000 -24.9150
v -1.2773 0.3000 -24.8227
v -1.1500 0.5500 -24.6000
v -1.2525 0.5500 -24.3525
v -1.5000 0.5500 -24.2500
v -1.7475 0.5500 -24.3525
v -1.8500 0.5500 -24.6000
v -1.7475 0.5500 -24.8475
v -1.5000 0.5500 -24.9500
v -1.2525 0.5500 -24.8475
v -1.1500 1.0500 -24.6000
v -1.2525 1.0500 -24.3525
v -1.5000 1.0500 -24.2500
v -1.7475 1.0500 -24.3525
v -1.8500 1.0500 -24.6000
v -1.7475 1.0500 -24.8475
v -1.5000 1.0500 -24.9500
v -1.2525 1.0500 -24.8475
v -1.1850 1.3000 -24.6000
v -1.2773 1.3000 -24.3773
v -1.5000 1.3000 -24.2850
v -1.7227 1.3000 -24.3773
v -1.8150 1.3000 -24.6000
v -1.7227 1.3000 -24.8227
v -1.5000 1.3000 -24.9150
v -1.2773 1.3000 -24.8227
v -1.1300 0.5200 -24.6000
v -1.2384 0.5200 -24.3384
v -1.5000 0.5200 -24.2300
v -1.7616 0.5200 -24.3384
v -1.8700 0.5200 -24.6000
v -1.7616 0.5200 -24.8616
v -1.5000 0.5200 -24.9700
v -1.2384 0.5200 -24.8616
v -1.1300 0.5800 -24.6000
v -1.2384 0.5800 -24.3384
v -1.5000 0.5800 -24.2300
v -1.7616 0.5800 -24.3384
v -1.8700 0.5800 -24.6000
v -1.7616 0.5800 -24.8616
v -1.5000 0.5800 -24.9700
v -1.2384 0.5800 -24.8616
v -1.1300 1.0200 -24.6000
v -1.2384 1.0200 -24.3384
v -1.5000 1.0200 -24.2300
v -1.7616 1.0200 -24.3384
v -1.8700 1.0200 -24.6000
v -1.7616 1.0200 -24.8616
v -1.5000 1.0200 -24.9700
v -1.2384 1.0200 -24.8616
v -1.1300 1.0800 -24.6000
v -1.2384 1.0800 -24.3384
v -1.5000 1.0800 -24.2300
v -1.7616 1.0800 -24.3384
v -1.8700 1.0800 -24.6000
v -1.7616 1.0800 -24.8616
v -1.5000 1.0800 -24.9700
v -1.2384 1.0800 -24.8616
usemtl barrel_2_barrel_wood
f 4780 4781 4789 4788
f 4781 4782 4790 4789
f 4782 4783 4791 4790
f 4783 4784 4792 4791
f 4784 4785 4793 4792
f 4785 4786 4794 4793
f 4786 4787 4795 4794
f 4787 4780 4788 4795
f 4788 4789 4797 4796
f 4789 4790 4798 4797
f 4790 4791 4799 4798
f 4791 4792 4800 4799
f 4792 4793 4801 4800
f 4793 4794 4802 4801
f 4794 4795 4803 4802
f 4795 4788 4796 4803
f 4796 4797 4805 4804
f 4797 4798 4806 4805
f 4798 4799 4807 4806
f 4799 4800 4808 4807
f 4800 4801 4809 4808
f 4801 4802 4810 4809
f 4802 4803 4811 4810
f 4803 4796 4804 4811
f 4780 4781 4782 4783 4784 4785 4786 4787
f 4811 4810 4809 4808 4807 4806 4805 4804
usemtl barrel_2_hoop
f 4812 4813 4821 4820
f 4813 4814 4822 4821
f 4814 4815 4823 4822
f 4815 4816 4824 4823
f 4816 4817 4825 4824
f 4817 4818 4826 4825
f 4818 4819 4827 4826
f 4819 4812 4820 4827
f 4828 4829 4837 4836
f 4829 4830 4838 4837
f 4830 4831 4839 4838
f 4831 4832 4840 4839
f 4832 4833 4841 4840
f 4833 4834 4842 4841
f 4834 4835 4843 4842
f 4835 4828 4836 4843
o barrel_3
v 1.8150 0.3000 -24.6000
v 1.7227 0.3000 -24.3773
v 1.5000 0.3000 -24.2850
v 1.2773 0.3000 -24.3773
v 1.1850 0.3000 -24.6000
v 1.2773 0.3000 -24.8227
v 1.5000 0.3000 -24.9150
v 1.7227 0.3000 -24.8227
v 1.8500 0.5500 -24.6000
v 1.7475 0.5500 -24.3525
v 1.5000 0.5500 -24.2500
v 1.2525 0.5500 -24.3525
v 1.1500 0.5500 -24.6000
v 1.2525 0.5500 -24.8475
v 1.5000 0.5500 -24.9500
v 1.7475 0.5500 -24.8475
v 1.8500 1.0500 -24.6000
v 1.7475 1.0500 -24.3525
v 1.5000 1.0500 -24.2500
v 1.2525 1.0500 -24.3525
v 1.1500 1.0500 -24.6000
v 1.2525 1.0500 -24.8475
v 1.5000 1.0500 -24.9500
v 1.7475 1.0500 -24.8475
v 1.8150 1.3000 -24.6000
v 1.7227 1.3000 -24.3773
v 1.5000 1.3000 -24.2850
v 1.2773 1.3000 -24.3773
v 1.1850 1.3000 -24.6000
v 1.2773 1.3000 -24.8227
v 1.5000 1.3000 -24.9150
v 1.7227 1.3000 -24.8227
v 1.8700 0.5200 -24.6000
v 1.7616 0.5200 -24.3384
v 1.5000 0.5200 -24.2300
v 1.2384 0.5200 -24.3384
v 1.1300 0.5200 -24.6000
v 1.2384 0.5200 -24.8616
v 1.5000 0.5200 -24.9700
v 1.7616 0.5200 -24.8616
v 1.8700 0.5800 -24.6000
v 1.7616 0.5800 -24.3384
v 1.5000 0.5800 -24.2300
v 1.2384 0.5800 -24.3384
v 1.1300 0.5800 -24.6000
v 1.2384 0.5800 -24.8616
v 1.5000 0.5800 -24.9700
v 1.7616 0.5800 -24.8616
v 1.8700 1.0200 -24.6000
v 1.7616 1.0200 -24.3384
v 1.5000 1.0200 -24.2300
v 1.2384 1.0200 -24.3384
v 1.1300 1.0200 -24.6000
v 1.2384 1.0200 -24.8616
v 1.5000 1.0200 -24.9700
v 1.7616 1.0200 -24.8616
v 1.8700 1.0800 -24.6000
v 1.7616 1.0800 -24.3384
v 1.5000 1.0800 -24.2300
v 1.2384 1.0800 -24.3384
v 1.1300 1.0800 -24.6000
v 1.2384 1.0800 -24.8616
v 1.5000 1.0800 -24.9700
v 1.7616 1.0800 -24.8616
usemtl barrel_3_barrel_wood
f 4844 4845 4853 4852
f 4845 4846 4854 4853
f 4846 4847 4855 4854
f 4847 4848 4856 4855
f 4848 4849 4857 4856
f 4849 4850 4858 4857
f 4850 4851 4859 4858
f 4851 4844 4852 4859
f 4852 4853 4861 4860
f 4853 4854 4862 4861
f 4854 4855 4863 4862
f 4855 4856 4864 4863
f 4856 4857 4865 4864
f 4857 4858 4866 4865
f 4858 4859 4867 4866
f 4859 4852 4860 4867
f 4860 4861 4869 4868
f 4861 4862 4870 4869
f 4862 4863 4871 4870
f 4863 4864 4872 4871
f 4864 4865 4873 4872
f 4865 4866 4874 4873
f 4866 4867 4875 4874
f 4867 4860 4868 4875
f 4844 4845 4846 4847 4848 4849 4850 4851
f 4875 4874 4873 4872 4871 4870 4869 4868
usemtl barrel_3_hoop
f 4876 4877 4885 4884
f 4877 4878 4886 4885
f 4878 4879 4887 4886
f 4879 4880 4888 4887
f 4880 4881 4889 4888
f 4881 4882 4890 4889
f 4882 4883 4891 4890
f 4883 4876 4884 4891
f 4892 4893 4901 4900
f 4893 4894 4902 4901
f 4894 4895 4903 4902
f 4895 4896 4904 4903
f 4896 4897 4905 4904
f 4897 4898 4906 4905
f 4898 4899 4907 4906
f 4899 4892 4900 4907
o barrel_4
v 4.8150 0.3000 -24.6000
v 4.7227 0.3000 -24.3773
v 4.5000 0.3000 -24.2850
v 4.2773 0.3000 -24.3773
v 4.1850 0.3000 -24.6000
v 4.2773 0.3000 -24.8227
v 4.5000 0.3000 -24.9150
v 4.7227 0.3000 -24.8227
v 4.8500 0.5500 -24.6000
v 4.7475 0.5500 -24.3525
v 4.5000 0.5500 -24.2500
v 4.2525 0.5500 -24.3525
v 4.1500 0.5500 -24.6000
v 4.2525 0.5500 -24.8475
v 4.5000 0.5500 -24.9500
v 4.7475 0.5500 -24.8475
v 4.8500 1.0500 -24.6000
v 4.7475 1.0500 -24.3525
v 4.5000 1.0500 -24.2500
v 4.2525 1.0500 -24.3525
v 4.1500 1.0500 -24.6000
v 4.2525 1.0500 -24.8475
v 4.5000 1.0500 -24.9500
v 4.7475 1.0500 -24.8475
v 4.8150 1.3000 -24.6000
v 4.7227 1.3000 -24.3773
v 4.5000 1.3000 -24.2850
v 4.2773 1.3000 -24.3773
v 4.1850 1.3000 -24.6000
v 4.2773 1.3000 -24.8227
v 4.5000 1.3000 -24.9150
v 4.7227 1.3000 -24.8227
v 4.8700 0.5200 -24.6000
v 4.7616 0.5200 -24.3384
v 4.5000 0.5200 -24.2300
v 4.2384 0.5200 -24.3384
v 4.1300 0.5200 -24.6000
v 4.2384 0.5200 -24.8616
v 4.5000 0.5200 -24.9700
v 4.7616 0.5200 -24.8616
v 4.8700 0.5800 -24.6000
v 4.7616 0.5800 -24.3384
v 4.5000 0.5800 -24.2300
v 4.2384 0.5800 -24.3384
v 4.1300 0.5800 -24.6000
v 4.2384 0.5800 -24.8616
v 4.5000 0.5800 -24.9700
v 4.7616 0.5800 -24.8616
v 4.8700 1.0200 -24.6000
v 4.7616 1.0200 -24.3384
v 4.5000 1.0200 -24.2300
v 4.2384 1.0200 -24.3384
v 4.1300 1.0200 -24.6000
v 4.2384 1.0200 -24.8616
v 4.5000 1.0200 -24.9700
v 4.7616 1.0200 -24.8616
v 4.8700 1.0800 -24.6000
v 4.7616 1.0800 -24.3384
v 4.5000 1.0800 -24.2300
v 4.2384 1.0800 -24.3384
v 4.1300 1.0800 -24.6000
v 4.2384 1.0800 -24.8616
v 4.5000 1.0800 -24.9700
v 4.7616 1.0800 -24.8616
usemtl barrel_4_barrel_wood
f 4908 4909 4917 4916
f 4909 4910 4918 4917
f 4910 4911 4919 4918
f 4911 4912 4920 4919
f 4912 4913 4921 4920
f 4913 4914 4922 4921
f 4914 4915 4923 4922
f 4915 4908 4916 4923
f 4916 4917 4925 4924
f 4917 4918 4926 4925
f 4918 4919 4927 4926
f 4919 4920 4928 4927
f 4920 4921 4929 4928
f 4921 4922 4930 4929
f 4922 4923 4931 4930
f 4923 4916 4924 4931
f 4924 4925 4933 4932
f 4925 4926 4934 4933
f 4926 4927 4935 4934
f 4927 4928 4936 4935
f 4928 4929 4937 4936
f 4929 4930 4938 4937
f 4930 4931 4939 4938
f 4931 4924 4932 4939
f 4908 4909 4910 4911 4912 4913 4914 4915
f 4939 4938 4937 4936 4935 4934 4933 4932
usemtl barrel_4_hoop
f 4940 4941 4949 4948
f 4941 4942 4950 4949
f 4942 4943 4951 4950
f 4943 4944 4952 4951
f 4944 4945 4953 4952
f 4945 4946 4954 4953
f 4946 4947 4955 4954
f 4947 4940 4948 4955
f 4956 4957 4965 4964
f 4957 4958 4966 4965
f 4958 4959 4967 4966
f 4959 4960 4968 4967
f 4960 4961 4969 4968
f 4961 4962 4970 4969
f 4962 4963 4971 4970
f 4963 4956 4964 4971
o crate_1
v -3.4000 0.3000 -23.6000
v -2.6000 0.3000 -23.6000
v -2.6000 0.3000 -22.8000
v -3.4000 0.3000 -22.8000
v -3.4000 1.1000 -23.6000
v -2.6000 1.1000 -23.6000
v -2.6000 1.1000 -22.8000
v -3.4000 1.1000 -22.8000
v -3.4300 0.3000 -23.6200
v -3.3700 0.3000 -23.6200
v -3.3700 0.3000 -23.5800
v -3.4300 0.3000 -23.5800
v -3.4300 1.1000 -23.6200
v -3.3700 1.1000 -23.6200
v -3.3700 1.1000 -23.5800
v -3.4300 1.1000 -23.5800
v -3.4300 0.3000 -22.8200
v -3.3700 0.3000 -22.8200
v -3.3700 0.3000 -22.7800
v -3.4300 0.3000 -22.7800
v -3.4300 1.1000 -22.8200
v -3.3700 1.1000 -22.8200
v -3.3700 1.1000 -22.7800
v -3.4300 1.1000 -22.7800
v -2.6300 0.3000 -23.6200
v -2.5700 0.3000 -23.6200
v -2.5700 0.3000 -23.5800
v -2.6300 0.3000 -23.5800
v -2.6300 1.1000 -23.6200
v -2.5700 1.1000 -23.6200
v -2.5700 1.1000 -23.5800
v -2.6300 1.1000 -23.5800
v -2.6300 0.3000 -22.8200
v -2.5700 0.3000 -22.8200
v -2.5700 0.3000 -22.7800
v -2.6300 0.3000 -22.7800
v -2.6300 1.1000 -22.8200
v -2.5700 1.1000 -22.8200
v -2.5700 1.1000 -22.7800
v -2.6300 1.1000 -22.7800
usemtl crate_1_crate_wood
f 4972 4973 4974 4975
f 4976 4977 4978 4979
f 4972 4973 4977 4976
f 4974 4975 4979 4978
f 4973 4974 4978 4977
f 4975 4972 4976 4979
usemtl crate_1_slat
f 4980 4981 4982 4983
f 4984 4985 4986 4987
f 4980 4981 4985 4984
f 4982 4983 4987 4986
f 4981 4982 4986 4985
f 4983 4980 4984 4987
f 4988 4989 4990 4991
f 4992 4993 4994 4995
f 4988 4989 4993 4992
f 4990 4991 4995 4994
f 4989 4990 4994 4993
f 4991 4988 4992 4995
f 4996 4997 4998 4999
f 5000 5001 5002 5003
f 4996 4997 5001 5000
f 4998 4999 5003 5002
f 4997 4998 5002 5001
f 4999 4996 5000 5003
f 5004 5005 5006 5007
f 5008 5009 5010 5011
f 5004 5005 5009 5008
f 5006 5007 5011 5010
f 5005 5006 5010 5009
f 5007 5004 5008 5011
o crate_2
v -0.4000 0.3000 -23.6000
v 0.4000 0.3000 -23.6000
v 0.4000 0.3000 -22.8000
v -0.4000 0.3000 -22.8000
v -0.4000 1.1000 -23.6000
v 0.4000 1.1000 -23.6000
v 0.4000 1.1000 -22.8000
v -0.4000 1.1000 -22.8000
v -0.4300 0.3000 -23.6200
v -0.3700 0.3000 -23.6200
v -0.3700 0.3000 -23.5800
v -0.4300 0.3000 -23.5800
v -0.4300 1.1000 -23.6200
v -0.3700 1.1000 -23.6200
v -0.3700 1.1000 -23.5800
v -0.4300 1.1000 -23.5800
v -0.4300 0.3000 -22.8200
v -0.3700 0.3000 -22.8200
v -0.3700 0.3000 -22.7800
v -0.4300 0.3000 -22.7800
v -0.4300 1.1000 -22.8200
v -0.3700 1.1000 -22.8200
v -0.3700 1.1000 -22.7800
v -0.4300 1.1000 -22.7800
v 0.3700 0.3000 -23.6200
v 0.4300 0.3000 -23.6200
v 0.4300 0.3000 -23.5800
v 0.3700 0.3000 -23.5800
v 0.3700 1.1000 -23.6200
v 0.4300 1.1000 -23.6200
v 0.4300 1.1000 -23.5800
v 0.3700 1.1000 -23.5800
v 0.3700 0.3000 -22.8200
v 0.4300 0.3000 -22.8200
v 0.4300 0.3000 -22.7800
v 0.3700 0.3000 -22.7800
v 0.3700 1.1000 -22.8200
v 0.4300 1.1000 -22.8200
v 0.4300 1.1000 -22.7800
v 0.3700 1.1000 -22.7800
usemtl crate_2_crate_wood
f 5012 5013 5014 5015
f 5016 5017 5018 5019
f 5012 5013 5017 5016
f 5014 5015 5019 5018
f 5013 5014 5018 5017
f 5015 5012 5016 5019
usemtl crate_2_slat
f 5020 5021 5022 5023
f 5024 5025 5026 5027
f 5020 5021 5025 5024
f 5022 5023 5027 5026
f 5021 5022 5026 5025
f 5023 5020 5024 5027
f 5028 5029 5030 5031
f 5032 5033 5034 5035
f 5028 5029 5033 5032
f 5030 5031 5035 5034
f 5029 5030 5034 5033
f 5031 5028 5032 5035
f 5036 5037 5038 5039
f 5040 5041 5042 5043
f 5036 5037 5041 5040
f 5038 5039 5043 5042
f 5037 5038 5042 5041
f 5039 5036 5040 5043
f 5044 5045 5046 5047
f 5048 5049 5050 5051
f 5044 5045 5049 5048
f 5046 5047 5051 5050
f 5045 5046 5050 5049
f 5047 5044 5048 5051
o crate_3
v 2.6000 0.3000 -23.6000
v 3.4000 0.3000 -23.6000
v 3.4000 0.3000 -22.8000
v 2.6000 0.3000 -22.8000
v 2.6000 1.1000 -23.6000
v 3.4000 1.1000 -23.6000
v 3.4000 1.1000 -22.8000
v 2.6000 1.1000 -22.8000
v 2.5700 0.3000 -23.6200
v 2.6300 0.3000 -23.6200
v 2.6300 0.3000 -23.5800
v 2.5700 0.3000 -23.5800
v 2.5700 1.1000 -23.6200
v 2.6300 1.1000 -23.6200
v 2.6300 1.1000 -23.5800
v 2.5700 1.1000 -23.5800
v 2.5700 0.3000 -22.8200
v 2.6300 0.3000 -22.8200
v 2.6300 0.3000 -22.7800
v 2.5700 0.3000 -22.7800
v 2.5700 1.1000 -22.8200
v 2.6300 1.1000 -22.8200
v 2.6300 1.1000 -22.7800
v 2.5700 1.1000 -22.7800
v 3.3700 0.3000 -23.6200
v 3.4300 0.3000 -23.6200
v 3.4300 0.3000 -23.5800
v 3.3700 0.3000 -23.5800
v 3.3700 1.1000 -23.6200
v 3.4300 1.1000 -23.6200
v 3.4300 1.1000 -23.5800
v 3.3700 1.1000 -23.5800
v 3.3700 0.3000 -22.8200
v 3.4300 0.3000 -22.8200
v 3.4300 0.3000 -22.7800
v 3.3700 0.3000 -22.7800
v 3.3700 1.1000 -22.8200
v 3.4300 1.1000 -22.8200
v 3.4300 1.1000 -22.7800
v 3.3700 1.1000 -22.7800
usemtl crate_3_crate_wood
f 5052 5053 5054 5055
f 5056 5057 5058 5059
f 5052 5053 5057 5056
f 5054 5055 5059 5058
f 5053 5054 5058 5057
f 5055 5052 5056 5059
usemtl crate_3_slat
f 5060 5061 5062 5063
f 5064 5065 5066 5067
f 5060 5061 5065 5064
f 5062 5063 5067 5066
f 5061 5062 5066 5065
f 5063 5060 5064 5067
f 5068 5069 5070 5071
f 5072 5073 5074 5075
f 5068 5069 5073 5072
f 5070 5071 5075 5074
f 5069 5070 5074 5073
f 5071 5068 5072 5075
f 5076 5077 5078 5079
f 5080 5081 5082 5083
f 5076 5077 5081 5080
f 5078 5079 5083 5082
f 5077 5078 5082 5081
f 5079 5076 5080 5083
f 5084 5085 5086 5087
f 5088 5089 5090 5091
f 5084 5085 5089 5088
f 5086 5087 5091 5090
f 5085 5086 5090 5089
f 5087 5084 5088 5091
o bush_1
v 12.1000 5.5000 12.6704
v 12.7400 5.5000 12.6704
v 12.7400 5.5000 13.3104
v 12.1000 5.5000 13.3104
v 12.1000 5.9000 12.6704
v 12.7400 5.9000 12.6704
v 12.7400 5.9000 13.3104
v 12.1000 5.9000 13.3104
v 12.3400 5.7400 12.7504
v 12.9400 5.7400 12.7504
v 12.9400 5.7400 13.1904
v 12.3400 5.7400 13.1904
v 12.3400 6.1400 12.7504
v 12.9400 6.1400 12.7504
v 12.9400 6.1400 13.1904
v 12.3400 6.1400 13.1904
v 12.2200 5.9800 12.8704
v 12.6200 5.9800 12.8704
v 12.6200 5.9800 13.2704
v 12.2200 5.9800 13.2704
v 12.2200 6.3400 12.8704
v 12.6200 6.3400 12.8704
v 12.6200 6.3400 13.2704
v 12.2200 6.3400 13.2704
usemtl bush_1_bush_0
f 5092 5093 5094 5095
f 5096 5097 5098 5099
f 5092 5093 5097 5096
f 5094 5095 5099 5098
f 5093 5094 5098 5097
f 5095 5092 5096 5099
usemtl bush_1_bush_1
f 5100 5101 5102 5103
f 5104 5105 5106 5107
f 5100 5101 5105 5104
f 5102 5103 5107 5106
f 5101 5102 5106 5105
f 5103 5100 5104 5107
usemtl bush_1_bush_0
f 5108 5109 5110 5111
f 5112 5113 5114 5115
f 5108 5109 5113 5112
f 5110 5111 5115 5114
f 5109 5110 5114 5113
f 5111 5108 5112 5115
o bush_2
v 6.2232 5.5000 14.3242
v 6.9192 5.5000 14.3242
v 6.9192 5.5000 15.0202
v 6.2232 5.5000 15.0202
v 6.2232 5.9350 14.3242
v 6.9192 5.9350 14.3242
v 6.9192 5.9350 15.0202
v 6.2232 5.9350 15.0202
v 6.4842 5.7610 14.4112
v 7.1367 5.7610 14.4112
v 7.1367 5.7610 14.8897
v 6.4842 5.7610 14.8897
v 6.4842 6.1960 14.4112
v 7.1367 6.1960 14.4112
v 7.1367 6.1960 14.8897
v 6.4842 6.1960 14.8897
v 6.3537 6.0220 14.5417
v 6.7887 6.0220 14.5417
v 6.7887 6.0220 14.9767
v 6.3537 6.0220 14.9767
v 6.3537 6.4135 14.5417
v 6.7887 6.4135 14.5417
v 6.7887 6.4135 14.9767
v 6.3537 6.4135 14.9767
usemtl bush_2_bush_0
f 5116 5117 5118 5119
f 5120 5121 5122 5123
f 5116 5117 5121 5120
f 5118 5119 5123 5122
f 5117 5118 5122 5121
f 5119 5116 5120 5123
usemtl bush_2_bush_1
f 5124 5125 5126 5127
f 5128 5129 5130 5131
f 5124 5125 5129 5128
f 5126 5127 5131 5130
f 5125 5126 5130 5129
f 5127 5124 5128 5131
usemtl bush_2_bush_0
f 5132 5133 5134 5135
f 5136 5137 5138 5139
f 5132 5133 5137 5136
f 5134 5135 5139 5138
f 5133 5134 5138 5137
f 5135 5132 5136 5139
o bush_3
v -0.0606 5.5000 14.5418
v 0.6914 5.5000 14.5418
v 0.6914 5.5000 15.2938
v -0.0606 5.5000 15.2938
v -0.0606 5.9700 14.5418
v 0.6914 5.9700 14.5418
v 0.6914 5.9700 15.2938
v -0.0606 5.9700 15.2938
v 0.2214 5.7820 14.6358
v 0.9264 5.7820 14.6358
v 0.9264 5.7820 15.1528
v 0.2214 5.7820 15.1528
v 0.2214 6.2520 14.6358
v 0.9264 6.2520 14.6358
v 0.9264 6.2520 15.1528
v 0.2214 6.2520 15.1528
v 0.0804 6.0640 14.7768
v 0.5504 6.0640 14.7768
v 0.5504 6.0640 15.2468
v 0.0804 6.0640 15.2468
v 0.0804 6.4870 14.7768
v 0.5504 6.4870 14.7768
v 0.5504 6.4870 15.2468
v 0.0804 6.4870 15.2468
usemtl bush_3_bush_0
f 5140 5141 5142 5143
f 5144 5145 5146 5147
f 5140 5141 5145 5144
f 5142 5143 5147 5146
f 5141 5142 5146 5145
f 5143 5140 5144 5147
usemtl bush_3_bush_1
f 5148 5149 5150 5151
f 5152 5153 5154 5155
f 5148 5149 5153 5152
f 5150 5151 5155 5154
f 5149 5150 5154 5153
f 5151 5148 5152 5155
usemtl bush_3_bush_0
f 5156 5157 5158 5159
f 5160 5161 5162 5163
f 5156 5157 5161 5160
f 5158 5159 5163 5162
f 5157 5158 5162 5161
f 5159 5156 5160 5163
o bush_4
v -6.1397 5.5000 13.2992
v -5.3317 5.5000 13.2992
v -5.3317 5.5000 14.1072
v -6.1397 5.5000 14.1072
v -6.1397 6.0050 13.2992
v -5.3317 6.0050 13.2992
v -5.3317 6.0050 14.1072
v -6.1397 6.0050 14.1072
v -5.8367 5.8030 13.4002
v -5.0792 5.8030 13.4002
v -5.0792 5.8030 13.9557
v -5.8367 5.8030 13.9557
v -5.8367 6.3080 13.4002
v -5.0792 6.3080 13.4002
v -5.0792 6.3080 13.9557
v -5.8367 6.3080 13.9557
v -5.9882 6.1060 13.5517
v -5.4832 6.1060 13.5517
v -5.4832 6.1060 14.0567
v -5.9882 6.1060 14.0567
v -5.9882 6.5605 13.5517
v -5.4832 6.5605 13.5517
v -5.4832 6.5605 14.0567
v -5.9882 6.5605 14.0567
usemtl bush_4_bush_0
f 5164 5165 5166 5167
f 5168 5169 5170 5171
f 5164 5165 5169 5168
f 5166 5167 5171 5170
f 5165 5166 5170 5169
f 5167 5164 5168 5171
usemtl bush_4_bush_1
f 5172 5173 5174 5175
f 5176 5177 5178 5179
f 5172 5173 5177 5176
f 5174 5175 5179 5178
f 5173 5174 5178 5177
f 5175 5172 5176 5179
usemtl bush_4_bush_0
f 5180 5181 5182 5183
f 5184 5185 5186 5187
f 5180 5181 5185 5184
f 5182 5183 5187 5186
f 5181 5182 5186 5185
f 5183 5180 5184 5187
o bush_5
v -11.4226 5.5000 10.7152
v -10.5586 5.5000 10.7152
v -10.5586 5.5000 11.5792
v -11.4226 5.5000 11.5792
v -11.4226 6.0400 10.7152
v -10.5586 6.0400 10.7152
v -10.5586 6.0400 11.5792
v -11.4226 6.0400 11.5792
v -11.0986 5.8240 10.8232
v -10.2886 5.8240 10.8232
v -10.2886 5.8240 11.4172
v -11.0986 5.8240 11.4172
v -11.0986 6.3640 10.8232
v -10.2886 6.3640 10.8232
v -10.2886 6.3640 11.4172
v -11.0986 6.3640 11.4172
v -11.2606 6.1480 10.9852
v -10.7206 6.1480 10.9852
v -10.7206 6.1480 11.5252
v -11.2606 6.1480 11.5252
v -11.2606 6.6340 10.9852
v -10.7206 6.6340 10.9852
v -10.7206 6.6340 11.5252
v -11.2606 6.6340 11.5252
usemtl bush_5_bush_0
f 5188 5189 5190 5191
f 5192 5193 5194 5195
f 5188 5189 5193 5192
f 5190 5191 5195 5194
f 5189 5190 5194 5193
f 5191 5188 5192 5195
usemtl bush_5_bush_1
f 5196 5197 5198 5199
f 5200 5201 5202 5203
f 5196 5197 5201 5200
f 5198 5199 5203 5202
f 5197 5198 5202 5201
f 5199 5196 5200 5203
usemtl bush_5_bush_0
f 5204 5205 5206 5207
f 5208 5209 5210 5211
f 5204 5205 5209 5208
f 5206 5207 5211 5210
f 5205 5206 5210 5209
f 5207 5204 5208 5211
o bush_6
v -15.3955 5.5000 7.0400
v -14.4755 5.5000 7.0400
v -14.4755 5.5000 7.9600
v -15.3955 5.5000 7.9600
v -15.3955 6.0750 7.0400
v -14.4755 6.0750 7.0400
v -14.4755 6.0750 7.9600
v -15.3955 6.0750 7.9600
v -15.0505 5.8450 7.1550
v -14.1880 5.8450 7.1550
v -14.1880 5.8450 7.7875
v -15.0505 5.8450 7.7875
v -15.0505 6.4200 7.1550
v -14.1880 6.4200 7.1550
v -14.1880 6.4200 7.7875
v -15.0505 6.4200 7.7875
v -15.2230 6.1900 7.3275
v -14.6480 6.1900 7.3275
v -14.6480 6.1900 7.9025
v -15.2230 6.1900 7.9025
v -15.2230 6.7075 7.3275
v -14.6480 6.7075 7.3275
v -14.6480 6.7075 7.9025
v -15.2230 6.7075 7.9025
usemtl bush_6_bush_0
f 5212 5213 5214 5215
f 5216 5217 5218 5219
f 5212 5213 5217 5216
f 5214 5215 5219 5218
f 5213 5214 5218 5217
f 5215 5212 5216 5219
usemtl bush_6_bush_1
f 5220 5221 5222 5223
f 5224 5225 5226 5227
f 5220 5221 5225 5224
f 5222 5223 5227 5226
f 5221 5222 5226 5225
f 5223 5220 5224 5227
usemtl bush_6_bush_0
f 5228 5229 5230 5231
f 5232 5233 5234 5235
f 5228 5229 5233 5232
f 5230 5231 5235 5234
f 5229 5230 5234 5233
f 5231 5228 5232 5235
o bush_7
v -17.6730 5.5000 2.6307
v -16.6970 5.5000 2.6307
v -16.6970 5.5000 3.6067
v -17.6730 5.5000 3.6067
v -17.6730 6.1100 2.6307
v -16.6970 6.1100 2.6307
v -16.6970 6.1100 3.6067
v -17.6730 6.1100 3.6067
v -17.3070 5.8660 2.7527
v -16.3920 5.8660 2.7527
v -16.3920 5.8660 3.4237
v -17.3070 5.8660 3.4237
v -17.3070 6.4760 2.7527
v -16.3920 6.4760 2.7527
v -16.3920 6.4760 3.4237
v -17.3070 6.4760 3.4237
v -17.4900 6.2320 2.9357
v -16.8800 6.2320 2.9357
v -16.8800 6.2320 3.5457
v -17.4900 6.2320 3.5457
v -17.4900 6.7810 2.9357
v -16.8800 6.7810 2.9357
v -16.8800 6.7810 3.5457
v -17.4900 6.7810 3.5457
usemtl bush_7_bush_0
f 5236 5237 5238 5239
f 5240 5241 5242 5243
f 5236 5237 5241 5240
f 5238 5239 5243 5242
f 5237 5238 5242 5241
f 5239 5236 5240 5243
usemtl bush_7_bush_1
f 5244 5245 5246 5247
f 5248 5249 5250 5251
f 5244 5245 5249 5248
f 5246 5247 5251 5250
f 5245 5246 5250 5249
f 5247 5244 5248 5251
usemtl bush_7_bush_0
f 5252 5253 5254 5255
f 5256 5257 5258 5259
f 5252 5253 5257 5256
f 5254 5255 5259 5258
f 5253 5254 5258 5257
f 5255 5252 5256 5259
o bush_8
v -18.0354 5.5000 -2.0839
v -17.0034 5.5000 -2.0839
v -17.0034 5.5000 -1.0519
v -18.0354 5.5000 -1.0519
v -18.0354 6.1450 -2.0839
v -17.0034 6.1450 -2.0839
v -17.0034 6.1450 -1.0519
v -18.0354 6.1450 -1.0519
v -17.6484 5.8870 -1.9549
v -16.6809 5.8870 -1.9549
v -16.6809 5.8870 -1.2454
v -17.6484 5.8870 -1.2454
v -17.6484 6.5320 -1.9549
v -16.6809 6.5320 -1.9549
v -16.6809 6.5320 -1.2454
v -17.6484 6.5320 -1.2454
v -17.8419 6.2740 -1.7614
v -17.1969 6.2740 -1.7614
v -17.1969 6.2740 -1.1164
v -17.8419 6.2740 -1.1164
v -17.8419 6.8545 -1.7614
v -17.1969 6.8545 -1.7614
v -17.1969 6.8545 -1.1164
v -17.8419 6.8545 -1.1164
usemtl bush_8_bush_0
f 5260 5261 5262 5263
f 5264 5265 5266 5267
f 5260 5261 5265 5264
f 5262 5263 5267 5266
f 5261 5262 5266 5265
f 5263 5260 5264 5267
usemtl bush_8_bush_1
f 5268 5269 5270 5271
f 5272 5273 5274 5275
f 5268 5269 5273 5272
f 5270 5271 5275 5274
f 5269 5270 5274 5273
f 5271 5268 5272 5275
usemtl bush_8_bush_0
f 5276 5277 5278 5279
f 5280 5281 5282 5283
f 5276 5277 5281 5280
f 5278 5279 5283 5282
f 5277 5278 5282 5281
f 5279 5276 5280 5283
o boat_1
v -4.8000 -0.2500 -33.7000
v -1.2000 -0.2500 -33.7000
v -1.2000 -0.2500 -32.3000
v -4.8000 -0.2500 -32.3000
v -4.8000 0.0000 -33.7000
v -1.2000 0.0000 -33.7000
v -1.2000 0.0000 -32.3000
v -4.8000 0.0000 -32.3000
v -4.8000 0.0000 -33.7000
v -1.2000 0.0000 -33.7000
v -1.2000 0.0000 -33.5800
v -4.8000 0.0000 -33.5800
v -4.8000 0.5500 -33.7000
v -1.2000 0.5500 -33.7000
v -1.2000 0.5500 -33.5800
v -4.8000 0.5500 -33.5800
v -4.8000 0.0000 -32.4200
v -1.2000 0.0000 -32.4200
v -1.2000 0.0000 -32.3000
v -4.8000 0.0000 -32.3000
v -4.8000 0.5500 -32.4200
v -1.2000 0.5500 -32.4200
v -1.2000 0.5500 -32.3000
v -4.8000 0.5500 -32.3000
v -4.8000 0.0000 -33.7000
v -4.6800 0.0000 -33.7000
v -4.6800 0.0000 -32.3000
v -4.8000 0.0000 -32.3000
v -4.8000 0.5500 -33.7000
v -4.6800 0.5500 -33.7000
v -4.6800 0.5500 -32.3000
v -4.8000 0.5500 -32.3000
v -1.3200 0.0000 -33.7000
v -1.2000 0.0000 -33.7000
v -1.2000 0.0000 -32.3000
v -1.3200 0.0000 -32.3000
v -1.3200 0.5500 -33.7000
v -1.2000 0.5500 -33.7000
v -1.2000 0.5500 -32.3000
v -1.3200 0.5500 -32.3000
v -4.0500 0.3000 -33.6000
v -3.7500 0.3000 -33.6000
v -3.7500 0.3000 -32.4000
v -4.0500 0.3000 -32.4000
v -4.0500 0.3800 -33.6000
v -3.7500 0.3800 -33.6000
v -3.7500 0.3800 -32.4000
v -4.0500 0.3800 -32.4000
v -2.2500 0.3000 -33.6000
v -1.9500 0.3000 -33.6000
v -1.9500 0.3000 -32.4000
v -2.2500 0.3000 -32.4000
v -2.2500 0.3800 -33.6000
v -1.9500 0.3800 -33.6000
v -1.9500 0.3800 -32.4000
v -2.2500 0.3800 -32.4000
usemtl boat_1_hull_0
f 5284 5285 5286 5287
f 5288 5289 5290 5291
f 5284 5285 5289 5288
f 5286 5287 5291 5290
f 5285 5286 5290 5289
f 5287 5284 5288 5291
usemtl boat_1_hull_1
f 5292 5293 5294 5295
f 5296 5297 5298 5299
f 5292 5293 5297 5296
f 5294 5295 5299 5298
f 5293 5294 5298 5297
f 5295 5292 5296 5299
f 5300 5301 5302 5303
f 5304 5305 5306 5307
f 5300 5301 5305 5304
f 5302 5303 5307 5306
f 5301 5302 5306 5305
f 5303 5300 5304 5307
usemtl boat_1_hull_0
f 5308 5309 5310 5311
f 5312 5313 5314 5315
f 5308 5309 5313 5312
f 5310 5311 5315 5314
f 5309 5310 5314 5313
f 5311 5308 5312 5315
f 5316 5317 5318 5319
f 5320 5321 5322 5323
f 5316 5317 5321 5320
f 5318 5319 5323 5322
f 5317 5318 5322 5321
f 5319 5316 5320 5323
usemtl boat_1_seat
f 5324 5325 5326 5327
f 5328 5329 5330 5331
f 5324 5325 5329 5328
f 5326 5327 5331 5330
f 5325 5326 5330 5329
f 5327 5324 5328 5331
f 5332 5333 5334 5335
f 5336 5337 5338 5339
f 5332 5333 5337 5336
f 5334 5335 5339 5338
f 5333 5334 5338 5337
f 5335 5332 5336 5339
o boat_2
v 23.0000 -0.2500 34.3000
v 27.0000 -0.2500 34.3000
v 27.0000 -0.2500 35.7000
v 23.0000 -0.2500 35.7000
v 23.0000 0.0000 34.3000
v 27.0000 0.0000 34.3000
v 27.0000 0.0000 35.7000
v 23.0000 0.0000 35.7000
v 23.0000 0.0000 34.3000
v 27.0000 0.0000 34.3000
v 27.0000 0.0000 34.4200
v 23.0000 0.0000 34.4200
v 23.0000 0.5500 34.3000
v 27.0000 0.5500 34.3000
v 27.0000 0.5500 34.4200
v 23.0000 0.5500 34.4200
v 23.0000 0.0000 35.5800
v 27.0000 0.0000 35.5800
v 27.0000 0.0000 35.7000
v 23.0000 0.0000 35.7000
v 23.0000 0.5500 35.5800
v 27.0000 0.5500 35.5800
v 27.0000 0.5500 35.7000
v 23.0000 0.5500 35.7000
v 23.0000 0.0000 34.3000
v 23.1200 0.0000 34.3000
v 23.1200 0.0000 35.7000
v 23.0000 0.0000 35.7000
v 23.0000 0.5500 34.3000
v 23.1200 0.5500 34.3000
v 23.1200 0.5500 35.7000
v 23.0000 0.5500 35.7000
v 26.8800 0.0000 34.3000
v 27.0000 0.0000 34.3000
v 27.0000 0.0000 35.7000
v 26.8800 0.0000 35.7000
v 26.8800 0.5500 34.3000
v 27.0000 0.5500 34.3000
v 27.0000 0.5500 35.7000
v 26.8800 0.5500 35.7000
v 23.8500 0.3000 34.4000
v 24.1500 0.3000 34.4000
v 24.1500 0.3000 35.6000
v 23.8500 0.3000 35.6000
v 23.8500 0.3800 34.4000
v 24.1500 0.3800 34.4000
v 24.1500 0.3800 35.6000
v 23.8500 0.3800 35.6000
v 25.8500 0.3000 34.4000
v 26.1500 0.3000 34.4000
v 26.1500 0.3000 35.6000
v 25.8500 0.3000 35.6000
v 25.8500 0.3800 34.4000
v 26.1500 0.3800 34.4000
v 26.1500 0.3800 35.6000
v 25.8500 0.3800 35.6000
usemtl boat_2_hull_0
f 5340 5341 5342 5343
f 5344 5345 5346 5347
f 5340 5341 5345 5344
f 5342 5343 5347 5346
f 5341 5342 5346 5345
f 5343 5340 5344 5347
usemtl boat_2_hull_1
f 5348 5349 5350 5351
f 5352 5353 5354 5355
f 5348 5349 5353 5352
f 5350 5351 5355 5354
f 5349 5350 5354 5353
f 5351 5348 5352 5355
f 5356 5357 5358 5359
f 5360 5361 5362 5363
f 5356 5357 5361 5360
f 5358 5359 5363 5362
f 5357 5358 5362 5361
f 5359 5356 5360 5363
usemtl boat_2_hull_0
f 5364 5365 5366 5367
f 5368 5369 5370 5371
f 5364 5365 5369 5368
f 5366 5367 5371 5370
f 5365 5366 5370 5369
f 5367 5364 5368 5371
f 5372 5373 5374 5375
f 5376 5377 5378 5379
f 5372 5373 5377 5376
f 5374 5375 5379 5378
f 5373 5374 5378 5377
f 5375 5372 5376 5379
usemtl boat_2_seat
f 5380 5381 5382 5383
f 5384 5385 5386 5387
f 5380 5381 5385 5384
f 5382 5383 5387 5386
f 5381 5382 5386 5385
f 5383 5380 5384 5387
f 5388 5389 5390 5391
f 5392 5393 5394 5395
f 5388 5389 5393 5392
f 5390 5391 5395 5394
f 5389 5390 5394 5393
f 5391 5388 5392 5395
o boat_3
v 1.4000 0.3500 -25.7000
v 4.6000 0.3500 -25.7000
v 4.6000 0.3500 -24.3000
v 1.4000 0.3500 -24.3000
v 1.4000 0.6000 -25.7000
v 4.6000 0.6000 -25.7000
v 4.6000 0.6000 -24.3000
v 1.4000 0.6000 -24.3000
v 1.4000 0.6000 -25.7000
v 4.6000 0.6000 -25.7000
v 4.6000 0.6000 -25.5800
v 1.4000 0.6000 -25.5800
v 1.4000 1.1500 -25.7000
v 4.6000 1.1500 -25.7000
v 4.6000 1.1500 -25.5800
v 1.4000 1.1500 -25.5800
v 1.4000 0.6000 -24.4200
v 4.6000 0.6000 -24.4200
v 4.6000 0.6000 -24.3000
v 1.4000 0.6000 -24.3000
v 1.4000 1.1500 -24.4200
v 4.6000 1.1500 -24.4200
v 4.6000 1.1500 -24.3000
v 1.4000 1.1500 -24.3000
v 1.4000 0.6000 -25.7000
v 1.5200 0.6000 -25.7000
v 1.5200 0.6000 -24.3000
v 1.4000 0.6000 -24.3000
v 1.4000 1.1500 -25.7000
v 1.5200 1.1500 -25.7000
v 1.5200 1.1500 -24.3000
v 1.4000 1.1500 -24.3000
v 4.4800 0.6000 -25.7000
v 4.6000 0.6000 -25.7000
v 4.6000 0.6000 -24.3000
v 4.4800 0.6000 -24.3000
v 4.4800 1.1500 -25.7000
v 4.6000 1.1500 -25.7000
v 4.6000 1.1500 -24.3000
v 4.4800 1.1500 -24.3000
v 2.0500 0.9000 -25.6000
v 2.3500 0.9000 -25.6000
v 2.3500 0.9000 -24.4000
v 2.0500 0.9000 -24.4000
v 2.0500 0.9800 -25.6000
v 2.3500 0.9800 -25.6000
v 2.3500 0.9800 -24.4000
v 2.0500 0.9800 -24.4000
v 3.6500 0.9000 -25.6000
v 3.9500 0.9000 -25.6000
v 3.9500 0.9000 -24.4000
v 3.6500 0.9000 -24.4000
v 3.6500 0.9800 -25.6000
v 3.9500 0.9800 -25.6000
v 3.9500 0.9800 -24.4000
v 3.6500 0.9800 -24.4000
usemtl boat_3_hull_0
f 5396 5397 5398 5399
f 5400 5401 5402 5403
f 5396 5397 5401 5400
f 5398 5399 5403 5402
f 5397 5398 5402 5401
f 5399 5396 5400 5403
usemtl boat_3_hull_1
f 5404 5405 5406 5407
f 5408 5409 5410 5411
f 5404 5405 5409 5408
f 5406 5407 5411 5410
f 5405 5406 5410 5409
f 5407 5404 5408 5411
f 5412 5413 5414 5415
f 5416 5417 5418 5419
f 5412 5413 5417 5416
f 5414 5415 5419 5418
f 5413 5414 5418 5417
f 5415 5412 5416 5419
usemtl boat_3_hull_0
f 5420 5421 5422 5423
f 5424 5425 5426 5427
f 5420 5421 5425 5424
f 5422 5423 5427 5426
f 5421 5422 5426 5425
f 5423 5420 5424 5427
f 5428 5429 5430 5431
f 5432 5433 5434 5435
f 5428 5429 5433 5432
f 5430 5431 5435 5434
f 5429 5430 5434 5433
f 5431 5428 5432 5435
usemtl boat_3_seat
f 5436 5437 5438 5439
f 5440 5441 5442 5443
f 5436 5437 5441 5440
f 5438 5439 5443 5442
f 5437 5438 5442 5441
f 5439 5436 5440 5443
f 5444 5445 5446 5447
f 5448 5449 5450 5451
f 5444 5445 5449 5448
f 5446 5447 5451 5450
f 5445 5446 5450 5449
f 5447 5444 5448 5451
o tree_1
v 23.1544 2.5000 6.2116
v 23.4544 2.5000 6.2116
v 23.4544 2.5000 6.5116
v 23.1544 2.5000 6.5116
v 23.1544 4.0000 6.2116
v 23.4544 4.0000 6.2116
v 23.4544 4.0000 6.5116
v 23.1544 4.0000 6.5116
v 21.8044 4.0000 4.8616
v 24.8044 4.0000 4.8616
v 24.8044 4.0000 7.8616
v 21.8044 4.0000 7.8616
v 21.8044 5.4000 4.8616
v 24.8044 5.4000 4.8616
v 24.8044 5.4000 7.8616
v 21.8044 5.4000 7.8616
v 22.3044 5.2000 5.3616
v 24.3044 5.2000 5.3616
v 24.3044 5.2000 7.3616
v 22.3044 5.2000 7.3616
v 22.3044 6.4000 5.3616
v 24.3044 6.4000 5.3616
v 24.3044 6.4000 7.3616
v 22.3044 6.4000 7.3616
v 22.8544 6.2000 5.9116
v 23.7544 6.2000 5.9116
v 23.7544 6.2000 6.8116
v 22.8544 6.2000 6.8116
v 22.8544 6.5000 5.9116
v 23.7544 6.5000 5.9116
v 23.7544 6.5000 6.8116
v 22.8544 6.5000 6.8116
usemtl tree_1_trunk
f 5452 5453 5454 5455
f 5456 5457 5458 5459
f 5452 5453 5457 5456
f 5454 5455 5459 5458
f 5453 5454 5458 5457
f 5455 5452 5456 5459
usemtl tree_1_leaves_0
f 5460 5461 5462 5463
f 5464 5465 5466 5467
f 5460 5461 5465 5464
f 5462 5463 5467 5466
f 5461 5462 5466 5465
f 5463 5460 5464 5467
usemtl tree_1_leaves_1
f 5468 5469 5470 5471
f 5472 5473 5474 5475
f 5468 5469 5473 5472
f 5470 5471 5475 5474
f 5469 5470 5474 5473
f 5471 5468 5472 5475
usemtl tree_1_leaves_0
f 5476 5477 5478 5479
f 5480 5481 5482 5483
f 5476 5477 5481 5480
f 5478 5479 5483 5482
f 5477 5478 5482 5481
f 5479 5476 5480 5483
o tree_2
v 20.8816 2.5000 9.7065
v 21.1816 2.5000 9.7065
v 21.1816 2.5000 10.0065
v 20.8816 2.5000 10.0065
v 20.8816 4.0000 9.7065
v 21.1816 4.0000 9.7065
v 21.1816 4.0000 10.0065
v 20.8816 4.0000 10.0065
v 19.5316 4.0000 8.3565
v 22.5316 4.0000 8.3565
v 22.5316 4.0000 11.3565
v 19.5316 4.0000 11.3565
v 19.5316 5.4000 8.3565
v 22.5316 5.4000 8.3565
v 22.5316 5.4000 11.3565
v 19.5316 5.4000 11.3565
v 20.0316 5.2000 8.8565
v 22.0316 5.2000 8.8565
v 22.0316 5.2000 10.8565
v 20.0316 5.2000 10.8565
v 20.0316 6.4000 8.8565
v 22.0316 6.4000 8.8565
v 22.0316 6.4000 10.8565
v 20.0316 6.4000 10.8565
v 20.5816 6.2000 9.4065
v 21.4816 6.2000 9.4065
v 21.4816 6.2000 10.3065
v 20.5816 6.2000 10.3065
v 20.5816 6.8500 9.4065
v 21.4816 6.8500 9.4065
v 21.4816 6.8500 10.3065
v 20.5816 6.8500 10.3065
usemtl tree_2_trunk
f 5484 5485 5486 5487
f 5488 5489 5490 5491
f 5484 5485 5489 5488
f 5486 5487 5491 5490
f 5485 5486 5490 5489
f 5487 5484 5488 5491
usemtl tree_2_leaves_0
f 5492 5493 5494 5495
f 5496 5497 5498 5499
f 5492 5493 5497 5496
f 5494 5495 5499 5498
f 5493 5494 5498 5497
f 5495 5492 5496 5499
usemtl tree_2_leaves_1
f 5500 5501 5502 5503
f 5504 5505 5506 5507
f 5500 5501 5505 5504
f 5502 5503 5507 5506
f 5501 5502 5506 5505
f 5503 5500 5504 5507
usemtl tree_2_leaves_0
f 5508 5509 5510 5511
f 5512 5513 5514 5515
f 5508 5509 5513 5512
f 5510 5511 5515 5514
f 5509 5510 5514 5513
f 5511 5508 5512 5515
o tree_3
v 17.6896 2.5000 12.7706
v 17.9896 2.5000 12.7706
v 17.9896 2.5000 13.0706
v 17.6896 2.5000 13.0706
v 17.6896 4.0000 12.7706
v 17.9896 4.0000 12.7706
v 17.9896 4.0000 13.0706
v 17.6896 4.0000 13.0706
v 16.3396 4.0000 11.4206
v 19.3396 4.0000 11.4206
v 19.3396 4.0000 14.4206
v 16.3396 4.0000 14.4206
v 16.3396 5.4000 11.4206
v 19.3396 5.4000 11.4206
v 19.3396 5.4000 14.4206
v 16.3396 5.4000 14.4206
v 16.8396 5.2000 11.9206
v 18.8396 5.2000 11.9206
v 18.8396 5.2000 13.9206
v 16.8396 5.2000 13.9206
v 16.8396 6.4000 11.9206
v 18.8396 6.4000 11.9206
v 18.8396 6.4000 13.9206
v 16.8396 6.4000 13.9206
v 17.3896 6.2000 12.4706
v 18.2896 6.2000 12.4706
v 18.2896 6.2000 13.3706
v 17.3896 6.2000 13.3706
v 17.3896 7.2000 12.4706
v 18.2896 7.2000 12.4706
v 18.2896 7.2000 13.3706
v 17.3896 7.2000 13.3706
usemtl tree_3_trunk
f 5516 5517 5518 5519
f 5520 5521 5522 5523
f 5516 5517 5521 5520
f 5518 5519 5523 5522
f 5517 5518 5522 5521
f 5519 5516 5520 5523
usemtl tree_3_leaves_0
f 5524 5525 5526 5527
f 5528 5529 5530 5531
f 5524 5525 5529 5528
f 5526 5527 5531 5530
f 5525 5526 5530 5529
f 5527 5524 5528 5531
usemtl tree_3_leaves_1
f 5532 5533 5534 5535
f 5536 5537 5538 5539
f 5532 5533 5537 5536
f 5534 5535 5539 5538
f 5533 5534 5538 5537
f 5535 5532 5536 5539
usemtl tree_3_leaves_0
f 5540 5541 5542 5543
f 5544 5545 5546 5547
f 5540 5541 5545 5544
f 5542 5543 5547 5546
f 5541 5542 5546 5545
f 5543 5540 5544 5547
o tree_4
v 13.7180 2.5000 15.2701
v 14.0180 2.5000 15.2701
v 14.0180 2.5000 15.5701
v 13.7180 2.5000 15.5701
v 13.7180 4.0000 15.2701
v 14.0180 4.0000 15.2701
v 14.0180 4.0000 15.5701
v 13.7180 4.0000 15.5701
v 12.3680 4.0000 13.9201
v 15.3680 4.0000 13.9201
v 15.3680 4.0000 16.9201
v 12.3680 4.0000 16.9201
v 12.3680 5.4000 13.9201
v 15.3680 5.4000 13.9201
v 15.3680 5.4000 16.9201
v 12.3680 5.4000 16.9201
v 12.8680 5.2000 14.4201
v 14.8680 5.2000 14.4201
v 14.8680 5.2000 16.4201
v 12.8680 5.2000 16.4201
v 12.8680 6.4000 14.4201
v 14.8680 6.4000 14.4201
v 14.8680 6.4000 16.4201
v 12.8680 6.4000 16.4201
v 13.4180 6.2000 14.9701
v 14.3180 6.2000 14.9701
v 14.3180 6.2000 15.8701
v 13.4180 6.2000 15.8701
v 13.4180 7.5500 14.9701
v 14.3180 7.5500 14.9701
v 14.3180 7.5500 15.8701
v 13.4180 7.5500 15.8701
usemtl tree_4_trunk
f 5548 5549 5550 5551
f 5552 5553 5554 5555
f 5548 5549 5553 5552
f 5550 5551 5555 5554
f 5549 5550 5554 5553
f 5551 5548 5552 5555
usemtl tree_4_leaves_0
f 5556 5557 5558 5559
f 5560 5561 5562 5563
f 5556 5557 5561 5560
f 5558 5559 5563 5562
f 5557 5558 5562 5561
f 5559 5556 5560 5563
usemtl tree_4_leaves_1
f 5564 5565 5566 5567
f 5568 5569 5570 5571
f 5564 5565 5569 5568
f 5566 5567 5571 5570
f 5565 5566 5570 5569
f 5567 5564 5568 5571
usemtl tree_4_leaves_0
f 5572 5573 5574 5575
f 5576 5577 5578 5579
f 5572 5573 5577 5576
f 5574 5575 5579 5578
f 5573 5574 5578 5577
f 5575 5572 5576 5579
o tree_5
v 9.1402 2.5000 17.0956
v 9.4402 2.5000 17.0956
v 9.4402 2.5000 17.3956
v 9.1402 2.5000 17.3956
v 9.1402 4.0000 17.0956
v 9.4402 4.0000 17.0956
v 9.4402 4.0000 17.3956
v 9.1402 4.0000 17.3956
v 7.7902 4.0000 15.7456
v 10.7902 4.0000 15.7456
v 10.7902 4.0000 18.7456
v 7.7902 4.0000 18.7456
v 7.7902 5.4000 15.7456
v 10.7902 5.4000 15.7456
v 10.7902 5.4000 18.7456
v 7.7902 5.4000 18.7456
v 8.2902 5.2000 16.2456
v 10.2902 5.2000 16.2456
v 10.2902 5.2000 18.2456
v 8.2902 5.2000 18.2456
v 8.2902 6.4000 16.2456
v 10.2902 6.4000 16.2456
v 10.2902 6.4000 18.2456
v 8.2902 6.4000 18.2456
v 8.8402 6.2000 16.7956
v 9.7402 6.2000 16.7956
v 9.7402 6.2000 17.6956
v 8.8402 6.2000 17.6956
v 8.8402 7.9000 16.7956
v 9.7402 7.9000 16.7956
v 9.7402 7.9000 17.6956
v 8.8402 7.9000 17.6956
usemtl tree_5_trunk
f 5580 5581 5582 5583
f 5584 5585 5586 5587
f 5580 5581 5585 5584
f 5582 5583 5587 5586
f 5581 5582 5586 5585
f 5583 5580 5584 5587
usemtl tree_5_leaves_0
f 5588 5589 5590 5591
f 5592 5593 5594 5595
f 5588 5589 5593 5592
f 5590 5591 5595 5594
f 5589 5590 5594 5593
f 5591 5588 5592 5595
usemtl tree_5_leaves_1
f 5596 5597 5598 5599
f 5600 5601 5602 5603
f 5596 5597 5601 5600
f 5598 5599 5603 5602
f 5597 5598 5602 5601
f 5599 5596 5600 5603
usemtl tree_5_leaves_0
f 5604 5605 5606 5607
f 5608 5609 5610 5611
f 5604 5605 5609 5608
f 5606 5607 5611 5610
f 5605 5606 5610 5609
f 5607 5604 5608 5611
o tree_6
v 4.1565 2.5000 18.1674
v 4.4565 2.5000 18.1674
v 4.4565 2.5000 18.4674
v 4.1565 2.5000 18.4674
v 4.1565 4.0000 18.1674
v 4.4565 4.0000 18.1674
v 4.4565 4.0000 18.4674
v 4.1565 4.0000 18.4674
v 2.8065 4.0000 16.8174
v 5.8065 4.0000 16.8174
v 5.8065 4.0000 19.8174
v 2.8065 4.0000 19.8174
v 2.8065 5.4000 16.8174
v 5.8065 5.4000 16.8174
v 5.8065 5.4000 19.8174
v 2.8065 5.4000 19.8174
v 3.3065 5.2000 17.3174
v 5.3065 5.2000 17.3174
v 5.3065 5.2000 19.3174
v 3.3065 5.2000 19.3174
v 3.3065 6.4000 17.3174
v 5.3065 6.4000 17.3174
v 5.3065 6.4000 19.3174
v 3.3065 6.4000 19.3174
v 3.8565 6.2000 17.8674
v 4.7565 6.2000 17.8674
v 4.7565 6.2000 18.7674
v 3.8565 6.2000 18.7674
v 3.8565 8.2500 17.8674
v 4.7565 8.2500 17.8674
v 4.7565 8.2500 18.7674
v 3.8565 8.2500 18.7674
usemtl tree_6_trunk
f 5612 5613 5614 5615
f 5616 5617 5618 5619
f 5612 5613 5617 5616
f 5614 5615 5619 5618
f 5613 5614 5618 5617
f 5615 5612 5616 5619
usemtl tree_6_leaves_0
f 5620 5621 5622 5623
f 5624 5625 5626 5627
f 5620 5621 5625 5624
f 5622 5623 5627 5626
f 5621 5622 5626 5625
f 5623 5620 5624 5627
usemtl tree_6_leaves_1
f 5628 5629 5630 5631
f 5632 5633 5634 5635
f 5628 5629 5633 5632
f 5630 5631 5635 5634
f 5629 5630 5634 5633
f 5631 5628 5632 5635
usemtl tree_6_leaves_0
f 5636 5637 5638 5639
f 5640 5641 5642 5643
f 5636 5637 5641 5640
f 5638 5639 5643 5642
f 5637 5638 5642 5641
f 5639 5636 5640 5643
o rock_1
v 41.5017 -0.5000 -1.0362
v 43.2983 -0.5000 -1.0362
v 43.2983 -0.5000 1.0362
v 41.5017 -0.5000 1.0362
v 41.5017 0.2451 -1.0362
v 43.2983 0.2451 -1.0362
v 43.2983 0.2451 1.0362
v 41.5017 0.2451 1.0362
usemtl rock_1_rock_0
f 5644 5645 5646 5647
f 5648 5649 5650 5651
f 5644 5645 5649 5648
f 5646 5647 5651 5650
f 5645 5646 5650 5649
f 5647 5644 5648 5651
o rock_2
v 33.1484 -0.5000 17.5537
v 35.4563 -0.5000 17.5537
v 35.4563 -0.5000 19.8294
v 33.1484 -0.5000 19.8294
v 33.1484 0.2439 17.5537
v 35.4563 0.2439 17.5537
v 35.4563 0.2439 19.8294
v 33.1484 0.2439 19.8294
usemtl rock_2_rock_1
f 5652 5653 5654 5655
f 5656 5657 5658 5659
f 5652 5653 5657 5656
f 5654 5655 5659 5658
f 5653 5654 5658 5657
f 5655 5652 5656 5659
o rock_3
v 12.6791 -0.5000 29.0889
v 13.5255 -0.5000 29.0889
v 13.5255 -0.5000 31.3983
v 12.6791 -0.5000 31.3983
v 12.6791 0.0794 29.0889
v 13.5255 0.0794 29.0889
v 13.5255 0.0794 31.3983
v 12.6791 0.0794 31.3983
usemtl rock_3_rock_0
f 5660 5661 5662 5663
f 5664 5665 5666 5667
f 5660 5661 5665 5664
f 5662 5663 5667 5666
f 5661 5662 5666 5665
f 5663 5660 5664 5667
o rock_4
v -14.0215 -0.5000 29.7530
v -12.1831 -0.5000 29.7530
v -12.1831 -0.5000 30.7342
v -14.0215 -0.5000 30.7342
v -14.0215 0.3405 29.7530
v -12.1831 0.3405 29.7530
v -12.1831 0.3405 30.7342
v -14.0215 0.3405 30.7342
usemtl rock_4_rock_1
f 5668 5669 5670 5671
f 5672 5673 5674 5675
f 5668 5669 5673 5672
f 5670 5671 5675 5674
f 5669 5670 5674 5673
f 5671 5668 5672 5675
o rock_5
v -35.0776 -0.5000 17.8566
v -33.5271 -0.5000 17.8566
v -33.5271 -0.5000 19.5266
v -35.0776 -0.5000 19.5266
v -35.0776 -0.0521 17.8566
v -33.5271 -0.0521 17.8566
v -33.5271 -0.0521 19.5266
v -35.0776 -0.0521 19.5266
usemtl rock_5_rock_0
f 5676 5677 5678 5679
f 5680 5681 5682 5683
f 5676 5677 5681 5680
f 5678 5679 5683 5682
f 5677 5678 5682 5681
f 5679 5676 5680 5683
o rock_6
v -43.2592 -0.5000 -0.5734
v -41.5408 -0.5000 -0.5734
v -41.5408 -0.5000 0.5734
v -43.2592 -0.5000 0.5734
v -43.2592 -0.1921 -0.5734
v -41.5408 -0.1921 -0.5734
v -41.5408 -0.1921 0.5734
v -43.2592 -0.1921 0.5734
usemtl rock_6_rock_1
f 5684 5685 5686 5687
f 5688 5689 5690 5691
f 5684 5685 5689 5688
f 5686 5687 5691 5690
f 5685 5686 5690 5689
f 5687 5684 5688 5691
o rock_7
v -34.9259 -0.5000 -19.7042
v -33.6787 -0.5000 -19.7042
v -33.6787 -0.5000 -17.6790
v -34.9259 -0.5000 -17.6790
v -34.9259 0.3498 -19.7042
v -33.6787 0.3498 -19.7042
v -33.6787 0.3498 -17.6790
v -34.9259 0.3498 -17.6790
usemtl rock_7_rock_0
f 5692 5693 5694 5695
f 5696 5697 5698 5699
f 5692 5693 5697 5696
f 5694 5695 5699 5698
f 5693 5694 5698 5697
f 5695 5692 5696 5699
o rock_8
v -13.6300 -0.5000 -30.7546
v -12.5746 -0.5000 -30.7546
v -12.5746 -0.5000 -29.7326
v -13.6300 -0.5000 -29.7326
v -13.6300 0.2783 -30.7546
v -12.5746 0.2783 -30.7546
v -12.5746 0.2783 -29.7326
v -13.6300 0.2783 -29.7326
usemtl rock_8_rock_1
f 5700 5701 5702 5703
f 5704 5705 5706 5707
f 5700 5701 5705 5704
f 5702 5703 5707 5706
f 5701 5702 5706 5705
f 5703 5700 5704 5707
o rock_9
v 12.4760 5.5000 11.5489
v 14.2639 5.5000 11.5489
v 14.2639 5.5000 12.3517
v 12.4760 5.5000 12.3517
v 12.4760 5.8760 11.5489
v 14.2639 5.8760 11.5489
v 14.2639 5.8760 12.3517
v 12.4760 5.8760 12.3517
usemtl rock_9_rock_0
f 5708 5709 5710 5711
f 5712 5713 5714 5715
f 5708 5709 5713 5712
f 5710 5711 5715 5714
f 5709 5710 5714 5713
f 5711 5708 5712 5715
o rock_10
v 6.0169 5.5000 14.0868
v 8.2111 5.5000 14.0868
v 8.2111 5.5000 15.2316
v 6.0169 5.5000 15.2316
v 6.0169 5.9257 14.0868
v 8.2111 5.9257 14.0868
v 8.2111 5.9257 15.2316
v 6.0169 5.9257 15.2316
usemtl rock_10_rock_1
f 5716 5717 5718 5719
f 5720 5721 5722 5723
f 5716 5717 5721 5720
f 5718 5719 5723 5722
f 5717 5718 5722 5721
f 5719 5716 5720 5723
o path_1
v -6.4835 0.4000 -24.8728
v -5.5165 0.4000 -25.1272
v -5.1831 0.4000 -23.8606
v -6.1502 0.4000 -23.6061
v -6.1502 0.4000 -23.6061
v -5.1831 0.4000 -23.8606
v -4.8498 0.4000 -22.5939
v -5.8169 0.4000 -22.3394
v -5.8169 0.4000 -22.3394
v -4.8498 0.4000 -22.5939
v -4.5165 0.4000 -21.3272
v -5.4835 0.4000 -21.0728
v -5.4835 0.4000 -21.0728
v -4.5165 0.4000 -21.3272
v -4.1831 0.4000 -20.0606
v -5.1502 0.4000 -19.8061
v -5.1502 0.4000 -19.8061
v -4.1831 0.4000 -20.0606
v -3.8498 0.4000 -18.7939
v -4.8169 0.4000 -18.5394
v -4.8169 0.4000 -18.5394
v -3.8498 0.4000 -18.7939
v -3.5165 0.4000 -17.5272
v -4.4835 0.4000 -17.2728
v -4.4835 0.4000 -17.2728
v -3.5165 0.4000 -17.5272
v -3.1831 5.6000 -16.2606
v -4.1502 5.6000 -16.0061
v -4.1502 5.6000 -16.0061
v -3.1831 5.6000 -16.2606
v -2.8498 5.6000 -14.9939
v -3.8169 5.6000 -14.7394
v -3.8169 5.6000 -14.7394
v -2.8498 5.6000 -14.9939
v -2.5165 5.6000 -13.7272
v -3.4835 5.6000 -13.4728
v -3.4835 5.6000 -13.4728
v -2.5165 5.6000 -13.7272
v -2.1831 5.6000 -12.4606
v -3.1502 5.6000 -12.2061
v -3.1502 5.6000 -12.2061
v -2.1831 5.6000 -12.4606
v -1.8498 5.6000 -11.1939
v -2.8169 9.1000 -10.9394
v -2.8169 9.1000 -10.9394
v -1.8498 5.6000 -11.1939
v -1.5165 9.1000 -9.9272
v -2.4835 9.1000 -9.6728
v -2.4835 9.1000 -9.6728
v -1.5165 9.1000 -9.9272
v -1.1831 9.1000 -8.6606
v -2.1502 9.1000 -8.4061
v -2.1502 9.1000 -8.4061
v -1.1831 9.1000 -8.6606
v -0.8498 9.1000 -7.3939
v -1.8169 9.1000 -7.1394
v -1.8169 9.1000 -7.1394
v -0.8498 9.1000 -7.3939
v -0.5165 9.1000 -6.1272
v -1.4835 9.1000 -5.8728
v -1.4835 9.1000 -5.8728
v -0.5165 9.1000 -6.1272
v -0.1831 9.1000 -4.8606
v -1.1502 9.1000 -4.6061
v -1.1502 9.1000 -4.6061
v -0.1831 9.1000 -4.8606
v 0.1502 9.1000 -3.5939
v -0.8169 9.1000 -3.3394
v -0.8169 9.1000 -3.3394
v 0.1502 9.1000 -3.5939
v 0.4835 9.1000 -2.3272
v -0.4835 9.1000 -2.0728
usemtl path_1_path_0
f 5724 5725 5726 5727
usemtl path_1_path_1
f 5728 5729 5730 5731
usemtl path_1_path_0
f 5732 5733 5734 5735
usemtl path_1_path_1
f 5736 5737 5738 5739
usemtl path_1_path_0
f 5740 5741 5742 5743
usemtl path_1_path_1
f 5744 5745 5746 5747
usemtl path_1_path_0
f 5748 5749 5750 5751
usemtl path_1_path_1
f 5752 5753 5754 5755
usemtl path_1_path_0
f 5756 5757 5758 5759
usemtl path_1_path_1
f 5760 5761 5762 5763
usemtl path_1_path_0
f 5764 5765 5766 5767
usemtl path_1_path_1
f 5768 5769 5770 5771
usemtl path_1_path_0
f 5772 5773 5774 5775
usemtl path_1_path_1
f 5776 5777 5778 5779
usemtl path_1_path_0
f 5780 5781 5782 5783
usemtl path_1_path_1
f 5784 5785 5786 5787
usemtl path_1_path_0
f 5788 5789 5790 5791
usemtl path_1_path_1
f 5792 5793 5794 5795
