mtllib scene_bad_v2.mtl
o terrain
v -42.0000 1.1000 -34.0000
v -42.0000 1.1000 -32.0000
v -42.0000 1.1000 -30.0000
v -42.0000 1.1000 -28.0000
v -42.0000 1.1000 -26.0000
v -42.0000 1.1000 -24.0000
v -42.0000 1.1000 -22.0000
v -42.0000 1.1000 -20.0000
v -42.0000 1.1000 -18.0000
v -42.0000 1.1000 -16.0000
v -42.0000 1.1000 -14.0000
v -42.0000 1.1000 -12.0000
v -42.0000 1.1000 -10.0000
v -42.0000 1.1000 -8.0000
v -42.0000 1.1000 -6.0000
v -42.0000 1.1000 -4.0000
v -42.0000 1.1000 -2.0000
v -42.0000 1.1000 0.0000
v -42.0000 1.1000 2.0000
v -42.0000 1.1000 4.0000
v -42.0000 1.1000 6.0000
v -42.0000 1.1000 8.0000
v -42.0000 1.1000 10.0000
v -42.0000 0.5000 12.0000
v -42.0000 0.2500 14.0000
v -42.0000 -1.2000 16.0000
v -42.0000 -1.2000 18.0000
v -42.0000 -1.2000 20.0000
v -42.0000 -1.2000 22.0000
v -42.0000 -1.2000 24.0000
v -42.0000 -1.2000 26.0000
v -42.0000 -1.2000 28.0000
v -42.0000 -1.2000 30.0000
v -40.0000 1.1000 -34.0000
v -40.0000 1.1000 -32.0000
v -40.0000 1.1000 -30.0000
v -40.0000 1.1000 -28.0000
v -40.0000 1.1000 -26.0000
v -40.0000 1.1000 -24.0000
v -40.0000 1.1000 -22.0000
v -40.0000 1.1000 -20.0000
v -40.0000 1.1000 -18.0000
v -40.0000 1.1000 -16.0000
v -40.0000 1.1000 -14.0000
v -40.0000 1.1000 -12.0000
v -40.0000 1.1000 -10.0000
v -40.0000 1.1000 -8.0000
v -40.0000 1.1000 -6.0000
v -40.0000 1.1000 -4.0000
v -40.0000 1.1000 -2.0000
v -40.0000 1.1000 0.0000
v -40.0000 1.1000 2.0000
v -40.0000 1.1000 4.0000
v -40.0000 1.1000 6.0000
v -40.0000 1.1000 8.0000
v -40.0000 1.1000 10.0000
v -40.0000 1.1000 12.0000
v -40.0000 0.3060 14.0000
v -40.0000 0.0560 16.0000
v -40.0000 -1.2000 18.0000
v -40.0000 -1.2000 20.0000
v -40.0000 -1.2000 22.0000
v -40.0000 -1.2000 24.0000
v -40.0000 -1.2000 26.0000
v -40.0000 -1.2000 28.0000
v -40.0000 -1.2000 30.0000
v -38.0000 1.1000 -34.0000
v -38.0000 1.1000 -32.0000
v -38.0000 1.1000 -30.0000
v -38.0000 1.1000 -28.0000
v -38.0000 1.1000 -26.0000
v -38.0000 1.1000 -24.0000
v -38.0000 1.1000 -22.0000
v -38.0000 1.1000 -20.0000
v -38.0000 1.1000 -18.0000
v -38.0000 1.1000 -16.0000
v -38.0000 1.1000 -14.0000
v -38.0000 1.1000 -12.0000
v -38.0000 1.1000 -10.0000
v -38.0000 1.1000 -8.0000
v -38.0000 1.1000 -6.0000
v -38.0000 1.1000 -4.0000
v -38.0000 1.1000 -2.0000
v -38.0000 1.1000 0.0000
v -38.0000 1.1000 2.0000
v -38.0000 1.1000 4.0000
v -38.0000 1.1000 6.0000
v -38.0000 1.1000 8.0000
v -38.0000 1.1000 10.0000
v -38.0000 1.1000 12.0000
v -38.0000 0.3618 14.0000
v -38.0000 0.1118 16.0000
v -38.0000 -1.2000 18.0000
v -38.0000 -1.2000 20.0000
v -38.0000 -1.2000 22.0000
v -38.0000 -1.2000 24.0000
v -38.0000 -1.2000 26.0000
v -38.0000 -1.2000 28.0000
v -38.0000 -1.2000 30.0000
v -36.0000 1.1000 -34.0000
v -36.0000 1.1000 -32.0000
v -36.0000 1.1000 -30.0000
v -36.0000 1.1000 -28.0000
v -36.0000 1.1000 -26.0000
v -36.0000 1.1000 -24.0000
v -36.0000 1.1000 -22.0000
v -36.0000 1.1000 -20.0000
v -36.0000 1.1000 -18.0000
v -36.0000 1.1000 -16.0000
v -36.0000 1.1000 -14.0000
v -36.0000 1.1000 -12.0000
v -36.0000 1.1000 -10.0000
v -36.0000 1.1000 -8.0000
v -36.0000 1.1000 -6.0000
v -36.0000 1.1000 -4.0000
v -36.0000 1.1000 -2.0000
v -36.0000 1.1000 0.0000
v -36.0000 1.1000 2.0000
v -36.0000 1.1000 4.0000
v -36.0000 1.1000 6.0000
v -36.0000 1.1000 8.0000
v -36.0000 1.1000 10.0000
v -36.0000 1.1000 12.0000
v -36.0000 0.4169 14.0000
v -36.0000 0.1669 16.0000
v -36.0000 -1.2000 18.0000
v -36.0000 -1.2000 20.0000
v -36.0000 -1.2000 22.0000
v -36.0000 -1.2000 24.0000
v -36.0000 -1.2000 26.0000
v -36.0000 -1.2000 28.0000
v -36.0000 -1.2000 30.0000
v -34.0000 1.1000 -34.0000
v -34.0000 1.1000 -32.0000
v -34.0000 1.1000 -30.0000
v -34.0000 1.1000 -28.0000
v -34.0000 1.1000 -26.0000
v -34.0000 1.1000 -24.0000
v -34.0000 1.1000 -22.0000
v -34.0000 1.1000 -20.0000
v -34.0000 1.1000 -18.0000
v -34.0000 1.1000 -16.0000
v -34.0000 1.1000 -14.0000
v -34.0000 1.1000 -12.0000
v -34.0000 1.1000 -10.0000
v -34.0000 1.1000 -8.0000
v -34.0000 1.1000 -6.0000
v -34.0000 1.1000 -4.0000
v -34.0000 1.1000 -2.0000
v -34.0000 1.1000 0.0000
v -34.0000 1.1000 2.0000
v -34.0000 1.1000 4.0000
v -34.0000 1.1000 6.0000
v -34.0000 1.1000 8.0000
v -34.0000 1.1000 10.0000
v -34.0000 1.1000 12.0000
v -34.0000 0.4711 14.0000
v -34.0000 0.2211 16.0000
v -34.0000 -1.2000 18.0000
v -34.0000 -1.2000 20.0000
v -34.0000 -1.2000 22.0000
v -34.0000 -1.2000 24.0000
v -34.0000 -1.2000 26.0000
v -34.0000 -1.2000 28.0000
v -34.0000 -1.2000 30.0000
v -32.0000 1.1000 -34.0000
v -32.0000 1.1000 -32.0000
v -32.0000 1.1000 -30.0000
v -32.0000 1.1000 -28.0000
v -32.0000 1.1000 -26.0000
v -32.0000 1.1000 -24.0000
v -32.0000 1.4589 -22.0000
v -32.0000 1.6963 -20.0000
v -32.0000 1.7800 -18.0000
v -32.0000 1.6963 -16.0000
v -32.0000 1.4589 -14.0000
v -32.0000 1.1000 -12.0000
v -32.0000 1.1000 -10.0000
v -32.0000 1.1000 -8.0000
v -32.0000 1.1000 -6.0000
v -32.0000 1.1000 -4.0000
v -32.0000 1.1000 -2.0000
v -32.0000 1.1000 0.0000
v -32.0000 1.1000 2.0000
v -32.0000 1.1000 4.0000
v -32.0000 1.1000 6.0000
v -32.0000 1.1000 8.0000
v -32.0000 1.1000 10.0000
v -32.0000 1.1000 12.0000
v -32.0000 1.1000 14.0000
v -32.0000 0.2740 16.0000
v -32.0000 0.0240 18.0000
v -32.0000 -1.2000 20.0000
v -32.0000 -1.2000 22.0000
v -32.0000 -1.2000 24.0000
v -32.0000 -1.2000 26.0000
v -32.0000 -1.2000 28.0000
v -32.0000 -1.2000 30.0000
v -30.0000 1.1000 -34.0000
v -30.0000 1.1000 -32.0000
v -30.0000 1.1000 -30.0000
v -30.0000 1.1000 -28.0000
v -30.0000 1.1000 -26.0000
v -30.0000 1.6150 -24.0000
v -30.0000 2.0482 -22.0000
v -30.0000 2.3497 -20.0000
v -30.0000 2.4600 -18.0000
v -30.0000 2.3497 -16.0000
v -30.0000 2.0482 -14.0000
v -30.0000 1.6150 -12.0000
v -30.0000 1.1000 -10.0000
v -30.0000 1.1000 -8.0000
v -30.0000 1.1000 -6.0000
v -30.0000 1.1000 -4.0000
v -30.0000 1.1000 -2.0000
v -30.0000 1.1000 0.0000
v -30.0000 1.1000 2.0000
v -30.0000 1.1000 4.0000
v -30.0000 1.1000 6.0000
v -30.0000 1.1000 8.0000
v -30.0000 1.1000 10.0000
v -30.0000 1.1000 12.0000
v -30.0000 1.1000 14.0000
v -30.0000 0.3254 16.0000
v -30.0000 0.0754 18.0000
v -30.0000 -1.2000 20.0000
v -30.0000 -1.2000 22.0000
v -30.0000 -1.2000 24.0000
v -30.0000 -1.2000 26.0000
v -30.0000 -1.2000 28.0000
v -30.0000 -1.2000 30.0000
v -28.0000 1.1000 -34.0000
v -28.0000 1.1000 -32.0000
v -28.0000 1.1000 -30.0000
v -28.0000 1.1000 -28.0000
v -28.0000 1.4589 -26.0000
v -28.0000 2.0482 -24.0000
v -28.0000 2.5767 -22.0000
v -28.0000 2.9795 -20.0000
v -28.0000 3.1400 -18.0000
v -28.0000 2.9795 -16.0000
v -28.0000 2.5767 -14.0000
v -28.0000 2.0482 -12.0000
v -28.0000 1.4589 -10.0000
v -28.0000 1.1000 -8.0000
v -28.0000 1.1000 -6.0000
v -28.0000 1.1000 -4.0000
v -28.0000 1.1000 -2.0000
v -28.0000 1.1000 0.0000
v -28.0000 1.1000 2.0000
v -28.0000 1.1000 4.0000
v -28.0000 1.1000 6.0000
v -28.0000 1.1000 8.0000
v -28.0000 1.1000 10.0000
v -28.0000 1.1000 12.0000
v -28.0000 1.1000 14.0000
v -28.0000 0.3750 16.0000
v -28.0000 0.1250 18.0000
v -28.0000 -1.2000 20.0000
v -28.0000 -1.2000 22.0000
v -28.0000 -1.2000 24.0000
v -28.0000 -1.2000 26.0000
v -28.0000 -1.2000 28.0000
v -28.0000 -1.2000 30.0000
v -26.0000 1.1000 -34.0000
v -26.0000 1.1000 -32.0000
v -26.0000 1.1000 -30.0000
v -26.0000 1.1000 -28.0000
v -26.0000 1.6963 -26.0000
v -26.0000 2.3497 -24.0000
v -26.0000 2.9795 -22.0000
v -26.0000 3.5383 -20.0000
v -26.0000 3.8200 -18.0000
v -26.0000 3.5383 -16.0000
v -26.0000 2.9795 -14.0000
v -26.0000 2.3497 -12.0000
v -26.0000 1.6963 -10.0000
v -26.0000 1.1000 -8.0000
v -26.0000 1.1000 -6.0000
v -26.0000 1.1000 -4.0000
v -26.0000 1.1000 -2.0000
v -26.0000 1.1000 0.0000
v -26.0000 1.1000 2.0000
v -26.0000 1.1000 4.0000
v -26.0000 1.1000 6.0000
v -26.0000 1.1000 8.0000
v -26.0000 1.1000 10.0000
v -26.0000 1.1000 12.0000
v -26.0000 1.1000 14.0000
v -26.0000 0.4225 16.0000
v -26.0000 0.1725 18.0000
v -26.0000 -1.2000 20.0000
v -26.0000 -1.2000 22.0000
v -26.0000 -1.2000 24.0000
v -26.0000 -1.2000 26.0000
v -26.0000 -1.2000 28.0000
v -26.0000 -1.2000 30.0000
v -24.0000 1.1000 -34.0000
v -24.0000 1.1000 -32.0000
v -24.0000 1.1000 -30.0000
v -24.0000 1.1000 -28.0000
v -24.0000 1.7800 -26.0000
v -24.0000 2.4600 -24.0000
v -24.0000 3.1400 -22.0000
v -24.0000 3.8200 -20.0000
v -24.0000 4.5000 -18.0000
v -24.0000 3.8200 -16.0000
v -24.0000 3.1400 -14.0000
v -24.0000 2.4600 -12.0000
v -24.0000 1.7800 -10.0000
v -24.0000 1.1000 -8.0000
v -24.0000 1.1000 -6.0000
v -24.0000 1.1000 -4.0000
v -24.0000 1.1000 -2.0000
v -24.0000 1.1000 0.0000
v -24.0000 1.1000 2.0000
v -24.0000 1.1000 4.0000
v -24.0000 1.1000 6.0000
v -24.0000 1.1000 8.0000
v -24.0000 1.1000 10.0000
v -24.0000 1.1000 12.0000
v -24.0000 1.1000 14.0000
v -24.0000 0.4676 16.0000
v -24.0000 0.2176 18.0000
v -24.0000 -1.2000 20.0000
v -24.0000 -1.2000 22.0000
v -24.0000 -1.2000 24.0000
v -24.0000 -1.2000 26.0000
v -24.0000 -1.2000 28.0000
v -24.0000 -1.2000 30.0000
v -22.0000 1.1000 -34.0000
v -22.0000 1.1000 -32.0000
v -22.0000 1.1000 -30.0000
v -22.0000 1.1000 -28.0000
v -22.0000 1.6963 -26.0000
v -22.0000 2.3497 -24.0000
v -22.0000 2.9795 -22.0000
v -22.0000 3.5383 -20.0000
v -22.0000 3.8200 -18.0000
v -22.0000 3.5383 -16.0000
v -22.0000 2.9795 -14.0000
v -22.0000 2.3497 -12.0000
v -22.0000 1.6963 -10.0000
v -22.0000 1.1000 -8.0000
v -22.0000 1.1000 -6.0000
v -22.0000 1.1000 -4.0000
v -22.0000 1.1000 -2.0000
v -22.0000 1.1000 0.0000
v -22.0000 1.1000 2.0000
v -22.0000 1.1000 4.0000
v -22.0000 1.1000 6.0000
v -22.0000 1.1000 8.0000
v -22.0000 1.1000 10.0000
v -22.0000 1.1000 12.0000
v -22.0000 1.1000 14.0000
v -22.0000 1.1000 16.0000
v -22.0000 0.2601 18.0000
v -22.0000 0.0101 20.0000
v -22.0000 -1.2000 22.0000
v -22.0000 -1.2000 24.0000
v -22.0000 -1.2000 26.0000
v -22.0000 -1.2000 28.0000
v -22.0000 -1.2000 30.0000
v -20.0000 1.1000 -34.0000
v -20.0000 1.1000 -32.0000
v -20.0000 1.1000 -30.0000
v -20.0000 1.1000 -28.0000
v -20.0000 1.4589 -26.0000
v -20.0000 2.0482 -24.0000
v -20.0000 2.5767 -22.0000
v -20.0000 2.9795 -20.0000
v -20.0000 3.1400 -18.0000
v -20.0000 2.9795 -16.0000
v -20.0000 2.5767 -14.0000
v -20.0000 2.0482 -12.0000
v -20.0000 1.4589 -10.0000
v -20.0000 1.1000 -8.0000
v -20.0000 1.1000 -6.0000
v -20.0000 1.1000 -4.0000
v -20.0000 1.1000 -2.0000
v -20.0000 1.1000 0.0000
v -20.0000 1.1000 2.0000
v -20.0000 1.1000 4.0000
v -20.0000 1.1000 6.0000
v -20.0000 1.1000 8.0000
v -20.0000 1.1000 10.0000
v -20.0000 1.1000 12.0000
v -20.0000 1.1000 14.0000
v -20.0000 1.1000 16.0000
v -20.0000 0.2998 18.0000
v -20.0000 0.0498 20.0000
v -20.0000 -1.2000 22.0000
v -20.0000 -1.2000 24.0000
v -20.0000 -1.2000 26.0000
v -20.0000 -1.2000 28.0000
v -20.0000 -1.2000 30.0000
v -18.0000 1.1000 -34.0000
v -18.0000 1.1000 -32.0000
v -18.0000 1.1000 -30.0000
v -18.0000 1.1000 -28.0000
v -18.0000 1.1000 -26.0000
v -18.0000 1.6150 -24.0000
v -18.0000 2.0482 -22.0000
v -18.0000 2.3497 -20.0000
v -18.0000 2.4600 -18.0000
v -18.0000 2.3497 -16.0000
v -18.0000 2.0482 -14.0000
v -18.0000 1.6150 -12.0000
v -18.0000 1.1000 -10.0000
v -18.0000 1.1000 -8.0000
v -18.0000 1.1000 -6.0000
v -18.0000 1.1000 -4.0000
v -18.0000 1.1000 -2.0000
v -18.0000 1.1000 0.0000
v -18.0000 1.1000 2.0000
v -18.0000 1.1000 4.0000
v -18.0000 1.1000 6.0000
v -18.0000 1.1000 8.0000
v -18.0000 1.1000 10.0000
v -18.0000 1.1000 12.0000
v -18.0000 1.1000 14.0000
v -18.0000 1.1000 16.0000
v -18.0000 0.3364 18.0000
v -18.0000 0.0864 20.0000
v -18.0000 -1.2000 22.0000
v -18.0000 -1.2000 24.0000
v -18.0000 -1.2000 26.0000
v -18.0000 -1.2000 28.0000
v -18.0000 -1.2000 30.0000
v -16.0000 1.1000 -34.0000
v -16.0000 1.1000 -32.0000
v -16.0000 1.1000 -30.0000
v -16.0000 1.1000 -28.0000
v -16.0000 1.1000 -26.0000
v -16.0000 1.1000 -24.0000
v -16.0000 1.4589 -22.0000
v -16.0000 1.6963 -20.0000
v -16.0000 1.7800 -18.0000
v -16.0000 1.6963 -16.0000
v -16.0000 1.4589 -14.0000
v -16.0000 1.1000 -12.0000
v -16.0000 1.1000 -10.0000
v -16.0000 1.1000 -8.0000
v -16.0000 1.1000 -6.0000
v -16.0000 1.1000 -4.0000
v -16.0000 1.1000 -2.0000
v -16.0000 1.1000 0.0000
v -16.0000 1.1000 2.0000
v -16.0000 1.1000 4.0000
v -16.0000 1.1000 6.0000
v -16.0000 1.1000 8.0000
v -16.0000 1.1000 10.0000
v -16.0000 1.1000 12.0000
v -16.0000 1.1000 14.0000
v -16.0000 1.1000 16.0000
v -16.0000 0.3697 18.0000
v -16.0000 0.1197 20.0000
v -16.0000 -1.2000 22.0000
v -16.0000 -1.2000 24.0000
v -16.0000 -1.2000 26.0000
v -16.0000 -1.2000 28.0000
v -16.0000 -1.2000 30.0000
v -14.0000 1.1000 -34.0000
v -14.0000 1.1000 -32.0000
v -14.0000 1.1000 -30.0000
v -14.0000 1.1000 -28.0000
v -14.0000 1.1000 -26.0000
v -14.0000 1.1000 -24.0000
v -14.0000 1.1000 -22.0000
v -14.0000 1.1000 -20.0000
v -14.0000 1.1000 -18.0000
v -14.0000 1.1000 -16.0000
v -14.0000 1.1000 -14.0000
v -14.0000 1.1000 -12.0000
v -14.0000 1.1000 -10.0000
v -14.0000 1.1000 -8.0000
v -14.0000 1.1000 -6.0000
v -14.0000 1.1000 -4.0000
v -14.0000 1.1000 -2.0000
v -14.0000 1.1000 0.0000
v -14.0000 1.1000 2.0000
v -14.0000 1.1000 4.0000
v -14.0000 1.1000 6.0000
v -14.0000 1.1000 8.0000
v -14.0000 1.1000 10.0000
v -14.0000 1.1000 12.0000
v -14.0000 1.1000 14.0000
v -14.0000 1.1000 16.0000
v -14.0000 0.3995 18.0000
v -14.0000 0.1495 20.0000
v -14.0000 -1.2000 22.0000
v -14.0000 -1.2000 24.0000
v -14.0000 -1.2000 26.0000
v -14.0000 -1.2000 28.0000
v -14.0000 -1.2000 30.0000
v -12.0000 1.1000 -34.0000
v -12.0000 1.1000 -32.0000
v -12.0000 1.1000 -30.0000
v -12.0000 1.1000 -28.0000
v -12.0000 1.1000 -26.0000
v -12.0000 1.1000 -24.0000
v -12.0000 1.1000 -22.0000
v -12.0000 1.1000 -20.0000
v -12.0000 1.1000 -18.0000
v -12.0000 1.1000 -16.0000
v -12.0000 1.1000 -14.0000
v -12.0000 1.1000 -12.0000
v -12.0000 1.1000 -10.0000
v -12.0000 1.1000 -8.0000
v -12.0000 1.1000 -6.0000
v -12.0000 1.1000 -4.0000
v -12.0000 1.1000 -2.0000
v -12.0000 1.1000 0.0000
v -12.0000 1.1000 2.0000
v -12.0000 1.1000 4.0000
v -12.0000 1.1000 6.0000
v -12.0000 1.1000 8.0000
v -12.0000 1.1000 10.0000
v -12.0000 1.1000 12.0000
v -12.0000 1.1000 14.0000
v -12.0000 1.1000 16.0000
v -12.0000 0.4257 18.0000
v -12.0000 0.1757 20.0000
v -12.0000 -1.2000 22.0000
v -12.0000 -1.2000 24.0000
v -12.0000 -1.2000 26.0000
v -12.0000 -1.2000 28.0000
v -12.0000 -1.2000 30.0000
v -10.0000 1.1000 -34.0000
v -10.0000 1.1000 -32.0000
v -10.0000 1.1000 -30.0000
v -10.0000 1.1000 -28.0000
v -10.0000 1.1000 -26.0000
v -10.0000 1.1000 -24.0000
v -10.0000 1.1000 -22.0000
v -10.0000 1.1000 -20.0000
v -10.0000 1.1000 -18.0000
v -10.0000 1.1000 -16.0000
v -10.0000 1.1000 -14.0000
v -10.0000 1.1000 -12.0000
v -10.0000 1.1000 -10.0000
v -10.0000 1.1000 -8.0000
v -10.0000 1.1000 -6.0000
v -10.0000 1.1000 -4.0000
v -10.0000 1.1000 -2.0000
v -10.0000 1.1000 0.0000
v -10.0000 1.1000 2.0000
v -10.0000 1.1000 4.0000
v -10.0000 1.1000 6.0000
v -10.0000 1.1000 8.0000
v -10.0000 1.1000 10.0000
v -10.0000 1.1000 12.0000
v -10.0000 1.1000 14.0000
v -10.0000 1.1000 16.0000
v -10.0000 0.4482 18.0000
v -10.0000 0.1982 20.0000
v -10.0000 -1.2000 22.0000
v -10.0000 -1.2000 24.0000
v -10.0000 -1.2000 26.0000
v -10.0000 -1.2000 28.0000
v -10.0000 -1.2000 30.0000
v -8.0000 1.1000 -34.0000
v -8.0000 1.1000 -32.0000
v -8.0000 1.1000 -30.0000
v -8.0000 1.1000 -28.0000
v -8.0000 1.1000 -26.0000
v -8.0000 1.1000 -24.0000
v -8.0000 1.1000 -22.0000
v -8.0000 1.1000 -20.0000
v -8.0000 1.1000 -18.0000
v -8.0000 1.1000 -16.0000
v -8.0000 1.1000 -14.0000
v -8.0000 1.1000 -12.0000
v -8.0000 1.1000 -10.0000
v -8.0000 1.1000 -8.0000
v -8.0000 1.1000 -6.0000
v -8.0000 1.1000 -4.0000
v -8.0000 1.1000 -2.0000
v -8.0000 1.1000 0.0000
v -8.0000 1.1000 2.0000
v -8.0000 1.1000 4.0000
v -8.0000 1.1000 6.0000
v -8.0000 1.1000 8.0000
v -8.0000 1.1000 10.0000
v -8.0000 1.1000 12.0000
v -8.0000 1.1000 14.0000
v -8.0000 1.1000 16.0000
v -8.0000 0.4667 18.0000
v -8.0000 0.2167 20.0000
v -8.0000 -1.2000 22.0000
v -8.0000 -1.2000 24.0000
v -8.0000 -1.2000 26.0000
v -8.0000 -1.2000 28.0000
v -8.0000 -1.2000 30.0000
v -6.0000 1.1000 -34.0000
v -6.0000 1.1000 -32.0000
v -6.0000 1.1000 -30.0000
v -6.0000 1.1000 -28.0000
v -6.0000 1.1000 -26.0000
v -6.0000 1.1000 -24.0000
v -6.0000 1.1000 -22.0000
v -6.0000 1.1000 -20.0000
v -6.0000 1.1000 -18.0000
v -6.0000 1.1000 -16.0000
v -6.0000 1.1000 -14.0000
v -6.0000 1.1000 -12.0000
v -6.0000 1.1000 -10.0000
v -6.0000 1.1000 -8.0000
v -6.0000 1.1000 -6.0000
v -6.0000 1.1000 -4.0000
v -6.0000 1.1000 -2.0000
v -6.0000 1.1000 0.0000
v -6.0000 1.1000 2.0000
v -6.0000 1.1000 4.0000
v -6.0000 1.1000 6.0000
v -6.0000 1.1000 8.0000
v -6.0000 1.1000 10.0000
v -6.0000 1.1000 12.0000
v -6.0000 1.1000 14.0000
v -6.0000 1.1000 16.0000
v -6.0000 0.4812 18.0000
v -6.0000 0.2312 20.0000
v -6.0000 -1.2000 22.0000
v -6.0000 -1.2000 24.0000
v -6.0000 -1.2000 26.0000
v -6.0000 -1.2000 28.0000
v -6.0000 -1.2000 30.0000
v -4.0000 1.1000 -34.0000
v -4.0000 1.1000 -32.0000
v -4.0000 1.1000 -30.0000
v -4.0000 1.1000 -28.0000
v -4.0000 1.1000 -26.0000
v -4.0000 1.1000 -24.0000
v -4.0000 1.1000 -22.0000
v -4.0000 1.1000 -20.0000
v -4.0000 1.1000 -18.0000
v -4.0000 1.1000 -16.0000
v -4.0000 1.1000 -14.0000
v -4.0000 1.1000 -12.0000
v -4.0000 1.1000 -10.0000
v -4.0000 1.1000 -8.0000
v -4.0000 1.1000 -6.0000
v -4.0000 1.1000 -4.0000
v -4.0000 1.1000 -2.0000
v -4.0000 1.1000 0.0000
v -4.0000 1.1000 2.0000
v -4.0000 1.1000 4.0000
v -4.0000 1.1000 6.0000
v -4.0000 1.1000 8.0000
v -4.0000 1.1000 10.0000
v -4.0000 1.1000 12.0000
v -4.0000 1.1000 14.0000
v -4.0000 1.1000 16.0000
v -4.0000 0.4916 18.0000
v -4.0000 0.2416 20.0000
v -4.0000 -1.2000 22.0000
v -4.0000 -1.2000 24.0000
v -4.0000 -1.2000 26.0000
v -4.0000 -1.2000 28.0000
v -4.0000 -1.2000 30.0000
v -2.0000 1.1000 -34.0000
v -2.0000 1.1000 -32.0000
v -2.0000 1.1000 -30.0000
v -2.0000 1.1000 -28.0000
v -2.0000 1.1000 -26.0000
v -2.0000 1.1000 -24.0000
v -2.0000 1.1000 -22.0000
v -2.0000 1.1000 -20.0000
v -2.0000 1.1000 -18.0000
v -2.0000 1.1000 -16.0000
v -2.0000 1.1000 -14.0000
v -2.0000 1.1000 -12.0000
v -2.0000 1.1000 -10.0000
v -2.0000 1.1000 -8.0000
v -2.0000 1.1000 -6.0000
v -2.0000 1.1000 -4.0000
v -2.0000 1.1000 -2.0000
v -2.0000 1.1000 0.0000
v -2.0000 1.1000 2.0000
v -2.0000 1.1000 4.0000
v -2.0000 1.1000 6.0000
v -2.0000 1.1000 8.0000
v -2.0000 1.1000 10.0000
v -2.0000 1.1000 12.0000
v -2.0000 1.1000 14.0000
v -2.0000 1.1000 16.0000
v -2.0000 0.4979 18.0000
v -2.0000 0.2479 20.0000
v -2.0000 -1.2000 22.0000
v -2.0000 -1.2000 24.0000
v -2.0000 -1.2000 26.0000
v -2.0000 -1.2000 28.0000
v -2.0000 -1.2000 30.0000
v 0.0000 1.1000 -34.0000
v 0.0000 1.1000 -32.0000
v 0.0000 1.1000 -30.0000
v 0.0000 1.1000 -28.0000
v 0.0000 1.1000 -26.0000
v 0.0000 1.1000 -24.0000
v 0.0000 1.1000 -22.0000
v 0.0000 1.1000 -20.0000
v 0.0000 1.1000 -18.0000
v 0.0000 1.1000 -16.0000
v 0.0000 1.1000 -14.0000
v 0.0000 1.1000 -12.0000
v 0.0000 1.1000 -10.0000
v 0.0000 1.1000 -8.0000
v 0.0000 1.1000 -6.0000
v 0.0000 1.1000 -4.0000
v 0.0000 1.1000 -2.0000
v 0.0000 1.1000 0.0000
v 0.0000 1.1000 2.0000
v 0.0000 1.1000 4.0000
v 0.0000 1.1000 6.0000
v 0.0000 1.1000 8.0000
v 0.0000 1.1000 10.0000
v 0.0000 1.1000 12.0000
v 0.0000 1.1000 14.0000
v 0.0000 1.1000 16.0000
v 0.0000 0.5000 18.0000
v 0.0000 0.2500 20.0000
v 0.0000 -1.2000 22.0000
v 0.0000 -1.2000 24.0000
v 0.0000 -1.2000 26.0000
v 0.0000 -1.2000 28.0000
v 0.0000 -1.2000 30.0000
v 2.0000 1.1000 -34.0000
v 2.0000 1.1000 -32.0000
v 2.0000 1.1000 -30.0000
v 2.0000 1.1000 -28.0000
v 2.0000 1.1000 -26.0000
v 2.0000 1.1000 -24.0000
v 2.0000 1.1000 -22.0000
v 2.0000 1.1000 -20.0000
v 2.0000 1.1000 -18.0000
v 2.0000 1.1000 -16.0000
v 2.0000 1.1000 -14.0000
v 2.0000 1.1000 -12.0000
v 2.0000 1.1000 -10.0000
v 2.0000 1.1000 -8.0000
v 2.0000 1.1000 -6.0000
v 2.0000 1.1000 -4.0000
v 2.0000 1.1000 -2.0000
v 2.0000 1.1000 0.0000
v 2.0000 1.1000 2.0000
v 2.0000 1.1000 4.0000
v 2.0000 1.1000 6.0000
v 2.0000 1.1000 8.0000
v 2.0000 1.1000 10.0000
v 2.0000 1.1000 12.0000
v 2.0000 1.1000 14.0000
v 2.0000 1.1000 16.0000
v 2.0000 0.4979 18.0000
v 2.0000 0.2479 20.0000
v 2.0000 -1.2000 22.0000
v 2.0000 -1.2000 24.0000
v 2.0000 -1.2000 26.0000
v 2.0000 -1.2000 28.0000
v 2.0000 -1.2000 30.0000
v 4.0000 1.1000 -34.0000
v 4.0000 1.1000 -32.0000
v 4.0000 1.1000 -30.0000
v 4.0000 1.1000 -28.0000
v 4.0000 1.1000 -26.0000
v 4.0000 1.1000 -24.0000
v 4.0000 1.1000 -22.0000
v 4.0000 1.1000 -20.0000
v 4.0000 1.1000 -18.0000
v 4.0000 1.1000 -16.0000
v 4.0000 1.1000 -14.0000
v 4.0000 1.1000 -12.0000
v 4.0000 1.1000 -10.0000
v 4.0000 1.1000 -8.0000
v 4.0000 1.1000 -6.0000
v 4.0000 1.1000 -4.0000
v 4.0000 1.1000 -2.0000
v 4.0000 1.1000 0.0000
v 4.0000 1.1000 2.0000
v 4.0000 1.1000 4.0000
v 4.0000 1.1000 6.0000
v 4.0000 1.1000 8.0000
v 4.0000 1.1000 10.0000
v 4.0000 1.1000 12.0000
v 4.0000 1.1000 14.0000
v 4.0000 1.1000 16.0000
v 4.0000 0.4916 18.0000
v 4.0000 0.2416 20.0000
v 4.0000 -1.2000 22.0000
v 4.0000 -1.2000 24.0000
v 4.0000 -1.2000 26.0000
v 4.0000 -1.2000 28.0000
v 4.0000 -1.2000 30.0000
v 6.0000 1.1000 -34.0000
v 6.0000 1.1000 -32.0000
v 6.0000 1.1000 -30.0000
v 6.0000 1.1000 -28.0000
v 6.0000 1.1000 -26.0000
v 6.0000 1.1000 -24.0000
v 6.0000 1.1000 -22.0000
v 6.0000 1.1000 -20.0000
v 6.0000 1.1000 -18.0000
v 6.0000 1.1000 -16.0000
v 6.0000 1.1000 -14.0000
v 6.0000 1.1000 -12.0000
v 6.0000 1.1000 -10.0000
v 6.0000 1.1000 -8.0000
v 6.0000 1.1000 -6.0000
v 6.0000 1.1000 -4.0000
v 6.0000 1.1000 -2.0000
v 6.0000 1.1000 0.0000
v 6.0000 1.1000 2.0000
v 6.0000 1.1000 4.0000
v 6.0000 1.1000 6.0000
v 6.0000 1.1000 8.0000
v 6.0000 1.1000 10.0000
v 6.0000 1.1000 12.0000
v 6.0000 1.1000 14.0000
v 6.0000 1.1000 16.0000
v 6.0000 0.4812 18.0000
v 6.0000 0.2312 20.0000
v 6.0000 -1.2000 22.0000
v 6.0000 -1.2000 24.0000
v 6.0000 -1.2000 26.0000
v 6.0000 -1.2000 28.0000
v 6.0000 -1.2000 30.0000
v 8.0000 1.1000 -34.0000
v 8.0000 1.1000 -32.0000
v 8.0000 1.1000 -30.0000
v 8.0000 1.1000 -28.0000
v 8.0000 1.1000 -26.0000
v 8.0000 1.1000 -24.0000
v 8.0000 1.1000 -22.0000
v 8.0000 1.1000 -20.0000
v 8.0000 1.1000 -18.0000
v 8.0000 1.1000 -16.0000
v 8.0000 1.1000 -14.0000
v 8.0000 1.1000 -12.0000
v 8.0000 1.1000 -10.0000
v 8.0000 1.1000 -8.0000
v 8.0000 1.1000 -6.0000
v 8.0000 1.1000 -4.0000
v 8.0000 1.1000 -2.0000
v 8.0000 1.1000 0.0000
v 8.0000 1.1000 2.0000
v 8.0000 1.1000 4.0000
v 8.0000 1.1000 6.0000
v 8.0000 1.1000 8.0000
v 8.0000 1.1000 10.0000
v 8.0000 1.1000 12.0000
v 8.0000 1.1000 14.0000
v 8.0000 1.1000 16.0000
v 8.0000 0.4667 18.0000
v 8.0000 0.2167 20.0000
v 8.0000 -1.2000 22.0000
v 8.0000 -1.2000 24.0000
v 8.0000 -1.2000 26.0000
v 8.0000 -1.2000 28.0000
v 8.0000 -1.2000 30.0000
v 10.0000 1.1000 -34.0000
v 10.0000 1.1000 -32.0000
v 10.0000 1.1000 -30.0000
v 10.0000 1.1000 -28.0000
v 10.0000 1.1000 -26.0000
v 10.0000 1.1000 -24.0000
v 10.0000 1.1000 -22.0000
v 10.0000 1.1000 -20.0000
v 10.0000 1.1000 -18.0000
v 10.0000 1.1000 -16.0000
v 10.0000 1.1000 -14.0000
v 10.0000 1.1000 -12.0000
v 10.0000 1.1000 -10.0000
v 10.0000 1.1000 -8.0000
v 10.0000 1.1000 -6.0000
v 10.0000 1.1000 -4.0000
v 10.0000 1.1000 -2.0000
v 10.0000 1.1000 0.0000
v 10.0000 1.1000 2.0000
v 10.0000 1.1000 4.0000
v 10.0000 1.1000 6.0000
v 10.0000 1.1000 8.0000
v 10.0000 1.1000 10.0000
v 10.0000 1.1000 12.0000
v 10.0000 1.1000 14.0000
v 10.0000 1.1000 16.0000
v 10.0000 0.4482 18.0000
v 10.0000 0.1982 20.0000
v 10.0000 -1.2000 22.0000
v 10.0000 -1.2000 24.0000
v 10.0000 -1.2000 26.0000
v 10.0000 -1.2000 28.0000
v 10.0000 -1.2000 30.0000
v 12.0000 1.1000 -34.0000
v 12.0000 1.1000 -32.0000
v 12.0000 1.1000 -30.0000
v 12.0000 1.1000 -28.0000
v 12.0000 1.1000 -26.0000
v 12.0000 1.1000 -24.0000
v 12.0000 1.1000 -22.0000
v 12.0000 1.1000 -20.0000
v 12.0000 1.1000 -18.0000
v 12.0000 1.1000 -16.0000
v 12.0000 1.1000 -14.0000
v 12.0000 1.1000 -12.0000
v 12.0000 1.1000 -10.0000
v 12.0000 1.1000 -8.0000
v 12.0000 1.1000 -6.0000
v 12.0000 1.1000 -4.0000
v 12.0000 1.1000 -2.0000
v 12.0000 1.1000 0.0000
v 12.0000 1.1000 2.0000
v 12.0000 1.1000 4.0000
v 12.0000 1.1000 6.0000
v 12.0000 1.1000 8.0000
v 12.0000 1.1000 10.0000
v 12.0000 1.1000 12.0000
v 12.0000 1.1000 14.0000
v 12.0000 1.1000 16.0000
v 12.0000 0.4257 18.0000
v 12.0000 0.1757 20.0000
v 12.0000 -1.2000 22.0000
v 12.0000 -1.2000 24.0000
v 12.0000 -1.2000 26.0000
v 12.0000 -1.2000 28.0000
v 12.0000 -1.2000 30.0000
v 14.0000 1.1000 -34.0000
v 14.0000 1.1000 -32.0000
v 14.0000 1.1000 -30.0000
v 14.0000 1.1000 -28.0000
v 14.0000 1.1000 -26.0000
v 14.0000 1.1000 -24.0000
v 14.0000 1.1000 -22.0000
v 14.0000 1.1000 -20.0000
v 14.0000 1.1000 -18.0000
v 14.0000 1.1000 -16.0000
v 14.0000 1.1000 -14.0000
v 14.0000 1.1000 -12.0000
v 14.0000 1.1000 -10.0000
v 14.0000 1.1000 -8.0000
v 14.0000 1.1000 -6.0000
v 14.0000 1.1000 -4.0000
v 14.0000 1.1000 -2.0000
v 14.0000 1.1000 0.0000
v 14.0000 1.1000 2.0000
v 14.0000 1.1000 4.0000
v 14.0000 1.1000 6.0000
v 14.0000 1.1000 8.0000
v 14.0000 1.1000 10.0000
v 14.0000 1.1000 12.0000
v 14.0000 1.1000 14.0000
v 14.0000 1.1000 16.0000
v 14.0000 0.3995 18.0000
v 14.0000 0.1495 20.0000
v 14.0000 -1.2000 22.0000
v 14.0000 -1.2000 24.0000
v 14.0000 -1.2000 26.0000
v 14.0000 -1.2000 28.0000
v 14.0000 -1.2000 30.0000
v 16.0000 1.1000 -34.0000
v 16.0000 1.1000 -32.0000
v 16.0000 1.1000 -30.0000
v 16.0000 1.1000 -28.0000
v 16.0000 1.1000 -26.0000
v 16.0000 1.1000 -24.0000
v 16.0000 1.1000 -22.0000
v 16.0000 1.1000 -20.0000
v 16.0000 1.1000 -18.0000
v 16.0000 1.1000 -16.0000
v 16.0000 1.1000 -14.0000
v 16.0000 1.1000 -12.0000
v 16.0000 1.1000 -10.0000
v 16.0000 1.1000 -8.0000
v 16.0000 1.1000 -6.0000
v 16.0000 1.1000 -4.0000
v 16.0000 1.1000 -2.0000
v 16.0000 1.1000 0.0000
v 16.0000 1.1000 2.0000
v 16.0000 1.1000 4.0000
v 16.0000 1.1000 6.0000
v 16.0000 1.1000 8.0000
v 16.0000 1.1000 10.0000
v 16.0000 1.1000 12.0000
v 16.0000 1.1000 14.0000
v 16.0000 1.1000 16.0000
v 16.0000 0.3697 18.0000
v 16.0000 0.1197 20.0000
v 16.0000 -1.2000 22.0000
v 16.0000 -1.2000 24.0000
v 16.0000 -1.2000 26.0000
v 16.0000 -1.2000 28.0000
v 16.0000 -1.2000 30.0000
v 18.0000 1.1000 -34.0000
v 18.0000 1.1000 -32.0000
v 18.0000 1.1000 -30.0000
v 18.0000 1.1000 -28.0000
v 18.0000 1.1000 -26.0000
v 18.0000 1.1000 -24.0000
v 18.0000 1.1000 -22.0000
v 18.0000 1.1000 -20.0000
v 18.0000 1.1000 -18.0000
v 18.0000 1.1000 -16.0000
v 18.0000 1.1000 -14.0000
v 18.0000 1.1000 -12.0000
v 18.0000 1.1000 -10.0000
v 18.0000 1.1000 -8.0000
v 18.0000 1.1000 -6.0000
v 18.0000 1.1000 -4.0000
v 18.0000 1.1000 -2.0000
v 18.0000 1.1000 0.0000
v 18.0000 1.1000 2.0000
v 18.0000 1.1000 4.0000
v 18.0000 1.1000 6.0000
v 18.0000 1.1000 8.0000
v 18.0000 1.1000 10.0000
v 18.0000 1.1000 12.0000
v 18.0000 1.1000 14.0000
v 18.0000 1.1000 16.0000
v 18.0000 0.3364 18.0000
v 18.0000 0.0864 20.0000
v 18.0000 -1.2000 22.0000
v 18.0000 -1.2000 24.0000
v 18.0000 -1.2000 26.0000
v 18.0000 -1.2000 28.0000
v 18.0000 -1.2000 30.0000
v 20.0000 1.1000 -34.0000
v 20.0000 1.1000 -32.0000
v 20.0000 1.1000 -30.0000
v 20.0000 1.1000 -28.0000
v 20.0000 1.1000 -26.0000
v 20.0000 1.1000 -24.0000
v 20.0000 1.1000 -22.0000
v 20.0000 1.1000 -20.0000
v 20.0000 1.1000 -18.0000
v 20.0000 1.1000 -16.0000
v 20.0000 1.1000 -14.0000
v 20.0000 1.1000 -12.0000
v 20.0000 1.1000 -10.0000
v 20.0000 1.1000 -8.0000
v 20.0000 1.1000 -6.0000
v 20.0000 1.1000 -4.0000
v 20.0000 1.1000 -2.0000
v 20.0000 1.1000 0.0000
v 20.0000 1.1000 2.0000
v 20.0000 1.1000 4.0000
v 20.0000 1.1000 6.0000
v 20.0000 1.1000 8.0000
v 20.0000 1.1000 10.0000
v 20.0000 1.1000 12.0000
v 20.0000 1.1000 14.0000
v 20.0000 1.1000 16.0000
v 20.0000 0.2998 18.0000
v 20.0000 0.0498 20.0000
v 20.0000 -1.2000 22.0000
v 20.0000 -1.2000 24.0000
v 20.0000 -1.2000 26.0000
v 20.0000 -1.2000 28.0000
v 20.0000 -1.2000 30.0000
v 22.0000 1.1000 -34.0000
v 22.0000 1.1000 -32.0000
v 22.0000 1.1000 -30.0000
v 22.0000 1.1000 -28.0000
v 22.0000 1.1000 -26.0000
v 22.0000 1.1000 -24.0000
v 22.0000 1.1000 -22.0000
v 22.0000 1.1000 -20.0000
v 22.0000 1.1000 -18.0000
v 22.0000 1.1000 -16.0000
v 22.0000 1.1000 -14.0000
v 22.0000 1.1000 -12.0000
v 22.0000 1.1000 -10.0000
v 22.0000 1.1000 -8.0000
v 22.0000 1.1000 -6.0000
v 22.0000 1.1000 -4.0000
v 22.0000 1.1000 -2.0000
v 22.0000 1.1000 0.0000
v 22.0000 1.1000 2.0000
v 22.0000 1.1000 4.0000
v 22.0000 1.1000 6.0000
v 22.0000 1.1000 8.0000
v 22.0000 1.1000 10.0000
v 22.0000 1.1000 12.0000
v 22.0000 1.1000 14.0000
v 22.0000 1.1000 16.0000
v 22.0000 0.2601 18.0000
v 22.0000 0.0101 20.0000
v 22.0000 -1.2000 22.0000
v 22.0000 -1.2000 24.0000
v 22.0000 -1.2000 26.0000
v 22.0000 -1.2000 28.0000
v 22.0000 -1.2000 30.0000
v 24.0000 1.1000 -34.0000
v 24.0000 1.1000 -32.0000
v 24.0000 1.1000 -30.0000
v 24.0000 1.1000 -28.0000
v 24.0000 1.1000 -26.0000
v 24.0000 1.1000 -24.0000
v 24.0000 1.1000 -22.0000
v 24.0000 1.1000 -20.0000
v 24.0000 1.1000 -18.0000
v 24.0000 1.1000 -16.0000
v 24.0000 1.1000 -14.0000
v 24.0000 1.1000 -12.0000
v 24.0000 1.1000 -10.0000
v 24.0000 1.1000 -8.0000
v 24.0000 1.1000 -6.0000
v 24.0000 1.1000 -4.0000
v 24.0000 1.1000 -2.0000
v 24.0000 1.1000 0.0000
v 24.0000 1.1000 2.0000
v 24.0000 1.1000 4.0000
v 24.0000 1.1000 6.0000
v 24.0000 1.1000 8.0000
v 24.0000 1.1000 10.0000
v 24.0000 1.1000 12.0000
v 24.0000 1.1000 14.0000
v 24.0000 0.4676 16.0000
v 24.0000 0.2176 18.0000
v 24.0000 -1.2000 20.0000
v 24.0000 -1.2000 22.0000
v 24.0000 -1.2000 24.0000
v 24.0000 -1.2000 26.0000
v 24.0000 -1.2000 28.0000
v 24.0000 -1.2000 30.0000
v 26.0000 1.1000 -34.0000
v 26.0000 1.1000 -32.0000
v 26.0000 1.1000 -30.0000
v 26.0000 1.1000 -28.0000
v 26.0000 1.1000 -26.0000
v 26.0000 1.1000 -24.0000
v 26.0000 1.1000 -22.0000
v 26.0000 1.1000 -20.0000
v 26.0000 1.1000 -18.0000
v 26.0000 1.1000 -16.0000
v 26.0000 1.1000 -14.0000
v 26.0000 1.1000 -12.0000
v 26.0000 1.1000 -10.0000
v 26.0000 1.1000 -8.0000
v 26.0000 1.1000 -6.0000
v 26.0000 1.1000 -4.0000
v 26.0000 1.1000 -2.0000
v 26.0000 1.1000 0.0000
v 26.0000 1.1000 2.0000
v 26.0000 1.1000 4.0000
v 26.0000 1.1000 6.0000
v 26.0000 1.1000 8.0000
v 26.0000 1.1000 10.0000
v 26.0000 1.1000 12.0000
v 26.0000 1.1000 14.0000
v 26.0000 0.4225 16.0000
v 26.0000 0.1725 18.0000
v 26.0000 -1.2000 20.0000
v 26.0000 -1.2000 22.0000
v 26.0000 -1.2000 24.0000
v 26.0000 -1.2000 26.0000
v 26.0000 -1.2000 28.0000
v 26.0000 -1.2000 30.0000
v 28.0000 1.1000 -34.0000
v 28.0000 1.1000 -32.0000
v 28.0000 1.1000 -30.0000
v 28.0000 1.1000 -28.0000
v 28.0000 1.1000 -26.0000
v 28.0000 1.1000 -24.0000
v 28.0000 1.1000 -22.0000
v 28.0000 1.1000 -20.0000
v 28.0000 1.1000 -18.0000
v 28.0000 1.1000 -16.0000
v 28.0000 1.1000 -14.0000
v 28.0000 1.1000 -12.0000
v 28.0000 1.1000 -10.0000
v 28.0000 1.1000 -8.0000
v 28.0000 1.1000 -6.0000
v 28.0000 1.1000 -4.0000
v 28.0000 1.1000 -2.0000
v 28.0000 1.1000 0.0000
v 28.0000 1.1000 2.0000
v 28.0000 1.1000 4.0000
v 28.0000 1.1000 6.0000
v 28.0000 1.1000 8.0000
v 28.0000 1.1000 10.0000
v 28.0000 1.1000 12.0000
v 28.0000 1.1000 14.0000
v 28.0000 0.3750 16.0000
v 28.0000 0.1250 18.0000
v 28.0000 -1.2000 20.0000
v 28.0000 -1.2000 22.0000
v 28.0000 -1.2000 24.0000
v 28.0000 -1.2000 26.0000
v 28.0000 -1.2000 28.0000
v 28.0000 -1.2000 30.0000
v 30.0000 1.1000 -34.0000
v 30.0000 1.1000 -32.0000
v 30.0000 1.1000 -30.0000
v 30.0000 1.1000 -28.0000
v 30.0000 1.1000 -26.0000
v 30.0000 1.1000 -24.0000
v 30.0000 1.1000 -22.0000
v 30.0000 1.1000 -20.0000
v 30.0000 1.1000 -18.0000
v 30.0000 1.1000 -16.0000
v 30.0000 1.1000 -14.0000
v 30.0000 1.1000 -12.0000
v 30.0000 1.1000 -10.0000
v 30.0000 1.1000 -8.0000
v 30.0000 1.1000 -6.0000
v 30.0000 1.1000 -4.0000
v 30.0000 1.1000 -2.0000
v 30.0000 1.1000 0.0000
v 30.0000 1.1000 2.0000
v 30.0000 1.1000 4.0000
v 30.0000 1.1000 6.0000
v 30.0000 1.1000 8.0000
v 30.0000 1.1000 10.0000
v 30.0000 1.1000 12.0000
v 30.0000 1.1000 14.0000
v 30.0000 0.3254 16.0000
v 30.0000 0.0754 18.0000
v 30.0000 -1.2000 20.0000
v 30.0000 -1.2000 22.0000
v 30.0000 -1.2000 24.0000
v 30.0000 -1.2000 26.0000
v 30.0000 -1.2000 28.0000
v 30.0000 -1.2000 30.0000
v 32.0000 1.1000 -34.0000
v 32.0000 1.1000 -32.0000
v 32.0000 1.1000 -30.0000
v 32.0000 1.1000 -28.0000
v 32.0000 1.1000 -26.0000
v 32.0000 1.1000 -24.0000
v 32.0000 1.1000 -22.0000
v 32.0000 1.1000 -20.0000
v 32.0000 1.1000 -18.0000
v 32.0000 1.1000 -16.0000
v 32.0000 1.1000 -14.0000
v 32.0000 1.1000 -12.0000
v 32.0000 1.1000 -10.0000
v 32.0000 1.1000 -8.0000
v 32.0000 1.1000 -6.0000
v 32.0000 1.1000 -4.0000
v 32.0000 1.1000 -2.0000
v 32.0000 1.1000 0.0000
v 32.0000 1.1000 2.0000
v 32.0000 1.1000 4.0000
v 32.0000 1.1000 6.0000
v 32.0000 1.1000 8.0000
v 32.0000 1.1000 10.0000
v 32.0000 1.1000 12.0000
v 32.0000 1.1000 14.0000
v 32.0000 0.2740 16.0000
v 32.0000 0.0240 18.0000
v 32.0000 -1.2000 20.0000
v 32.0000 -1.2000 22.0000
v 32.0000 -1.2000 24.0000
v 32.0000 -1.2000 26.0000
v 32.0000 -1.2000 28.0000
v 32.0000 -1.2000 30.0000
v 34.0000 1.1000 -34.0000
v 34.0000 1.1000 -32.0000
v 34.0000 1.1000 -30.0000
v 34.0000 1.1000 -28.0000
v 34.0000 1.1000 -26.0000
v 34.0000 1.1000 -24.0000
v 34.0000 1.1000 -22.0000
v 34.0000 1.1000 -20.0000
v 34.0000 1.1000 -18.0000
v 34.0000 1.1000 -16.0000
v 34.0000 1.1000 -14.0000
v 34.0000 1.1000 -12.0000
v 34.0000 1.1000 -10.0000
v 34.0000 1.1000 -8.0000
v 34.0000 1.1000 -6.0000
v 34.0000 1.1000 -4.0000
v 34.0000 1.1000 -2.0000
v 34.0000 1.1000 0.0000
v 34.0000 1.1000 2.0000
v 34.0000 1.1000 4.0000
v 34.0000 1.1000 6.0000
v 34.0000 1.1000 8.0000
v 34.0000 1.1000 10.0000
v 34.0000 1.1000 12.0000
v 34.0000 0.4711 14.0000
v 34.0000 0.2211 16.0000
v 34.0000 -1.2000 18.0000
v 34.0000 -1.2000 20.0000
v 34.0000 -1.2000 22.0000
v 34.0000 -1.2000 24.0000
v 34.0000 -1.2000 26.0000
v 34.0000 -1.2000 28.0000
v 34.0000 -1.2000 30.0000
v 36.0000 1.1000 -34.0000
v 36.0000 1.1000 -32.0000
v 36.0000 1.1000 -30.0000
v 36.0000 1.1000 -28.0000
v 36.0000 1.1000 -26.0000
v 36.0000 1.1000 -24.0000
v 36.0000 1.1000 -22.0000
v 36.0000 1.1000 -20.0000
v 36.0000 1.1000 -18.0000
v 36.0000 1.1000 -16.0000
v 36.0000 1.1000 -14.0000
v 36.0000 1.1000 -12.0000
v 36.0000 1.1000 -10.0000
v 36.0000 1.1000 -8.0000
v 36.0000 1.1000 -6.0000
v 36.0000 1.1000 -4.0000
v 36.0000 1.1000 -2.0000
v 36.0000 1.1000 0.0000
v 36.0000 1.1000 2.0000
v 36.0000 1.1000 4.0000
v 36.0000 1.1000 6.0000
v 36.0000 1.1000 8.0000
v 36.0000 1.1000 10.0000
v 36.0000 1.1000 12.0000
v 36.0000 0.4169 14.0000
v 36.0000 0.1669 16.0000
v 36.0000 -1.2000 18.0000
v 36.0000 -1.2000 20.0000
v 36.0000 -1.2000 22.0000
v 36.0000 -1.2000 24.0000
v 36.0000 -1.2000 26.0000
v 36.0000 -1.2000 28.0000
v 36.0000 -1.2000 30.0000
v 38.0000 1.1000 -34.0000
v 38.0000 1.1000 -32.0000
v 38.0000 1.1000 -30.0000
v 38.0000 1.1000 -28.0000
v 38.0000 1.1000 -26.0000
v 38.0000 1.1000 -24.0000
v 38.0000 1.1000 -22.0000
v 38.0000 1.1000 -20.0000
v 38.0000 1.1000 -18.0000
v 38.0000 1.1000 -16.0000
v 38.0000 1.1000 -14.0000
v 38.0000 1.1000 -12.0000
v 38.0000 1.1000 -10.0000
v 38.0000 1.1000 -8.0000
v 38.0000 1.1000 -6.0000
v 38.0000 1.1000 -4.0000
v 38.0000 1.1000 -2.0000
v 38.0000 1.1000 0.0000
v 38.0000 1.1000 2.0000
v 38.0000 1.1000 4.0000
v 38.0000 1.1000 6.0000
v 38.0000 1.1000 8.0000
v 38.0000 1.1000 10.0000
v 38.0000 1.1000 12.0000
v 38.0000 0.3618 14.0000
v 38.0000 0.1118 16.0000
v 38.0000 -1.2000 18.0000
v 38.0000 -1.2000 20.0000
v 38.0000 -1.2000 22.0000
v 38.0000 -1.2000 24.0000
v 38.0000 -1.2000 26.0000
v 38.0000 -1.2000 28.0000
v 38.0000 -1.2000 30.0000
v 40.0000 1.1000 -34.0000
v 40.0000 1.1000 -32.0000
v 40.0000 1.1000 -30.0000
v 40.0000 1.1000 -28.0000
v 40.0000 1.1000 -26.0000
v 40.0000 1.1000 -24.0000
v 40.0000 1.1000 -22.0000
v 40.0000 1.1000 -20.0000
v 40.0000 1.1000 -18.0000
v 40.0000 1.1000 -16.0000
v 40.0000 1.1000 -14.0000
v 40.0000 1.1000 -12.0000
v 40.0000 1.1000 -10.0000
v 40.0000 1.1000 -8.0000
v 40.0000 1.1000 -6.0000
v 40.0000 1.1000 -4.0000
v 40.0000 1.1000 -2.0000
v 40.0000 1.1000 0.0000
v 40.0000 1.1000 2.0000
v 40.0000 1.1000 4.0000
v 40.0000 1.1000 6.0000
v 40.0000 1.1000 8.0000
v 40.0000 1.1000 10.0000
v 40.0000 1.1000 12.0000
v 40.0000 0.3060 14.0000
v 40.0000 0.0560 16.0000
v 40.0000 -1.2000 18.0000
v 40.0000 -1.2000 20.0000
v 40.0000 -1.2000 22.0000
v 40.0000 -1.2000 24.0000
v 40.0000 -1.2000 26.0000
v 40.0000 -1.2000 28.0000
v 40.0000 -1.2000 30.0000
v 42.0000 1.1000 -34.0000
v 42.0000 1.1000 -32.0000
v 42.0000 1.1000 -30.0000
v 42.0000 1.1000 -28.0000
v 42.0000 1.1000 -26.0000
v 42.0000 1.1000 -24.0000
v 42.0000 1.1000 -22.0000
v 42.0000 1.1000 -20.0000
v 42.0000 1.1000 -18.0000
v 42.0000 1.1000 -16.0000
v 42.0000 1.1000 -14.0000
v 42.0000 1.1000 -12.0000
v 42.0000 1.1000 -10.0000
v 42.0000 1.1000 -8.0000
v 42.0000 1.1000 -6.0000
v 42.0000 1.1000 -4.0000
v 42.0000 1.1000 -2.0000
v 42.0000 1.1000 0.0000
v 42.0000 1.1000 2.0000
v 42.0000 1.1000 4.0000
v 42.0000 1.1000 6.0000
v 42.0000 1.1000 8.0000
v 42.0000 1.1000 10.0000
v 42.0000 0.5000 12.0000
v 42.0000 0.2500 14.0000
v 42.0000 -1.2000 16.0000
v 42.0000 -1.2000 18.0000
v 42.0000 -1.2000 20.0000
v 42.0000 -1.2000 22.0000
v 42.0000 -1.2000 24.0000
v 42.0000 -1.2000 26.0000
v 42.0000 -1.2000 28.0000
v 42.0000 -1.2000 30.0000
usemtl terrain_grass
f 1 34 35 2
f 2 35 36 3
f 3 36 37 4
f 4 37 38 5
f 5 38 39 6
f 6 39 40 7
f 7 40 41 8
f 8 41 42 9
f 9 42 43 10
f 10 43 44 11
f 11 44 45 12
f 12 45 46 13
f 13 46 47 14
f 14 47 48 15
f 15 48 49 16
f 16 49 50 17
f 17 50 51 18
f 18 51 52 19
f 19 52 53 20
f 20 53 54 21
f 21 54 55 22
f 22 55 56 23
f 23 56 57 24
usemtl terrain_sand
f 24 57 58 25
usemtl terrain_grass
f 25 58 59 26
usemtl terrain_seabed
f 26 59 60 27
f 27 60 61 28
f 28 61 62 29
f 29 62 63 30
f 30 63 64 31
f 31 64 65 32
f 32 65 66 33
usemtl terrain_grass
f 34 67 68 35
f 35 68 69 36
f 36 69 70 37
f 37 70 71 38
f 38 71 72 39
f 39 72 73 40
f 40 73 74 41
f 41 74 75 42
f 42 75 76 43
f 43 76 77 44
f 44 77 78 45
f 45 78 79 46
f 46 79 80 47
f 47 80 81 48
f 48 81 82 49
f 49 82 83 50
f 50 83 84 51
f 51 84 85 52
f 52 85 86 53
f 53 86 87 54
f 54 87 88 55
f 55 88 89 56
f 56 89 90 57
usemtl terrain_sand
f 57 90 91 58
f 58 91 92 59
usemtl terrain_seabed
f 59 92 93 60
f 60 93 94 61
f 61 94 95 62
f 62 95 96 63
f 63 96 97 64
f 64 97 98 65
f 65 98 99 66
usemtl terrain_grass
f 67 100 101 68
f 68 101 102 69
f 69 102 103 70
f 70 103 104 71
f 71 104 105 72
f 72 105 106 73
f 73 106 107 74
f 74 107 108 75
f 75 108 109 76
f 76 109 110 77
f 77 110 111 78
f 78 111 112 79
f 79 112 113 80
f 80 113 114 81
f 81 114 115 82
f 82 115 116 83
f 83 116 117 84
f 84 117 118 85
f 85 118 119 86
f 86 119 120 87
f 87 120 121 88
f 88 121 122 89
f 89 122 123 90
usemtl terrain_sand
f 90 123 124 91
f 91 124 125 92
usemtl terrain_grass
f 92 125 126 93
usemtl terrain_seabed
f 93 126 127 94
f 94 127 128 95
f 95 128 129 96
f 96 129 130 97
f 97 130 131 98
f 98 131 132 99
usemtl terrain_grass
f 100 133 134 101
f 101 134 135 102
f 102 135 136 103
f 103 136 137 104
f 104 137 138 105
f 105 138 139 106
f 106 139 140 107
f 107 140 141 108
f 108 141 142 109
f 109 142 143 110
f 110 143 144 111
f 111 144 145 112
f 112 145 146 113
f 113 146 147 114
f 114 147 148 115
f 115 148 149 116
f 116 149 150 117
f 117 150 151 118
f 118 151 152 119
f 119 152 153 120
f 120 153 154 121
f 121 154 155 122
f 122 155 156 123
f 123 156 157 124
usemtl terrain_sand
f 124 157 158 125
usemtl terrain_grass
f 125 158 159 126
usemtl terrain_seabed
f 126 159 160 127
f 127 160 161 128
f 128 161 162 129
f 129 162 163 130
f 130 163 164 131
f 131 164 165 132
usemtl terrain_grass
f 133 166 167 134
f 134 167 168 135
f 135 168 169 136
f 136 169 170 137
f 137 170 171 138
f 138 171 172 139
f 139 172 173 140
f 140 173 174 141
f 141 174 175 142
f 142 175 176 143
f 143 176 177 144
f 144 177 178 145
f 145 178 179 146
f 146 179 180 147
f 147 180 181 148
f 148 181 182 149
f 149 182 183 150
f 150 183 184 151
f 151 184 185 152
f 152 185 186 153
f 153 186 187 154
f 154 187 188 155
f 155 188 189 156
f 156 189 190 157
usemtl terrain_sand
f 157 190 191 158
usemtl terrain_grass
f 158 191 192 159
usemtl terrain_seabed
f 159 192 193 160
f 160 193 194 161
f 161 194 195 162
f 162 195 196 163
f 163 196 197 164
f 164 197 198 165
usemtl terrain_grass
f 166 199 200 167
f 167 200 201 168
f 168 201 202 169
f 169 202 203 170
f 170 203 204 171
f 171 204 205 172
f 172 205 206 173
f 173 206 207 174
f 174 207 208 175
f 175 208 209 176
f 176 209 210 177
f 177 210 211 178
f 178 211 212 179
f 179 212 213 180
f 180 213 214 181
f 181 214 215 182
f 182 215 216 183
f 183 216 217 184
f 184 217 218 185
f 185 218 219 186
f 186 219 220 187
f 187 220 221 188
f 188 221 222 189
f 189 222 223 190
usemtl terrain_sand
f 190 223 224 191
usemtl terrain_grass
f 191 224 225 192
usemtl terrain_seabed
f 192 225 226 193
f 193 226 227 194
f 194 227 228 195
f 195 228 229 196
f 196 229 230 197
f 197 230 231 198
usemtl terrain_grass
f 199 232 233 200
f 200 233 234 201
f 201 234 235 202
f 202 235 236 203
f 203 236 237 204
f 204 237 238 205
f 205 238 239 206
f 206 239 240 207
f 207 240 241 208
f 208 241 242 209
f 209 242 243 210
f 210 243 244 211
f 211 244 245 212
f 212 245 246 213
f 213 246 247 214
f 214 247 248 215
f 215 248 249 216
f 216 249 250 217
f 217 250 251 218
f 218 251 252 219
f 219 252 253 220
f 220 253 254 221
f 221 254 255 222
f 222 255 256 223
usemtl terrain_sand
f 223 256 257 224
f 224 257 258 225
usemtl terrain_seabed
f 225 258 259 226
f 226 259 260 227
f 227 260 261 228
f 228 261 262 229
f 229 262 263 230
f 230 263 264 231
usemtl terrain_grass
f 232 265 266 233
f 233 266 267 234
f 234 267 268 235
f 235 268 269 236
f 236 269 270 237
f 237 270 271 238
f 238 271 272 239
f 239 272 273 240
f 240 273 274 241
f 241 274 275 242
f 242 275 276 243
f 243 276 277 244
f 244 277 278 245
f 245 278 279 246
f 246 279 280 247
f 247 280 281 248
f 248 281 282 249
f 249 282 283 250
f 250 283 284 251
f 251 284 285 252
f 252 285 286 253
f 253 286 287 254
f 254 287 288 255
f 255 288 289 256
usemtl terrain_sand
f 256 289 290 257
f 257 290 291 258
usemtl terrain_grass
f 258 291 292 259
usemtl terrain_seabed
f 259 292 293 260
f 260 293 294 261
f 261 294 295 262
f 262 295 296 263
f 263 296 297 264
usemtl terrain_grass
f 265 298 299 266
f 266 299 300 267
f 267 300 301 268
f 268 301 302 269
f 269 302 303 270
f 270 303 304 271
f 271 304 305 272
f 272 305 306 273
f 273 306 307 274
f 274 307 308 275
f 275 308 309 276
f 276 309 310 277
f 277 310 311 278
f 278 311 312 279
f 279 312 313 280
f 280 313 314 281
f 281 314 315 282
f 282 315 316 283
f 283 316 317 284
f 284 317 318 285
f 285 318 319 286
f 286 319 320 287
f 287 320 321 288
f 288 321 322 289
f 289 322 323 290
usemtl terrain_sand
f 290 323 324 291
usemtl terrain_grass
f 291 324 325 292
usemtl terrain_seabed
f 292 325 326 293
f 293 326 327 294
f 294 327 328 295
f 295 328 329 296
f 296 329 330 297
usemtl terrain_grass
f 298 331 332 299
f 299 332 333 300
f 300 333 334 301
f 301 334 335 302
f 302 335 336 303
f 303 336 337 304
f 304 337 338 305
f 305 338 339 306
f 306 339 340 307
f 307 340 341 308
f 308 341 342 309
f 309 342 343 310
f 310 343 344 311
f 311 344 345 312
f 312 345 346 313
f 313 346 347 314
f 314 347 348 315
f 315 348 349 316
f 316 349 350 317
f 317 350 351 318
f 318 351 352 319
f 319 352 353 320
f 320 353 354 321
f 321 354 355 322
f 322 355 356 323
usemtl terrain_sand
f 323 356 357 324
usemtl terrain_grass
f 324 357 358 325
usemtl terrain_seabed
f 325 358 359 326
f 326 359 360 327
f 327 360 361 328
f 328 361 362 329
f 329 362 363 330
usemtl terrain_grass
f 331 364 365 332
f 332 365 366 333
f 333 366 367 334
f 334 367 368 335
f 335 368 369 336
f 336 369 370 337
f 337 370 371 338
f 338 371 372 339
f 339 372 373 340
f 340 373 374 341
f 341 374 375 342
f 342 375 376 343
f 343 376 377 344
f 344 377 378 345
f 345 378 379 346
f 346 379 380 347
f 347 380 381 348
f 348 381 382 349
f 349 382 383 350
f 350 383 384 351
f 351 384 385 352
f 352 385 386 353
f 353 386 387 354
f 354 387 388 355
f 355 388 389 356
usemtl terrain_sand
f 356 389 390 357
usemtl terrain_grass
f 357 390 391 358
usemtl terrain_seabed
f 358 391 392 359
f 359 392 393 360
f 360 393 394 361
f 361 394 395 362
f 362 395 396 363
usemtl terrain_grass
f 364 397 398 365
f 365 398 399 366
f 366 399 400 367
f 367 400 401 368
f 368 401 402 369
f 369 402 403 370
f 370 403 404 371
f 371 404 405 372
f 372 405 406 373
f 373 406 407 374
f 374 407 408 375
f 375 408 409 376
f 376 409 410 377
f 377 410 411 378
f 378 411 412 379
f 379 412 413 380
f 380 413 414 381
f 381 414 415 382
f 382 415 416 383
f 383 416 417 384
f 384 417 418 385
f 385 418 419 386
f 386 419 420 387
f 387 420 421 388
f 388 421 422 389
usemtl terrain_sand
f 389 422 423 390
f 390 423 424 391
usemtl terrain_seabed
f 391 424 425 392
f 392 425 426 393
f 393 426 427 394
f 394 427 428 395
f 395 428 429 396
usemtl terrain_grass
f 397 430 431 398
f 398 431 432 399
f 399 432 433 400
f 400 433 434 401
f 401 434 435 402
f 402 435 436 403
f 403 436 437 404
f 404 437 438 405
f 405 438 439 406
f 406 439 440 407
f 407 440 441 408
f 408 441 442 409
f 409 442 443 410
f 410 443 444 411
f 411 444 445 412
f 412 445 446 413
f 413 446 447 414
f 414 447 448 415
f 415 448 449 416
f 416 449 450 417
f 417 450 451 418
f 418 451 452 419
f 419 452 453 420
f 420 453 454 421
f 421 454 455 422
usemtl terrain_sand
f 422 455 456 423
f 423 456 457 424
usemtl terrain_seabed
f 424 457 458 425
f 425 458 459 426
f 426 459 460 427
f 427 460 461 428
f 428 461 462 429
usemtl terrain_grass
f 430 463 464 431
f 431 464 465 432
f 432 465 466 433
f 433 466 467 434
f 434 467 468 435
f 435 468 469 436
f 436 469 470 437
f 437 470 471 438
f 438 471 472 439
f 439 472 473 440
f 440 473 474 441
f 441 474 475 442
f 442 475 476 443
f 443 476 477 444
f 444 477 478 445
f 445 478 479 446
f 446 479 480 447
f 447 480 481 448
f 448 481 482 449
f 449 482 483 450
f 450 483 484 451
f 451 484 485 452
f 452 485 486 453
f 453 486 487 454
f 454 487 488 455
usemtl terrain_sand
f 455 488 489 456
f 456 489 490 457
usemtl terrain_grass
f 457 490 491 458
usemtl terrain_seabed
f 458 491 492 459
f 459 492 493 460
f 460 493 494 461
f 461 494 495 462
usemtl terrain_grass
f 463 496 497 464
f 464 497 498 465
f 465 498 499 466
f 466 499 500 467
f 467 500 501 468
f 468 501 502 469
f 469 502 503 470
f 470 503 504 471
f 471 504 505 472
f 472 505 506 473
f 473 506 507 474
f 474 507 508 475
f 475 508 509 476
f 476 509 510 477
f 477 510 511 478
f 478 511 512 479
f 479 512 513 480
f 480 513 514 481
f 481 514 515 482
f 482 515 516 483
f 483 516 517 484
f 484 517 518 485
f 485 518 519 486
f 486 519 520 487
f 487 520 521 488
usemtl terrain_sand
f 488 521 522 489
f 489 522 523 490
usemtl terrain_grass
f 490 523 524 491
usemtl terrain_seabed
f 491 524 525 492
f 492 525 526 493
f 493 526 527 494
f 494 527 528 495
usemtl terrain_grass
f 496 529 530 497
f 497 530 531 498
f 498 531 532 499
f 499 532 533 500
f 500 533 534 501
f 501 534 535 502
f 502 535 536 503
f 503 536 537 504
f 504 537 538 505
f 505 538 539 506
f 506 539 540 507
f 507 540 541 508
f 508 541 542 509
f 509 542 543 510
f 510 543 544 511
f 511 544 545 512
f 512 545 546 513
f 513 546 547 514
f 514 547 548 515
f 515 548 549 516
f 516 549 550 517
f 517 550 551 518
f 518 551 552 519
f 519 552 553 520
f 520 553 554 521
usemtl terrain_sand
f 521 554 555 522
f 522 555 556 523
usemtl terrain_grass
f 523 556 557 524
usemtl terrain_seabed
f 524 557 558 525
f 525 558 559 526
f 526 559 560 527
f 527 560 561 528
usemtl terrain_grass
f 529 562 563 530
f 530 563 564 531
f 531 564 565 532
f 532 565 566 533
f 533 566 567 534
f 534 567 568 535
f 535 568 569 536
f 536 569 570 537
f 537 570 571 538
f 538 571 572 539
f 539 572 573 540
f 540 573 574 541
f 541 574 575 542
f 542 575 576 543
f 543 576 577 544
f 544 577 578 545
f 545 578 579 546
f 546 579 580 547
f 547 580 581 548
f 548 581 582 549
f 549 582 583 550
f 550 583 584 551
f 551 584 585 552
f 552 585 586 553
f 553 586 587 554
f 554 587 588 555
usemtl terrain_sand
f 555 588 589 556
usemtl terrain_grass
f 556 589 590 557
usemtl terrain_seabed
f 557 590 591 558
f 558 591 592 559
f 559 592 593 560
f 560 593 594 561
usemtl terrain_grass
f 562 595 596 563
f 563 596 597 564
f 564 597 598 565
f 565 598 599 566
f 566 599 600 567
f 567 600 601 568
f 568 601 602 569
f 569 602 603 570
f 570 603 604 571
f 571 604 605 572
f 572 605 606 573
f 573 606 607 574
f 574 607 608 575
f 575 608 609 576
f 576 609 610 577
f 577 610 611 578
f 578 611 612 579
f 579 612 613 580
f 580 613 614 581
f 581 614 615 582
f 582 615 616 583
f 583 616 617 584
f 584 617 618 585
f 585 618 619 586
f 586 619 620 587
f 587 620 621 588
usemtl terrain_sand
f 588 621 622 589
usemtl terrain_grass
f 589 622 623 590
usemtl terrain_seabed
f 590 623 624 591
f 591 624 625 592
f 592 625 626 593
f 593 626 627 594
usemtl terrain_grass
f 595 628 629 596
f 596 629 630 597
f 597 630 631 598
f 598 631 632 599
f 599 632 633 600
f 600 633 634 601
f 601 634 635 602
f 602 635 636 603
f 603 636 637 604
f 604 637 638 605
f 605 638 639 606
f 606 639 640 607
f 607 640 641 608
f 608 641 642 609
f 609 642 643 610
f 610 643 644 611
f 611 644 645 612
f 612 645 646 613
f 613 646 647 614
f 614 647 648 615
f 615 648 649 616
f 616 649 650 617
f 617 650 651 618
f 618 651 652 619
f 619 652 653 620
f 620 653 654 621
usemtl terrain_sand
f 621 654 655 622
usemtl terrain_grass
f 622 655 656 623
usemtl terrain_seabed
f 623 656 657 624
f 624 657 658 625
f 625 658 659 626
f 626 659 660 627
usemtl terrain_grass
f 628 661 662 629
f 629 662 663 630
f 630 663 664 631
f 631 664 665 632
f 632 665 666 633
f 633 666 667 634
f 634 667 668 635
f 635 668 669 636
f 636 669 670 637
f 637 670 671 638
f 638 671 672 639
f 639 672 673 640
f 640 673 674 641
f 641 674 675 642
f 642 675 676 643
f 643 676 677 644
f 644 677 678 645
f 645 678 679 646
f 646 679 680 647
f 647 680 681 648
f 648 681 682 649
f 649 682 683 650
f 650 683 684 651
f 651 684 685 652
f 652 685 686 653
f 653 686 687 654
usemtl terrain_sand
f 654 687 688 655
usemtl terrain_grass
f 655 688 689 656
usemtl terrain_seabed
f 656 689 690 657
f 657 690 691 658
f 658 691 692 659
f 659 692 693 660
usemtl terrain_grass
f 661 694 695 662
f 662 695 696 663
f 663 696 697 664
f 664 697 698 665
f 665 698 699 666
f 666 699 700 667
f 667 700 701 668
f 668 701 702 669
f 669 702 703 670
f 670 703 704 671
f 671 704 705 672
f 672 705 706 673
f 673 706 707 674
f 674 707 708 675
f 675 708 709 676
f 676 709 710 677
f 677 710 711 678
f 678 711 712 679
f 679 712 713 680
f 680 713 714 681
f 681 714 715 682
f 682 715 716 683
f 683 716 717 684
f 684 717 718 685
f 685 718 719 686
f 686 719 720 687
usemtl terrain_sand
f 687 720 721 688
usemtl terrain_grass
f 688 721 722 689
usemtl terrain_seabed
f 689 722 723 690
f 690 723 724 691
f 691 724 725 692
f 692 725 726 693
usemtl terrain_grass
f 694 727 728 695
f 695 728 729 696
f 696 729 730 697
f 697 730 731 698
f 698 731 732 699
f 699 732 733 700
f 700 733 734 701
f 701 734 735 702
f 702 735 736 703
f 703 736 737 704
f 704 737 738 705
f 705 738 739 706
f 706 739 740 707
f 707 740 741 708
f 708 741 742 709
f 709 742 743 710
f 710 743 744 711
f 711 744 745 712
f 712 745 746 713
f 713 746 747 714
f 714 747 748 715
f 715 748 749 716
f 716 749 750 717
f 717 750 751 718
f 718 751 752 719
f 719 752 753 720
usemtl terrain_sand
f 720 753 754 721
usemtl terrain_grass
f 721 754 755 722
usemtl terrain_seabed
f 722 755 756 723
f 723 756 757 724
f 724 757 758 725
f 725 758 759 726
usemtl terrain_grass
f 727 760 761 728
f 728 761 762 729
f 729 762 763 730
f 730 763 764 731
f 731 764 765 732
f 732 765 766 733
f 733 766 767 734
f 734 767 768 735
f 735 768 769 736
f 736 769 770 737
f 737 770 771 738
f 738 771 772 739
f 739 772 773 740
f 740 773 774 741
f 741 774 775 742
f 742 775 776 743
f 743 776 777 744
f 744 777 778 745
f 745 778 779 746
f 746 779 780 747
f 747 780 781 748
f 748 781 782 749
f 749 782 783 750
f 750 783 784 751
f 751 784 785 752
f 752 785 786 753
usemtl terrain_sand
f 753 786 787 754
usemtl terrain_grass
f 754 787 788 755
usemtl terrain_seabed
f 755 788 789 756
f 756 789 790 757
f 757 790 791 758
f 758 791 792 759
usemtl terrain_grass
f 760 793 794 761
f 761 794 795 762
f 762 795 796 763
f 763 796 797 764
f 764 797 798 765
f 765 798 799 766
f 766 799 800 767
f 767 800 801 768
f 768 801 802 769
f 769 802 803 770
f 770 803 804 771
f 771 804 805 772
f 772 805 806 773
f 773 806 807 774
f 774 807 808 775
f 775 808 809 776
f 776 809 810 777
f 777 810 811 778
f 778 811 812 779
f 779 812 813 780
f 780 813 814 781
f 781 814 815 782
f 782 815 816 783
f 783 816 817 784
f 784 817 818 785
f 785 818 819 786
usemtl terrain_sand
f 786 819 820 787
usemtl terrain_grass
f 787 820 821 788
usemtl terrain_seabed
f 788 821 822 789
f 789 822 823 790
f 790 823 824 791
f 791 824 825 792
usemtl terrain_grass
f 793 826 827 794
f 794 827 828 795
f 795 828 829 796
f 796 829 830 797
f 797 830 831 798
f 798 831 832 799
f 799 832 833 800
f 800 833 834 801
f 801 834 835 802
f 802 835 836 803
f 803 836 837 804
f 804 837 838 805
f 805 838 839 806
f 806 839 840 807
f 807 840 841 808
f 808 841 842 809
f 809 842 843 810
f 810 843 844 811
f 811 844 845 812
f 812 845 846 813
f 813 846 847 814
f 814 847 848 815
f 815 848 849 816
f 816 849 850 817
f 817 850 851 818
f 818 851 852 819
usemtl terrain_sand
f 819 852 853 820
usemtl terrain_grass
f 820 853 854 821
usemtl terrain_seabed
f 821 854 855 822
f 822 855 856 823
f 823 856 857 824
f 824 857 858 825
usemtl terrain_grass
f 826 859 860 827
f 827 860 861 828
f 828 861 862 829
f 829 862 863 830
f 830 863 864 831
f 831 864 865 832
f 832 865 866 833
f 833 866 867 834
f 834 867 868 835
f 835 868 869 836
f 836 869 870 837
f 837 870 871 838
f 838 871 872 839
f 839 872 873 840
f 840 873 874 841
f 841 874 875 842
f 842 875 876 843
f 843 876 877 844
f 844 877 878 845
f 845 878 879 846
f 846 879 880 847
f 847 880 881 848
f 848 881 882 849
f 849 882 883 850
f 850 883 884 851
f 851 884 885 852
usemtl terrain_sand
f 852 885 886 853
usemtl terrain_grass
f 853 886 887 854
usemtl terrain_seabed
f 854 887 888 855
f 855 888 889 856
f 856 889 890 857
f 857 890 891 858
usemtl terrain_grass
f 859 892 893 860
f 860 893 894 861
f 861 894 895 862
f 862 895 896 863
f 863 896 897 864
f 864 897 898 865
f 865 898 899 866
f 866 899 900 867
f 867 900 901 868
f 868 901 902 869
f 869 902 903 870
f 870 903 904 871
f 871 904 905 872
f 872 905 906 873
f 873 906 907 874
f 874 907 908 875
f 875 908 909 876
f 876 909 910 877
f 877 910 911 878
f 878 911 912 879
f 879 912 913 880
f 880 913 914 881
f 881 914 915 882
f 882 915 916 883
f 883 916 917 884
usemtl terrain_sand
f 884 917 918 885
f 885 918 919 886
usemtl terrain_grass
f 886 919 920 887
usemtl terrain_seabed
f 887 920 921 888
f 888 921 922 889
f 889 922 923 890
f 890 923 924 891
usemtl terrain_grass
f 892 925 926 893
f 893 926 927 894
f 894 927 928 895
f 895 928 929 896
f 896 929 930 897
f 897 930 931 898
f 898 931 932 899
f 899 932 933 900
f 900 933 934 901
f 901 934 935 902
f 902 935 936 903
f 903 936 937 904
f 904 937 938 905
f 905 938 939 906
f 906 939 940 907
f 907 940 941 908
f 908 941 942 909
f 909 942 943 910
f 910 943 944 911
f 911 944 945 912
f 912 945 946 913
f 913 946 947 914
f 914 947 948 915
f 915 948 949 916
f 916 949 950 917
usemtl terrain_sand
f 917 950 951 918
f 918 951 952 919
usemtl terrain_grass
f 919 952 953 920
usemtl terrain_seabed
f 920 953 954 921
f 921 954 955 922
f 922 955 956 923
f 923 956 957 924
usemtl terrain_grass
f 925 958 959 926
f 926 959 960 927
f 927 960 961 928
f 928 961 962 929
f 929 962 963 930
f 930 963 964 931
f 931 964 965 932
f 932 965 966 933
f 933 966 967 934
f 934 967 968 935
f 935 968 969 936
f 936 969 970 937
f 937 970 971 938
f 938 971 972 939
f 939 972 973 940
f 940 973 974 941
f 941 974 975 942
f 942 975 976 943
f 943 976 977 944
f 944 977 978 945
f 945 978 979 946
f 946 979 980 947
f 947 980 981 948
f 948 981 982 949
f 949 982 983 950
usemtl terrain_sand
f 950 983 984 951
f 951 984 985 952
usemtl terrain_grass
f 952 985 986 953
usemtl terrain_seabed
f 953 986 987 954
f 954 987 988 955
f 955 988 989 956
f 956 989 990 957
usemtl terrain_grass
f 958 991 992 959
f 959 992 993 960
f 960 993 994 961
f 961 994 995 962
f 962 995 996 963
f 963 996 997 964
f 964 997 998 965
f 965 998 999 966
f 966 999 1000 967
f 967 1000 1001 968
f 968 1001 1002 969
f 969 1002 1003 970
f 970 1003 1004 971
f 971 1004 1005 972
f 972 1005 1006 973
f 973 1006 1007 974
f 974 1007 1008 975
f 975 1008 1009 976
f 976 1009 1010 977
f 977 1010 1011 978
f 978 1011 1012 979
f 979 1012 1013 980
f 980 1013 1014 981
f 981 1014 1015 982
f 982 1015 1016 983
usemtl terrain_sand
f 983 1016 1017 984
f 984 1017 1018 985
usemtl terrain_seabed
f 985 1018 1019 986
f 986 1019 1020 987
f 987 1020 1021 988
f 988 1021 1022 989
f 989 1022 1023 990
usemtl terrain_grass
f 991 1024 1025 992
f 992 1025 1026 993
f 993 1026 1027 994
f 994 1027 1028 995
f 995 1028 1029 996
f 996 1029 1030 997
f 997 1030 1031 998
f 998 1031 1032 999
f 999 1032 1033 1000
f 1000 1033 1034 1001
f 1001 1034 1035 1002
f 1002 1035 1036 1003
f 1003 1036 1037 1004
f 1004 1037 1038 1005
f 1005 1038 1039 1006
f 1006 1039 1040 1007
f 1007 1040 1041 1008
f 1008 1041 1042 1009
f 1009 1042 1043 1010
f 1010 1043 1044 1011
f 1011 1044 1045 1012
f 1012 1045 1046 1013
f 1013 1046 1047 1014
f 1014 1047 1048 1015
f 1015 1048 1049 1016
usemtl terrain_sand
f 1016 1049 1050 1017
f 1017 1050 1051 1018
usemtl terrain_seabed
f 1018 1051 1052 1019
f 1019 1052 1053 1020
f 1020 1053 1054 1021
f 1021 1054 1055 1022
f 1022 1055 1056 1023
usemtl terrain_grass
f 1024 1057 1058 1025
f 1025 1058 1059 1026
f 1026 1059 1060 1027
f 1027 1060 1061 1028
f 1028 1061 1062 1029
f 1029 1062 1063 1030
f 1030 1063 1064 1031
f 1031 1064 1065 1032
f 1032 1065 1066 1033
f 1033 1066 1067 1034
f 1034 1067 1068 1035
f 1035 1068 1069 1036
f 1036 1069 1070 1037
f 1037 1070 1071 1038
f 1038 1071 1072 1039
f 1039 1072 1073 1040
f 1040 1073 1074 1041
f 1041 1074 1075 1042
f 1042 1075 1076 1043
f 1043 1076 1077 1044
f 1044 1077 1078 1045
f 1045 1078 1079 1046
f 1046 1079 1080 1047
f 1047 1080 1081 1048
f 1048 1081 1082 1049
usemtl terrain_sand
f 1049 1082 1083 1050
usemtl terrain_grass
f 1050 1083 1084 1051
usemtl terrain_seabed
f 1051 1084 1085 1052
f 1052 1085 1086 1053
f 1053 1086 1087 1054
f 1054 1087 1088 1055
f 1055 1088 1089 1056
usemtl terrain_grass
f 1057 1090 1091 1058
f 1058 1091 1092 1059
f 1059 1092 1093 1060
f 1060 1093 1094 1061
f 1061 1094 1095 1062
f 1062 1095 1096 1063
f 1063 1096 1097 1064
f 1064 1097 1098 1065
f 1065 1098 1099 1066
f 1066 1099 1100 1067
f 1067 1100 1101 1068
f 1068 1101 1102 1069
f 1069 1102 1103 1070
f 1070 1103 1104 1071
f 1071 1104 1105 1072
f 1072 1105 1106 1073
f 1073 1106 1107 1074
f 1074 1107 1108 1075
f 1075 1108 1109 1076
f 1076 1109 1110 1077
f 1077 1110 1111 1078
f 1078 1111 1112 1079
f 1079 1112 1113 1080
f 1080 1113 1114 1081
f 1081 1114 1115 1082
usemtl terrain_sand
f 1082 1115 1116 1083
usemtl terrain_grass
f 1083 1116 1117 1084
usemtl terrain_seabed
f 1084 1117 1118 1085
f 1085 1118 1119 1086
f 1086 1119 1120 1087
f 1087 1120 1121 1088
f 1088 1121 1122 1089
usemtl terrain_grass
f 1090 1123 1124 1091
f 1091 1124 1125 1092
f 1092 1125 1126 1093
f 1093 1126 1127 1094
f 1094 1127 1128 1095
f 1095 1128 1129 1096
f 1096 1129 1130 1097
f 1097 1130 1131 1098
f 1098 1131 1132 1099
f 1099 1132 1133 1100
f 1100 1133 1134 1101
f 1101 1134 1135 1102
f 1102 1135 1136 1103
f 1103 1136 1137 1104
f 1104 1137 1138 1105
f 1105 1138 1139 1106
f 1106 1139 1140 1107
f 1107 1140 1141 1108
f 1108 1141 1142 1109
f 1109 1142 1143 1110
f 1110 1143 1144 1111
f 1111 1144 1145 1112
f 1112 1145 1146 1113
f 1113 1146 1147 1114
f 1114 1147 1148 1115
usemtl terrain_sand
f 1115 1148 1149 1116
usemtl terrain_grass
f 1116 1149 1150 1117
usemtl terrain_seabed
f 1117 1150 1151 1118
f 1118 1151 1152 1119
f 1119 1152 1153 1120
f 1120 1153 1154 1121
f 1121 1154 1155 1122
usemtl terrain_grass
f 1123 1156 1157 1124
f 1124 1157 1158 1125
f 1125 1158 1159 1126
f 1126 1159 1160 1127
f 1127 1160 1161 1128
f 1128 1161 1162 1129
f 1129 1162 1163 1130
f 1130 1163 1164 1131
f 1131 1164 1165 1132
f 1132 1165 1166 1133
f 1133 1166 1167 1134
f 1134 1167 1168 1135
f 1135 1168 1169 1136
f 1136 1169 1170 1137
f 1137 1170 1171 1138
f 1138 1171 1172 1139
f 1139 1172 1173 1140
f 1140 1173 1174 1141
f 1141 1174 1175 1142
f 1142 1175 1176 1143
f 1143 1176 1177 1144
f 1144 1177 1178 1145
f 1145 1178 1179 1146
f 1146 1179 1180 1147
usemtl terrain_sand
f 1147 1180 1181 1148
f 1148 1181 1182 1149
usemtl terrain_grass
f 1149 1182 1183 1150
usemtl terrain_seabed
f 1150 1183 1184 1151
f 1151 1184 1185 1152
f 1152 1185 1186 1153
f 1153 1186 1187 1154
f 1154 1187 1188 1155
usemtl terrain_grass
f 1156 1189 1190 1157
f 1157 1190 1191 1158
f 1158 1191 1192 1159
f 1159 1192 1193 1160
f 1160 1193 1194 1161
f 1161 1194 1195 1162
f 1162 1195 1196 1163
f 1163 1196 1197 1164
f 1164 1197 1198 1165
f 1165 1198 1199 1166
f 1166 1199 1200 1167
f 1167 1200 1201 1168
f 1168 1201 1202 1169
f 1169 1202 1203 1170
f 1170 1203 1204 1171
f 1171 1204 1205 1172
f 1172 1205 1206 1173
f 1173 1206 1207 1174
f 1174 1207 1208 1175
f 1175 1208 1209 1176
f 1176 1209 1210 1177
f 1177 1210 1211 1178
f 1178 1211 1212 1179
f 1179 1212 1213 1180
usemtl terrain_sand
f 1180 1213 1214 1181
f 1181 1214 1215 1182
usemtl terrain_seabed
f 1182 1215 1216 1183
f 1183 1216 1217 1184
f 1184 1217 1218 1185
f 1185 1218 1219 1186
f 1186 1219 1220 1187
f 1187 1220 1221 1188
usemtl terrain_grass
f 1189 1222 1223 1190
f 1190 1223 1224 1191
f 1191 1224 1225 1192
f 1192 1225 1226 1193
f 1193 1226 1227 1194
f 1194 1227 1228 1195
f 1195 1228 1229 1196
f 1196 1229 1230 1197
f 1197 1230 1231 1198
f 1198 1231 1232 1199
f 1199 1232 1233 1200
f 1200 1233 1234 1201
f 1201 1234 1235 1202
f 1202 1235 1236 1203
f 1203 1236 1237 1204
f 1204 1237 1238 1205
f 1205 1238 1239 1206
f 1206 1239 1240 1207
f 1207 1240 1241 1208
f 1208 1241 1242 1209
f 1209 1242 1243 1210
f 1210 1243 1244 1211
f 1211 1244 1245 1212
f 1212 1245 1246 1213
usemtl terrain_sand
f 1213 1246 1247 1214
usemtl terrain_grass
f 1214 1247 1248 1215
usemtl terrain_seabed
f 1215 1248 1249 1216
f 1216 1249 1250 1217
f 1217 1250 1251 1218
f 1218 1251 1252 1219
f 1219 1252 1253 1220
f 1220 1253 1254 1221
usemtl terrain_grass
f 1222 1255 1256 1223
f 1223 1256 1257 1224
f 1224 1257 1258 1225
f 1225 1258 1259 1226
f 1226 1259 1260 1227
f 1227 1260 1261 1228
f 1228 1261 1262 1229
f 1229 1262 1263 1230
f 1230 1263 1264 1231
f 1231 1264 1265 1232
f 1232 1265 1266 1233
f 1233 1266 1267 1234
f 1234 1267 1268 1235
f 1235 1268 1269 1236
f 1236 1269 1270 1237
f 1237 1270 1271 1238
f 1238 1271 1272 1239
f 1239 1272 1273 1240
f 1240 1273 1274 1241
f 1241 1274 1275 1242
f 1242 1275 1276 1243
f 1243 1276 1277 1244
f 1244 1277 1278 1245
f 1245 1278 1279 1246
usemtl terrain_sand
f 1246 1279 1280 1247
usemtl terrain_grass
f 1247 1280 1281 1248
usemtl terrain_seabed
f 1248 1281 1282 1249
f 1249 1282 1283 1250
f 1250 1283 1284 1251
f 1251 1284 1285 1252
f 1252 1285 1286 1253
f 1253 1286 1287 1254
usemtl terrain_grass
f 1255 1288 1289 1256
f 1256 1289 1290 1257
f 1257 1290 1291 1258
f 1258 1291 1292 1259
f 1259 1292 1293 1260
f 1260 1293 1294 1261
f 1261 1294 1295 1262
f 1262 1295 1296 1263
f 1263 1296 1297 1264
f 1264 1297 1298 1265
f 1265 1298 1299 1266
f 1266 1299 1300 1267
f 1267 1300 1301 1268
f 1268 1301 1302 1269
f 1269 1302 1303 1270
f 1270 1303 1304 1271
f 1271 1304 1305 1272
f 1272 1305 1306 1273
f 1273 1306 1307 1274
f 1274 1307 1308 1275
f 1275 1308 1309 1276
f 1276 1309 1310 1277
f 1277 1310 1311 1278
f 1278 1311 1312 1279
usemtl terrain_sand
f 1279 1312 1313 1280
usemtl terrain_grass
f 1280 1313 1314 1281
usemtl terrain_seabed
f 1281 1314 1315 1282
f 1282 1315 1316 1283
f 1283 1316 1317 1284
f 1284 1317 1318 1285
f 1285 1318 1319 1286
f 1286 1319 1320 1287
usemtl terrain_grass
f 1288 1321 1322 1289
f 1289 1322 1323 1290
f 1290 1323 1324 1291
f 1291 1324 1325 1292
f 1292 1325 1326 1293
f 1293 1326 1327 1294
f 1294 1327 1328 1295
f 1295 1328 1329 1296
f 1296 1329 1330 1297
f 1297 1330 1331 1298
f 1298 1331 1332 1299
f 1299 1332 1333 1300
f 1300 1333 1334 1301
f 1301 1334 1335 1302
f 1302 1335 1336 1303
f 1303 1336 1337 1304
f 1304 1337 1338 1305
f 1305 1338 1339 1306
f 1306 1339 1340 1307
f 1307 1340 1341 1308
f 1308 1341 1342 1309
f 1309 1342 1343 1310
f 1310 1343 1344 1311
usemtl terrain_sand
f 1311 1344 1345 1312
f 1312 1345 1346 1313
usemtl terrain_grass
f 1313 1346 1347 1314
usemtl terrain_seabed
f 1314 1347 1348 1315
f 1315 1348 1349 1316
f 1316 1349 1350 1317
f 1317 1350 1351 1318
f 1318 1351 1352 1319
f 1319 1352 1353 1320
usemtl terrain_grass
f 1321 1354 1355 1322
f 1322 1355 1356 1323
f 1323 1356 1357 1324
f 1324 1357 1358 1325
f 1325 1358 1359 1326
f 1326 1359 1360 1327
f 1327 1360 1361 1328
f 1328 1361 1362 1329
f 1329 1362 1363 1330
f 1330 1363 1364 1331
f 1331 1364 1365 1332
f 1332 1365 1366 1333
f 1333 1366 1367 1334
f 1334 1367 1368 1335
f 1335 1368 1369 1336
f 1336 1369 1370 1337
f 1337 1370 1371 1338
f 1338 1371 1372 1339
f 1339 1372 1373 1340
f 1340 1373 1374 1341
f 1341 1374 1375 1342
f 1342 1375 1376 1343
f 1343 1376 1377 1344
usemtl terrain_sand
f 1344 1377 1378 1345
f 1345 1378 1379 1346
usemtl terrain_seabed
f 1346 1379 1380 1347
f 1347 1380 1381 1348
f 1348 1381 1382 1349
f 1349 1382 1383 1350
f 1350 1383 1384 1351
f 1351 1384 1385 1352
f 1352 1385 1386 1353
usemtl terrain_grass
f 1354 1387 1388 1355
f 1355 1388 1389 1356
f 1356 1389 1390 1357
f 1357 1390 1391 1358
f 1358 1391 1392 1359
f 1359 1392 1393 1360
f 1360 1393 1394 1361
f 1361 1394 1395 1362
f 1362 1395 1396 1363
f 1363 1396 1397 1364
f 1364 1397 1398 1365
f 1365 1398 1399 1366
f 1366 1399 1400 1367
f 1367 1400 1401 1368
f 1368 1401 1402 1369
f 1369 1402 1403 1370
f 1370 1403 1404 1371
f 1371 1404 1405 1372
f 1372 1405 1406 1373
f 1373 1406 1407 1374
f 1374 1407 1408 1375
f 1375 1408 1409 1376
f 1376 1409 1410 1377
usemtl terrain_sand
f 1377 1410 1411 1378
usemtl terrain_grass
f 1378 1411 1412 1379
usemtl terrain_seabed
f 1379 1412 1413 1380
f 1380 1413 1414 1381
f 1381 1414 1415 1382
f 1382 1415 1416 1383
f 1383 1416 1417 1384
f 1384 1417 1418 1385
f 1385 1418 1419 1386
o water
v -42.0000 0.0000 8.0000
v 42.0000 0.0000 8.0000
v 42.0000 0.0000 30.0000
v -42.0000 0.0000 30.0000
usemtl water_sea
f 1420 1421 1422 1423
o lighthouse_tower
v -25.2000 4.4000 -18.0000
v -22.8000 4.4000 -18.0000
v -22.8000 28.0000 -18.0000
v -25.2000 28.0000 -18.0000
v -24.0000 4.4000 -19.2000
v -24.0000 4.4000 -16.8000
v -24.0000 28.0000 -16.8000
v -24.0000 28.0000 -19.2000
usemtl lighthouse_tower_stone_a
f 1424 1425 1426 1427
usemtl lighthouse_tower_stone_b
f 1428 1429 1430 1431
o house_1
v -33.0000 1.1000 -0.5000
v -27.0000 1.1000 -0.5000
v -27.0000 1.1000 4.5000
v -33.0000 1.1000 4.5000
v -33.0000 1.4000 -0.5000
v -27.0000 1.4000 -0.5000
v -27.0000 1.4000 4.5000
v -33.0000 1.4000 4.5000
v -32.9000 1.4000 -0.4000
v -30.0000 1.4000 -0.4000
v -30.0000 1.4000 4.4000
v -32.9000 1.4000 4.4000
v -32.9000 4.1000 -0.4000
v -30.0000 4.1000 -0.4000
v -30.0000 4.1000 4.4000
v -32.9000 4.1000 4.4000
v -30.0000 1.4000 -0.4000
v -27.1000 1.4000 -0.4000
v -27.1000 1.4000 4.4000
v -30.0000 1.4000 4.4000
v -30.0000 4.1000 -0.4000
v -27.1000 4.1000 -0.4000
v -27.1000 4.1000 4.4000
v -30.0000 4.1000 4.4000
v -33.0000 4.1000 -0.5000
v -27.0000 4.1000 -0.5000
v -27.0000 4.1000 4.5000
v -33.0000 4.1000 4.5000
v -33.0000 5.5000 2.0000
v -27.0000 5.5000 2.0000
v -30.7000 1.4000 -0.5600
v -29.3000 1.4000 -0.5600
v -29.3000 1.4000 -0.4800
v -30.7000 1.4000 -0.4800
v -30.7000 3.4000 -0.5600
v -29.3000 3.4000 -0.5600
v -29.3000 3.4000 -0.4800
v -30.7000 3.4000 -0.4800
v -30.5500 1.4000 -0.5800
v -29.4500 1.4000 -0.5800
v -29.4500 1.4000 -0.4900
v -30.5500 1.4000 -0.4900
v -30.5500 3.2500 -0.5800
v -29.4500 3.2500 -0.5800
v -29.4500 3.2500 -0.4900
v -30.5500 3.2500 -0.4900
v -32.0500 2.3000 -0.5500
v -30.9500 2.3000 -0.5500
v -30.9500 2.3000 -0.4800
v -32.0500 2.3000 -0.4800
v -32.0500 3.3000 -0.5500
v -30.9500 3.3000 -0.5500
v -30.9500 3.3000 -0.4800
v -32.0500 3.3000 -0.4800
v -31.9000 2.4500 -0.5700
v -31.1000 2.4500 -0.5700
v -31.1000 2.4500 -0.4900
v -31.9000 2.4500 -0.4900
v -31.9000 3.1500 -0.5700
v -31.1000 3.1500 -0.5700
v -31.1000 3.1500 -0.4900
v -31.9000 3.1500 -0.4900
v -29.0500 2.3000 -0.5500
v -27.9500 2.3000 -0.5500
v -27.9500 2.3000 -0.4800
v -29.0500 2.3000 -0.4800
v -29.0500 3.3000 -0.5500
v -27.9500 3.3000 -0.5500
v -27.9500 3.3000 -0.4800
v -29.0500 3.3000 -0.4800
v -28.9000 2.4500 -0.5700
v -28.1000 2.4500 -0.5700
v -28.1000 2.4500 -0.4900
v -28.9000 2.4500 -0.4900
v -28.9000 3.1500 -0.5700
v -28.1000 3.1500 -0.5700
v -28.1000 3.1500 -0.4900
v -28.9000 3.1500 -0.4900
v -28.6000 5.1000 1.7000
v -28.0000 5.1000 1.7000
v -28.0000 5.1000 2.3000
v -28.6000 5.1000 2.3000
v -28.6000 6.1000 1.7000
v -28.0000 6.1000 1.7000
v -28.0000 6.1000 2.3000
v -28.6000 6.1000 2.3000
usemtl house_1_foundation
f 1432 1433 1434 1435
f 1436 1437 1438 1439
f 1432 1433 1437 1436
f 1434 1435 1439 1438
f 1433 1434 1438 1437
f 1435 1432 1436 1439
usemtl house_1_wall_0
f 1440 1441 1442 1443
f 1444 1445 1446 1447
f 1440 1441 1445 1444
f 1442 1443 1447 1446
f 1441 1442 1446 1445
f 1443 1440 1444 1447
usemtl house_1_wall_1
f 1448 1449 1450 1451
f 1452 1453 1454 1455
f 1448 1449 1453 1452
f 1450 1451 1455 1454
f 1449 1450 1454 1453
f 1451 1448 1452 1455
usemtl house_1_roof_0
f 1456 1457 1461 1460
usemtl house_1_roof_1
f 1459 1458 1461 1460
usemtl house_1_wall_0
f 1456 1459 1460
usemtl house_1_wall_1
f 1457 1458 1461
usemtl house_1_frame
f 1462 1463 1464 1465
f 1466 1467 1468 1469
f 1462 1463 1467 1466
f 1464 1465 1469 1468
f 1463 1464 1468 1467
f 1465 1462 1466 1469
usemtl house_1_door
f 1470 1471 1472 1473
f 1474 1475 1476 1477
f 1470 1471 1475 1474
f 1472 1473 1477 1476
f 1471 1472 1476 1475
f 1473 1470 1474 1477
usemtl house_1_frame
f 1478 1479 1480 1481
f 1482 1483 1484 1485
f 1478 1479 1483 1482
f 1480 1481 1485 1484
f 1479 1480 1484 1483
f 1481 1478 1482 1485
usemtl house_1_glass
f 1486 1487 1488 1489
f 1490 1491 1492 1493
f 1486 1487 1491 1490
f 1488 1489 1493 1492
f 1487 1488 1492 1491
f 1489 1486 1490 1493
usemtl house_1_frame
f 1494 1495 1496 1497
f 1498 1499 1500 1501
f 1494 1495 1499 1498
f 1496 1497 1501 1500
f 1495 1496 1500 1499
f 1497 1494 1498 1501
usemtl house_1_glass
f 1502 1503 1504 1505
f 1506 1507 1508 1509
f 1502 1503 1507 1506
f 1504 1505 1509 1508
f 1503 1504 1508 1507
f 1505 1502 1506 1509
usemtl house_1_chimney
f 1510 1511 1512 1513
f 1514 1515 1516 1517
f 1510 1511 1515 1514
f 1512 1513 1517 1516
f 1511 1512 1516 1515
f 1513 1510 1514 1517
o house_2
v -21.0000 1.1000 -0.5000
v -15.0000 1.1000 -0.5000
v -15.0000 1.1000 4.5000
v -21.0000 1.1000 4.5000
v -21.0000 1.4000 -0.5000
v -15.0000 1.4000 -0.5000
v -15.0000 1.4000 4.5000
v -21.0000 1.4000 4.5000
v -20.9000 1.4000 -0.4000
v -18.0000 1.4000 -0.4000
v -18.0000 1.4000 4.4000
v -20.9000 1.4000 4.4000
v -20.9000 4.1000 -0.4000
v -18.0000 4.1000 -0.4000
v -18.0000 4.1000 4.4000
v -20.9000 4.1000 4.4000
v -18.0000 1.4000 -0.4000
v -15.1000 1.4000 -0.4000
v -15.1000 1.4000 4.4000
v -18.0000 1.4000 4.4000
v -18.0000 4.1000 -0.4000
v -15.1000 4.1000 -0.4000
v -15.1000 4.1000 4.4000
v -18.0000 4.1000 4.4000
v -21.0000 4.1000 -0.5000
v -15.0000 4.1000 -0.5000
v -15.0000 4.1000 4.5000
v -21.0000 4.1000 4.5000
v -21.0000 5.5000 2.0000
v -15.0000 5.5000 2.0000
v -18.7000 1.4000 -0.5600
v -17.3000 1.4000 -0.5600
v -17.3000 1.4000 -0.4800
v -18.7000 1.4000 -0.4800
v -18.7000 3.4000 -0.5600
v -17.3000 3.4000 -0.5600
v -17.3000 3.4000 -0.4800
v -18.7000 3.4000 -0.4800
v -18.5500 1.4000 -0.5800
v -17.4500 1.4000 -0.5800
v -17.4500 1.4000 -0.4900
v -18.5500 1.4000 -0.4900
v -18.5500 3.2500 -0.5800
v -17.4500 3.2500 -0.5800
v -17.4500 3.2500 -0.4900
v -18.5500 3.2500 -0.4900
v -20.0500 2.3000 -0.5500
v -18.9500 2.3000 -0.5500
v -18.9500 2.3000 -0.4800
v -20.0500 2.3000 -0.4800
v -20.0500 3.3000 -0.5500
v -18.9500 3.3000 -0.5500
v -18.9500 3.3000 -0.4800
v -20.0500 3.3000 -0.4800
v -19.9000 2.4500 -0.5700
v -19.1000 2.4500 -0.5700
v -19.1000 2.4500 -0.4900
v -19.9000 2.4500 -0.4900
v -19.9000 3.1500 -0.5700
v -19.1000 3.1500 -0.5700
v -19.1000 3.1500 -0.4900
v -19.9000 3.1500 -0.4900
v -17.0500 2.3000 -0.5500
v -15.9500 2.3000 -0.5500
v -15.9500 2.3000 -0.4800
v -17.0500 2.3000 -0.4800
v -17.0500 3.3000 -0.5500
v -15.9500 3.3000 -0.5500
v -15.9500 3.3000 -0.4800
v -17.0500 3.3000 -0.4800
v -16.9000 2.4500 -0.5700
v -16.1000 2.4500 -0.5700
v -16.1000 2.4500 -0.4900
v -16.9000 2.4500 -0.4900
v -16.9000 3.1500 -0.5700
v -16.1000 3.1500 -0.5700
v -16.1000 3.1500 -0.4900
v -16.9000 3.1500 -0.4900
v -16.6000 5.1000 1.7000
v -16.0000 5.1000 1.7000
v -16.0000 5.1000 2.3000
v -16.6000 5.1000 2.3000
v -16.6000 6.1000 1.7000
v -16.0000 6.1000 1.7000
v -16.0000 6.1000 2.3000
v -16.6000 6.1000 2.3000
usemtl house_2_foundation
f 1518 1519 1520 1521
f 1522 1523 1524 1525
f 1518 1519 1523 1522
f 1520 1521 1525 1524
f 1519 1520 1524 1523
f 1521 1518 1522 1525
usemtl house_2_wall_0
f 1526 1527 1528 1529
f 1530 1531 1532 1533
f 1526 1527 1531 1530
f 1528 1529 1533 1532
f 1527 1528 1532 1531
f 1529 1526 1530 1533
usemtl house_2_wall_1
f 1534 1535 1536 1537
f 1538 1539 1540 1541
f 1534 1535 1539 1538
f 1536 1537 1541 1540
f 1535 1536 1540 1539
f 1537 1534 1538 1541
usemtl house_2_roof_0
f 1542 1543 1547 1546
usemtl house_2_roof_1
f 1545 1544 1547 1546
usemtl house_2_wall_0
f 1542 1545 1546
usemtl house_2_wall_1
f 1543 1544 1547
usemtl house_2_frame
f 1548 1549 1550 1551
f 1552 1553 1554 1555
f 1548 1549 1553 1552
f 1550 1551 1555 1554
f 1549 1550 1554 1553
f 1551 1548 1552 1555
usemtl house_2_door
f 1556 1557 1558 1559
f 1560 1561 1562 1563
f 1556 1557 1561 1560
f 1558 1559 1563 1562
f 1557 1558 1562 1561
f 1559 1556 1560 1563
usemtl house_2_frame
f 1564 1565 1566 1567
f 1568 1569 1570 1571
f 1564 1565 1569 1568
f 1566 1567 1571 1570
f 1565 1566 1570 1569
f 1567 1564 1568 1571
usemtl house_2_glass
f 1572 1573 1574 1575
f 1576 1577 1578 1579
f 1572 1573 1577 1576
f 1574 1575 1579 1578
f 1573 1574 1578 1577
f 1575 1572 1576 1579
usemtl house_2_frame
f 1580 1581 1582 1583
f 1584 1585 1586 1587
f 1580 1581 1585 1584
f 1582 1583 1587 1586
f 1581 1582 1586 1585
f 1583 1580 1584 1587
usemtl house_2_glass
f 1588 1589 1590 1591
f 1592 1593 1594 1595
f 1588 1589 1593 1592
f 1590 1591 1595 1594
f 1589 1590 1594 1593
f 1591 1588 1592 1595
usemtl house_2_chimney
f 1596 1597 1598 1599
f 1600 1601 1602 1603
f 1596 1597 1601 1600
f 1598 1599 1603 1602
f 1597 1598 1602 1601
f 1599 1596 1600 1603
o house_3
v -9.0000 1.1000 -0.5000
v -3.0000 1.1000 -0.5000
v -3.0000 1.1000 4.5000
v -9.0000 1.1000 4.5000
v -9.0000 1.4000 -0.5000
v -3.0000 1.4000 -0.5000
v -3.0000 1.4000 4.5000
v -9.0000 1.4000 4.5000
v -8.9000 1.4000 -0.4000
v -6.0000 1.4000 -0.4000
v -6.0000 1.4000 4.4000
v -8.9000 1.4000 4.4000
v -8.9000 4.1000 -0.4000
v -6.0000 4.1000 -0.4000
v -6.0000 4.1000 4.4000
v -8.9000 4.1000 4.4000
v -6.0000 1.4000 -0.4000
v -3.1000 1.4000 -0.4000
v -3.1000 1.4000 4.4000
v -6.0000 1.4000 4.4000
v -6.0000 4.1000 -0.4000
v -3.1000 4.1000 -0.4000
v -3.1000 4.1000 4.4000
v -6.0000 4.1000 4.4000
v -9.0000 4.1000 -0.5000
v -3.0000 4.1000 -0.5000
v -3.0000 4.1000 4.5000
v -9.0000 4.1000 4.5000
v -9.0000 5.5000 2.0000
v -3.0000 5.5000 2.0000
v -6.7000 1.4000 -0.5600
v -5.3000 1.4000 -0.5600
v -5.3000 1.4000 -0.4800
v -6.7000 1.4000 -0.4800
v -6.7000 3.4000 -0.5600
v -5.3000 3.4000 -0.5600
v -5.3000 3.4000 -0.4800
v -6.7000 3.4000 -0.4800
v -6.5500 1.4000 -0.5800
v -5.4500 1.4000 -0.5800
v -5.4500 1.4000 -0.4900
v -6.5500 1.4000 -0.4900
v -6.5500 3.2500 -0.5800
v -5.4500 3.2500 -0.5800
v -5.4500 3.2500 -0.4900
v -6.5500 3.2500 -0.4900
v -8.0500 2.3000 -0.5500
v -6.9500 2.3000 -0.5500
v -6.9500 2.3000 -0.4800
v -8.0500 2.3000 -0.4800
v -8.0500 3.3000 -0.5500
v -6.9500 3.3000 -0.5500
v -6.9500 3.3000 -0.4800
v -8.0500 3.3000 -0.4800
v -7.9000 2.4500 -0.5700
v -7.1000 2.4500 -0.5700
v -7.1000 2.4500 -0.4900
v -7.9000 2.4500 -0.4900
v -7.9000 3.1500 -0.5700
v -7.1000 3.1500 -0.5700
v -7.1000 3.1500 -0.4900
v -7.9000 3.1500 -0.4900
v -5.0500 2.3000 -0.5500
v -3.9500 2.3000 -0.5500
v -3.9500 2.3000 -0.4800
v -5.0500 2.3000 -0.4800
v -5.0500 3.3000 -0.5500
v -3.9500 3.3000 -0.5500
v -3.9500 3.3000 -0.4800
v -5.0500 3.3000 -0.4800
v -4.9000 2.4500 -0.5700
v -4.1000 2.4500 -0.5700
v -4.1000 2.4500 -0.4900
v -4.9000 2.4500 -0.4900
v -4.9000 3.1500 -0.5700
v -4.1000 3.1500 -0.5700
v -4.1000 3.1500 -0.4900
v -4.9000 3.1500 -0.4900
v -4.6000 5.1000 1.7000
v -4.0000 5.1000 1.7000
v -4.0000 5.1000 2.3000
v -4.6000 5.1000 2.3000
v -4.6000 6.1000 1.7000
v -4.0000 6.1000 1.7000
v -4.0000 6.1000 2.3000
v -4.6000 6.1000 2.3000
usemtl house_3_foundation
f 1604 1605 1606 1607
f 1608 1609 1610 1611
f 1604 1605 1609 1608
f 1606 1607 1611 1610
f 1605 1606 1610 1609
f 1607 1604 1608 1611
usemtl house_3_wall_0
f 1612 1613 1614 1615
f 1616 1617 1618 1619
f 1612 1613 1617 1616
f 1614 1615 1619 1618
f 1613 1614 1618 1617
f 1615 1612 1616 1619
usemtl house_3_wall_1
f 1620 1621 1622 1623
f 1624 1625 1626 1627
f 1620 1621 1625 1624
f 1622 1623 1627 1626
f 1621 1622 1626 1625
f 1623 1620 1624 1627
usemtl house_3_roof_0
f 1628 1629 1633 1632
usemtl house_3_roof_1
f 1631 1630 1633 1632
usemtl house_3_wall_0
f 1628 1631 1632
usemtl house_3_wall_1
f 1629 1630 1633
usemtl house_3_frame
f 1634 1635 1636 1637
f 1638 1639 1640 1641
f 1634 1635 1639 1638
f 1636 1637 1641 1640
f 1635 1636 1640 1639
f 1637 1634 1638 1641
usemtl house_3_door
f 1642 1643 1644 1645
f 1646 1647 1648 1649
f 1642 1643 1647 1646
f 1644 1645 1649 1648
f 1643 1644 1648 1647
f 1645 1642 1646 1649
usemtl house_3_frame
f 1650 1651 1652 1653
f 1654 1655 1656 1657
f 1650 1651 1655 1654
f 1652 1653 1657 1656
f 1651 1652 1656 1655
f 1653 1650 1654 1657
usemtl house_3_glass
f 1658 1659 1660 1661
f 1662 1663 1664 1665
f 1658 1659 1663 1662
f 1660 1661 1665 1664
f 1659 1660 1664 1663
f 1661 1658 1662 1665
usemtl house_3_frame
f 1666 1667 1668 1669
f 1670 1671 1672 1673
f 1666 1667 1671 1670
f 1668 1669 1673 1672
f 1667 1668 1672 1671
f 1669 1666 1670 1673
usemtl house_3_glass
f 1674 1675 1676 1677
f 1678 1679 1680 1681
f 1674 1675 1679 1678
f 1676 1677 1681 1680
f 1675 1676 1680 1679
f 1677 1674 1678 1681
usemtl house_3_chimney
f 1682 1683 1684 1685
f 1686 1687 1688 1689
f 1682 1683 1687 1686
f 1684 1685 1689 1688
f 1683 1684 1688 1687
f 1685 1682 1686 1689
o house_4
v 3.0000 1.1000 -0.5000
v 9.0000 1.1000 -0.5000
v 9.0000 1.1000 4.5000
v 3.0000 1.1000 4.5000
v 3.0000 1.4000 -0.5000
v 9.0000 1.4000 -0.5000
v 9.0000 1.4000 4.5000
v 3.0000 1.4000 4.5000
v 3.1000 1.4000 -0.4000
v 6.0000 1.4000 -0.4000
v 6.0000 1.4000 4.4000
v 3.1000 1.4000 4.4000
v 3.1000 4.1000 -0.4000
v 6.0000 4.1000 -0.4000
v 6.0000 4.1000 4.4000
v 3.1000 4.1000 4.4000
v 6.0000 1.4000 -0.4000
v 8.9000 1.4000 -0.4000
v 8.9000 1.4000 4.4000
v 6.0000 1.4000 4.4000
v 6.0000 4.1000 -0.4000
v 8.9000 4.1000 -0.4000
v 8.9000 4.1000 4.4000
v 6.0000 4.1000 4.4000
v 3.0000 4.1000 -0.5000
v 9.0000 4.1000 -0.5000
v 9.0000 4.1000 4.5000
v 3.0000 4.1000 4.5000
v 3.0000 5.5000 2.0000
v 9.0000 5.5000 2.0000
v 5.3000 1.4000 -0.5600
v 6.7000 1.4000 -0.5600
v 6.7000 1.4000 -0.4800
v 5.3000 1.4000 -0.4800
v 5.3000 3.4000 -0.5600
v 6.7000 3.4000 -0.5600
v 6.7000 3.4000 -0.4800
v 5.3000 3.4000 -0.4800
v 5.4500 1.4000 -0.5800
v 6.5500 1.4000 -0.5800
v 6.5500 1.4000 -0.4900
v 5.4500 1.4000 -0.4900
v 5.4500 3.2500 -0.5800
v 6.5500 3.2500 -0.5800
v 6.5500 3.2500 -0.4900
v 5.4500 3.2500 -0.4900
v 3.9500 2.3000 -0.5500
v 5.0500 2.3000 -0.5500
v 5.0500 2.3000 -0.4800
v 3.9500 2.3000 -0.4800
v 3.9500 3.3000 -0.5500
v 5.0500 3.3000 -0.5500
v 5.0500 3.3000 -0.4800
v 3.9500 3.3000 -0.4800
v 4.1000 2.4500 -0.5700
v 4.9000 2.4500 -0.5700
v 4.9000 2.4500 -0.4900
v 4.1000 2.4500 -0.4900
v 4.1000 3.1500 -0.5700
v 4.9000 3.1500 -0.5700
v 4.9000 3.1500 -0.4900
v 4.1000 3.1500 -0.4900
v 6.9500 2.3000 -0.5500
v 8.0500 2.3000 -0.5500
v 8.0500 2.3000 -0.4800
v 6.9500 2.3000 -0.4800
v 6.9500 3.3000 -0.5500
v 8.0500 3.3000 -0.5500
v 8.0500 3.3000 -0.4800
v 6.9500 3.3000 -0.4800
v 7.1000 2.4500 -0.5700
v 7.9000 2.4500 -0.5700
v 7.9000 2.4500 -0.4900
v 7.1000 2.4500 -0.4900
v 7.1000 3.1500 -0.5700
v 7.9000 3.1500 -0.5700
v 7.9000 3.1500 -0.4900
v 7.1000 3.1500 -0.4900
v 7.4000 5.1000 1.7000
v 8.0000 5.1000 1.7000
v 8.0000 5.1000 2.3000
v 7.4000 5.1000 2.3000
v 7.4000 6.1000 1.7000
v 8.0000 6.1000 1.7000
v 8.0000 6.1000 2.3000
v 7.4000 6.1000 2.3000
usemtl house_4_foundation
f 1690 1691 1692 1693
f 1694 1695 1696 1697
f 1690 1691 1695 1694
f 1692 1693 1697 1696
f 1691 1692 1696 1695
f 1693 1690 1694 1697
usemtl house_4_wall_0
f 1698 1699 1700 1701
f 1702 1703 1704 1705
f 1698 1699 1703 1702
f 1700 1701 1705 1704
f 1699 1700 1704 1703
f 1701 1698 1702 1705
usemtl house_4_wall_1
f 1706 1707 1708 1709
f 1710 1711 1712 1713
f 1706 1707 1711 1710
f 1708 1709 1713 1712
f 1707 1708 1712 1711
f 1709 1706 1710 1713
usemtl house_4_roof_0
f 1714 1715 1719 1718
usemtl house_4_roof_1
f 1717 1716 1719 1718
usemtl house_4_wall_0
f 1714 1717 1718
usemtl house_4_wall_1
f 1715 1716 1719
usemtl house_4_frame
f 1720 1721 1722 1723
f 1724 1725 1726 1727
f 1720 1721 1725 1724
f 1722 1723 1727 1726
f 1721 1722 1726 1725
f 1723 1720 1724 1727
usemtl house_4_door
f 1728 1729 1730 1731
f 1732 1733 1734 1735
f 1728 1729 1733 1732
f 1730 1731 1735 1734
f 1729 1730 1734 1733
f 1731 1728 1732 1735
usemtl house_4_frame
f 1736 1737 1738 1739
f 1740 1741 1742 1743
f 1736 1737 1741 1740
f 1738 1739 1743 1742
f 1737 1738 1742 1741
f 1739 1736 1740 1743
usemtl house_4_glass
f 1744 1745 1746 1747
f 1748 1749 1750 1751
f 1744 1745 1749 1748
f 1746 1747 1751 1750
f 1745 1746 1750 1749
f 1747 1744 1748 1751
usemtl house_4_frame
f 1752 1753 1754 1755
f 1756 1757 1758 1759
f 1752 1753 1757 1756
f 1754 1755 1759 1758
f 1753 1754 1758 1757
f 1755 1752 1756 1759
usemtl house_4_glass
f 1760 1761 1762 1763
f 1764 1765 1766 1767
f 1760 1761 1765 1764
f 1762 1763 1767 1766
f 1761 1762 1766 1765
f 1763 1760 1764 1767
usemtl house_4_chimney
f 1768 1769 1770 1771
f 1772 1773 1774 1775
f 1768 1769 1773 1772
f 1770 1771 1775 1774
f 1769 1770 1774 1773
f 1771 1768 1772 1775
o house_5
v 15.0000 1.1000 -0.5000
v 21.0000 1.1000 -0.5000
v 21.0000 1.1000 4.5000
v 15.0000 1.1000 4.5000
v 15.0000 1.4000 -0.5000
v 21.0000 1.4000 -0.5000
v 21.0000 1.4000 4.5000
v 15.0000 1.4000 4.5000
v 15.1000 1.4000 -0.4000
v 18.0000 1.4000 -0.4000
v 18.0000 1.4000 4.4000
v 15.1000 1.4000 4.4000
v 15.1000 4.1000 -0.4000
v 18.0000 4.1000 -0.4000
v 18.0000 4.1000 4.4000
v 15.1000 4.1000 4.4000
v 18.0000 1.4000 -0.4000
v 20.9000 1.4000 -0.4000
v 20.9000 1.4000 4.4000
v 18.0000 1.4000 4.4000
v 18.0000 4.1000 -0.4000
v 20.9000 4.1000 -0.4000
v 20.9000 4.1000 4.4000
v 18.0000 4.1000 4.4000
v 15.0000 4.1000 -0.5000
v 21.0000 4.1000 -0.5000
v 21.0000 4.1000 4.5000
v 15.0000 4.1000 4.5000
v 15.0000 5.5000 2.0000
v 21.0000 5.5000 2.0000
v 17.3000 1.4000 -0.5600
v 18.7000 1.4000 -0.5600
v 18.7000 1.4000 -0.4800
v 17.3000 1.4000 -0.4800
v 17.3000 3.4000 -0.5600
v 18.7000 3.4000 -0.5600
v 18.7000 3.4000 -0.4800
v 17.3000 3.4000 -0.4800
v 17.4500 1.4000 -0.5800
v 18.5500 1.4000 -0.5800
v 18.5500 1.4000 -0.4900
v 17.4500 1.4000 -0.4900
v 17.4500 3.2500 -0.5800
v 18.5500 3.2500 -0.5800
v 18.5500 3.2500 -0.4900
v 17.4500 3.2500 -0.4900
v 15.9500 2.3000 -0.5500
v 17.0500 2.3000 -0.5500
v 17.0500 2.3000 -0.4800
v 15.9500 2.3000 -0.4800
v 15.9500 3.3000 -0.5500
v 17.0500 3.3000 -0.5500
v 17.0500 3.3000 -0.4800
v 15.9500 3.3000 -0.4800
v 16.1000 2.4500 -0.5700
v 16.9000 2.4500 -0.5700
v 16.9000 2.4500 -0.4900
v 16.1000 2.4500 -0.4900
v 16.1000 3.1500 -0.5700
v 16.9000 3.1500 -0.5700
v 16.9000 3.1500 -0.4900
v 16.1000 3.1500 -0.4900
v 18.9500 2.3000 -0.5500
v 20.0500 2.3000 -0.5500
v 20.0500 2.3000 -0.4800
v 18.9500 2.3000 -0.4800
v 18.9500 3.3000 -0.5500
v 20.0500 3.3000 -0.5500
v 20.0500 3.3000 -0.4800
v 18.9500 3.3000 -0.4800
v 19.1000 2.4500 -0.5700
v 19.9000 2.4500 -0.5700
v 19.9000 2.4500 -0.4900
v 19.1000 2.4500 -0.4900
v 19.1000 3.1500 -0.5700
v 19.9000 3.1500 -0.5700
v 19.9000 3.1500 -0.4900
v 19.1000 3.1500 -0.4900
v 19.4000 5.1000 1.7000
v 20.0000 5.1000 1.7000
v 20.0000 5.1000 2.3000
v 19.4000 5.1000 2.3000
v 19.4000 6.1000 1.7000
v 20.0000 6.1000 1.7000
v 20.0000 6.1000 2.3000
v 19.4000 6.1000 2.3000
usemtl house_5_foundation
f 1776 1777 1778 1779
f 1780 1781 1782 1783
f 1776 1777 1781 1780
f 1778 1779 1783 1782
f 1777 1778 1782 1781
f 1779 1776 1780 1783
usemtl house_5_wall_0
f 1784 1785 1786 1787
f 1788 1789 1790 1791
f 1784 1785 1789 1788
f 1786 1787 1791 1790
f 1785 1786 1790 1789
f 1787 1784 1788 1791
usemtl house_5_wall_1
f 1792 1793 1794 1795
f 1796 1797 1798 1799
f 1792 1793 1797 1796
f 1794 1795 1799 1798
f 1793 1794 1798 1797
f 1795 1792 1796 1799
usemtl house_5_roof_0
f 1800 1801 1805 1804
usemtl house_5_roof_1
f 1803 1802 1805 1804
usemtl house_5_wall_0
f 1800 1803 1804
usemtl house_5_wall_1
f 1801 1802 1805
usemtl house_5_frame
f 1806 1807 1808 1809
f 1810 1811 1812 1813
f 1806 1807 1811 1810
f 1808 1809 1813 1812
f 1807 1808 1812 1811
f 1809 1806 1810 1813
usemtl house_5_door
f 1814 1815 1816 1817
f 1818 1819 1820 1821
f 1814 1815 1819 1818
f 1816 1817 1821 1820
f 1815 1816 1820 1819
f 1817 1814 1818 1821
usemtl house_5_frame
f 1822 1823 1824 1825
f 1826 1827 1828 1829
f 1822 1823 1827 1826
f 1824 1825 1829 1828
f 1823 1824 1828 1827
f 1825 1822 1826 1829
usemtl house_5_glass
f 1830 1831 1832 1833
f 1834 1835 1836 1837
f 1830 1831 1835 1834
f 1832 1833 1837 1836
f 1831 1832 1836 1835
f 1833 1830 1834 1837
usemtl house_5_frame
f 1838 1839 1840 1841
f 1842 1843 1844 1845
f 1838 1839 1843 1842
f 1840 1841 1845 1844
f 1839 1840 1844 1843
f 1841 1838 1842 1845
usemtl house_5_glass
f 1846 1847 1848 1849
f 1850 1851 1852 1853
f 1846 1847 1851 1850
f 1848 1849 1853 1852
f 1847 1848 1852 1851
f 1849 1846 1850 1853
usemtl house_5_chimney
f 1854 1855 1856 1857
f 1858 1859 1860 1861
f 1854 1855 1859 1858
f 1856 1857 1861 1860
f 1855 1856 1860 1859
f 1857 1854 1858 1861
o pier_1
v 9.0000 0.6000 19.6052
v 9.0000 0.6000 19.9652
v 11.0000 0.6000 19.9652
v 11.0000 0.6000 19.6052
v 9.0000 0.7000 19.6052
v 9.0000 0.7000 19.9652
v 11.0000 0.7000 19.9652
v 11.0000 0.7000 19.6052
v 9.0000 0.6000 20.0052
v 9.0000 0.6000 20.3652
v 11.0000 0.6000 20.3652
v 11.0000 0.6000 20.0052
v 9.0000 0.7000 20.0052
v 9.0000 0.7000 20.3652
v 11.0000 0.7000 20.3652
v 11.0000 0.7000 20.0052
v 9.0000 0.6000 20.4052
v 9.0000 0.6000 20.7652
v 11.0000 0.6000 20.7652
v 11.0000 0.6000 20.4052
v 9.0000 0.7000 20.4052
v 9.0000 0.7000 20.7652
v 11.0000 0.7000 20.7652
v 11.0000 0.7000 20.4052
v 9.0000 0.6000 20.8052
v 9.0000 0.6000 21.1652
v 11.0000 0.6000 21.1652
v 11.0000 0.6000 20.8052
v 9.0000 0.7000 20.8052
v 9.0000 0.7000 21.1652
v 11.0000 0.7000 21.1652
v 11.0000 0.7000 20.8052
v 9.0000 0.6000 21.2052
v 9.0000 0.6000 21.5652
v 11.0000 0.6000 21.5652
v 11.0000 0.6000 21.2052
v 9.0000 0.7000 21.2052
v 9.0000 0.7000 21.5652
v 11.0000 0.7000 21.5652
v 11.0000 0.7000 21.2052
v 9.0000 0.6000 21.6052
v 9.0000 0.6000 21.9652
v 11.0000 0.6000 21.9652
v 11.0000 0.6000 21.6052
v 9.0000 0.7000 21.6052
v 9.0000 0.7000 21.9652
v 11.0000 0.7000 21.9652
v 11.0000 0.7000 21.6052
v 9.0000 0.6000 22.0052
v 9.0000 0.6000 22.3652
v 11.0000 0.6000 22.3652
v 11.0000 0.6000 22.0052
v 9.0000 0.7000 22.0052
v 9.0000 0.7000 22.3652
v 11.0000 0.7000 22.3652
v 11.0000 0.7000 22.0052
v 9.0000 0.6000 22.4052
v 9.0000 0.6000 22.7652
v 11.0000 0.6000 22.7652
v 11.0000 0.6000 22.4052
v 9.0000 0.7000 22.4052
v 9.0000 0.7000 22.7652
v 11.0000 0.7000 22.7652
v 11.0000 0.7000 22.4052
v 9.0000 0.6000 22.8052
v 9.0000 0.6000 23.1652
v 11.0000 0.6000 23.1652
v 11.0000 0.6000 22.8052
v 9.0000 0.7000 22.8052
v 9.0000 0.7000 23.1652
v 11.0000 0.7000 23.1652
v 11.0000 0.7000 22.8052
v 9.0000 0.6000 23.2052
v 9.0000 0.6000 23.5652
v 11.0000 0.6000 23.5652
v 11.0000 0.6000 23.2052
v 9.0000 0.7000 23.2052
v 9.0000 0.7000 23.5652
v 11.0000 0.7000 23.5652
v 11.0000 0.7000 23.2052
v 9.0000 0.6000 23.6052
v 9.0000 0.6000 23.9652
v 11.0000 0.6000 23.9652
v 11.0000 0.6000 23.6052
v 9.0000 0.7000 23.6052
v 9.0000 0.7000 23.9652
v 11.0000 0.7000 23.9652
v 11.0000 0.7000 23.6052
v 9.0000 0.6000 24.0052
v 9.0000 0.6000 24.3652
v 11.0000 0.6000 24.3652
v 11.0000 0.6000 24.0052
v 9.0000 0.7000 24.0052
v 9.0000 0.7000 24.3652
v 11.0000 0.7000 24.3652
v 11.0000 0.7000 24.0052
v 9.0000 0.6000 24.4052
v 9.0000 0.6000 24.7652
v 11.0000 0.6000 24.7652
v 11.0000 0.6000 24.4052
v 9.0000 0.7000 24.4052
v 9.0000 0.7000 24.7652
v 11.0000 0.7000 24.7652
v 11.0000 0.7000 24.4052
v 9.0000 0.6000 24.8052
v 9.0000 0.6000 25.1652
v 11.0000 0.6000 25.1652
v 11.0000 0.6000 24.8052
v 9.0000 0.7000 24.8052
v 9.0000 0.7000 25.1652
v 11.0000 0.7000 25.1652
v 11.0000 0.7000 24.8052
v 9.0000 0.6000 25.2052
v 9.0000 0.6000 25.5652
v 11.0000 0.6000 25.5652
v 11.0000 0.6000 25.2052
v 9.0000 0.7000 25.2052
v 9.0000 0.7000 25.5652
v 11.0000 0.7000 25.5652
v 11.0000 0.7000 25.2052
v 9.0000 0.6000 25.6052
v 9.0000 0.6000 25.9652
v 11.0000 0.6000 25.9652
v 11.0000 0.6000 25.6052
v 9.0000 0.7000 25.6052
v 9.0000 0.7000 25.9652
v 11.0000 0.7000 25.9652
v 11.0000 0.7000 25.6052
v 9.0000 0.6000 26.0052
v 9.0000 0.6000 26.3652
v 11.0000 0.6000 26.3652
v 11.0000 0.6000 26.0052
v 9.0000 0.7000 26.0052
v 9.0000 0.7000 26.3652
v 11.0000 0.7000 26.3652
v 11.0000 0.7000 26.0052
v 9.0000 0.6000 26.4052
v 9.0000 0.6000 26.7652
v 11.0000 0.6000 26.7652
v 11.0000 0.6000 26.4052
v 9.0000 0.7000 26.4052
v 9.0000 0.7000 26.7652
v 11.0000 0.7000 26.7652
v 11.0000 0.7000 26.4052
v 9.0000 0.6000 26.8052
v 9.0000 0.6000 27.1652
v 11.0000 0.6000 27.1652
v 11.0000 0.6000 26.8052
v 9.0000 0.7000 26.8052
v 9.0000 0.7000 27.1652
v 11.0000 0.7000 27.1652
v 11.0000 0.7000 26.8052
v 9.0000 0.6000 27.2052
v 9.0000 0.6000 27.5652
v 11.0000 0.6000 27.5652
v 11.0000 0.6000 27.2052
v 9.0000 0.7000 27.2052
v 9.0000 0.7000 27.5652
v 11.0000 0.7000 27.5652
v 11.0000 0.7000 27.2052
v 9.0000 0.6000 27.6052
v 9.0000 0.6000 27.9652
v 11.0000 0.6000 27.9652
v 11.0000 0.6000 27.6052
v 9.0000 0.7000 27.6052
v 9.0000 0.7000 27.9652
v 11.0000 0.7000 27.9652
v 11.0000 0.7000 27.6052
v 9.0000 0.6000 28.0052
v 9.0000 0.6000 28.3652
v 11.0000 0.6000 28.3652
v 11.0000 0.6000 28.0052
v 9.0000 0.7000 28.0052
v 9.0000 0.7000 28.3652
v 11.0000 0.7000 28.3652
v 11.0000 0.7000 28.0052
v 9.0000 0.6000 28.4052
v 9.0000 0.6000 28.7652
v 11.0000 0.6000 28.7652
v 11.0000 0.6000 28.4052
v 9.0000 0.7000 28.4052
v 9.0000 0.7000 28.7652
v 11.0000 0.7000 28.7652
v 11.0000 0.7000 28.4052
v 9.0000 0.6000 28.8052
v 9.0000 0.6000 29.1652
v 11.0000 0.6000 29.1652
v 11.0000 0.6000 28.8052
v 9.0000 0.7000 28.8052
v 9.0000 0.7000 29.1652
v 11.0000 0.7000 29.1652
v 11.0000 0.7000 28.8052
v 9.0000 0.6000 29.2052
v 9.0000 0.6000 29.5652
v 11.0000 0.6000 29.5652
v 11.0000 0.6000 29.2052
v 9.0000 0.7000 29.2052
v 9.0000 0.7000 29.5652
v 11.0000 0.7000 29.5652
v 11.0000 0.7000 29.2052
v 9.0000 0.6000 29.6052
v 9.0000 0.6000 29.9652
v 11.0000 0.6000 29.9652
v 11.0000 0.6000 29.6052
v 9.0000 0.7000 29.6052
v 9.0000 0.7000 29.9652
v 11.0000 0.7000 29.9652
v 11.0000 0.7000 29.6052
v 9.0000 0.6000 30.0052
v 9.0000 0.6000 30.3652
v 11.0000 0.6000 30.3652
v 11.0000 0.6000 30.0052
v 9.0000 0.7000 30.0052
v 9.0000 0.7000 30.3652
v 11.0000 0.7000 30.3652
v 11.0000 0.7000 30.0052
v 9.0000 0.6000 30.4052
v 9.0000 0.6000 30.7652
v 11.0000 0.6000 30.7652
v 11.0000 0.6000 30.4052
v 9.0000 0.7000 30.4052
v 9.0000 0.7000 30.7652
v 11.0000 0.7000 30.7652
v 11.0000 0.7000 30.4052
v 9.0000 0.6000 30.8052
v 9.0000 0.6000 31.1652
v 11.0000 0.6000 31.1652
v 11.0000 0.6000 30.8052
v 9.0000 0.7000 30.8052
v 9.0000 0.7000 31.1652
v 11.0000 0.7000 31.1652
v 11.0000 0.7000 30.8052
v 9.0000 0.6000 31.2052
v 9.0000 0.6000 31.5652
v 11.0000 0.6000 31.5652
v 11.0000 0.6000 31.2052
v 9.0000 0.7000 31.2052
v 9.0000 0.7000 31.5652
v 11.0000 0.7000 31.5652
v 11.0000 0.7000 31.2052
v 9.0000 0.6000 31.6052
v 9.0000 0.6000 31.9652
v 11.0000 0.6000 31.9652
v 11.0000 0.6000 31.6052
v 9.0000 0.7000 31.6052
v 9.0000 0.7000 31.9652
v 11.0000 0.7000 31.9652
v 11.0000 0.7000 31.6052
v 9.0000 0.6000 32.0052
v 9.0000 0.6000 32.3652
v 11.0000 0.6000 32.3652
v 11.0000 0.6000 32.0052
v 9.0000 0.7000 32.0052
v 9.0000 0.7000 32.3652
v 11.0000 0.7000 32.3652
v 11.0000 0.7000 32.0052
v 9.0000 0.6000 32.4052
v 9.0000 0.6000 32.7652
v 11.0000 0.6000 32.7652
v 11.0000 0.6000 32.4052
v 9.0000 0.7000 32.4052
v 9.0000 0.7000 32.7652
v 11.0000 0.7000 32.7652
v 11.0000 0.7000 32.4052
v 9.0000 0.6000 32.8052
v 9.0000 0.6000 33.1652
v 11.0000 0.6000 33.1652
v 11.0000 0.6000 32.8052
v 9.0000 0.7000 32.8052
v 9.0000 0.7000 33.1652
v 11.0000 0.7000 33.1652
v 11.0000 0.7000 32.8052
v 9.0000 0.6000 33.2052
v 9.0000 0.6000 33.5652
v 11.0000 0.6000 33.5652
v 11.0000 0.6000 33.2052
v 9.0000 0.7000 33.2052
v 9.0000 0.7000 33.5652
v 11.0000 0.7000 33.5652
v 11.0000 0.7000 33.2052
v 9.0300 -1.0000 19.9652
v 9.0300 -1.0000 20.2052
v 9.2700 -1.0000 20.2052
v 9.2700 -1.0000 19.9652
v 9.0300 0.6000 19.9652
v 9.0300 0.6000 20.2052
v 9.2700 0.6000 20.2052
v 9.2700 0.6000 19.9652
v 10.7300 -1.0000 19.9652
v 10.7300 -1.0000 20.2052
v 10.9700 -1.0000 20.2052
v 10.9700 -1.0000 19.9652
v 10.7300 0.6000 19.9652
v 10.7300 0.6000 20.2052
v 10.9700 0.6000 20.2052
v 10.9700 0.6000 19.9652
v 9.0300 -1.0000 21.5902
v 9.0300 -1.0000 21.8302
v 9.2700 -1.0000 21.8302
v 9.2700 -1.0000 21.5902
v 9.0300 0.6000 21.5902
v 9.0300 0.6000 21.8302
v 9.2700 0.6000 21.8302
v 9.2700 0.6000 21.5902
v 10.7300 -1.0000 21.5902
v 10.7300 -1.0000 21.8302
v 10.9700 -1.0000 21.8302
v 10.9700 -1.0000 21.5902
v 10.7300 0.6000 21.5902
v 10.7300 0.6000 21.8302
v 10.9700 0.6000 21.8302
v 10.9700 0.6000 21.5902
v 9.0300 -1.0000 23.2152
v 9.0300 -1.0000 23.4552
v 9.2700 -1.0000 23.4552
v 9.2700 -1.0000 23.2152
v 9.0300 0.6000 23.2152
v 9.0300 0.6000 23.4552
v 9.2700 0.6000 23.4552
v 9.2700 0.6000 23.2152
v 10.7300 -1.0000 23.2152
v 10.7300 -1.0000 23.4552
v 10.9700 -1.0000 23.4552
v 10.9700 -1.0000 23.2152
v 10.7300 0.6000 23.2152
v 10.7300 0.6000 23.4552
v 10.9700 0.6000 23.4552
v 10.9700 0.6000 23.2152
v 9.0300 -1.0000 24.8402
v 9.0300 -1.0000 25.0802
v 9.2700 -1.0000 25.0802
v 9.2700 -1.0000 24.8402
v 9.0300 0.6000 24.8402
v 9.0300 0.6000 25.0802
v 9.2700 0.6000 25.0802
v 9.2700 0.6000 24.8402
v 10.7300 -1.0000 24.8402
v 10.7300 -1.0000 25.0802
v 10.9700 -1.0000 25.0802
v 10.9700 -1.0000 24.8402
v 10.7300 0.6000 24.8402
v 10.7300 0.6000 25.0802
v 10.9700 0.6000 25.0802
v 10.9700 0.6000 24.8402
v 9.0300 -1.0000 26.4652
v 9.0300 -1.0000 26.7052
v 9.2700 -1.0000 26.7052
v 9.2700 -1.0000 26.4652
v 9.0300 0.6000 26.4652
v 9.0300 0.6000 26.7052
v 9.2700 0.6000 26.7052
v 9.2700 0.6000 26.4652
v 10.7300 -1.0000 26.4652
v 10.7300 -1.0000 26.7052
v 10.9700 -1.0000 26.7052
v 10.9700 -1.0000 26.4652
v 10.7300 0.6000 26.4652
v 10.7300 0.6000 26.7052
v 10.9700 0.6000 26.7052
v 10.9700 0.6000 26.4652
v 9.0300 -1.0000 28.0902
v 9.0300 -1.0000 28.3302
v 9.2700 -1.0000 28.3302
v 9.2700 -1.0000 28.0902
v 9.0300 0.6000 28.0902
v 9.0300 0.6000 28.3302
v 9.2700 0.6000 28.3302
v 9.2700 0.6000 28.0902
v 10.7300 -1.0000 28.0902
v 10.7300 -1.0000 28.3302
v 10.9700 -1.0000 28.3302
v 10.9700 -1.0000 28.0902
v 10.7300 0.6000 28.0902
v 10.7300 0.6000 28.3302
v 10.9700 0.6000 28.3302
v 10.9700 0.6000 28.0902
v 9.0300 -1.0000 29.7152
v 9.0300 -1.0000 29.9552
v 9.2700 -1.0000 29.9552
v 9.2700 -1.0000 29.7152
v 9.0300 0.6000 29.7152
v 9.0300 0.6000 29.9552
v 9.2700 0.6000 29.9552
v 9.2700 0.6000 29.7152
v 10.7300 -1.0000 29.7152
v 10.7300 -1.0000 29.9552
v 10.9700 -1.0000 29.9552
v 10.9700 -1.0000 29.7152
v 10.7300 0.6000 29.7152
v 10.7300 0.6000 29.9552
v 10.9700 0.6000 29.9552
v 10.9700 0.6000 29.7152
v 9.0300 -1.0000 31.3402
v 9.0300 -1.0000 31.5802
v 9.2700 -1.0000 31.5802
v 9.2700 -1.0000 31.3402
v 9.0300 0.6000 31.3402
v 9.0300 0.6000 31.5802
v 9.2700 0.6000 31.5802
v 9.2700 0.6000 31.3402
v 10.7300 -1.0000 31.3402
v 10.7300 -1.0000 31.5802
v 10.9700 -1.0000 31.5802
v 10.9700 -1.0000 31.3402
v 10.7300 0.6000 31.3402
v 10.7300 0.6000 31.5802
v 10.9700 0.6000 31.5802
v 10.9700 0.6000 31.3402
v 9.0300 -1.0000 32.9652
v 9.0300 -1.0000 33.2052
v 9.2700 -1.0000 33.2052
v 9.2700 -1.0000 32.9652
v 9.0300 0.6000 32.9652
v 9.0300 0.6000 33.2052
v 9.2700 0.6000 33.2052
v 9.2700 0.6000 32.9652
v 10.7300 -1.0000 32.9652
v 10.7300 -1.0000 33.2052
v 10.9700 -1.0000 33.2052
v 10.9700 -1.0000 32.9652
v 10.7300 0.6000 32.9652
v 10.7300 0.6000 33.2052
v 10.9700 0.6000 33.2052
v 10.9700 0.6000 32.9652
v 8.9400 0.7000 20.3252
v 8.9400 0.7000 20.4452
v 9.0600 0.7000 20.4452
v 9.0600 0.7000 20.3252
v 8.9400 1.6000 20.3252
v 8.9400 1.6000 20.4452
v 9.0600 1.6000 20.4452
v 9.0600 1.6000 20.3252
v 10.9400 0.7000 20.3252
v 10.9400 0.7000 20.4452
v 11.0600 0.7000 20.4452
v 11.0600 0.7000 20.3252
v 10.9400 1.6000 20.3252
v 10.9400 1.6000 20.4452
v 11.0600 1.6000 20.4452
v 11.0600 1.6000 20.3252
v 8.9400 0.7000 23.4252
v 8.9400 0.7000 23.5452
v 9.0600 0.7000 23.5452
v 9.0600 0.7000 23.4252
v 8.9400 1.6000 23.4252
v 8.9400 1.6000 23.5452
v 9.0600 1.6000 23.5452
v 9.0600 1.6000 23.4252
v 10.9400 0.7000 23.4252
v 10.9400 0.7000 23.5452
v 11.0600 0.7000 23.5452
v 11.0600 0.7000 23.4252
v 10.9400 1.6000 23.4252
v 10.9400 1.6000 23.5452
v 11.0600 1.6000 23.5452
v 11.0600 1.6000 23.4252
v 8.9400 0.7000 26.5252
v 8.9400 0.7000 26.6452
v 9.0600 0.7000 26.6452
v 9.0600 0.7000 26.5252
v 8.9400 1.6000 26.5252
v 8.9400 1.6000 26.6452
v 9.0600 1.6000 26.6452
v 9.0600 1.6000 26.5252
v 10.9400 0.7000 26.5252
v 10.9400 0.7000 26.6452
v 11.0600 0.7000 26.6452
v 11.0600 0.7000 26.5252
v 10.9400 1.6000 26.5252
v 10.9400 1.6000 26.6452
v 11.0600 1.6000 26.6452
v 11.0600 1.6000 26.5252
v 8.9400 0.7000 29.6252
v 8.9400 0.7000 29.7452
v 9.0600 0.7000 29.7452
v 9.0600 0.7000 29.6252
v 8.9400 1.6000 29.6252
v 8.9400 1.6000 29.7452
v 9.0600 1.6000 29.7452
v 9.0600 1.6000 29.6252
v 10.9400 0.7000 29.6252
v 10.9400 0.7000 29.7452
v 11.0600 0.7000 29.7452
v 11.0600 0.7000 29.6252
v 10.9400 1.6000 29.6252
v 10.9400 1.6000 29.7452
v 11.0600 1.6000 29.7452
v 11.0600 1.6000 29.6252
v 8.9400 0.7000 32.7252
v 8.9400 0.7000 32.8452
v 9.0600 0.7000 32.8452
v 9.0600 0.7000 32.7252
v 8.9400 1.6000 32.7252
v 8.9400 1.6000 32.8452
v 9.0600 1.6000 32.8452
v 9.0600 1.6000 32.7252
v 10.9400 0.7000 32.7252
v 10.9400 0.7000 32.8452
v 11.0600 0.7000 32.8452
v 11.0600 0.7000 32.7252
v 10.9400 1.6000 32.7252
v 10.9400 1.6000 32.8452
v 11.0600 1.6000 32.8452
v 11.0600 1.6000 32.7252
v 8.9500 1.5500 20.1852
v 8.9500 1.5500 32.9852
v 9.0500 1.5500 32.9852
v 9.0500 1.5500 20.1852
v 8.9500 1.6500 20.1852
v 8.9500 1.6500 32.9852
v 9.0500 1.6500 32.9852
v 9.0500 1.6500 20.1852
v 10.9500 1.5500 20.1852
v 10.9500 1.5500 32.9852
v 11.0500 1.5500 32.9852
v 11.0500 1.5500 20.1852
v 10.9500 1.6500 20.1852
v 10.9500 1.6500 32.9852
v 11.0500 1.6500 32.9852
v 11.0500 1.6500 20.1852
v 9.1500 0.7000 33.0852
v 9.1500 0.7000 33.3852
v 9.4500 0.7000 33.3852
v 9.4500 0.7000 33.0852
v 9.1500 1.1000 33.0852
v 9.1500 1.1000 33.3852
v 9.4500 1.1000 33.3852
v 9.4500 1.1000 33.0852
v 10.5500 0.7000 33.0852
v 10.5500 0.7000 33.3852
v 10.8500 0.7000 33.3852
v 10.8500 0.7000 33.0852
v 10.5500 1.1000 33.0852
v 10.5500 1.1000 33.3852
v 10.8500 1.1000 33.3852
v 10.8500 1.1000 33.0852
usemtl pier_1_plank_0
f 1862 1863 1864 1865
f 1866 1867 1868 1869
f 1862 1863 1867 1866
f 1864 1865 1869 1868
f 1863 1864 1868 1867
f 1865 1862 1866 1869
usemtl pier_1_plank_1
f 1870 1871 1872 1873
f 1874 1875 1876 1877
f 1870 1871 1875 1874
f 1872 1873 1877 1876
f 1871 1872 1876 1875
f 1873 1870 1874 1877
usemtl pier_1_plank_0
f 1878 1879 1880 1881
f 1882 1883 1884 1885
f 1878 1879 1883 1882
f 1880 1881 1885 1884
f 1879 1880 1884 1883
f 1881 1878 1882 1885
usemtl pier_1_plank_1
f 1886 1887 1888 1889
f 1890 1891 1892 1893
f 1886 1887 1891 1890
f 1888 1889 1893 1892
f 1887 1888 1892 1891
f 1889 1886 1890 1893
usemtl pier_1_plank_0
f 1894 1895 1896 1897
f 1898 1899 1900 1901
f 1894 1895 1899 1898
f 1896 1897 1901 1900
f 1895 1896 1900 1899
f 1897 1894 1898 1901
usemtl pier_1_plank_1
f 1902 1903 1904 1905
f 1906 1907 1908 1909
f 1902 1903 1907 1906
f 1904 1905 1909 1908
f 1903 1904 1908 1907
f 1905 1902 1906 1909
usemtl pier_1_plank_0
f 1910 1911 1912 1913
f 1914 1915 1916 1917
f 1910 1911 1915 1914
f 1912 1913 1917 1916
f 1911 1912 1916 1915
f 1913 1910 1914 1917
usemtl pier_1_plank_1
f 1918 1919 1920 1921
f 1922 1923 1924 1925
f 1918 1919 1923 1922
f 1920 1921 1925 1924
f 1919 1920 1924 1923
f 1921 1918 1922 1925
usemtl pier_1_plank_0
f 1926 1927 1928 1929
f 1930 1931 1932 1933
f 1926 1927 1931 1930
f 1928 1929 1933 1932
f 1927 1928 1932 1931
f 1929 1926 1930 1933
usemtl pier_1_plank_1
f 1934 1935 1936 1937
f 1938 1939 1940 1941
f 1934 1935 1939 1938
f 1936 1937 1941 1940
f 1935 1936 1940 1939
f 1937 1934 1938 1941
usemtl pier_1_plank_0
f 1942 1943 1944 1945
f 1946 1947 1948 1949
f 1942 1943 1947 1946
f 1944 1945 1949 1948
f 1943 1944 1948 1947
f 1945 1942 1946 1949
usemtl pier_1_plank_1
f 1950 1951 1952 1953
f 1954 1955 1956 1957
f 1950 1951 1955 1954
f 1952 1953 1957 1956
f 1951 1952 1956 1955
f 1953 1950 1954 1957
usemtl pier_1_plank_0
f 1958 1959 1960 1961
f 1962 1963 1964 1965
f 1958 1959 1963 1962
f 1960 1961 1965 1964
f 1959 1960 1964 1963
f 1961 1958 1962 1965
usemtl pier_1_plank_1
f 1966 1967 1968 1969
f 1970 1971 1972 1973
f 1966 1967 1971 1970
f 1968 1969 1973 1972
f 1967 1968 1972 1971
f 1969 1966 1970 1973
usemtl pier_1_plank_0
f 1974 1975 1976 1977
f 1978 1979 1980 1981
f 1974 1975 1979 1978
f 1976 1977 1981 1980
f 1975 1976 1980 1979
f 1977 1974 1978 1981
usemtl pier_1_plank_1
f 1982 1983 1984 1985
f 1986 1987 1988 1989
f 1982 1983 1987 1986
f 1984 1985 1989 1988
f 1983 1984 1988 1987
f 1985 1982 1986 1989
usemtl pier_1_plank_0
f 1990 1991 1992 1993
f 1994 1995 1996 1997
f 1990 1991 1995 1994
f 1992 1993 1997 1996
f 1991 1992 1996 1995
f 1993 1990 1994 1997
usemtl pier_1_plank_1
f 1998 1999 2000 2001
f 2002 2003 2004 2005
f 1998 1999 2003 2002
f 2000 2001 2005 2004
f 1999 2000 2004 2003
f 2001 1998 2002 2005
usemtl pier_1_plank_0
f 2006 2007 2008 2009
f 2010 2011 2012 2013
f 2006 2007 2011 2010
f 2008 2009 2013 2012
f 2007 2008 2012 2011
f 2009 2006 2010 2013
usemtl pier_1_plank_1
f 2014 2015 2016 2017
f 2018 2019 2020 2021
f 2014 2015 2019 2018
f 2016 2017 2021 2020
f 2015 2016 2020 2019
f 2017 2014 2018 2021
usemtl pier_1_plank_0
f 2022 2023 2024 2025
f 2026 2027 2028 2029
f 2022 2023 2027 2026
f 2024 2025 2029 2028
f 2023 2024 2028 2027
f 2025 2022 2026 2029
usemtl pier_1_plank_1
f 2030 2031 2032 2033
f 2034 2035 2036 2037
f 2030 2031 2035 2034
f 2032 2033 2037 2036
f 2031 2032 2036 2035
f 2033 2030 2034 2037
usemtl pier_1_plank_0
f 2038 2039 2040 2041
f 2042 2043 2044 2045
f 2038 2039 2043 2042
f 2040 2041 2045 2044
f 2039 2040 2044 2043
f 2041 2038 2042 2045
usemtl pier_1_plank_1
f 2046 2047 2048 2049
f 2050 2051 2052 2053
f 2046 2047 2051 2050
f 2048 2049 2053 2052
f 2047 2048 2052 2051
f 2049 2046 2050 2053
usemtl pier_1_plank_0
f 2054 2055 2056 2057
f 2058 2059 2060 2061
f 2054 2055 2059 2058
f 2056 2057 2061 2060
f 2055 2056 2060 2059
f 2057 2054 2058 2061
usemtl pier_1_plank_1
f 2062 2063 2064 2065
f 2066 2067 2068 2069
f 2062 2063 2067 2066
f 2064 2065 2069 2068
f 2063 2064 2068 2067
f 2065 2062 2066 2069
usemtl pier_1_plank_0
f 2070 2071 2072 2073
f 2074 2075 2076 2077
f 2070 2071 2075 2074
f 2072 2073 2077 2076
f 2071 2072 2076 2075
f 2073 2070 2074 2077
usemtl pier_1_plank_1
f 2078 2079 2080 2081
f 2082 2083 2084 2085
f 2078 2079 2083 2082
f 2080 2081 2085 2084
f 2079 2080 2084 2083
f 2081 2078 2082 2085
usemtl pier_1_plank_0
f 2086 2087 2088 2089
f 2090 2091 2092 2093
f 2086 2087 2091 2090
f 2088 2089 2093 2092
f 2087 2088 2092 2091
f 2089 2086 2090 2093
usemtl pier_1_plank_1
f 2094 2095 2096 2097
f 2098 2099 2100 2101
f 2094 2095 2099 2098
f 2096 2097 2101 2100
f 2095 2096 2100 2099
f 2097 2094 2098 2101
usemtl pier_1_plank_0
f 2102 2103 2104 2105
f 2106 2107 2108 2109
f 2102 2103 2107 2106
f 2104 2105 2109 2108
f 2103 2104 2108 2107
f 2105 2102 2106 2109
usemtl pier_1_plank_1
f 2110 2111 2112 2113
f 2114 2115 2116 2117
f 2110 2111 2115 2114
f 2112 2113 2117 2116
f 2111 2112 2116 2115
f 2113 2110 2114 2117
usemtl pier_1_plank_0
f 2118 2119 2120 2121
f 2122 2123 2124 2125
f 2118 2119 2123 2122
f 2120 2121 2125 2124
f 2119 2120 2124 2123
f 2121 2118 2122 2125
usemtl pier_1_plank_1
f 2126 2127 2128 2129
f 2130 2131 2132 2133
f 2126 2127 2131 2130
f 2128 2129 2133 2132
f 2127 2128 2132 2131
f 2129 2126 2130 2133
usemtl pier_1_plank_0
f 2134 2135 2136 2137
f 2138 2139 2140 2141
f 2134 2135 2139 2138
f 2136 2137 2141 2140
f 2135 2136 2140 2139
f 2137 2134 2138 2141
usemtl pier_1_pile
f 2142 2143 2144 2145
f 2146 2147 2148 2149
f 2142 2143 2147 2146
f 2144 2145 2149 2148
f 2143 2144 2148 2147
f 2145 2142 2146 2149
f 2150 2151 2152 2153
f 2154 2155 2156 2157
f 2150 2151 2155 2154
f 2152 2153 2157 2156
f 2151 2152 2156 2155
f 2153 2150 2154 2157
f 2158 2159 2160 2161
f 2162 2163 2164 2165
f 2158 2159 2163 2162
f 2160 2161 2165 2164
f 2159 2160 2164 2163
f 2161 2158 2162 2165
f 2166 2167 2168 2169
f 2170 2171 2172 2173
f 2166 2167 2171 2170
f 2168 2169 2173 2172
f 2167 2168 2172 2171
f 2169 2166 2170 2173
f 2174 2175 2176 2177
f 2178 2179 2180 2181
f 2174 2175 2179 2178
f 2176 2177 2181 2180
f 2175 2176 2180 2179
f 2177 2174 2178 2181
f 2182 2183 2184 2185
f 2186 2187 2188 2189
f 2182 2183 2187 2186
f 2184 2185 2189 2188
f 2183 2184 2188 2187
f 2185 2182 2186 2189
f 2190 2191 2192 2193
f 2194 2195 2196 2197
f 2190 2191 2195 2194
f 2192 2193 2197 2196
f 2191 2192 2196 2195
f 2193 2190 2194 2197
f 2198 2199 2200 2201
f 2202 2203 2204 2205
f 2198 2199 2203 2202
f 2200 2201 2205 2204
f 2199 2200 2204 2203
f 2201 2198 2202 2205
f 2206 2207 2208 2209
f 2210 2211 2212 2213
f 2206 2207 2211 2210
f 2208 2209 2213 2212
f 2207 2208 2212 2211
f 2209 2206 2210 2213
f 2214 2215 2216 2217
f 2218 2219 2220 2221
f 2214 2215 2219 2218
f 2216 2217 2221 2220
f 2215 2216 2220 2219
f 2217 2214 2218 2221
f 2222 2223 2224 2225
f 2226 2227 2228 2229
f 2222 2223 2227 2226
f 2224 2225 2229 2228
f 2223 2224 2228 2227
f 2225 2222 2226 2229
f 2230 2231 2232 2233
f 2234 2235 2236 2237
f 2230 2231 2235 2234
f 2232 2233 2237 2236
f 2231 2232 2236 2235
f 2233 2230 2234 2237
f 2238 2239 2240 2241
f 2242 2243 2244 2245
f 2238 2239 2243 2242
f 2240 2241 2245 2244
f 2239 2240 2244 2243
f 2241 2238 2242 2245
f 2246 2247 2248 2249
f 2250 2251 2252 2253
f 2246 2247 2251 2250
f 2248 2249 2253 2252
f 2247 2248 2252 2251
f 2249 2246 2250 2253
f 2254 2255 2256 2257
f 2258 2259 2260 2261
f 2254 2255 2259 2258
f 2256 2257 2261 2260
f 2255 2256 2260 2259
f 2257 2254 2258 2261
f 2262 2263 2264 2265
f 2266 2267 2268 2269
f 2262 2263 2267 2266
f 2264 2265 2269 2268
f 2263 2264 2268 2267
f 2265 2262 2266 2269
f 2270 2271 2272 2273
f 2274 2275 2276 2277
f 2270 2271 2275 2274
f 2272 2273 2277 2276
f 2271 2272 2276 2275
f 2273 2270 2274 2277
f 2278 2279 2280 2281
f 2282 2283 2284 2285
f 2278 2279 2283 2282
f 2280 2281 2285 2284
f 2279 2280 2284 2283
f 2281 2278 2282 2285
usemtl pier_1_rail_post
f 2286 2287 2288 2289
f 2290 2291 2292 2293
f 2286 2287 2291 2290
f 2288 2289 2293 2292
f 2287 2288 2292 2291
f 2289 2286 2290 2293
f 2294 2295 2296 2297
f 2298 2299 2300 2301
f 2294 2295 2299 2298
f 2296 2297 2301 2300
f 2295 2296 2300 2299
f 2297 2294 2298 2301
f 2302 2303 2304 2305
f 2306 2307 2308 2309
f 2302 2303 2307 2306
f 2304 2305 2309 2308
f 2303 2304 2308 2307
f 2305 2302 2306 2309
f 2310 2311 2312 2313
f 2314 2315 2316 2317
f 2310 2311 2315 2314
f 2312 2313 2317 2316
f 2311 2312 2316 2315
f 2313 2310 2314 2317
f 2318 2319 2320 2321
f 2322 2323 2324 2325
f 2318 2319 2323 2322
f 2320 2321 2325 2324
f 2319 2320 2324 2323
f 2321 2318 2322 2325
f 2326 2327 2328 2329
f 2330 2331 2332 2333
f 2326 2327 2331 2330
f 2328 2329 2333 2332
f 2327 2328 2332 2331
f 2329 2326 2330 2333
f 2334 2335 2336 2337
f 2338 2339 2340 2341
f 2334 2335 2339 2338
f 2336 2337 2341 2340
f 2335 2336 2340 2339
f 2337 2334 2338 2341
f 2342 2343 2344 2345
f 2346 2347 2348 2349
f 2342 2343 2347 2346
f 2344 2345 2349 2348
f 2343 2344 2348 2347
f 2345 2342 2346 2349
f 2350 2351 2352 2353
f 2354 2355 2356 2357
f 2350 2351 2355 2354
f 2352 2353 2357 2356
f 2351 2352 2356 2355
f 2353 2350 2354 2357
f 2358 2359 2360 2361
f 2362 2363 2364 2365
f 2358 2359 2363 2362
f 2360 2361 2365 2364
f 2359 2360 2364 2363
f 2361 2358 2362 2365
usemtl pier_1_rail_top
f 2366 2367 2368 2369
f 2370 2371 2372 2373
f 2366 2367 2371 2370
f 2368 2369 2373 2372
f 2367 2368 2372 2371
f 2369 2366 2370 2373
f 2374 2375 2376 2377
f 2378 2379 2380 2381
f 2374 2375 2379 2378
f 2376 2377 2381 2380
f 2375 2376 2380 2379
f 2377 2374 2378 2381
usemtl pier_1_bollard
f 2382 2383 2384 2385
f 2386 2387 2388 2389
f 2382 2383 2387 2386
f 2384 2385 2389 2388
f 2383 2384 2388 2387
f 2385 2382 2386 2389
f 2390 2391 2392 2393
f 2394 2395 2396 2397
f 2390 2391 2395 2394
f 2392 2393 2397 2396
f 2391 2392 2396 2395
f 2393 2390 2394 2397
o tree_1
v 5.8500 1.1000 -26.1500
v 6.1500 1.1000 -26.1500
v 6.1500 1.1000 -25.8500
v 5.8500 1.1000 -25.8500
v 5.8500 2.6000 -26.1500
v 6.1500 2.6000 -26.1500
v 6.1500 2.6000 -25.8500
v 5.8500 2.6000 -25.8500
v 4.5000 2.6000 -27.5000
v 7.5000 2.6000 -27.5000
v 7.5000 2.6000 -24.5000
v 4.5000 2.6000 -24.5000
v 4.5000 4.0000 -27.5000
v 7.5000 4.0000 -27.5000
v 7.5000 4.0000 -24.5000
v 4.5000 4.0000 -24.5000
v 5.0000 3.8000 -27.0000
v 7.0000 3.8000 -27.0000
v 7.0000 3.8000 -25.0000
v 5.0000 3.8000 -25.0000
v 5.0000 5.0000 -27.0000
v 7.0000 5.0000 -27.0000
v 7.0000 5.0000 -25.0000
v 5.0000 5.0000 -25.0000
v 5.5500 4.8000 -26.4500
v 6.4500 4.8000 -26.4500
v 6.4500 4.8000 -25.5500
v 5.5500 4.8000 -25.5500
v 5.5500 5.1000 -26.4500
v 6.4500 5.1000 -26.4500
v 6.4500 5.1000 -25.5500
v 5.5500 5.1000 -25.5500
usemtl tree_1_trunk
f 2398 2399 2400 2401
f 2402 2403 2404 2405
f 2398 2399 2403 2402
f 2400 2401 2405 2404
f 2399 2400 2404 2403
f 2401 2398 2402 2405
usemtl tree_1_leaves_0
f 2406 2407 2408 2409
f 2410 2411 2412 2413
f 2406 2407 2411 2410
f 2408 2409 2413 2412
f 2407 2408 2412 2411
f 2409 2406 2410 2413
usemtl tree_1_leaves_1
f 2414 2415 2416 2417
f 2418 2419 2420 2421
f 2414 2415 2419 2418
f 2416 2417 2421 2420
f 2415 2416 2420 2419
f 2417 2414 2418 2421
usemtl tree_1_leaves_0
f 2422 2423 2424 2425
f 2426 2427 2428 2429
f 2422 2423 2427 2426
f 2424 2425 2429 2428
f 2423 2424 2428 2427
f 2425 2422 2426 2429
o tree_2
v 10.3500 1.1000 -22.1500
v 10.6500 1.1000 -22.1500
v 10.6500 1.1000 -21.8500
v 10.3500 1.1000 -21.8500
v 10.3500 2.6000 -22.1500
v 10.6500 2.6000 -22.1500
v 10.6500 2.6000 -21.8500
v 10.3500 2.6000 -21.8500
v 9.0000 2.6000 -23.5000
v 12.0000 2.6000 -23.5000
v 12.0000 2.6000 -20.5000
v 9.0000 2.6000 -20.5000
v 9.0000 4.0000 -23.5000
v 12.0000 4.0000 -23.5000
v 12.0000 4.0000 -20.5000
v 9.0000 4.0000 -20.5000
v 9.5000 3.8000 -23.0000
v 11.5000 3.8000 -23.0000
v 11.5000 3.8000 -21.0000
v 9.5000 3.8000 -21.0000
v 9.5000 5.0000 -23.0000
v 11.5000 5.0000 -23.0000
v 11.5000 5.0000 -21.0000
v 9.5000 5.0000 -21.0000
v 10.0500 4.8000 -22.4500
v 10.9500 4.8000 -22.4500
v 10.9500 4.8000 -21.5500
v 10.0500 4.8000 -21.5500
v 10.0500 5.5000 -22.4500
v 10.9500 5.5000 -22.4500
v 10.9500 5.5000 -21.5500
v 10.0500 5.5000 -21.5500
usemtl tree_2_trunk
f 2430 2431 2432 2433
f 2434 2435 2436 2437
f 2430 2431 2435 2434
f 2432 2433 2437 2436
f 2431 2432 2436 2435
f 2433 2430 2434 2437
usemtl tree_2_leaves_0
f 2438 2439 2440 2441
f 2442 2443 2444 2445
f 2438 2439 2443 2442
f 2440 2441 2445 2444
f 2439 2440 2444 2443
f 2441 2438 2442 2445
usemtl tree_2_leaves_1
f 2446 2447 2448 2449
f 2450 2451 2452 2453
f 2446 2447 2451 2450
f 2448 2449 2453 2452
f 2447 2448 2452 2451
f 2449 2446 2450 2453
usemtl tree_2_leaves_0
f 2454 2455 2456 2457
f 2458 2459 2460 2461
f 2454 2455 2459 2458
f 2456 2457 2461 2460
f 2455 2456 2460 2459
f 2457 2454 2458 2461
o tree_3
v 14.8500 1.1000 -18.1500
v 15.1500 1.1000 -18.1500
v 15.1500 1.1000 -17.8500
v 14.8500 1.1000 -17.8500
v 14.8500 2.6000 -18.1500
v 15.1500 2.6000 -18.1500
v 15.1500 2.6000 -17.8500
v 14.8500 2.6000 -17.8500
v 13.5000 2.6000 -19.5000
v 16.5000 2.6000 -19.5000
v 16.5000 2.6000 -16.5000
v 13.5000 2.6000 -16.5000
v 13.5000 4.0000 -19.5000
v 16.5000 4.0000 -19.5000
v 16.5000 4.0000 -16.5000
v 13.5000 4.0000 -16.5000
v 14.0000 3.8000 -19.0000
v 16.0000 3.8000 -19.0000
v 16.0000 3.8000 -17.0000
v 14.0000 3.8000 -17.0000
v 14.0000 5.0000 -19.0000
v 16.0000 5.0000 -19.0000
v 16.0000 5.0000 -17.0000
v 14.0000 5.0000 -17.0000
v 14.5500 4.8000 -18.4500
v 15.4500 4.8000 -18.4500
v 15.4500 4.8000 -17.5500
v 14.5500 4.8000 -17.5500
v 14.5500 5.9000 -18.4500
v 15.4500 5.9000 -18.4500
v 15.4500 5.9000 -17.5500
v 14.5500 5.9000 -17.5500
usemtl tree_3_trunk
f 2462 2463 2464 2465
f 2466 2467 2468 2469
f 2462 2463 2467 2466
f 2464 2465 2469 2468
f 2463 2464 2468 2467
f 2465 2462 2466 2469
usemtl tree_3_leaves_0
f 2470 2471 2472 2473
f 2474 2475 2476 2477
f 2470 2471 2475 2474
f 2472 2473 2477 2476
f 2471 2472 2476 2475
f 2473 2470 2474 2477
usemtl tree_3_leaves_1
f 2478 2479 2480 2481
f 2482 2483 2484 2485
f 2478 2479 2483 2482
f 2480 2481 2485 2484
f 2479 2480 2484 2483
f 2481 2478 2482 2485
usemtl tree_3_leaves_0
f 2486 2487 2488 2489
f 2490 2491 2492 2493
f 2486 2487 2491 2490
f 2488 2489 2493 2492
f 2487 2488 2492 2491
f 2489 2486 2490 2493
o tree_4
v 19.3500 1.1000 -26.1500
v 19.6500 1.1000 -26.1500
v 19.6500 1.1000 -25.8500
v 19.3500 1.1000 -25.8500
v 19.3500 2.6000 -26.1500
v 19.6500 2.6000 -26.1500
v 19.6500 2.6000 -25.8500
v 19.3500 2.6000 -25.8500
v 18.0000 2.6000 -27.5000
v 21.0000 2.6000 -27.5000
v 21.0000 2.6000 -24.5000
v 18.0000 2.6000 -24.5000
v 18.0000 4.0000 -27.5000
v 21.0000 4.0000 -27.5000
v 21.0000 4.0000 -24.5000
v 18.0000 4.0000 -24.5000
v 18.5000 3.8000 -27.0000
v 20.5000 3.8000 -27.0000
v 20.5000 3.8000 -25.0000
v 18.5000 3.8000 -25.0000
v 18.5000 5.0000 -27.0000
v 20.5000 5.0000 -27.0000
v 20.5000 5.0000 -25.0000
v 18.5000 5.0000 -25.0000
v 19.0500 4.8000 -26.4500
v 19.9500 4.8000 -26.4500
v 19.9500 4.8000 -25.5500
v 19.0500 4.8000 -25.5500
v 19.0500 6.3000 -26.4500
v 19.9500 6.3000 -26.4500
v 19.9500 6.3000 -25.5500
v 19.0500 6.3000 -25.5500
usemtl tree_4_trunk
f 2494 2495 2496 2497
f 2498 2499 2500 2501
f 2494 2495 2499 2498
f 2496 2497 2501 2500
f 2495 2496 2500 2499
f 2497 2494 2498 2501
usemtl tree_4_leaves_0
f 2502 2503 2504 2505
f 2506 2507 2508 2509
f 2502 2503 2507 2506
f 2504 2505 2509 2508
f 2503 2504 2508 2507
f 2505 2502 2506 2509
usemtl tree_4_leaves_1
f 2510 2511 2512 2513
f 2514 2515 2516 2517
f 2510 2511 2515 2514
f 2512 2513 2517 2516
f 2511 2512 2516 2515
f 2513 2510 2514 2517
usemtl tree_4_leaves_0
f 2518 2519 2520 2521
f 2522 2523 2524 2525
f 2518 2519 2523 2522
f 2520 2521 2525 2524
f 2519 2520 2524 2523
f 2521 2518 2522 2525
o tree_5
v 23.8500 1.1000 -22.1500
v 24.1500 1.1000 -22.1500
v 24.1500 1.1000 -21.8500
v 23.8500 1.1000 -21.8500
v 23.8500 2.6000 -22.1500
v 24.1500 2.6000 -22.1500
v 24.1500 2.6000 -21.8500
v 23.8500 2.6000 -21.8500
v 22.5000 2.6000 -23.5000
v 25.5000 2.6000 -23.5000
v 25.5000 2.6000 -20.5000
v 22.5000 2.6000 -20.5000
v 22.5000 4.0000 -23.5000
v 25.5000 4.0000 -23.5000
v 25.5000 4.0000 -20.5000
v 22.5000 4.0000 -20.5000
v 23.0000 3.8000 -23.0000
v 25.0000 3.8000 -23.0000
v 25.0000 3.8000 -21.0000
v 23.0000 3.8000 -21.0000
v 23.0000 5.0000 -23.0000
v 25.0000 5.0000 -23.0000
v 25.0000 5.0000 -21.0000
v 23.0000 5.0000 -21.0000
v 23.5500 4.8000 -22.4500
v 24.4500 4.8000 -22.4500
v 24.4500 4.8000 -21.5500
v 23.5500 4.8000 -21.5500
v 23.5500 6.7000 -22.4500
v 24.4500 6.7000 -22.4500
v 24.4500 6.7000 -21.5500
v 23.5500 6.7000 -21.5500
usemtl tree_5_trunk
f 2526 2527 2528 2529
f 2530 2531 2532 2533
f 2526 2527 2531 2530
f 2528 2529 2533 2532
f 2527 2528 2532 2531
f 2529 2526 2530 2533
usemtl tree_5_leaves_0
f 2534 2535 2536 2537
f 2538 2539 2540 2541
f 2534 2535 2539 2538
f 2536 2537 2541 2540
f 2535 2536 2540 2539
f 2537 2534 2538 2541
usemtl tree_5_leaves_1
f 2542 2543 2544 2545
f 2546 2547 2548 2549
f 2542 2543 2547 2546
f 2544 2545 2549 2548
f 2543 2544 2548 2547
f 2545 2542 2546 2549
usemtl tree_5_leaves_0
f 2550 2551 2552 2553
f 2554 2555 2556 2557
f 2550 2551 2555 2554
f 2552 2553 2557 2556
f 2551 2552 2556 2555
f 2553 2550 2554 2557
o tree_6
v 28.3500 1.1000 -18.1500
v 28.6500 1.1000 -18.1500
v 28.6500 1.1000 -17.8500
v 28.3500 1.1000 -17.8500
v 28.3500 2.6000 -18.1500
v 28.6500 2.6000 -18.1500
v 28.6500 2.6000 -17.8500
v 28.3500 2.6000 -17.8500
v 27.0000 2.6000 -19.5000
v 30.0000 2.6000 -19.5000
v 30.0000 2.6000 -16.5000
v 27.0000 2.6000 -16.5000
v 27.0000 4.0000 -19.5000
v 30.0000 4.0000 -19.5000
v 30.0000 4.0000 -16.5000
v 27.0000 4.0000 -16.5000
v 27.5000 3.8000 -19.0000
v 29.5000 3.8000 -19.0000
v 29.5000 3.8000 -17.0000
v 27.5000 3.8000 -17.0000
v 27.5000 5.0000 -19.0000
v 29.5000 5.0000 -19.0000
v 29.5000 5.0000 -17.0000
v 27.5000 5.0000 -17.0000
v 28.0500 4.8000 -18.4500
v 28.9500 4.8000 -18.4500
v 28.9500 4.8000 -17.5500
v 28.0500 4.8000 -17.5500
v 28.0500 7.1000 -18.4500
v 28.9500 7.1000 -18.4500
v 28.9500 7.1000 -17.5500
v 28.0500 7.1000 -17.5500
usemtl tree_6_trunk
f 2558 2559 2560 2561
f 2562 2563 2564 2565
f 2558 2559 2563 2562
f 2560 2561 2565 2564
f 2559 2560 2564 2563
f 2561 2558 2562 2565
usemtl tree_6_leaves_0
f 2566 2567 2568 2569
f 2570 2571 2572 2573
f 2566 2567 2571 2570
f 2568 2569 2573 2572
f 2567 2568 2572 2571
f 2569 2566 2570 2573
usemtl tree_6_leaves_1
f 2574 2575 2576 2577
f 2578 2579 2580 2581
f 2574 2575 2579 2578
f 2576 2577 2581 2580
f 2575 2576 2580 2579
f 2577 2574 2578 2581
usemtl tree_6_leaves_0
f 2582 2583 2584 2585
f 2586 2587 2588 2589
f 2582 2583 2587 2586
f 2584 2585 2589 2588
f 2583 2584 2588 2587
f 2585 2582 2586 2589
o rock_1
v -38.7619 1.1000 9.7549
v -37.2381 1.1000 9.7549
v -37.2381 1.1000 12.0336
v -38.7619 1.1000 12.0336
v -38.7619 1.7359 9.7549
v -37.2381 1.7359 9.7549
v -37.2381 1.7359 12.0336
v -38.7619 1.7359 12.0336
usemtl rock_1_rock_0
f 2590 2591 2592 2593
f 2594 2595 2596 2597
f 2590 2591 2595 2594
f 2592 2593 2597 2596
f 2591 2592 2596 2595
f 2593 2590 2594 2597
o rock_2
v -30.3281 1.1000 9.8229
v -28.7830 1.1000 9.8229
v -28.7830 1.1000 11.5627
v -30.3281 1.1000 11.5627
v -30.3281 1.7047 9.8229
v -28.7830 1.7047 9.8229
v -28.7830 1.7047 11.5627
v -30.3281 1.7047 11.5627
usemtl rock_2_rock_1
f 2598 2599 2600 2601
f 2602 2603 2604 2605
f 2598 2599 2603 2602
f 2600 2601 2605 2604
f 2599 2600 2604 2603
f 2601 2598 2602 2605
o rock_3
v -21.6588 1.1000 13.3211
v -20.5634 1.1000 13.3211
v -20.5634 1.1000 15.1289
v -21.6588 1.1000 15.1289
v -21.6588 1.7071 13.3211
v -20.5634 1.7071 13.3211
v -20.5634 1.7071 15.1289
v -21.6588 1.7071 15.1289
usemtl rock_3_rock_0
f 2606 2607 2608 2609
f 2610 2611 2612 2613
f 2606 2607 2611 2610
f 2608 2609 2613 2612
f 2607 2608 2612 2611
f 2609 2606 2610 2613
o rock_4
v -13.7010 1.1000 12.6965
v -11.6323 1.1000 12.6965
v -11.6323 1.1000 13.9820
v -13.7010 1.1000 13.9820
v -13.7010 1.4565 12.6965
v -11.6323 1.4565 12.6965
v -11.6323 1.4565 13.9820
v -13.7010 1.4565 13.9820
usemtl rock_4_rock_1
f 2614 2615 2616 2617
f 2618 2619 2620 2621
f 2614 2615 2619 2618
f 2616 2617 2621 2620
f 2615 2616 2620 2619
f 2617 2614 2618 2621
o rock_5
v -4.6948 1.1000 14.9706
v -3.7497 1.1000 14.9706
v -3.7497 1.1000 16.8801
v -4.6948 1.1000 16.8801
v -4.6948 1.8858 14.9706
v -3.7497 1.8858 14.9706
v -3.7497 1.8858 16.8801
v -4.6948 1.8858 16.8801
usemtl rock_5_rock_0
f 2622 2623 2624 2625
f 2626 2627 2628 2629
f 2622 2623 2627 2626
f 2624 2625 2629 2628
f 2623 2624 2628 2627
f 2625 2622 2626 2629
o rock_6
v 3.7887 1.1000 12.7535
v 4.6557 1.1000 12.7535
v 4.6557 1.1000 15.0972
v 3.7887 1.1000 15.0972
v 3.7887 1.9893 12.7535
v 4.6557 1.9893 12.7535
v 4.6557 1.9893 15.0972
v 3.7887 1.9893 15.0972
usemtl rock_6_rock_1
f 2630 2631 2632 2633
f 2634 2635 2636 2637
f 2630 2631 2635 2634
f 2632 2633 2637 2636
f 2631 2632 2636 2635
f 2633 2630 2634 2637
o rock_7
v 11.7435 1.1000 14.8132
v 13.5898 1.1000 14.8132
v 13.5898 1.1000 15.8652
v 11.7435 1.1000 15.8652
v 11.7435 1.7693 14.8132
v 13.5898 1.7693 14.8132
v 13.5898 1.7693 15.8652
v 11.7435 1.7693 15.8652
usemtl rock_7_rock_0
f 2638 2639 2640 2641
f 2642 2643 2644 2645
f 2638 2639 2643 2642
f 2640 2641 2645 2644
f 2639 2640 2644 2643
f 2641 2638 2642 2645
o rock_8
v 20.6991 1.1000 11.7773
v 21.5231 1.1000 11.7773
v 21.5231 1.1000 12.6726
v 20.6991 1.1000 12.6726
v 20.6991 1.7170 11.7773
v 21.5231 1.7170 11.7773
v 21.5231 1.7170 12.6726
v 20.6991 1.7170 12.6726
usemtl rock_8_rock_1
f 2646 2647 2648 2649
f 2650 2651 2652 2653
f 2646 2647 2651 2650
f 2648 2649 2653 2652
f 2647 2648 2652 2651
f 2649 2646 2650 2653
o rock_9
v 29.0034 1.1000 12.2687
v 30.1077 1.1000 12.2687
v 30.1077 1.1000 13.1169
v 29.0034 1.1000 13.1169
v 29.0034 1.5452 12.2687
v 30.1077 1.5452 12.2687
v 30.1077 1.5452 13.1169
v 29.0034 1.5452 13.1169
usemtl rock_9_rock_0
f 2654 2655 2656 2657
f 2658 2659 2660 2661
f 2654 2655 2659 2658
f 2656 2657 2661 2660
f 2655 2656 2660 2659
f 2657 2654 2658 2661
o rock_10
v 37.2289 1.1000 7.8203
v 38.7711 1.1000 7.8203
v 38.7711 1.1000 9.9682
v 37.2289 1.1000 9.9682
v 37.2289 1.6643 7.8203
v 38.7711 1.6643 7.8203
v 38.7711 1.6643 9.9682
v 37.2289 1.6643 9.9682
usemtl rock_10_rock_1
f 2662 2663 2664 2665
f 2666 2667 2668 2669
f 2662 2663 2667 2666
f 2664 2665 2669 2668
f 2663 2664 2668 2667
f 2665 2662 2666 2669
o path_1
v 10.4482 0.2050 20.1864
v 9.5518 0.2050 20.9841
v 7.1946 0.5575 18.3352
v 8.0911 0.5575 17.5374
v 8.0911 0.5575 17.5374
v 7.1946 0.5575 18.3352
v 4.8375 1.1800 15.6862
v 5.7339 1.1800 14.8885
v 5.7339 1.1800 14.8885
v 4.8375 1.1800 15.6862
v 2.4803 1.1800 13.0373
v 3.3768 1.1800 12.2395
v 3.3768 1.1800 12.2395
v 2.4803 1.1800 13.0373
v 0.1232 1.1800 10.3883
v 1.0197 1.1800 9.5906
v 1.0197 1.1800 9.5906
v 0.1232 1.1800 10.3883
v -2.2339 1.1800 7.7394
v -1.3375 1.1800 6.9417
v -1.3375 1.1800 6.9417
v -2.2339 1.1800 7.7394
v -4.5911 1.1800 5.0904
v -3.6946 1.1800 4.2927
v -3.6946 1.1800 4.2927
v -4.5911 1.1800 5.0904
v -6.9482 1.1800 2.4415
v -6.0518 1.1800 1.6438
v -6.0518 1.1800 1.6438
v -6.9482 1.1800 2.4415
v -9.3054 1.1800 -0.2075
v -8.4089 1.1800 -1.0052
v -8.4089 1.1800 -1.0052
v -9.3054 1.1800 -0.2075
v -11.6625 1.1800 -2.8564
v -10.7661 1.1800 -3.6541
v -10.7661 1.1800 -3.6541
v -11.6625 1.1800 -2.8564
v -14.0197 1.1800 -5.5054
v -13.1232 1.1800 -6.3031
v -13.1232 1.1800 -6.3031
v -14.0197 1.1800 -5.5054
v -16.3768 1.1800 -8.1543
v -15.4803 1.1800 -8.9520
v -15.4803 1.1800 -8.9520
v -16.3768 1.1800 -8.1543
v -18.7339 1.5606 -10.8033
v -17.8375 1.5606 -11.6010
v -17.8375 1.5606 -11.6010
v -18.7339 1.5606 -10.8033
v -21.0911 2.7654 -13.4522
v -20.1946 2.7654 -14.2499
v -20.1946 2.7654 -14.2499
v -21.0911 2.7654 -13.4522
v -23.4482 3.9671 -16.1011
v -22.5518 3.9671 -16.8989
usemtl path_1_path_0
f 2670 2671 2672 2673
usemtl path_1_path_1
f 2674 2675 2676 2677
usemtl path_1_path_0
f 2678 2679 2680 2681
usemtl path_1_path_1
f 2682 2683 2684 2685
usemtl path_1_path_0
f 2686 2687 2688 2689
usemtl path_1_path_1
f 2690 2691 2692 2693
usemtl path_1_path_0
f 2694 2695 2696 2697
usemtl path_1_path_1
f 2698 2699 2700 2701
usemtl path_1_path_0
f 2702 2703 2704 2705
usemtl path_1_path_1
f 2706 2707 2708 2709
usemtl path_1_path_0
f 2710 2711 2712 2713
usemtl path_1_path_1
f 2714 2715 2716 2717
usemtl path_1_path_0
f 2718 2719 2720 2721
usemtl path_1_path_1
f 2722 2723 2724 2725
