mtllib scene_bad_v5_stair_short.mtl
o terrain
v -50.0000 -2.5000 -46.0000
v -50.0000 -2.5000 -45.0800
v -50.0000 -2.5000 -44.1600
v -50.0000 -2.5000 -43.2400
v -50.0000 -2.5000 -42.3200
v -50.0000 -2.5000 -41.4000
v -50.0000 -2.5000 -40.4800
v -50.0000 -2.5000 -39.5600
v -50.0000 -2.5000 -38.6400
v -50.0000 -2.5000 -37.7200
v -50.0000 -2.5000 -36.8000
v -50.0000 -2.5000 -35.8800
v -50.0000 -2.5000 -34.9600
v -50.0000 -2.5000 -34.0400
v -50.0000 -2.5000 -33.1200
v -50.0000 -2.5000 -32.2000
v -50.0000 -2.5000 -31.2800
v -50.0000 -2.5000 -30.3600
v -50.0000 -2.5000 -29.4400
v -50.0000 -2.5000 -28.5200
v -50.0000 -2.5000 -27.6000
v -50.0000 -2.5000 -26.6800
v -50.0000 -2.5000 -25.7600
v -50.0000 -2.5000 -24.8400
v -50.0000 -2.5000 -23.9200
v -50.0000 -2.5000 -23.0000
v -50.0000 -2.5000 -22.0800
v -50.0000 -2.5000 -21.1600
v -50.0000 -2.5000 -20.2400
v -50.0000 -2.5000 -19.3200
v -50.0000 -2.5000 -18.4000
v -50.0000 -2.5000 -17.4800
v -50.0000 -2.5000 -16.5600
v -50.0000 -2.5000 -15.6400
v -50.0000 -2.5000 -14.7200
v -50.0000 -2.5000 -13.8000
v -50.0000 -2.5000 -12.8800
v -50.0000 -2.5000 -11.9600
v -50.0000 -2.5000 -11.0400
v -50.0000 -2.5000 -10.1200
v -50.0000 -2.5000 -9.2000
v -50.0000 -2.5000 -8.2800
v -50.0000 -2.5000 -7.3600
v -50.0000 -2.5000 -6.4400
v -50.0000 -2.5000 -5.5200
v -50.0000 -2.5000 -4.6000
v -50.0000 -2.5000 -3.6800
v -50.0000 -2.5000 -2.7600
v -50.0000 -2.5000 -1.8400
v -50.0000 -2.5000 -0.9200
v -50.0000 -2.5000 0.0000
v -50.0000 -2.5000 0.9200
v -50.0000 -2.5000 1.8400
v -50.0000 -2.5000 2.7600
v -50.0000 -2.5000 3.6800
v -50.0000 -2.5000 4.6000
v -50.0000 -2.5000 5.5200
v -50.0000 -2.5000 6.4400
v -50.0000 -2.5000 7.3600
v -50.0000 -2.5000 8.2800
v -50.0000 -2.5000 9.2000
v -50.0000 -2.5000 10.1200
v -50.0000 -2.5000 11.0400
v -50.0000 -2.5000 11.9600
v -50.0000 -2.5000 12.8800
v -50.0000 -2.5000 13.8000
v -50.0000 -2.5000 14.7200
v -50.0000 -2.5000 15.6400
v -50.0000 -2.5000 16.5600
v -50.0000 -2.5000 17.4800
v -50.0000 -2.5000 18.4000
v -50.0000 -2.5000 19.3200
v -50.0000 -2.5000 20.2400
v -50.0000 -2.5000 21.1600
v -50.0000 -2.5000 22.0800
v -50.0000 -2.5000 23.0000
v -50.0000 -2.5000 23.9200
v -50.0000 -2.5000 24.8400
v -50.0000 -2.5000 25.7600
v -50.0000 -2.5000 26.6800
v -50.0000 -2.5000 27.6000
v -50.0000 -2.5000 28.5200
v -50.0000 -2.5000 29.4400
v -50.0000 -2.5000 30.3600
v -50.0000 -2.5000 31.2800
v -50.0000 -2.5000 32.2000
v -50.0000 -2.5000 33.1200
v -50.0000 -2.5000 34.0400
v -50.0000 -2.5000 34.9600
v -50.0000 -2.5000 35.8800
v -50.0000 -2.5000 36.8000
v -50.0000 -2.5000 37.7200
v -50.0000 -2.5000 38.6400
v -50.0000 -2.5000 39.5600
v -50.0000 -2.5000 40.4800
v -50.0000 -2.5000 41.4000
v -50.0000 -2.5000 42.3200
v -50.0000 -2.5000 43.2400
v -50.0000 -2.5000 44.1600
v -50.0000 -2.5000 45.0800
v -50.0000 -2.5000 46.0000
v -49.1667 -2.5000 -46.0000
v -49.1667 -2.5000 -45.0800
v -49.1667 -2.5000 -44.1600
v -49.1667 -2.5000 -43.2400
v -49.1667 -2.5000 -42.3200
v -49.1667 -2.5000 -41.4000
v -49.1667 -2.5000 -40.4800
v -49.1667 -2.5000 -39.5600
v -49.1667 -2.5000 -38.6400
v -49.1667 -2.5000 -37.7200
v -49.1667 -2.5000 -36.8000
v -49.1667 -2.5000 -35.8800
v -49.1667 -2.5000 -34.9600
v -49.1667 -2.5000 -34.0400
v -49.1667 -2.5000 -33.1200
v -49.1667 -2.5000 -32.2000
v -49.1667 -2.5000 -31.2800
v -49.1667 -2.5000 -30.3600
v -49.1667 -2.5000 -29.4400
v -49.1667 -2.5000 -28.5200
v -49.1667 -2.5000 -27.6000
v -49.1667 -2.5000 -26.6800
v -49.1667 -2.5000 -25.7600
v -49.1667 -2.5000 -24.8400
v -49.1667 -2.5000 -23.9200
v -49.1667 -2.5000 -23.0000
v -49.1667 -2.5000 -22.0800
v -49.1667 -2.5000 -21.1600
v -49.1667 -2.5000 -20.2400
v -49.1667 -2.5000 -19.3200
v -49.1667 -2.5000 -18.4000
v -49.1667 -2.5000 -17.4800
v -49.1667 -2.5000 -16.5600
v -49.1667 -2.5000 -15.6400
v -49.1667 -2.5000 -14.7200
v -49.1667 -2.5000 -13.8000
v -49.1667 -2.5000 -12.8800
v -49.1667 -2.5000 -11.9600
v -49.1667 -2.5000 -11.0400
v -49.1667 -2.5000 -10.1200
v -49.1667 -2.5000 -9.2000
v -49.1667 -2.5000 -8.2800
v -49.1667 -2.5000 -7.3600
v -49.1667 -2.5000 -6.4400
v -49.1667 -2.5000 -5.5200
v -49.1667 -2.5000 -4.6000
v -49.1667 -2.5000 -3.6800
v -49.1667 -2.5000 -2.7600
v -49.1667 -2.5000 -1.8400
v -49.1667 -2.5000 -0.9200
v -49.1667 -2.5000 0.0000
v -49.1667 -2.5000 0.9200
v -49.1667 -2.5000 1.8400
v -49.1667 -2.5000 2.7600
v -49.1667 -2.5000 3.6800
v -49.1667 -2.5000 4.6000
v -49.1667 -2.5000 5.5200
v -49.1667 -2.5000 6.4400
v -49.1667 -2.5000 7.3600
v -49.1667 -2.5000 8.2800
v -49.1667 -2.5000 9.2000
v -49.1667 -2.5000 10.1200
v -49.1667 -2.5000 11.0400
v -49.1667 -2.5000 11.9600
v -49.1667 -2.5000 12.8800
v -49.1667 -2.5000 13.8000
v -49.1667 -2.5000 14.7200
v -49.1667 -2.5000 15.6400
v -49.1667 -2.5000 16.5600
v -49.1667 -2.5000 17.4800
v -49.1667 -2.5000 18.4000
v -49.1667 -2.5000 19.3200
v -49.1667 -2.5000 20.2400
v -49.1667 -2.5000 21.1600
v -49.1667 -2.5000 22.0800
v -49.1667 -2.5000 23.0000
v -49.1667 -2.5000 23.9200
v -49.1667 -2.5000 24.8400
v -49.1667 -2.5000 25.7600
v -49.1667 -2.5000 26.6800
v -49.1667 -2.5000 27.6000
v -49.1667 -2.5000 28.5200
v -49.1667 -2.5000 29.4400
v -49.1667 -2.5000 30.3600
v -49.1667 -2.5000 31.2800
v -49.1667 -2.5000 32.2000
v -49.1667 -2.5000 33.1200
v -49.1667 -2.5000 34.0400
v -49.1667 -2.5000 34.9600
v -49.1667 -2.5000 35.8800
v -49.1667 -2.5000 36.8000
v -49.1667 -2.5000 37.7200
v -49.1667 -2.5000 38.6400
v -49.1667 -2.5000 39.5600
v -49.1667 -2.5000 40.4800
v -49.1667 -2.5000 41.4000
v -49.1667 -2.5000 42.3200
v -49.1667 -2.5000 43.2400
v -49.1667 -2.5000 44.1600
v -49.1667 -2.5000 45.0800
v -49.1667 -2.5000 46.0000
v -48.3333 -2.5000 -46.0000
v -48.3333 -2.5000 -45.0800
v -48.3333 -2.5000 -44.1600
v -48.3333 -2.5000 -43.2400
v -48.3333 -2.5000 -42.3200
v -48.3333 -2.5000 -41.4000
v -48.3333 -2.5000 -40.4800
v -48.3333 -2.5000 -39.5600
v -48.3333 -2.5000 -38.6400
v -48.3333 -2.5000 -37.7200
v -48.3333 -2.5000 -36.8000
v -48.3333 -2.5000 -35.8800
v -48.3333 -2.5000 -34.9600
v -48.3333 -2.5000 -34.0400
v -48.3333 -2.5000 -33.1200
v -48.3333 -2.5000 -32.2000
v -48.3333 -2.5000 -31.2800
v -48.3333 -2.5000 -30.3600
v -48.3333 -2.5000 -29.4400
v -48.3333 -2.5000 -28.5200
v -48.3333 -2.5000 -27.6000
v -48.3333 -2.5000 -26.6800
v -48.3333 -2.5000 -25.7600
v -48.3333 -2.5000 -24.8400
v -48.3333 -2.5000 -23.9200
v -48.3333 -2.5000 -23.0000
v -48.3333 -2.5000 -22.0800
v -48.3333 -2.5000 -21.1600
v -48.3333 -2.5000 -20.2400
v -48.3333 -2.5000 -19.3200
v -48.3333 -2.5000 -18.4000
v -48.3333 -2.5000 -17.4800
v -48.3333 -2.5000 -16.5600
v -48.3333 -2.5000 -15.6400
v -48.3333 -2.5000 -14.7200
v -48.3333 -2.5000 -13.8000
v -48.3333 -2.5000 -12.8800
v -48.3333 -2.5000 -11.9600
v -48.3333 -2.5000 -11.0400
v -48.3333 -2.5000 -10.1200
v -48.3333 -2.5000 -9.2000
v -48.3333 -2.5000 -8.2800
v -48.3333 -2.5000 -7.3600
v -48.3333 -2.5000 -6.4400
v -48.3333 -2.5000 -5.5200
v -48.3333 -2.5000 -4.6000
v -48.3333 -2.5000 -3.6800
v -48.3333 -2.5000 -2.7600
v -48.3333 -2.5000 -1.8400
v -48.3333 -2.5000 -0.9200
v -48.3333 -2.5000 0.0000
v -48.3333 -2.5000 0.9200
v -48.3333 -2.5000 1.8400
v -48.3333 -2.5000 2.7600
v -48.3333 -2.5000 3.6800
v -48.3333 -2.5000 4.6000
v -48.3333 -2.5000 5.5200
v -48.3333 -2.5000 6.4400
v -48.3333 -2.5000 7.3600
v -48.3333 -2.5000 8.2800
v -48.3333 -2.5000 9.2000
v -48.3333 -2.5000 10.1200
v -48.3333 -2.5000 11.0400
v -48.3333 -2.5000 11.9600
v -48.3333 -2.5000 12.8800
v -48.3333 -2.5000 13.8000
v -48.3333 -2.5000 14.7200
v -48.3333 -2.5000 15.6400
v -48.3333 -2.5000 16.5600
v -48.3333 -2.5000 17.4800
v -48.3333 -2.5000 18.4000
v -48.3333 -2.5000 19.3200
v -48.3333 -2.5000 20.2400
v -48.3333 -2.5000 21.1600
v -48.3333 -2.5000 22.0800
v -48.3333 -2.5000 23.0000
v -48.3333 -2.5000 23.9200
v -48.3333 -2.5000 24.8400
v -48.3333 -2.5000 25.7600
v -48.3333 -2.5000 26.6800
v -48.3333 -2.5000 27.6000
v -48.3333 -2.5000 28.5200
v -48.3333 -2.5000 29.4400
v -48.3333 -2.5000 30.3600
v -48.3333 -2.5000 31.2800
v -48.3333 -2.5000 32.2000
v -48.3333 -2.5000 33.1200
v -48.3333 -2.5000 34.0400
v -48.3333 -2.5000 34.9600
v -48.3333 -2.5000 35.8800
v -48.3333 -2.5000 36.8000
v -48.3333 -2.5000 37.7200
v -48.3333 -2.5000 38.6400
v -48.3333 -2.5000 39.5600
v -48.3333 -2.5000 40.4800
v -48.3333 -2.5000 41.4000
v -48.3333 -2.5000 42.3200
v -48.3333 -2.5000 43.2400
v -48.3333 -2.5000 44.1600
v -48.3333 -2.5000 45.0800
v -48.3333 -2.5000 46.0000
v -47.5000 -2.5000 -46.0000
v -47.5000 -2.5000 -45.0800
v -47.5000 -2.5000 -44.1600
v -47.5000 -2.5000 -43.2400
v -47.5000 -2.5000 -42.3200
v -47.5000 -2.5000 -41.4000
v -47.5000 -2.5000 -40.4800
v -47.5000 -2.5000 -39.5600
v -47.5000 -2.5000 -38.6400
v -47.5000 -2.5000 -37.7200
v -47.5000 -2.5000 -36.8000
v -47.5000 -2.5000 -35.8800
v -47.5000 -2.5000 -34.9600
v -47.5000 -2.5000 -34.0400
v -47.5000 -2.5000 -33.1200
v -47.5000 -2.5000 -32.2000
v -47.5000 -2.5000 -31.2800
v -47.5000 -2.5000 -30.3600
v -47.5000 -2.5000 -29.4400
v -47.5000 -2.5000 -28.5200
v -47.5000 -2.5000 -27.6000
v -47.5000 -2.5000 -26.6800
v -47.5000 -2.5000 -25.7600
v -47.5000 -2.5000 -24.8400
v -47.5000 -2.5000 -23.9200
v -47.5000 -2.5000 -23.0000
v -47.5000 -2.5000 -22.0800
v -47.5000 -2.5000 -21.1600
v -47.5000 -2.5000 -20.2400
v -47.5000 -2.5000 -19.3200
v -47.5000 -2.5000 -18.4000
v -47.5000 -2.5000 -17.4800
v -47.5000 -2.5000 -16.5600
v -47.5000 -2.5000 -15.6400
v -47.5000 -2.5000 -14.7200
v -47.5000 -2.5000 -13.8000
v -47.5000 -2.5000 -12.8800
v -47.5000 -2.5000 -11.9600
v -47.5000 -2.5000 -11.0400
v -47.5000 -2.5000 -10.1200
v -47.5000 -2.5000 -9.2000
v -47.5000 -2.5000 -8.2800
v -47.5000 -2.5000 -7.3600
v -47.5000 -2.5000 -6.4400
v -47.5000 -2.5000 -5.5200
v -47.5000 -2.5000 -4.6000
v -47.5000 -2.5000 -3.6800
v -47.5000 -2.5000 -2.7600
v -47.5000 -2.5000 -1.8400
v -47.5000 -2.5000 -0.9200
v -47.5000 -2.5000 0.0000
v -47.5000 -2.5000 0.9200
v -47.5000 -2.5000 1.8400
v -47.5000 -2.5000 2.7600
v -47.5000 -2.5000 3.6800
v -47.5000 -2.5000 4.6000
v -47.5000 -2.5000 5.5200
v -47.5000 -2.5000 6.4400
v -47.5000 -2.5000 7.3600
v -47.5000 -2.5000 8.2800
v -47.5000 -2.5000 9.2000
v -47.5000 -2.5000 10.1200
v -47.5000 -2.5000 11.0400
v -47.5000 -2.5000 11.9600
v -47.5000 -2.5000 12.8800
v -47.5000 -2.5000 13.8000
v -47.5000 -2.5000 14.7200
v -47.5000 -2.5000 15.6400
v -47.5000 -2.5000 16.5600
v -47.5000 -2.5000 17.4800
v -47.5000 -2.5000 18.4000
v -47.5000 -2.5000 19.3200
v -47.5000 -2.5000 20.2400
v -47.5000 -2.5000 21.1600
v -47.5000 -2.5000 22.0800
v -47.5000 -2.5000 23.0000
v -47.5000 -2.5000 23.9200
v -47.5000 -2.5000 24.8400
v -47.5000 -2.5000 25.7600
v -47.5000 -2.5000 26.6800
v -47.5000 -2.5000 27.6000
v -47.5000 -2.5000 28.5200
v -47.5000 -2.5000 29.4400
v -47.5000 -2.5000 30.3600
v -47.5000 -2.5000 31.2800
v -47.5000 -2.5000 32.2000
v -47.5000 -2.5000 33.1200
v -47.5000 -2.5000 34.0400
v -47.5000 -2.5000 34.9600
v -47.5000 -2.5000 35.8800
v -47.5000 -2.5000 36.8000
v -47.5000 -2.5000 37.7200
v -47.5000 -2.5000 38.6400
v -47.5000 -2.5000 39.5600
v -47.5000 -2.5000 40.4800
v -47.5000 -2.5000 41.4000
v -47.5000 -2.5000 42.3200
v -47.5000 -2.5000 43.2400
v -47.5000 -2.5000 44.1600
v -47.5000 -2.5000 45.0800
v -47.5000 -2.5000 46.0000
v -46.6667 -2.5000 -46.0000
v -46.6667 -2.5000 -45.0800
v -46.6667 -2.5000 -44.1600
v -46.6667 -2.5000 -43.2400
v -46.6667 -2.5000 -42.3200
v -46.6667 -2.5000 -41.4000
v -46.6667 -2.5000 -40.4800
v -46.6667 -2.5000 -39.5600
v -46.6667 -2.5000 -38.6400
v -46.6667 -2.5000 -37.7200
v -46.6667 -2.5000 -36.8000
v -46.6667 -2.5000 -35.8800
v -46.6667 -2.5000 -34.9600
v -46.6667 -2.5000 -34.0400
v -46.6667 -2.5000 -33.1200
v -46.6667 -2.5000 -32.2000
v -46.6667 -2.5000 -31.2800
v -46.6667 -2.5000 -30.3600
v -46.6667 -2.5000 -29.4400
v -46.6667 -2.5000 -28.5200
v -46.6667 -2.5000 -27.6000
v -46.6667 -2.5000 -26.6800
v -46.6667 -2.5000 -25.7600
v -46.6667 -2.5000 -24.8400
v -46.6667 -2.5000 -23.9200
v -46.6667 -2.5000 -23.0000
v -46.6667 -2.5000 -22.0800
v -46.6667 -2.5000 -21.1600
v -46.6667 -2.5000 -20.2400
v -46.6667 -2.5000 -19.3200
v -46.6667 -2.5000 -18.4000
v -46.6667 -2.5000 -17.4800
v -46.6667 -2.5000 -16.5600
v -46.6667 -2.5000 -15.6400
v -46.6667 -2.5000 -14.7200
v -46.6667 -2.5000 -13.8000
v -46.6667 -2.5000 -12.8800
v -46.6667 -2.5000 -11.9600
v -46.6667 -2.5000 -11.0400
v -46.6667 -2.5000 -10.1200
v -46.6667 -2.5000 -9.2000
v -46.6667 -2.5000 -8.2800
v -46.6667 -2.5000 -7.3600
v -46.6667 -2.5000 -6.4400
v -46.6667 -2.5000 -5.5200
v -46.6667 -2.5000 -4.6000
v -46.6667 -2.5000 -3.6800
v -46.6667 -2.5000 -2.7600
v -46.6667 -2.5000 -1.8400
v -46.6667 -2.5000 -0.9200
v -46.6667 -2.5000 0.0000
v -46.6667 -2.5000 0.9200
v -46.6667 -2.5000 1.8400
v -46.6667 -2.5000 2.7600
v -46.6667 -2.5000 3.6800
v -46.6667 -2.5000 4.6000
v -46.6667 -2.5000 5.5200
v -46.6667 -2.5000 6.4400
v -46.6667 -2.5000 7.3600
v -46.6667 -2.5000 8.2800
v -46.6667 -2.5000 9.2000
v -46.6667 -2.5000 10.1200
v -46.6667 -2.5000 11.0400
v -46.6667 -2.5000 11.9600
v -46.6667 -2.5000 12.8800
v -46.6667 -2.5000 13.8000
v -46.6667 -2.5000 14.7200
v -46.6667 -2.5000 15.6400
v -46.6667 -2.5000 16.5600
v -46.6667 -2.5000 17.4800
v -46.6667 -2.5000 18.4000
v -46.6667 -2.5000 19.3200
v -46.6667 -2.5000 20.2400
v -46.6667 -2.5000 21.1600
v -46.6667 -2.5000 22.0800
v -46.6667 -2.5000 23.0000
v -46.6667 -2.5000 23.9200
v -46.6667 -2.5000 24.8400
v -46.6667 -2.5000 25.7600
v -46.6667 -2.5000 26.6800
v -46.6667 -2.5000 27.6000
v -46.6667 -2.5000 28.5200
v -46.6667 -2.5000 29.4400
v -46.6667 -2.5000 30.3600
v -46.6667 -2.5000 31.2800
v -46.6667 -2.5000 32.2000
v -46.6667 -2.5000 33.1200
v -46.6667 -2.5000 34.0400
v -46.6667 -2.5000 34.9600
v -46.6667 -2.5000 35.8800
v -46.6667 -2.5000 36.8000
v -46.6667 -2.5000 37.7200
v -46.6667 -2.5000 38.6400
v -46.6667 -2.5000 39.5600
v -46.6667 -2.5000 40.4800
v -46.6667 -2.5000 41.4000
v -46.6667 -2.5000 42.3200
v -46.6667 -2.5000 43.2400
v -46.6667 -2.5000 44.1600
v -46.6667 -2.5000 45.0800
v -46.6667 -2.5000 46.0000
v -45.8333 -2.5000 -46.0000
v -45.8333 -2.5000 -45.0800
v -45.8333 -2.5000 -44.1600
v -45.8333 -2.5000 -43.2400
v -45.8333 -2.5000 -42.3200
v -45.8333 -2.5000 -41.4000
v -45.8333 -2.5000 -40.4800
v -45.8333 -2.5000 -39.5600
v -45.8333 -2.5000 -38.6400
v -45.8333 -2.5000 -37.7200
v -45.8333 -2.5000 -36.8000
v -45.8333 -2.5000 -35.8800
v -45.8333 -2.5000 -34.9600
v -45.8333 -2.5000 -34.0400
v -45.8333 -2.5000 -33.1200
v -45.8333 -2.5000 -32.2000
v -45.8333 -2.5000 -31.2800
v -45.8333 -2.5000 -30.3600
v -45.8333 -2.5000 -29.4400
v -45.8333 -2.5000 -28.5200
v -45.8333 -2.5000 -27.6000
v -45.8333 -2.5000 -26.6800
v -45.8333 -2.5000 -25.7600
v -45.8333 -2.5000 -24.8400
v -45.8333 -2.5000 -23.9200
v -45.8333 -2.5000 -23.0000
v -45.8333 -2.5000 -22.0800
v -45.8333 -2.5000 -21.1600
v -45.8333 -2.5000 -20.2400
v -45.8333 -2.5000 -19.3200
v -45.8333 -2.5000 -18.4000
v -45.8333 -2.5000 -17.4800
v -45.8333 -2.5000 -16.5600
v -45.8333 -2.5000 -15.6400
v -45.8333 -2.5000 -14.7200
v -45.8333 -2.5000 -13.8000
v -45.8333 -2.5000 -12.8800
v -45.8333 -2.5000 -11.9600
v -45.8333 -2.5000 -11.0400
v -45.8333 -2.5000 -10.1200
v -45.8333 -2.5000 -9.2000
v -45.8333 -2.5000 -8.2800
v -45.8333 -2.5000 -7.3600
v -45.8333 -2.5000 -6.4400
v -45.8333 -2.5000 -5.5200
v -45.8333 -2.5000 -4.6000
v -45.8333 -2.5000 -3.6800
v -45.8333 -2.5000 -2.7600
v -45.8333 -2.5000 -1.8400
v -45.8333 -2.5000 -0.9200
v -45.8333 -2.5000 0.0000
v -45.8333 -2.5000 0.9200
v -45.8333 -2.5000 1.8400
v -45.8333 -2.5000 2.7600
v -45.8333 -2.5000 3.6800
v -45.8333 -2.5000 4.6000
v -45.8333 -2.5000 5.5200
v -45.8333 -2.5000 6.4400
v -45.8333 -2.5000 7.3600
v -45.8333 -2.5000 8.2800
v -45.8333 -2.5000 9.2000
v -45.8333 -2.5000 10.1200
v -45.8333 -2.5000 11.0400
v -45.8333 -2.5000 11.9600
v -45.8333 -2.5000 12.8800
v -45.8333 -2.5000 13.8000
v -45.8333 -2.5000 14.7200
v -45.8333 -2.5000 15.6400
v -45.8333 -2.5000 16.5600
v -45.8333 -2.5000 17.4800
v -45.8333 -2.5000 18.4000
v -45.8333 -2.5000 19.3200
v -45.8333 -2.5000 20.2400
v -45.8333 -2.5000 21.1600
v -45.8333 -2.5000 22.0800
v -45.8333 -2.5000 23.0000
v -45.8333 -2.5000 23.9200
v -45.8333 -2.5000 24.8400
v -45.8333 -2.5000 25.7600
v -45.8333 -2.5000 26.6800
v -45.8333 -2.5000 27.6000
v -45.8333 -2.5000 28.5200
v -45.8333 -2.5000 29.4400
v -45.8333 -2.5000 30.3600
v -45.8333 -2.5000 31.2800
v -45.8333 -2.5000 32.2000
v -45.8333 -2.5000 33.1200
v -45.8333 -2.5000 34.0400
v -45.8333 -2.5000 34.9600
v -45.8333 -2.5000 35.8800
v -45.8333 -2.5000 36.8000
v -45.8333 -2.5000 37.7200
v -45.8333 -2.5000 38.6400
v -45.8333 -2.5000 39.5600
v -45.8333 -2.5000 40.4800
v -45.8333 -2.5000 41.4000
v -45.8333 -2.5000 42.3200
v -45.8333 -2.5000 43.2400
v -45.8333 -2.5000 44.1600
v -45.8333 -2.5000 45.0800
v -45.8333 -2.5000 46.0000
v -45.0000 -2.5000 -46.0000
v -45.0000 -2.5000 -45.0800
v -45.0000 -2.5000 -44.1600
v -45.0000 -2.5000 -43.2400
v -45.0000 -2.5000 -42.3200
v -45.0000 -2.5000 -41.4000
v -45.0000 -2.5000 -40.4800
v -45.0000 -2.5000 -39.5600
v -45.0000 -2.5000 -38.6400
v -45.0000 -2.5000 -37.7200
v -45.0000 -2.5000 -36.8000
v -45.0000 -2.5000 -35.8800
v -45.0000 -2.5000 -34.9600
v -45.0000 -2.5000 -34.0400
v -45.0000 -2.5000 -33.1200
v -45.0000 -2.5000 -32.2000
v -45.0000 -2.5000 -31.2800
v -45.0000 -2.5000 -30.3600
v -45.0000 -2.5000 -29.4400
v -45.0000 -2.5000 -28.5200
v -45.0000 -2.5000 -27.6000
v -45.0000 -2.5000 -26.6800
v -45.0000 -2.5000 -25.7600
v -45.0000 -2.5000 -24.8400
v -45.0000 -2.5000 -23.9200
v -45.0000 -2.5000 -23.0000
v -45.0000 -2.5000 -22.0800
v -45.0000 -2.5000 -21.1600
v -45.0000 -2.5000 -20.2400
v -45.0000 -2.5000 -19.3200
v -45.0000 -2.5000 -18.4000
v -45.0000 -2.5000 -17.4800
v -45.0000 -2.5000 -16.5600
v -45.0000 -2.5000 -15.6400
v -45.0000 -2.5000 -14.7200
v -45.0000 -2.5000 -13.8000
v -45.0000 -2.5000 -12.8800
v -45.0000 -2.5000 -11.9600
v -45.0000 -2.5000 -11.0400
v -45.0000 -2.5000 -10.1200
v -45.0000 -2.5000 -9.2000
v -45.0000 -2.5000 -8.2800
v -45.0000 -2.5000 -7.3600
v -45.0000 -2.5000 -6.4400
v -45.0000 -2.5000 -5.5200
v -45.0000 -2.5000 -4.6000
v -45.0000 -2.5000 -3.6800
v -45.0000 -2.5000 -2.7600
v -45.0000 -2.5000 -1.8400
v -45.0000 -2.5000 -0.9200
v -45.0000 -2.5000 0.0000
v -45.0000 -2.5000 0.9200
v -45.0000 -2.5000 1.8400
v -45.0000 -2.5000 2.7600
v -45.0000 -2.5000 3.6800
v -45.0000 -2.5000 4.6000
v -45.0000 -2.5000 5.5200
v -45.0000 -2.5000 6.4400
v -45.0000 -2.5000 7.3600
v -45.0000 -2.5000 8.2800
v -45.0000 -2.5000 9.2000
v -45.0000 -2.5000 10.1200
v -45.0000 -2.5000 11.0400
v -45.0000 -2.5000 11.9600
v -45.0000 -2.5000 12.8800
v -45.0000 -2.5000 13.8000
v -45.0000 -2.5000 14.7200
v -45.0000 -2.5000 15.6400
v -45.0000 -2.5000 16.5600
v -45.0000 -2.5000 17.4800
v -45.0000 -2.5000 18.4000
v -45.0000 -2.5000 19.3200
v -45.0000 -2.5000 20.2400
v -45.0000 -2.5000 21.1600
v -45.0000 -2.5000 22.0800
v -45.0000 -2.5000 23.0000
v -45.0000 -2.5000 23.9200
v -45.0000 -2.5000 24.8400
v -45.0000 -2.5000 25.7600
v -45.0000 -2.5000 26.6800
v -45.0000 -2.5000 27.6000
v -45.0000 -2.5000 28.5200
v -45.0000 -2.5000 29.4400
v -45.0000 -2.5000 30.3600
v -45.0000 -2.5000 31.2800
v -45.0000 -2.5000 32.2000
v -45.0000 -2.5000 33.1200
v -45.0000 -2.5000 34.0400
v -45.0000 -2.5000 34.9600
v -45.0000 -2.5000 35.8800
v -45.0000 -2.5000 36.8000
v -45.0000 -2.5000 37.7200
v -45.0000 -2.5000 38.6400
v -45.0000 -2.5000 39.5600
v -45.0000 -2.5000 40.4800
v -45.0000 -2.5000 41.4000
v -45.0000 -2.5000 42.3200
v -45.0000 -2.5000 43.2400
v -45.0000 -2.5000 44.1600
v -45.0000 -2.5000 45.0800
v -45.0000 -2.5000 46.0000
v -44.1667 -2.5000 -46.0000
v -44.1667 -2.5000 -45.0800
v -44.1667 -2.5000 -44.1600
v -44.1667 -2.5000 -43.2400
v -44.1667 -2.5000 -42.3200
v -44.1667 -2.5000 -41.4000
v -44.1667 -2.5000 -40.4800
v -44.1667 -2.5000 -39.5600
v -44.1667 -2.5000 -38.6400
v -44.1667 -2.5000 -37.7200
v -44.1667 -2.5000 -36.8000
v -44.1667 -2.5000 -35.8800
v -44.1667 -2.5000 -34.9600
v -44.1667 -2.5000 -34.0400
v -44.1667 -2.5000 -33.1200
v -44.1667 -2.5000 -32.2000
v -44.1667 -2.5000 -31.2800
v -44.1667 -2.5000 -30.3600
v -44.1667 -2.5000 -29.4400
v -44.1667 -2.5000 -28.5200
v -44.1667 -2.5000 -27.6000
v -44.1667 -2.5000 -26.6800
v -44.1667 -2.5000 -25.7600
v -44.1667 -2.5000 -24.8400
v -44.1667 -2.5000 -23.9200
v -44.1667 -2.5000 -23.0000
v -44.1667 -2.5000 -22.0800
v -44.1667 -2.5000 -21.1600
v -44.1667 -2.5000 -20.2400
v -44.1667 -2.5000 -19.3200
v -44.1667 -2.5000 -18.4000
v -44.1667 -2.5000 -17.4800
v -44.1667 -2.5000 -16.5600
v -44.1667 -2.5000 -15.6400
v -44.1667 -2.5000 -14.7200
v -44.1667 -2.5000 -13.8000
v -44.1667 -2.5000 -12.8800
v -44.1667 -2.5000 -11.9600
v -44.1667 -2.5000 -11.0400
v -44.1667 -2.5000 -10.1200
v -44.1667 -2.5000 -9.2000
v -44.1667 -2.5000 -8.2800
v -44.1667 -2.5000 -7.3600
v -44.1667 -2.5000 -6.4400
v -44.1667 -2.5000 -5.5200
v -44.1667 -2.5000 -4.6000
v -44.1667 -2.5000 -3.6800
v -44.1667 -2.5000 -2.7600
v -44.1667 -2.5000 -1.8400
v -44.1667 -2.5000 -0.9200
v -44.1667 -2.5000 0.0000
v -44.1667 -2.5000 0.9200
v -44.1667 -2.5000 1.8400
v -44.1667 -2.5000 2.7600
v -44.1667 -2.5000 3.6800
v -44.1667 -2.5000 4.6000
v -44.1667 -2.5000 5.5200
v -44.1667 -2.5000 6.4400
v -44.1667 -2.5000 7.3600
v -44.1667 -2.5000 8.2800
v -44.1667 -2.5000 9.2000
v -44.1667 -2.4545 10.1200
v -44.1667 -2.4342 11.0400
v -44.1667 -2.4416 11.9600
v -44.1667 -2.4725 12.8800
v -44.1667 -2.5000 13.8000
v -44.1667 -2.5000 14.7200
v -44.1667 -2.5000 15.6400
v -44.1667 -2.5000 16.5600
v -44.1667 -2.5000 17.4800
v -44.1667 -2.5000 18.4000
v -44.1667 -2.5000 19.3200
v -44.1667 -2.5000 20.2400
v -44.1667 -2.5000 21.1600
v -44.1667 -2.5000 22.0800
v -44.1667 -2.5000 23.0000
v -44.1667 -2.5000 23.9200
v -44.1667 -2.5000 24.8400
v -44.1667 -2.5000 25.7600
v -44.1667 -2.5000 26.6800
v -44.1667 -2.5000 27.6000
v -44.1667 -2.5000 28.5200
v -44.1667 -2.5000 29.4400
v -44.1667 -2.5000 30.3600
v -44.1667 -2.5000 31.2800
v -44.1667 -2.5000 32.2000
v -44.1667 -2.5000 33.1200
v -44.1667 -2.5000 34.0400
v -44.1667 -2.5000 34.9600
v -44.1667 -2.5000 35.8800
v -44.1667 -2.5000 36.8000
v -44.1667 -2.5000 37.7200
v -44.1667 -2.5000 38.6400
v -44.1667 -2.5000 39.5600
v -44.1667 -2.5000 40.4800
v -44.1667 -2.5000 41.4000
v -44.1667 -2.5000 42.3200
v -44.1667 -2.5000 43.2400
v -44.1667 -2.5000 44.1600
v -44.1667 -2.5000 45.0800
v -44.1667 -2.5000 46.0000
v -43.3333 -2.5000 -46.0000
v -43.3333 -2.5000 -45.0800
v -43.3333 -2.5000 -44.1600
v -43.3333 -2.5000 -43.2400
v -43.3333 -2.5000 -42.3200
v -43.3333 -2.5000 -41.4000
v -43.3333 -2.5000 -40.4800
v -43.3333 -2.5000 -39.5600
v -43.3333 -2.5000 -38.6400
v -43.3333 -2.5000 -37.7200
v -43.3333 -2.5000 -36.8000
v -43.3333 -2.5000 -35.8800
v -43.3333 -2.5000 -34.9600
v -43.3333 -2.5000 -34.0400
v -43.3333 -2.5000 -33.1200
v -43.3333 -2.5000 -32.2000
v -43.3333 -2.5000 -31.2800
v -43.3333 -2.5000 -30.3600
v -43.3333 -2.5000 -29.4400
v -43.3333 -2.5000 -28.5200
v -43.3333 -2.5000 -27.6000
v -43.3333 -2.5000 -26.6800
v -43.3333 -2.5000 -25.7600
v -43.3333 -2.5000 -24.8400
v -43.3333 -2.5000 -23.9200
v -43.3333 -2.5000 -23.0000
v -43.3333 -2.5000 -22.0800
v -43.3333 -2.5000 -21.1600
v -43.3333 -2.5000 -20.2400
v -43.3333 -2.5000 -19.3200
v -43.3333 -2.5000 -18.4000
v -43.3333 -2.5000 -17.4800
v -43.3333 -2.5000 -16.5600
v -43.3333 -2.5000 -15.6400
v -43.3333 -2.5000 -14.7200
v -43.3333 -2.5000 -13.8000
v -43.3333 -2.5000 -12.8800
v -43.3333 -2.5000 -11.9600
v -43.3333 -2.5000 -11.0400
v -43.3333 -2.5000 -10.1200
v -43.3333 -2.5000 -9.2000
v -43.3333 -2.5000 -8.2800
v -43.3333 -2.5000 -7.3600
v -43.3333 -2.5000 -6.4400
v -43.3333 -2.5000 -5.5200
v -43.3333 -2.5000 -4.6000
v -43.3333 -2.5000 -3.6800
v -43.3333 -2.5000 -2.7600
v -43.3333 -2.5000 -1.8400
v -43.3333 -2.5000 -0.9200
v -43.3333 -2.5000 0.0000
v -43.3333 -2.5000 0.9200
v -43.3333 -2.5000 1.8400
v -43.3333 -2.5000 2.7600
v -43.3333 -2.5000 3.6800
v -43.3333 -2.5000 4.6000
v -43.3333 -2.5000 5.5200
v -43.3333 -2.5000 6.4400
v -43.3333 -2.4524 7.3600
v -43.3333 -2.3306 8.2800
v -43.3333 -2.2487 9.2000
v -43.3333 -2.2030 10.1200
v -43.3333 -2.1892 11.0400
v -43.3333 -2.2027 11.9600
v -43.3333 -2.2389 12.8800
v -43.3333 -2.2931 13.8000
v -43.3333 -2.3610 14.7200
v -43.3333 -2.4384 15.6400
v -43.3333 -2.5000 16.5600
v -43.3333 -2.5000 17.4800
v -43.3333 -2.5000 18.4000
v -43.3333 -2.5000 19.3200
v -43.3333 -2.5000 20.2400
v -43.3333 -2.5000 21.1600
v -43.3333 -2.5000 22.0800
v -43.3333 -2.5000 23.0000
v -43.3333 -2.5000 23.9200
v -43.3333 -2.5000 24.8400
v -43.3333 -2.5000 25.7600
v -43.3333 -2.5000 26.6800
v -43.3333 -2.5000 27.6000
v -43.3333 -2.5000 28.5200
v -43.3333 -2.5000 29.4400
v -43.3333 -2.5000 30.3600
v -43.3333 -2.5000 31.2800
v -43.3333 -2.5000 32.2000
v -43.3333 -2.5000 33.1200
v -43.3333 -2.5000 34.0400
v -43.3333 -2.5000 34.9600
v -43.3333 -2.5000 35.8800
v -43.3333 -2.5000 36.8000
v -43.3333 -2.5000 37.7200
v -43.3333 -2.5000 38.6400
v -43.3333 -2.5000 39.5600
v -43.3333 -2.5000 40.4800
v -43.3333 -2.5000 41.4000
v -43.3333 -2.5000 42.3200
v -43.3333 -2.5000 43.2400
v -43.3333 -2.5000 44.1600
v -43.3333 -2.5000 45.0800
v -43.3333 -2.5000 46.0000
v -42.5000 -2.5000 -46.0000
v -42.5000 -2.5000 -45.0800
v -42.5000 -2.5000 -44.1600
v -42.5000 -2.5000 -43.2400
v -42.5000 -2.5000 -42.3200
v -42.5000 -2.5000 -41.4000
v -42.5000 -2.5000 -40.4800
v -42.5000 -2.5000 -39.5600
v -42.5000 -2.5000 -38.6400
v -42.5000 -2.5000 -37.7200
v -42.5000 -2.5000 -36.8000
v -42.5000 -2.5000 -35.8800
v -42.5000 -2.5000 -34.9600
v -42.5000 -2.5000 -34.0400
v -42.5000 -2.5000 -33.1200
v -42.5000 -2.5000 -32.2000
v -42.5000 -2.5000 -31.2800
v -42.5000 -2.5000 -30.3600
v -42.5000 -2.5000 -29.4400
v -42.5000 -2.5000 -28.5200
v -42.5000 -2.5000 -27.6000
v -42.5000 -2.5000 -26.6800
v -42.5000 -2.5000 -25.7600
v -42.5000 -2.5000 -24.8400
v -42.5000 -2.5000 -23.9200
v -42.5000 -2.5000 -23.0000
v -42.5000 -2.5000 -22.0800
v -42.5000 -2.5000 -21.1600
v -42.5000 -2.5000 -20.2400
v -42.5000 -2.5000 -19.3200
v -42.5000 -2.5000 -18.4000
v -42.5000 -2.5000 -17.4800
v -42.5000 -2.5000 -16.5600
v -42.5000 -2.5000 -15.6400
v -42.5000 -2.5000 -14.7200
v -42.5000 -2.5000 -13.8000
v -42.5000 -2.5000 -12.8800
v -42.5000 -2.5000 -11.9600
v -42.5000 -2.5000 -11.0400
v -42.5000 -2.5000 -10.1200
v -42.5000 -2.5000 -9.2000
v -42.5000 -2.5000 -8.2800
v -42.5000 -2.5000 -7.3600
v -42.5000 -2.5000 -6.4400
v -42.5000 -2.5000 -5.5200
v -42.5000 -2.5000 -4.6000
v -42.5000 -2.5000 -3.6800
v -42.5000 -2.5000 -2.7600
v -42.5000 -2.5000 -1.8400
v -42.5000 -2.5000 -0.9200
v -42.5000 -2.5000 0.0000
v -42.5000 -2.5000 0.9200
v -42.5000 -2.5000 1.8400
v -42.5000 -2.5000 2.7600
v -42.5000 -2.5000 3.6800
v -42.5000 -2.5000 4.6000
v -42.5000 -2.5000 5.5200
v -42.5000 -2.3399 6.4400
v -42.5000 -2.1815 7.3600
v -42.5000 -2.0665 8.2800
v -42.5000 -1.9917 9.2000
v -42.5000 -1.9529 10.1200
v -42.5000 -1.9456 11.0400
v -42.5000 -1.9651 11.9600
v -42.5000 -2.0065 12.8800
v -42.5000 -2.0651 13.8000
v -42.5000 -2.1363 14.7200
v -42.5000 -2.2159 15.6400
v -42.5000 -2.3005 16.5600
v -42.5000 -2.3870 17.4800
v -42.5000 -2.4733 18.4000
v -42.5000 -2.5000 19.3200
v -42.5000 -2.5000 20.2400
v -42.5000 -2.5000 21.1600
v -42.5000 -2.5000 22.0800
v -42.5000 -2.5000 23.0000
v -42.5000 -2.5000 23.9200
v -42.5000 -2.5000 24.8400
v -42.5000 -2.5000 25.7600
v -42.5000 -2.5000 26.6800
v -42.5000 -2.5000 27.6000
v -42.5000 -2.5000 28.5200
v -42.5000 -2.5000 29.4400
v -42.5000 -2.5000 30.3600
v -42.5000 -2.5000 31.2800
v -42.5000 -2.5000 32.2000
v -42.5000 -2.5000 33.1200
v -42.5000 -2.5000 34.0400
v -42.5000 -2.5000 34.9600
v -42.5000 -2.5000 35.8800
v -42.5000 -2.5000 36.8000
v -42.5000 -2.5000 37.7200
v -42.5000 -2.5000 38.6400
v -42.5000 -2.5000 39.5600
v -42.5000 -2.5000 40.4800
v -42.5000 -2.5000 41.4000
v -42.5000 -2.5000 42.3200
v -42.5000 -2.5000 43.2400
v -42.5000 -2.5000 44.1600
v -42.5000 -2.5000 45.0800
v -42.5000 -2.5000 46.0000
v -41.6667 -2.5000 -46.0000
v -41.6667 -2.5000 -45.0800
v -41.6667 -2.5000 -44.1600
v -41.6667 -2.5000 -43.2400
v -41.6667 -2.5000 -42.3200
v -41.6667 -2.5000 -41.4000
v -41.6667 -2.5000 -40.4800
v -41.6667 -2.5000 -39.5600
v -41.6667 -2.5000 -38.6400
v -41.6667 -2.5000 -37.7200
v -41.6667 -2.5000 -36.8000
v -41.6667 -2.5000 -35.8800
v -41.6667 -2.5000 -34.9600
v -41.6667 -2.5000 -34.0400
v -41.6667 -2.5000 -33.1200
v -41.6667 -2.5000 -32.2000
v -41.6667 -2.5000 -31.2800
v -41.6667 -2.5000 -30.3600
v -41.6667 -2.5000 -29.4400
v -41.6667 -2.5000 -28.5200
v -41.6667 -2.5000 -27.6000
v -41.6667 -2.5000 -26.6800
v -41.6667 -2.5000 -25.7600
v -41.6667 -2.5000 -24.8400
v -41.6667 -2.5000 -23.9200
v -41.6667 -2.5000 -23.0000
v -41.6667 -2.5000 -22.0800
v -41.6667 -2.5000 -21.1600
v -41.6667 -2.5000 -20.2400
v -41.6667 -2.5000 -19.3200
v -41.6667 -2.5000 -18.4000
v -41.6667 -2.5000 -17.4800
v -41.6667 -2.5000 -16.5600
v -41.6667 -2.5000 -15.6400
v -41.6667 -2.5000 -14.7200
v -41.6667 -2.5000 -13.8000
v -41.6667 -2.5000 -12.8800
v -41.6667 -2.5000 -11.9600
v -41.6667 -2.5000 -11.0400
v -41.6667 -2.5000 -10.1200
v -41.6667 -2.5000 -9.2000
v -41.6667 -2.5000 -8.2800
v -41.6667 -2.5000 -7.3600
v -41.6667 -2.5000 -6.4400
v -41.6667 -2.5000 -5.5200
v -41.6667 -2.5000 -4.6000
v -41.6667 -2.5000 -3.6800
v -41.6667 -2.5000 -2.7600
v -41.6667 -2.5000 -1.8400
v -41.6667 -2.5000 -0.9200
v -41.6667 -2.5000 0.0000
v -41.6667 -2.5000 0.9200
v -41.6667 -2.5000 1.8400
v -41.6667 -2.5000 2.7600
v -41.6667 -2.5000 3.6800
v -41.6667 -2.5000 4.6000
v -41.6667 -2.2619 5.5200
v -41.6667 -2.0634 6.4400
v -41.6667 -1.9116 7.3600
v -41.6667 -1.8037 8.2800
v -41.6667 -1.7361 9.2000
v -41.6667 -1.7043 10.1200
v -41.6667 -1.7036 11.0400
v -41.6667 -1.7290 11.9600
v -41.6667 -1.7755 12.8800
v -41.6667 -1.8381 13.8000
v -41.6667 -1.9124 14.7200
v -41.6667 -1.9940 15.6400
v -41.6667 -2.0796 16.5600
v -41.6667 -2.1662 17.4800
v -41.6667 -2.2519 18.4000
v -41.6667 -2.3354 19.3200
v -41.6667 -2.4163 20.2400
v -41.6667 -2.4948 21.1600
v -41.6667 -2.5000 22.0800
v -41.6667 -2.5000 23.0000
v -41.6667 -2.5000 23.9200
v -41.6667 -2.5000 24.8400
v -41.6667 -2.5000 25.7600
v -41.6667 -2.5000 26.6800
v -41.6667 -2.5000 27.6000
v -41.6667 -2.5000 28.5200
v -41.6667 -2.5000 29.4400
v -41.6667 -2.5000 30.3600
v -41.6667 -2.5000 31.2800
v -41.6667 -2.5000 32.2000
v -41.6667 -2.5000 33.1200
v -41.6667 -2.5000 34.0400
v -41.6667 -2.5000 34.9600
v -41.6667 -2.5000 35.8800
v -41.6667 -2.5000 36.8000
v -41.6667 -2.5000 37.7200
v -41.6667 -2.5000 38.6400
v -41.6667 -2.5000 39.5600
v -41.6667 -2.5000 40.4800
v -41.6667 -2.5000 41.4000
v -41.6667 -2.5000 42.3200
v -41.6667 -2.5000 43.2400
v -41.6667 -2.5000 44.1600
v -41.6667 -2.5000 45.0800
v -41.6667 -2.5000 46.0000
v -40.8333 -2.5000 -46.0000
v -40.8333 -2.5000 -45.0800
v -40.8333 -2.5000 -44.1600
v -40.8333 -2.5000 -43.2400
v -40.8333 -2.5000 -42.3200
v -40.8333 -2.5000 -41.4000
v -40.8333 -2.5000 -40.4800
v -40.8333 -2.5000 -39.5600
v -40.8333 -2.5000 -38.6400
v -40.8333 -2.5000 -37.7200
v -40.8333 -2.5000 -36.8000
v -40.8333 -2.5000 -35.8800
v -40.8333 -2.5000 -34.9600
v -40.8333 -2.5000 -34.0400
v -40.8333 -2.5000 -33.1200
v -40.8333 -2.5000 -32.2000
v -40.8333 -2.5000 -31.2800
v -40.8333 -2.5000 -30.3600
v -40.8333 -2.5000 -29.4400
v -40.8333 -2.5000 -28.5200
v -40.8333 -2.5000 -27.6000
v -40.8333 -2.5000 -26.6800
v -40.8333 -2.5000 -25.7600
v -40.8333 -2.5000 -24.8400
v -40.8333 -2.5000 -23.9200
v -40.8333 -2.5000 -23.0000
v -40.8333 -2.5000 -22.0800
v -40.8333 -2.5000 -21.1600
v -40.8333 -2.5000 -20.2400
v -40.8333 -2.5000 -19.3200
v -40.8333 -2.5000 -18.4000
v -40.8333 -2.5000 -17.4800
v -40.8333 -2.5000 -16.5600
v -40.8333 -2.5000 -15.6400
v -40.8333 -2.5000 -14.7200
v -40.8333 -2.5000 -13.8000
v -40.8333 -2.5000 -12.8800
v -40.8333 -2.5000 -11.9600
v -40.8333 -2.5000 -11.0400
v -40.8333 -2.5000 -10.1200
v -40.8333 -2.5000 -9.2000
v -40.8333 -2.5000 -8.2800
v -40.8333 -2.5000 -7.3600
v -40.8333 -2.5000 -6.4400
v -40.8333 -2.5000 -5.5200
v -40.8333 -2.5000 -4.6000
v -40.8333 -2.5000 -3.6800
v -40.8333 -2.5000 -2.7600
v -40.8333 -2.5000 -1.8400
v -40.8333 -2.5000 -0.9200
v -40.8333 -2.5000 0.0000
v -40.8333 -2.5000 0.9200
v -40.8333 -2.5000 1.8400
v -40.8333 -2.5000 2.7600
v -40.8333 -2.5000 3.6800
v -40.8333 -2.2213 4.6000
v -40.8333 -1.9799 5.5200
v -40.8333 -1.7877 6.4400
v -40.8333 -1.6429 7.3600
v -40.8333 -1.5423 8.2800
v -40.8333 -1.4819 9.2000
v -40.8333 -1.4572 10.1200
v -40.8333 -1.4630 11.0400
v -40.8333 -1.4943 11.9600
v -40.8333 -1.5457 12.8800
v -40.8333 -1.6122 13.8000
v -40.8333 -1.6892 14.7200
v -40.8333 -1.7725 15.6400
v -40.8333 -1.8588 16.5600
v -40.8333 -1.9452 17.4800
v -40.8333 -2.0302 18.4000
v -40.8333 -2.1126 19.3200
v -40.8333 -2.1924 20.2400
v -40.8333 -2.2700 21.1600
v -40.8333 -2.3465 22.0800
v -40.8333 -2.4234 23.0000
v -40.8333 -2.5000 23.9200
v -40.8333 -2.5000 24.8400
v -40.8333 -2.5000 25.7600
v -40.8333 -2.5000 26.6800
v -40.8333 -2.5000 27.6000
v -40.8333 -2.5000 28.5200
v -40.8333 -2.5000 29.4400
v -40.8333 -2.5000 30.3600
v -40.8333 -2.5000 31.2800
v -40.8333 -2.5000 32.2000
v -40.8333 -2.5000 33.1200
v -40.8333 -2.5000 34.0400
v -40.8333 -2.5000 34.9600
v -40.8333 -2.5000 35.8800
v -40.8333 -2.5000 36.8000
v -40.8333 -2.5000 37.7200
v -40.8333 -2.5000 38.6400
v -40.8333 -2.5000 39.5600
v -40.8333 -2.5000 40.4800
v -40.8333 -2.5000 41.4000
v -40.8333 -2.5000 42.3200
v -40.8333 -2.5000 43.2400
v -40.8333 -2.5000 44.1600
v -40.8333 -2.5000 45.0800
v -40.8333 -2.5000 46.0000
v -40.0000 -2.5000 -46.0000
v -40.0000 -2.5000 -45.0800
v -40.0000 -2.5000 -44.1600
v -40.0000 -2.5000 -43.2400
v -40.0000 -2.5000 -42.3200
v -40.0000 -2.5000 -41.4000
v -40.0000 -2.5000 -40.4800
v -40.0000 -2.5000 -39.5600
v -40.0000 -2.5000 -38.6400
v -40.0000 -2.5000 -37.7200
v -40.0000 -2.5000 -36.8000
v -40.0000 -2.5000 -35.8800
v -40.0000 -2.5000 -34.9600
v -40.0000 -2.5000 -34.0400
v -40.0000 -2.5000 -33.1200
v -40.0000 -2.5000 -32.2000
v -40.0000 -2.5000 -31.2800
v -40.0000 -2.5000 -30.3600
v -40.0000 -2.5000 -29.4400
v -40.0000 -2.5000 -28.5200
v -40.0000 -2.5000 -27.6000
v -40.0000 -2.5000 -26.6800
v -40.0000 -2.5000 -25.7600
v -40.0000 -2.5000 -24.8400
v -40.0000 -2.5000 -23.9200
v -40.0000 -2.5000 -23.0000
v -40.0000 -2.5000 -22.0800
v -40.0000 -2.5000 -21.1600
v -40.0000 -2.5000 -20.2400
v -40.0000 -2.5000 -19.3200
v -40.0000 -2.5000 -18.4000
v -40.0000 -2.5000 -17.4800
v -40.0000 -2.5000 -16.5600
v -40.0000 -2.5000 -15.6400
v -40.0000 -2.5000 -14.7200
v -40.0000 -2.5000 -13.8000
v -40.0000 -2.5000 -12.8800
v -40.0000 -2.5000 -11.9600
v -40.0000 -2.5000 -11.0400
v -40.0000 -2.5000 -10.1200
v -40.0000 -2.5000 -9.2000
v -40.0000 -2.5000 -8.2800
v -40.0000 -2.5000 -7.3600
v -40.0000 -2.5000 -6.4400
v -40.0000 -2.5000 -5.5200
v -40.0000 -2.5000 -4.6000
v -40.0000 -2.5000 -3.6800
v -40.0000 -2.5000 -2.7600
v -40.0000 -2.5000 -1.8400
v -40.0000 -2.5000 -0.9200
v -40.0000 -2.5000 0.0000
v -40.0000 -2.5000 0.9200
v -40.0000 -2.5000 1.8400
v -40.0000 -2.5000 2.7600
v -40.0000 -2.2206 3.6800
v -40.0000 -1.9343 4.6000
v -40.0000 -1.6986 5.5200
v -40.0000 -1.5130 6.4400
v -40.0000 -1.3753 7.3600
v -40.0000 -1.2821 8.2800
v -40.0000 -1.2292 9.2000
v -40.0000 -1.2116 10.1200
v -40.0000 -1.2240 11.0400
v -40.0000 -1.2610 11.9600
v -40.0000 -1.3172 12.8800
v -40.0000 -1.3873 13.8000
v -40.0000 -1.4668 14.7200
v -40.0000 -1.5514 15.6400
v -40.0000 -1.6380 16.5600
v -40.0000 -1.7240 17.4800
v -40.0000 -1.8080 18.4000
v -40.0000 -1.8893 19.3200
v -40.0000 -1.9680 20.2400
v -40.0000 -2.0450 21.1600
v -40.0000 -2.1215 22.0800
v -40.0000 -2.1991 23.0000
v -40.0000 -2.2798 23.9200
v -40.0000 -2.3654 24.8400
v -40.0000 -2.4577 25.7600
v -40.0000 -2.5000 26.6800
v -40.0000 -2.5000 27.6000
v -40.0000 -2.5000 28.5200
v -40.0000 -2.5000 29.4400
v -40.0000 -2.5000 30.3600
v -40.0000 -2.5000 31.2800
v -40.0000 -2.5000 32.2000
v -40.0000 -2.5000 33.1200
v -40.0000 -2.5000 34.0400
v -40.0000 -2.5000 34.9600
v -40.0000 -2.5000 35.8800
v -40.0000 -2.5000 36.8000
v -40.0000 -2.5000 37.7200
v -40.0000 -2.5000 38.6400
v -40.0000 -2.5000 39.5600
v -40.0000 -2.5000 40.4800
v -40.0000 -2.5000 41.4000
v -40.0000 -2.5000 42.3200
v -40.0000 -2.5000 43.2400
v -40.0000 -2.5000 44.1600
v -40.0000 -2.5000 45.0800
v -40.0000 -2.5000 46.0000
v -39.1667 -2.5000 -46.0000
v -39.1667 -2.5000 -45.0800
v -39.1667 -2.5000 -44.1600
v -39.1667 -2.5000 -43.2400
v -39.1667 -2.5000 -42.3200
v -39.1667 -2.5000 -41.4000
v -39.1667 -2.5000 -40.4800
v -39.1667 -2.5000 -39.5600
v -39.1667 -2.5000 -38.6400
v -39.1667 -2.5000 -37.7200
v -39.1667 -2.5000 -36.8000
v -39.1667 -2.5000 -35.8800
v -39.1667 -2.5000 -34.9600
v -39.1667 -2.5000 -34.0400
v -39.1667 -2.5000 -33.1200
v -39.1667 -2.5000 -32.2000
v -39.1667 -2.5000 -31.2800
v -39.1667 -2.5000 -30.3600
v -39.1667 -2.5000 -29.4400
v -39.1667 -2.5000 -28.5200
v -39.1667 -2.5000 -27.6000
v -39.1667 -2.5000 -26.6800
v -39.1667 -2.5000 -25.7600
v -39.1667 -2.5000 -24.8400
v -39.1667 -2.5000 -23.9200
v -39.1667 -2.5000 -23.0000
v -39.1667 -2.5000 -22.0800
v -39.1667 -2.5000 -21.1600
v -39.1667 -2.5000 -20.2400
v -39.1667 -2.5000 -19.3200
v -39.1667 -2.5000 -18.4000
v -39.1667 -2.5000 -17.4800
v -39.1667 -2.5000 -16.5600
v -39.1667 -2.5000 -15.6400
v -39.1667 -2.5000 -14.7200
v -39.1667 -2.5000 -13.8000
v -39.1667 -2.5000 -12.8800
v -39.1667 -2.5000 -11.9600
v -39.1667 -2.5000 -11.0400
v -39.1667 -2.5000 -10.1200
v -39.1667 -2.5000 -9.2000
v -39.1667 -2.5000 -8.2800
v -39.1667 -2.5000 -7.3600
v -39.1667 -2.5000 -6.4400
v -39.1667 -2.5000 -5.5200
v -39.1667 -2.5000 -4.6000
v -39.1667 -2.5000 -3.6800
v -39.1667 -2.5000 -2.7600
v -39.1667 -2.5000 -1.8400
v -39.1667 -2.5000 -0.9200
v -39.1667 -2.5000 0.0000
v -39.1667 -2.5000 0.9200
v -39.1667 -2.5000 1.8400
v -39.1667 -2.2608 2.7600
v -39.1667 -1.9294 3.6800
v -39.1667 -1.6480 4.6000
v -39.1667 -1.4182 5.5200
v -39.1667 -1.2393 6.4400
v -39.1667 -1.1090 7.3600
v -39.1667 -1.0234 8.2800
v -39.1667 -0.9780 9.2000
v -39.1667 -0.9676 10.1200
v -39.1667 -0.9865 11.0400
v -39.1667 -1.0291 11.9600
v -39.1667 -1.0898 12.8800
v -39.1667 -1.1633 13.8000
v -39.1667 -1.2449 14.7200
v -39.1667 -1.3305 15.6400
v -39.1667 -1.4171 16.5600
v -39.1667 -1.5025 17.4800
v -39.1667 -1.5854 18.4000
v -39.1667 -1.6655 19.3200
v -39.1667 -1.7433 20.2400
v -39.1667 -1.8198 21.1600
v -39.1667 -1.8967 22.0800
v -39.1667 -1.9757 23.0000
v -39.1667 -2.0588 23.9200
v -39.1667 -2.1479 24.8400
v -39.1667 -2.2450 25.7600
v -39.1667 -2.3515 26.6800
v -39.1667 -2.4690 27.6000
v -39.1667 -2.5000 28.5200
v -39.1667 -2.5000 29.4400
v -39.1667 -2.5000 30.3600
v -39.1667 -2.5000 31.2800
v -39.1667 -2.5000 32.2000
v -39.1667 -2.5000 33.1200
v -39.1667 -2.5000 34.0400
v -39.1667 -2.5000 34.9600
v -39.1667 -2.5000 35.8800
v -39.1667 -2.5000 36.8000
v -39.1667 -2.5000 37.7200
v -39.1667 -2.5000 38.6400
v -39.1667 -2.5000 39.5600
v -39.1667 -2.5000 40.4800
v -39.1667 -2.5000 41.4000
v -39.1667 -2.5000 42.3200
v -39.1667 -2.5000 43.2400
v -39.1667 -2.5000 44.1600
v -39.1667 -2.5000 45.0800
v -39.1667 -2.5000 46.0000
v -38.3333 -2.5000 -46.0000
v -38.3333 -2.5000 -45.0800
v -38.3333 -2.5000 -44.1600
v -38.3333 -2.5000 -43.2400
v -38.3333 -2.5000 -42.3200
v -38.3333 -2.5000 -41.4000
v -38.3333 -2.5000 -40.4800
v -38.3333 -2.5000 -39.5600
v -38.3333 -2.5000 -38.6400
v -38.3333 -2.5000 -37.7200
v -38.3333 -2.5000 -36.8000
v -38.3333 -2.5000 -35.8800
v -38.3333 -2.5000 -34.9600
v -38.3333 -2.5000 -34.0400
v -38.3333 -2.5000 -33.1200
v -38.3333 -2.5000 -32.2000
v -38.3333 -2.5000 -31.2800
v -38.3333 -2.5000 -30.3600
v -38.3333 -2.5000 -29.4400
v -38.3333 -2.5000 -28.5200
v -38.3333 -2.5000 -27.6000
v -38.3333 -2.5000 -26.6800
v -38.3333 -2.5000 -25.7600
v -38.3333 -2.5000 -24.8400
v -38.3333 -2.5000 -23.9200
v -38.3333 -2.5000 -23.0000
v -38.3333 -2.5000 -22.0800
v -38.3333 -2.5000 -21.1600
v -38.3333 -2.5000 -20.2400
v -38.3333 -2.5000 -19.3200
v -38.3333 -2.5000 -18.4000
v -38.3333 -2.5000 -17.4800
v -38.3333 -2.5000 -16.5600
v -38.3333 -2.5000 -15.6400
v -38.3333 -2.5000 -14.7200
v -38.3333 -2.5000 -13.8000
v -38.3333 -2.5000 -12.8800
v -38.3333 -2.5000 -11.9600
v -38.3333 -2.5000 -11.0400
v -38.3333 -2.5000 -10.1200
v -38.3333 -2.5000 -9.2000
v -38.3333 -2.5000 -8.2800
v -38.3333 -2.5000 -7.3600
v -38.3333 -2.5000 -6.4400
v -38.3333 -2.5000 -5.5200
v -38.3333 -2.5000 -4.6000
v -38.3333 -2.5000 -3.6800
v -38.3333 -2.5000 -2.7600
v -38.3333 -2.5000 -1.8400
v -38.3333 -2.5000 -0.9200
v -38.3333 -2.5000 0.0000
v -38.3333 -2.5000 0.9200
v -38.3333 -2.3407 1.8400
v -38.3333 -1.9663 2.7600
v -38.3333 -1.6386 3.6800
v -38.3333 -1.3622 4.6000
v -38.3333 -1.1385 5.5200
v -38.3333 -0.9667 6.4400
v -38.3333 -0.8440 7.3600
v -38.3333 -0.7662 8.2800
v -38.3333 -0.7284 9.2000
v -38.3333 -0.7252 10.1200
v -38.3333 -0.7506 11.0400
v -38.3333 -0.7986 11.9600
v -38.3333 -0.8636 12.8800
v -38.3333 -0.9401 13.8000
v -38.3333 -1.0234 14.7200
v -38.3333 -1.1097 15.6400
v -38.3333 -1.1960 16.5600
v -38.3333 -1.2805 17.4800
v -38.3333 -1.3622 18.4000
v -38.3333 -1.4412 19.3200
v -38.3333 -1.5182 20.2400
v -38.3333 -1.5947 21.1600
v -38.3333 -1.6724 22.0800
v -38.3333 -1.7534 23.0000
v -38.3333 -1.8396 23.9200
v -38.3333 -1.9331 24.8400
v -38.3333 -2.0356 25.7600
v -38.3333 -2.1489 26.6800
v -38.3333 -2.2740 27.6000
v -38.3333 -2.4122 28.5200
v -38.3333 -2.5000 29.4400
v -38.3333 -2.5000 30.3600
v -38.3333 -2.5000 31.2800
v -38.3333 -2.5000 32.2000
v -38.3333 -2.5000 33.1200
v -38.3333 -2.5000 34.0400
v -38.3333 -2.5000 34.9600
v -38.3333 -2.5000 35.8800
v -38.3333 -2.5000 36.8000
v -38.3333 -2.5000 37.7200
v -38.3333 -2.5000 38.6400
v -38.3333 -2.5000 39.5600
v -38.3333 -2.5000 40.4800
v -38.3333 -2.5000 41.4000
v -38.3333 -2.5000 42.3200
v -38.3333 -2.5000 43.2400
v -38.3333 -2.5000 44.1600
v -38.3333 -2.5000 45.0800
v -38.3333 -2.5000 46.0000
v -37.5000 -2.5000 -46.0000
v -37.5000 -2.5000 -45.0800
v -37.5000 -2.5000 -44.1600
v -37.5000 -2.5000 -43.2400
v -37.5000 -2.5000 -42.3200
v -37.5000 -2.5000 -41.4000
v -37.5000 -2.5000 -40.4800
v -37.5000 -2.5000 -39.5600
v -37.5000 -2.5000 -38.6400
v -37.5000 -2.5000 -37.7200
v -37.5000 -2.5000 -36.8000
v -37.5000 -2.5000 -35.8800
v -37.5000 -2.5000 -34.9600
v -37.5000 -2.5000 -34.0400
v -37.5000 -2.5000 -33.1200
v -37.5000 -2.5000 -32.2000
v -37.5000 -2.5000 -31.2800
v -37.5000 -2.5000 -30.3600
v -37.5000 -2.5000 -29.4400
v -37.5000 -2.5000 -28.5200
v -37.5000 -2.5000 -27.6000
v -37.5000 -2.5000 -26.6800
v -37.5000 -2.5000 -25.7600
v -37.5000 -2.5000 -24.8400
v -37.5000 -2.5000 -23.9200
v -37.5000 -2.5000 -23.0000
v -37.5000 -2.5000 -22.0800
v -37.5000 -2.5000 -21.1600
v -37.5000 -2.4770 -20.2400
v -37.5000 -2.4317 -19.3200
v -37.5000 -2.4239 -18.4000
v -37.5000 -2.4564 -17.4800
v -37.5000 -2.5000 -16.5600
v -37.5000 -2.5000 -15.6400
v -37.5000 -2.5000 -14.7200
v -37.5000 -2.5000 -13.8000
v -37.5000 -2.5000 -12.8800
v -37.5000 -2.5000 -11.9600
v -37.5000 -2.5000 -11.0400
v -37.5000 -2.5000 -10.1200
v -37.5000 -2.5000 -9.2000
v -37.5000 -2.5000 -8.2800
v -37.5000 -2.5000 -7.3600
v -37.5000 -2.5000 -6.4400
v -37.5000 -2.5000 -5.5200
v -37.5000 -2.5000 -4.6000
v -37.5000 -2.5000 -3.6800
v -37.5000 -2.5000 -2.7600
v -37.5000 -2.5000 -1.8400
v -37.5000 -2.5000 -0.9200
v -37.5000 -2.5000 0.0000
v -37.5000 -2.4555 0.9200
v -37.5000 -2.0440 1.8400
v -37.5000 -1.6720 2.7600
v -37.5000 -1.3481 3.6800
v -37.5000 -1.0770 4.6000
v -37.5000 -0.8598 5.5200
v -37.5000 -0.6953 6.4400
v -37.5000 -0.5803 7.3600
v -37.5000 -0.5105 8.2800
v -37.5000 -0.4805 9.2000
v -37.5000 -0.4844 10.1200
v -37.5000 -0.5162 11.0400
v -37.5000 -0.5695 11.9600
v -37.5000 -0.6384 12.8800
v -37.5000 -0.7176 13.8000
v -37.5000 -0.8023 14.7200
v -37.5000 -0.8889 15.6400
v -37.5000 -0.9747 16.5600
v -37.5000 -1.0581 17.4800
v -37.5000 -1.1385 18.4000
v -37.5000 -1.2165 19.3200
v -37.5000 -1.2931 20.2400
v -37.5000 -1.3699 21.1600
v -37.5000 -1.4491 22.0800
v -37.5000 -1.5327 23.0000
v -37.5000 -1.6228 23.9200
v -37.5000 -1.7214 24.8400
v -37.5000 -1.8303 25.7600
v -37.5000 -1.9509 26.6800
v -37.5000 -2.0846 27.6000
v -37.5000 -2.2320 28.5200
v -37.5000 -2.3940 29.4400
v -37.5000 -2.5000 30.3600
v -37.5000 -2.5000 31.2800
v -37.5000 -2.5000 32.2000
v -37.5000 -2.5000 33.1200
v -37.5000 -2.5000 34.0400
v -37.5000 -2.5000 34.9600
v -37.5000 -2.5000 35.8800
v -37.5000 -2.5000 36.8000
v -37.5000 -2.5000 37.7200
v -37.5000 -2.5000 38.6400
v -37.5000 -2.5000 39.5600
v -37.5000 -2.5000 40.4800
v -37.5000 -2.5000 41.4000
v -37.5000 -2.5000 42.3200
v -37.5000 -2.5000 43.2400
v -37.5000 -2.5000 44.1600
v -37.5000 -2.5000 45.0800
v -37.5000 -2.5000 46.0000
v -36.6667 -2.5000 -46.0000
v -36.6667 -2.5000 -45.0800
v -36.6667 -2.5000 -44.1600
v -36.6667 -2.5000 -43.2400
v -36.6667 -2.5000 -42.3200
v -36.6667 -2.5000 -41.4000
v -36.6667 -2.5000 -40.4800
v -36.6667 -2.5000 -39.5600
v -36.6667 -2.5000 -38.6400
v -36.6667 -2.5000 -37.7200
v -36.6667 -2.5000 -36.8000
v -36.6667 -2.5000 -35.8800
v -36.6667 -2.5000 -34.9600
v -36.6667 -2.5000 -34.0400
v -36.6667 -2.5000 -33.1200
v -36.6667 -2.5000 -32.2000
v -36.6667 -2.5000 -31.2800
v -36.6667 -2.5000 -30.3600
v -36.6667 -2.5000 -29.4400
v -36.6667 -2.5000 -28.5200
v -36.6667 -2.5000 -27.6000
v -36.6667 -2.5000 -26.6800
v -36.6667 -2.5000 -25.7600
v -36.6667 -2.5000 -24.8400
v -36.6667 -2.5000 -23.9200
v -36.6667 -2.5000 -23.0000
v -36.6667 -2.4451 -22.0800
v -36.6667 -2.3193 -21.1600
v -36.6667 -2.2232 -20.2400
v -36.6667 -2.1606 -19.3200
v -36.6667 -2.1350 -18.4000
v -36.6667 -2.1493 -17.4800
v -36.6667 -2.2062 -16.5600
v -36.6667 -2.3075 -15.6400
v -36.6667 -2.4535 -14.7200
v -36.6667 -2.5000 -13.8000
v -36.6667 -2.5000 -12.8800
v -36.6667 -2.5000 -11.9600
v -36.6667 -2.5000 -11.0400
v -36.6667 -2.5000 -10.1200
v -36.6667 -2.5000 -9.2000
v -36.6667 -2.5000 -8.2800
v -36.6667 -2.5000 -7.3600
v -36.6667 -2.5000 -6.4400
v -36.6667 -2.5000 -5.5200
v -36.6667 -2.5000 -4.6000
v -36.6667 -2.5000 -3.6800
v -36.6667 -2.5000 -2.7600
v -36.6667 -2.5000 -1.8400
v -36.6667 -2.5000 -0.9200
v -36.6667 -2.5000 0.0000
v -36.6667 -2.1577 0.9200
v -36.6667 -1.7473 1.8400
v -36.6667 -1.3779 2.7600
v -36.6667 -1.0581 3.6800
v -36.6667 -0.7925 4.6000
v -36.6667 -0.5820 5.5200
v -36.6667 -0.4250 6.4400
v -36.6667 -0.3181 7.3600
v -36.6667 -0.2564 8.2800
v -36.6667 -0.2342 9.2000
v -36.6667 -0.2453 10.1200
v -36.6667 -0.2833 11.0400
v -36.6667 -0.3416 11.9600
v -36.6667 -0.4142 12.8800
v -36.6667 -0.4957 13.8000
v -36.6667 -0.5815 14.7200
v -36.6667 -0.6680 15.6400
v -36.6667 -0.7529 16.5600
v -36.6667 -0.8351 17.4800
v -36.6667 -0.9144 18.4000
v -36.6667 -0.9915 19.3200
v -36.6667 -1.0680 20.2400
v -36.6667 -1.1458 21.1600
v -36.6667 -1.2270 22.0800
v -36.6667 -1.3140 23.0000
v -36.6667 -1.4088 23.9200
v -36.6667 -1.5134 24.8400
v -36.6667 -1.6295 25.7600
v -36.6667 -1.7584 26.6800
v -36.6667 -1.9013 27.6000
v -36.6667 -2.0587 28.5200
v -36.6667 -2.2312 29.4400
v -36.6667 -2.4191 30.3600
v -36.6667 -2.5000 31.2800
v -36.6667 -2.5000 32.2000
v -36.6667 -2.5000 33.1200
v -36.6667 -2.5000 34.0400
v -36.6667 -2.5000 34.9600
v -36.6667 -2.5000 35.8800
v -36.6667 -2.5000 36.8000
v -36.6667 -2.5000 37.7200
v -36.6667 -2.5000 38.6400
v -36.6667 -2.5000 39.5600
v -36.6667 -2.5000 40.4800
v -36.6667 -2.5000 41.4000
v -36.6667 -2.5000 42.3200
v -36.6667 -2.5000 43.2400
v -36.6667 -2.5000 44.1600
v -36.6667 -2.5000 45.0800
v -36.6667 -2.5000 46.0000
v -35.8333 -2.5000 -46.0000
v -35.8333 -2.5000 -45.0800
v -35.8333 -2.5000 -44.1600
v -35.8333 -2.5000 -43.2400
v -35.8333 -2.5000 -42.3200
v -35.8333 -2.5000 -41.4000
v -35.8333 -2.5000 -40.4800
v -35.8333 -2.5000 -39.5600
v -35.8333 -2.5000 -38.6400
v -35.8333 -2.5000 -37.7200
v -35.8333 -2.5000 -36.8000
v -35.8333 -2.5000 -35.8800
v -35.8333 -2.5000 -34.9600
v -35.8333 -2.5000 -34.0400
v -35.8333 -2.5000 -33.1200
v -35.8333 -2.5000 -32.2000
v -35.8333 -2.5000 -31.2800
v -35.8333 -2.5000 -30.3600
v -35.8333 -2.5000 -29.4400
v -35.8333 -2.5000 -28.5200
v -35.8333 -2.5000 -27.6000
v -35.8333 -2.5000 -26.6800
v -35.8333 -2.5000 -25.7600
v -35.8333 -2.5000 -24.8400
v -35.8333 -2.5000 -23.9200
v -35.8333 -2.3958 -23.0000
v -35.8333 -2.2305 -22.0800
v -35.8333 -2.0899 -21.1600
v -35.8333 -1.9777 -20.2400
v -35.8333 -1.8980 -19.3200
v -35.8333 -1.8543 -18.4000
v -35.8333 -1.8502 -17.4800
v -35.8333 -1.8885 -16.5600
v -35.8333 -1.9716 -15.6400
v -35.8333 -2.1004 -14.7200
v -35.8333 -2.2745 -13.8000
v -35.8333 -2.4909 -12.8800
v -35.8333 -2.5000 -11.9600
v -35.8333 -2.5000 -11.0400
v -35.8333 -2.5000 -10.1200
v -35.8333 -2.5000 -9.2000
v -35.8333 -2.5000 -8.2800
v -35.8333 -2.5000 -7.3600
v -35.8333 -2.5000 -6.4400
v -35.8333 -2.5000 -5.5200
v -35.8333 -2.5000 -4.6000
v -35.8333 -2.5000 -3.6800
v -35.8333 -2.5000 -2.7600
v -35.8333 -2.5000 -1.8400
v -35.8333 -2.5000 -0.9200
v -35.8333 -2.2968 0.0000
v -35.8333 -1.8598 0.9200
v -35.8333 -1.4508 1.8400
v -35.8333 -1.0840 2.7600
v -35.8333 -0.7686 3.6800
v -35.8333 -0.5087 4.6000
v -35.8333 -0.3052 5.5200
v -35.8333 -0.1560 6.4400
v -35.8333 -0.0573 7.3600
v -35.8333 -0.0039 8.2800
v -35.8333 0.0103 9.2000
v -35.8333 -0.0079 10.1200
v -35.8333 -0.0519 11.0400
v -35.8333 -0.1150 11.9600
v -35.8333 -0.1909 12.8800
v -35.8333 -0.2743 13.8000
v -35.8333 -0.3607 14.7200
v -35.8333 -0.4468 15.6400
v -35.8333 -0.5307 16.5600
v -35.8333 -0.6116 17.4800
v -35.8333 -0.6897 18.4000
v -35.8333 -0.7664 19.3200
v -35.8333 -0.8432 20.2400
v -35.8333 -0.9226 21.1600
v -35.8333 -1.0067 22.0800
v -35.8333 -1.0978 23.0000
v -35.8333 -1.1983 23.9200
v -35.8333 -1.3098 24.8400
v -35.8333 -1.4339 25.7600
v -35.8333 -1.5720 26.6800
v -35.8333 -1.7248 27.6000
v -35.8333 -1.8929 28.5200
v -35.8333 -2.0766 29.4400
v -35.8333 -2.2760 30.3600
v -35.8333 -2.4907 31.2800
v -35.8333 -2.5000 32.2000
v -35.8333 -2.5000 33.1200
v -35.8333 -2.5000 34.0400
v -35.8333 -2.5000 34.9600
v -35.8333 -2.5000 35.8800
v -35.8333 -2.5000 36.8000
v -35.8333 -2.5000 37.7200
v -35.8333 -2.5000 38.6400
v -35.8333 -2.5000 39.5600
v -35.8333 -2.5000 40.4800
v -35.8333 -2.5000 41.4000
v -35.8333 -2.5000 42.3200
v -35.8333 -2.5000 43.2400
v -35.8333 -2.5000 44.1600
v -35.8333 -2.5000 45.0800
v -35.8333 -2.5000 46.0000
v -35.0000 -2.5000 -46.0000
v -35.0000 -2.5000 -45.0800
v -35.0000 -2.5000 -44.1600
v -35.0000 -2.5000 -43.2400
v -35.0000 -2.5000 -42.3200
v -35.0000 -2.5000 -41.4000
v -35.0000 -2.5000 -40.4800
v -35.0000 -2.5000 -39.5600
v -35.0000 -2.5000 -38.6400
v -35.0000 -2.5000 -37.7200
v -35.0000 -2.5000 -36.8000
v -35.0000 -2.5000 -35.8800
v -35.0000 -2.5000 -34.9600
v -35.0000 -2.5000 -34.0400
v -35.0000 -2.5000 -33.1200
v -35.0000 -2.5000 -32.2000
v -35.0000 -2.5000 -31.2800
v -35.0000 -2.5000 -30.3600
v -35.0000 -2.5000 -29.4400
v -35.0000 -2.5000 -28.5200
v -35.0000 -2.5000 -27.6000
v -35.0000 -2.5000 -26.6800
v -35.0000 -2.5000 -25.7600
v -35.0000 -2.5000 -24.8400
v -35.0000 -2.3986 -23.9200
v -35.0000 -2.2014 -23.0000
v -35.0000 -2.0235 -22.0800
v -35.0000 -1.8686 -21.1600
v -35.0000 -1.7408 -20.2400
v -35.0000 -1.6440 -19.3200
v -35.0000 -1.5823 -18.4000
v -35.0000 -1.5594 -17.4800
v -35.0000 -1.5787 -16.5600
v -35.0000 -1.6429 -15.6400
v -35.0000 -1.7537 -14.7200
v -35.0000 -1.9113 -13.8000
v -35.0000 -2.1136 -12.8800
v -35.0000 -2.3554 -11.9600
v -35.0000 -2.5000 -11.0400
v -35.0000 -2.5000 -10.1200
v -35.0000 -2.5000 -9.2000
v -35.0000 -2.5000 -8.2800
v -35.0000 -2.5000 -7.3600
v -35.0000 -2.5000 -6.4400
v -35.0000 -2.5000 -5.5200
v -35.0000 -2.5000 -4.6000
v -35.0000 -2.5000 -3.6800
v -35.0000 -2.5000 -2.7600
v -35.0000 -2.5000 -1.8400
v -35.0000 -2.4434 -0.9200
v -35.0000 -1.9988 0.0000
v -35.0000 -1.5620 0.9200
v -35.0000 -1.1543 1.8400
v -35.0000 -0.7904 2.7600
v -35.0000 -0.4795 3.6800
v -35.0000 -0.2257 4.6000
v -35.0000 -0.0295 5.5200
v -35.0000 0.1116 6.4400
v -35.0000 0.2018 7.3600
v -35.0000 0.2468 8.2800
v -35.0000 0.2531 9.2000
v -35.0000 0.2278 10.1200
v -35.0000 0.1780 11.0400
v -35.0000 0.1105 11.9600
v -35.0000 0.0316 12.8800
v -35.0000 -0.0533 13.8000
v -35.0000 -0.1399 14.7200
v -35.0000 -0.2253 15.6400
v -35.0000 -0.3079 16.5600
v -35.0000 -0.3875 17.4800
v -35.0000 -0.4648 18.4000
v -35.0000 -0.5413 19.3200
v -35.0000 -0.6191 20.2400
v -35.0000 -0.7007 21.1600
v -35.0000 -0.7885 22.0800
v -35.0000 -0.8848 23.0000
v -35.0000 -0.9918 23.9200
v -35.0000 -1.1111 24.8400
v -35.0000 -1.2443 25.7600
v -35.0000 -1.3922 26.6800
v -35.0000 -1.5558 27.6000
v -35.0000 -1.7352 28.5200
v -35.0000 -1.9306 29.4400
v -35.0000 -2.1419 30.3600
v -35.0000 -2.3687 31.2800
v -35.0000 -2.5000 32.2000
v -35.0000 -2.5000 33.1200
v -35.0000 -2.5000 34.0400
v -35.0000 -2.5000 34.9600
v -35.0000 -2.5000 35.8800
v -35.0000 -2.5000 36.8000
v -35.0000 -2.5000 37.7200
v -35.0000 -2.5000 38.6400
v -35.0000 -2.5000 39.5600
v -35.0000 -2.5000 40.4800
v -35.0000 -2.5000 41.4000
v -35.0000 -2.5000 42.3200
v -35.0000 -2.5000 43.2400
v -35.0000 -2.5000 44.1600
v -35.0000 -2.5000 45.0800
v -35.0000 -2.5000 46.0000
v -34.1667 -2.5000 -46.0000
v -34.1667 -2.5000 -45.0800
v -34.1667 -2.5000 -44.1600
v -34.1667 -2.5000 -43.2400
v -34.1667 -2.5000 -42.3200
v -34.1667 -2.5000 -41.4000
v -34.1667 -2.5000 -40.4800
v -34.1667 -2.5000 -39.5600
v -34.1667 -2.5000 -38.6400
v -34.1667 -2.5000 -37.7200
v -34.1667 -2.5000 -36.8000
v -34.1667 -2.5000 -35.8800
v -34.1667 -2.5000 -34.9600
v -34.1667 -2.5000 -34.0400
v -34.1667 -2.5000 -33.1200
v -34.1667 -2.5000 -32.2000
v -34.1667 -2.5000 -31.2800
v -34.1667 -2.5000 -30.3600
v -34.1667 -2.5000 -29.4400
v -34.1667 -2.5000 -28.5200
v -34.1667 -2.5000 -27.6000
v -34.1667 -2.5000 -26.6800
v -34.1667 -2.5000 -25.7600
v -34.1667 -2.4423 -24.8400
v -34.1667 -2.2212 -23.9200
v -34.1667 -2.0139 -23.0000
v -34.1667 -1.8240 -22.0800
v -34.1667 -1.6555 -21.1600
v -34.1667 -1.5123 -20.2400
v -34.1667 -1.3987 -19.3200
v -34.1667 -1.3190 -18.4000
v -34.1667 -1.2772 -17.4800
v -34.1667 -1.2771 -16.5600
v -34.1667 -1.3218 -15.6400
v -34.1667 -1.4138 -14.7200
v -34.1667 -1.5538 -13.8000
v -34.1667 -1.7407 -12.8800
v -34.1667 -1.9703 -11.9600
v -34.1667 -2.2346 -11.0400
v -34.1667 -2.5000 -10.1200
v -34.1667 -2.5000 -9.2000
v -34.1667 -2.5000 -8.2800
v -34.1667 -2.5000 -7.3600
v -34.1667 -2.5000 -6.4400
v -34.1667 -2.5000 -5.5200
v -34.1667 -2.5000 -4.6000
v -34.1667 -2.5000 -3.6800
v -34.1667 -2.5000 -2.7600
v -34.1667 -2.5000 -1.8400
v -34.1667 -2.1452 -0.9200
v -34.1667 -1.7007 0.0000
v -34.1667 -1.2643 0.9200
v -34.1667 -0.8579 1.8400
v -34.1667 -0.4971 2.7600
v -34.1667 -0.1910 3.6800
v -34.1667 0.0565 4.6000
v -34.1667 0.2452 5.5200
v -34.1667 0.3778 6.4400
v -34.1667 0.4593 7.3600
v -34.1667 0.4958 8.2800
v -34.1667 0.4941 9.2000
v -34.1667 0.4619 10.1200
v -34.1667 0.4064 11.0400
v -34.1667 0.3348 11.9600
v -34.1667 0.2535 12.8800
v -34.1667 0.1676 13.8000
v -34.1667 0.0812 14.7200
v -34.1667 -0.0033 15.6400
v -34.1667 -0.0846 16.5600
v -34.1667 -0.1630 17.4800
v -34.1667 -0.2396 18.4000
v -34.1667 -0.3165 19.3200
v -34.1667 -0.3960 20.2400
v -34.1667 -0.4807 21.1600
v -34.1667 -0.5731 22.0800
v -34.1667 -0.6756 23.0000
v -34.1667 -0.7901 23.9200
v -34.1667 -0.9182 24.8400
v -34.1667 -1.0612 25.7600
v -34.1667 -1.2199 26.6800
v -34.1667 -1.3949 27.6000
v -34.1667 -1.5862 28.5200
v -34.1667 -1.7939 29.4400
v -34.1667 -2.0174 30.3600
v -34.1667 -2.2564 31.2800
v -34.1667 -2.5000 32.2000
v -34.1667 -2.5000 33.1200
v -34.1667 -2.5000 34.0400
v -34.1667 -2.5000 34.9600
v -34.1667 -2.5000 35.8800
v -34.1667 -2.5000 36.8000
v -34.1667 -2.5000 37.7200
v -34.1667 -2.5000 38.6400
v -34.1667 -2.5000 39.5600
v -34.1667 -2.5000 40.4800
v -34.1667 -2.5000 41.4000
v -34.1667 -2.5000 42.3200
v -34.1667 -2.5000 43.2400
v -34.1667 -2.5000 44.1600
v -34.1667 -2.5000 45.0800
v -34.1667 -2.5000 46.0000
v -33.3333 -2.5000 -46.0000
v -33.3333 -2.5000 -45.0800
v -33.3333 -2.5000 -44.1600
v -33.3333 -2.5000 -43.2400
v -33.3333 -2.5000 -42.3200
v -33.3333 -2.5000 -41.4000
v -33.3333 -2.5000 -40.4800
v -33.3333 -2.5000 -39.5600
v -33.3333 -2.5000 -38.6400
v -33.3333 -2.5000 -37.7200
v -33.3333 -2.5000 -36.8000
v -33.3333 -2.5000 -35.8800
v -33.3333 -2.5000 -34.9600
v -33.3333 -2.5000 -34.0400
v -33.3333 -2.5000 -33.1200
v -33.3333 -2.5000 -32.2000
v -33.3333 -2.5000 -31.2800
v -33.3333 -2.5000 -30.3600
v -33.3333 -2.5000 -29.4400
v -33.3333 -2.5000 -28.5200
v -33.3333 -2.5000 -27.6000
v -33.3333 -2.5000 -26.6800
v -33.3333 -2.5000 -25.7600
v -33.3333 -2.2778 -24.8400
v -33.3333 -2.0493 -23.9200
v -33.3333 -1.8328 -23.0000
v -33.3333 -1.6319 -22.0800
v -33.3333 -1.4503 -21.1600
v -33.3333 -1.2923 -20.2400
v -33.3333 -1.1623 -19.3200
v -33.3333 -1.0647 -18.4000
v -33.3333 -1.0040 -17.4800
v -33.3333 -0.9841 -16.5600
v -33.3333 -1.0089 -15.6400
v -33.3333 -1.0812 -14.7200
v -33.3333 -1.2026 -13.8000
v -33.3333 -1.3728 -12.8800
v -33.3333 -1.5886 -11.9600
v -33.3333 -1.8432 -11.0400
v -33.3333 -2.1247 -10.1200
v -33.3333 -2.4155 -9.2000
v -33.3333 -2.5000 -8.2800
v -33.3333 -2.5000 -7.3600
v -33.3333 -2.5000 -6.4400
v -33.3333 -2.5000 -5.5200
v -33.3333 -2.5000 -4.6000
v -33.3333 -2.5000 -3.6800
v -33.3333 -2.5000 -2.7600
v -33.3333 -2.2702 -1.8400
v -33.3333 -1.8470 -0.9200
v -33.3333 -1.4026 0.0000
v -33.3333 -0.9665 0.9200
v -33.3333 -0.5617 1.8400
v -33.3333 -0.2041 2.7600
v -33.3333 0.0970 3.6800
v -33.3333 0.3378 4.6000
v -33.3333 0.5186 5.5200
v -33.3333 0.6005 6.4400
v -33.3333 0.6034 7.3600
v -33.3333 0.6052 8.2800
v -33.3333 0.6045 9.2000
v -33.3333 0.6023 10.1200
v -33.3333 0.6003 11.0400
v -33.3333 0.5582 11.9600
v -33.3333 0.4748 12.8800
v -33.3333 0.3884 13.8000
v -33.3333 0.3025 14.7200
v -33.3333 0.2193 15.6400
v -33.3333 0.1393 16.5600
v -33.3333 0.0620 17.4800
v -33.3333 -0.0145 18.4000
v -33.3333 -0.0925 19.3200
v -33.3333 -0.1744 20.2400
v -33.3333 -0.2632 21.1600
v -33.3333 -0.3612 22.0800
v -33.3333 -0.4708 23.0000
v -33.3333 -0.5939 23.9200
v -33.3333 -0.7317 24.8400
v -33.3333 -0.8855 25.7600
v -33.3333 -1.0557 26.6800
v -33.3333 -1.2428 27.6000
v -33.3333 -1.4466 28.5200
v -33.3333 -1.6668 29.4400
v -33.3333 -1.9029 30.3600
v -33.3333 -2.1542 31.2800
v -33.3333 -2.4197 32.2000
v -33.3333 -2.5000 33.1200
v -33.3333 -2.5000 34.0400
v -33.3333 -2.5000 34.9600
v -33.3333 -2.5000 35.8800
v -33.3333 -2.5000 36.8000
v -33.3333 -2.5000 37.7200
v -33.3333 -2.5000 38.6400
v -33.3333 -2.5000 39.5600
v -33.3333 -2.5000 40.4800
v -33.3333 -2.5000 41.4000
v -33.3333 -2.5000 42.3200
v -33.3333 -2.5000 43.2400
v -33.3333 -2.5000 44.1600
v -33.3333 -2.5000 45.0800
v -33.3333 -2.5000 46.0000
v -32.5000 -2.5000 -46.0000
v -32.5000 -2.5000 -45.0800
v -32.5000 -2.5000 -44.1600
v -32.5000 -2.5000 -43.2400
v -32.5000 -2.5000 -42.3200
v -32.5000 -2.5000 -41.4000
v -32.5000 -2.5000 -40.4800
v -32.5000 -2.5000 -39.5600
v -32.5000 -2.5000 -38.6400
v -32.5000 -2.5000 -37.7200
v -32.5000 -2.5000 -36.8000
v -32.5000 -2.5000 -35.8800
v -32.5000 -2.5000 -34.9600
v -32.5000 -2.5000 -34.0400
v -32.5000 -2.5000 -33.1200
v -32.5000 -2.5000 -32.2000
v -32.5000 -2.5000 -31.2800
v -32.5000 -2.5000 -30.3600
v -32.5000 -2.5000 -29.4400
v -32.5000 -2.5000 -28.5200
v -32.5000 -2.5000 -27.6000
v -32.5000 -2.5000 -26.6800
v -32.5000 -2.3594 -25.7600
v -32.5000 -2.1173 -24.8400
v -32.5000 -1.8825 -23.9200
v -32.5000 -1.6578 -23.0000
v -32.5000 -1.4466 -22.0800
v -32.5000 -1.2529 -21.1600
v -32.5000 -1.0808 -20.2400
v -32.5000 -0.9349 -19.3200
v -32.5000 -0.8197 -18.4000
v -32.5000 -0.7400 -17.4800
v -32.5000 -0.7002 -16.5600
v -32.5000 -0.7046 -15.6400
v -32.5000 -0.7565 -14.7200
v -32.5000 -0.8584 -13.8000
v -32.5000 -1.0106 -12.8800
v -32.5000 -1.2112 -11.9600
v -32.5000 -1.4543 -11.0400
v -32.5000 -1.7294 -10.1200
v -32.5000 -2.0197 -9.2000
v -32.5000 -2.3021 -8.2800
v -32.5000 -2.5000 -7.3600
v -32.5000 -2.5000 -6.4400
v -32.5000 -2.5000 -5.5200
v -32.5000 -2.5000 -4.6000
v -32.5000 -2.5000 -3.6800
v -32.5000 -2.3349 -2.7600
v -32.5000 -1.9705 -1.8400
v -32.5000 -1.5488 -0.9200
v -32.5000 -1.1046 0.0000
v -32.5000 -0.6687 0.9200
v -32.5000 -0.2655 1.8400
v -32.5000 0.0887 2.7600
v -32.5000 0.3844 3.6800
v -32.5000 0.6001 4.6000
v -32.5000 0.6092 5.5200
v -32.5000 0.6234 6.4400
v -32.5000 0.6340 7.3600
v -32.5000 0.6376 8.2800
v -32.5000 0.6343 9.2000
v -32.5000 0.6265 10.1200
v -32.5000 0.6169 11.0400
v -32.5000 0.6083 11.9600
v -32.5000 0.6023 12.8800
v -32.5000 0.6000 13.8000
v -32.5000 0.5243 14.7200
v -32.5000 0.4425 15.6400
v -32.5000 0.3638 16.5600
v -32.5000 0.2871 17.4800
v -32.5000 0.2102 18.4000
v -32.5000 0.1305 19.3200
v -32.5000 0.0451 20.2400
v -32.5000 -0.0487 21.1600
v -32.5000 -0.1535 22.0800
v -32.5000 -0.2714 23.0000
v -32.5000 -0.4039 23.9200
v -32.5000 -0.5525 24.8400
v -32.5000 -0.7179 25.7600
v -32.5000 -0.9004 26.6800
v -32.5000 -1.1001 27.6000
v -32.5000 -1.3168 28.5200
v -32.5000 -1.5499 29.4400
v -32.5000 -1.7987 30.3600
v -32.5000 -2.0623 31.2800
v -32.5000 -2.3395 32.2000
v -32.5000 -2.5000 33.1200
v -32.5000 -2.5000 34.0400
v -32.5000 -2.5000 34.9600
v -32.5000 -2.5000 35.8800
v -32.5000 -2.5000 36.8000
v -32.5000 -2.5000 37.7200
v -32.5000 -2.5000 38.6400
v -32.5000 -2.5000 39.5600
v -32.5000 -2.5000 40.4800
v -32.5000 -2.5000 41.4000
v -32.5000 -2.5000 42.3200
v -32.5000 -2.5000 43.2400
v -32.5000 -2.5000 44.1600
v -32.5000 -2.5000 45.0800
v -32.5000 -2.5000 46.0000
v -31.6667 -2.5000 -46.0000
v -31.6667 -2.5000 -45.0800
v -31.6667 -2.5000 -44.1600
v -31.6667 -2.5000 -43.2400
v -31.6667 -2.5000 -42.3200
v -31.6667 -2.5000 -41.4000
v -31.6667 -2.5000 -40.4800
v -31.6667 -2.5000 -39.5600
v -31.6667 -2.5000 -38.6400
v -31.6667 -2.5000 -37.7200
v -31.6667 -2.5000 -36.8000
v -31.6667 -2.5000 -35.8800
v -31.6667 -2.5000 -34.9600
v -31.6667 -2.5000 -34.0400
v -31.6667 -2.5000 -33.1200
v -31.6667 -2.5000 -32.2000
v -31.6667 -2.5000 -31.2800
v -31.6667 -2.5000 -30.3600
v -31.6667 -2.5000 -29.4400
v -31.6667 -2.5000 -28.5200
v -31.6667 -2.5000 -27.6000
v -31.6667 -2.4555 -26.6800
v -31.6667 -2.2061 -25.7600
v -31.6667 -1.9603 -24.8400
v -31.6667 -1.7202 -23.9200
v -31.6667 -1.4883 -23.0000
v -31.6667 -1.2680 -22.0800
v -31.6667 -1.0631 -21.1600
v -31.6667 -0.8776 -20.2400
v -31.6667 -0.7163 -19.3200
v -31.6667 -0.5840 -18.4000
v -31.6667 -0.4855 -17.4800
v -31.6667 -0.4258 -16.5600
v -31.6667 -0.4094 -15.6400
v -31.6667 -0.4403 -14.7200
v -31.6667 -0.5216 -13.8000
v -31.6667 -0.6546 -12.8800
v -31.6667 -0.8385 -11.9600
v -31.6667 -1.0685 -11.0400
v -31.6667 -1.3354 -10.1200
v -31.6667 -1.6235 -9.2000
v -31.6667 -1.9103 -8.2800
v -31.6667 -2.1669 -7.3600
v -31.6667 -2.3605 -6.4400
v -31.6667 -2.4596 -5.5200
v -31.6667 -2.4407 -4.6000
v -31.6667 -2.2947 -3.6800
v -31.6667 -2.0300 -2.7600
v -31.6667 -1.6706 -1.8400
v -31.6667 -1.2506 -0.9200
v -31.6667 -0.8065 0.0000
v -31.6667 -0.3710 0.9200
v -31.6667 0.0305 1.8400
v -31.6667 0.3810 2.7600
v -31.6667 0.6013 3.6800
v -31.6667 0.6222 4.6000
v -31.6667 0.6528 5.5200
v -31.6667 0.6792 6.4400
v -31.6667 0.6947 7.3600
v -31.6667 0.6978 8.2800
v -31.6667 0.6903 9.2000
v -31.6667 0.6757 10.1200
v -31.6667 0.6580 11.0400
v -31.6667 0.6404 11.9600
v -31.6667 0.6251 12.8800
v -31.6667 0.6134 13.8000
v -31.6667 0.6054 14.7200
v -31.6667 0.6011 15.6400
v -31.6667 0.5887 16.5600
v -31.6667 0.5122 17.4800
v -31.6667 0.4342 18.4000
v -31.6667 0.3518 19.3200
v -31.6667 0.2619 20.2400
v -31.6667 0.1619 21.1600
v -31.6667 0.0492 22.0800
v -31.6667 -0.0780 23.0000
v -31.6667 -0.2212 23.9200
v -31.6667 -0.3814 24.8400
v -31.6667 -0.5591 25.7600
v -31.6667 -0.7546 26.6800
v -31.6667 -0.9675 27.6000
v -31.6667 -1.1974 28.5200
v -31.6667 -1.4436 29.4400
v -31.6667 -1.7051 30.3600
v -31.6667 -1.9808 31.2800
v -31.6667 -2.2695 32.2000
v -31.6667 -2.5000 33.1200
v -31.6667 -2.5000 34.0400
v -31.6667 -2.5000 34.9600
v -31.6667 -2.5000 35.8800
v -31.6667 -2.5000 36.8000
v -31.6667 -2.5000 37.7200
v -31.6667 -2.5000 38.6400
v -31.6667 -2.5000 39.5600
v -31.6667 -2.5000 40.4800
v -31.6667 -2.5000 41.4000
v -31.6667 -2.5000 42.3200
v -31.6667 -2.5000 43.2400
v -31.6667 -2.5000 44.1600
v -31.6667 -2.5000 45.0800
v -31.6667 -2.5000 46.0000
v -30.8333 -2.5000 -46.0000
v -30.8333 -2.5000 -45.0800
v -30.8333 -2.5000 -44.1600
v -30.8333 -2.5000 -43.2400
v -30.8333 -2.5000 -42.3200
v -30.8333 -2.5000 -41.4000
v -30.8333 -2.5000 -40.4800
v -30.8333 -2.5000 -39.5600
v -30.8333 -2.5000 -38.6400
v -30.8333 -2.5000 -37.7200
v -30.8333 -2.5000 -36.8000
v -30.8333 -2.5000 -35.8800
v -30.8333 -2.5000 -34.9600
v -30.8333 -2.5000 -34.0400
v -30.8333 -2.5000 -33.1200
v -30.8333 -2.5000 -32.2000
v -30.8333 -2.5000 -31.2800
v -30.8333 -2.5000 -30.3600
v -30.8333 -2.5000 -29.4400
v -30.8333 -2.5000 -28.5200
v -30.8333 -2.5000 -27.6000
v -30.8333 -2.3057 -26.6800
v -30.8333 -2.0547 -25.7600
v -30.8333 -1.8061 -24.8400
v -30.8333 -1.5617 -23.9200
v -30.8333 -1.3238 -23.0000
v -30.8333 -1.0955 -22.0800
v -30.8333 -0.8803 -21.1600
v -30.8333 -0.6825 -20.2400
v -30.8333 -0.5066 -19.3200
v -30.8333 -0.3576 -18.4000
v -30.8333 -0.2407 -17.4800
v -30.8333 -0.1610 -16.5600
v -30.8333 -0.1236 -15.6400
v -30.8333 -0.1330 -14.7200
v -30.8333 -0.1929 -13.8000
v -30.8333 -0.3056 -12.8800
v -30.8333 -0.4712 -11.9600
v -30.8333 -0.6864 -11.0400
v -30.8333 -0.9432 -10.1200
v -30.8333 -1.2272 -9.2000
v -30.8333 -1.5168 -8.2800
v -30.8333 -1.7831 -7.3600
v -30.8333 -1.9920 -6.4400
v -30.8333 -2.1097 -5.5200
v -30.8333 -2.1093 -4.6000
v -30.8333 -1.9787 -3.6800
v -30.8333 -1.7244 -2.7600
v -30.8333 -1.3705 -1.8400
v -30.8333 -0.9524 -0.9200
v -30.8333 -0.5084 0.0000
v -30.8333 -0.0733 0.9200
v -30.8333 0.3264 1.8400
v -30.8333 0.6014 2.7600
v -30.8333 0.6319 3.6800
v -30.8333 0.6816 4.6000
v -30.8333 0.7300 5.5200
v -30.8333 0.7654 6.4400
v -30.8333 0.7831 7.3600
v -30.8333 0.7836 8.2800
v -30.8333 0.7704 9.2000
v -30.8333 0.7483 10.1200
v -30.8333 0.7220 11.0400
v -30.8333 0.6955 11.9600
v -30.8333 0.6713 12.8800
v -30.8333 0.6507 13.8000
v -30.8333 0.6341 14.7200
v -30.8333 0.6212 15.6400
v -30.8333 0.6115 16.5600
v -30.8333 0.6048 17.4800
v -30.8333 0.6008 18.4000
v -30.8333 0.5708 19.3200
v -30.8333 0.4753 20.2400
v -30.8333 0.3679 21.1600
v -30.8333 0.2462 22.0800
v -30.8333 0.1085 23.0000
v -30.8333 -0.0463 23.9200
v -30.8333 -0.2191 24.8400
v -30.8333 -0.4100 25.7600
v -30.8333 -0.6190 26.6800
v -30.8333 -0.8455 27.6000
v -30.8333 -1.0889 28.5200
v -30.8333 -1.3481 29.4400
v -30.8333 -1.6221 30.3600
v -30.8333 -1.9097 31.2800
v -30.8333 -2.2093 32.2000
v -30.8333 -2.5000 33.1200
v -30.8333 -2.5000 34.0400
v -30.8333 -2.5000 34.9600
v -30.8333 -2.5000 35.8800
v -30.8333 -2.5000 36.8000
v -30.8333 -2.5000 37.7200
v -30.8333 -2.5000 38.6400
v -30.8333 -2.5000 39.5600
v -30.8333 -2.5000 40.4800
v -30.8333 -2.5000 41.4000
v -30.8333 -2.5000 42.3200
v -30.8333 -2.5000 43.2400
v -30.8333 -2.5000 44.1600
v -30.8333 -2.5000 45.0800
v -30.8333 -2.5000 46.0000
v -30.0000 -2.5000 -46.0000
v -30.0000 -2.5000 -45.0800
v -30.0000 -2.5000 -44.1600
v -30.0000 -2.5000 -43.2400
v -30.0000 -2.5000 -42.3200
v -30.0000 -2.5000 -41.4000
v -30.0000 -2.5000 -40.4800
v -30.0000 -2.5000 -39.5600
v -30.0000 -2.5000 -38.6400
v -30.0000 -2.5000 -37.7200
v -30.0000 -2.5000 -36.8000
v -30.0000 -2.5000 -35.8800
v -30.0000 -2.5000 -34.9600
v -30.0000 -2.5000 -34.0400
v -30.0000 -2.5000 -33.1200
v -30.0000 -2.5000 -32.2000
v -30.0000 -2.5000 -31.2800
v -30.0000 -2.5000 -30.3600
v -30.0000 -2.5000 -29.4400
v -30.0000 -2.5000 -28.5200
v -30.0000 -2.4093 -27.6000
v -30.0000 -2.1566 -26.6800
v -30.0000 -1.9047 -25.7600
v -30.0000 -1.6541 -24.8400
v -30.0000 -1.4064 -23.9200
v -30.0000 -1.1636 -23.0000
v -30.0000 -0.9285 -22.0800
v -30.0000 -0.7043 -21.1600
v -30.0000 -0.4951 -20.2400
v -30.0000 -0.3056 -19.3200
v -30.0000 -0.1407 -18.4000
v -30.0000 -0.0057 -17.4800
v -30.0000 0.0937 -16.5600
v -30.0000 0.1523 -15.6400
v -30.0000 0.1649 -14.7200
v -30.0000 0.1271 -13.8000
v -30.0000 0.0358 -12.8800
v -30.0000 -0.1101 -11.9600
v -30.0000 -0.3088 -11.0400
v -30.0000 -0.5534 -10.1200
v -30.0000 -0.8313 -9.2000
v -30.0000 -1.1219 -8.2800
v -30.0000 -1.3966 -7.3600
v -30.0000 -1.6203 -6.4400
v -30.0000 -1.7567 -5.5200
v -30.0000 -1.7755 -4.6000
v -30.0000 -1.6612 -3.6800
v -30.0000 -1.4182 -2.7600
v -30.0000 -1.0703 -1.8400
v -30.0000 -0.6541 -0.9200
v -30.0000 -0.2104 0.0000
v -30.0000 0.2244 0.9200
v -30.0000 0.6001 1.8400
v -30.0000 0.6332 2.7600
v -30.0000 0.7011 3.6800
v -30.0000 0.7756 4.6000
v -30.0000 0.8382 5.5200
v -30.0000 0.8794 6.4400
v -30.0000 0.8968 7.3600
v -30.0000 0.8930 8.2800
v -30.0000 0.8729 9.2000
v -30.0000 0.8426 10.1200
v -30.0000 0.8076 11.0400
v -30.0000 0.7724 11.9600
v -30.0000 0.7398 12.8800
v -30.0000 0.7111 13.8000
v -30.0000 0.6865 14.7200
v -30.0000 0.6657 15.6400
v -30.0000 0.6479 16.5600
v -30.0000 0.6325 17.4800
v -30.0000 0.6194 18.4000
v -30.0000 0.6088 19.3200
v -30.0000 0.6018 20.2400
v -30.0000 0.5683 21.1600
v -30.0000 0.4364 22.0800
v -30.0000 0.2871 23.0000
v -30.0000 0.1196 23.9200
v -30.0000 -0.0665 24.8400
v -30.0000 -0.2712 25.7600
v -30.0000 -0.4941 26.6800
v -30.0000 -0.7345 27.6000
v -30.0000 -0.9914 28.5200
v -30.0000 -1.2637 29.4400
v -30.0000 -1.5499 30.3600
v -30.0000 -1.8488 31.2800
v -30.0000 -2.1588 32.2000
v -30.0000 -2.4783 33.1200
v -30.0000 -2.5000 34.0400
v -30.0000 -2.5000 34.9600
v -30.0000 -2.5000 35.8800
v -30.0000 -2.5000 36.8000
v -30.0000 -2.5000 37.7200
v -30.0000 -2.5000 38.6400
v -30.0000 -2.5000 39.5600
v -30.0000 -2.5000 40.4800
v -30.0000 -2.5000 41.4000
v -30.0000 -2.5000 42.3200
v -30.0000 -2.5000 43.2400
v -30.0000 -2.5000 44.1600
v -30.0000 -2.5000 45.0800
v -30.0000 -2.5000 46.0000
v -29.1667 -2.5000 -46.0000
v -29.1667 -2.5000 -45.0800
v -29.1667 -2.5000 -44.1600
v -29.1667 -2.5000 -43.2400
v -29.1667 -2.5000 -42.3200
v -29.1667 -2.5000 -41.4000
v -29.1667 -2.5000 -40.4800
v -29.1667 -2.5000 -39.5600
v -29.1667 -2.5000 -38.6400
v -29.1667 -2.5000 -37.7200
v -29.1667 -2.5000 -36.8000
v -29.1667 -2.5000 -35.8800
v -29.1667 -2.5000 -34.9600
v -29.1667 -2.5000 -34.0400
v -29.1667 -2.5000 -33.1200
v -29.1667 -2.5000 -32.2000
v -29.1667 -2.5000 -31.2800
v -29.1667 -2.5000 -30.3600
v -29.1667 -2.5000 -29.4400
v -29.1667 -2.5000 -28.5200
v -29.1667 -2.2609 -27.6000
v -29.1667 -2.0080 -26.6800
v -29.1667 -1.7555 -25.7600
v -29.1667 -1.5037 -24.8400
v -29.1667 -1.2537 -23.9200
v -29.1667 -1.0071 -23.0000
v -29.1667 -0.7663 -22.0800
v -29.1667 -0.5343 -21.1600
v -29.1667 -0.3150 -20.2400
v -29.1667 -0.1129 -19.3200
v -29.1667 0.0671 -18.4000
v -29.1667 0.2194 -17.4800
v -29.1667 0.3383 -16.5600
v -29.1667 0.4179 -15.6400
v -29.1667 0.4528 -14.7200
v -29.1667 0.4378 -13.8000
v -29.1667 0.3689 -12.8800
v -29.1667 0.2440 -11.9600
v -29.1667 0.0637 -11.0400
v -29.1667 -0.1669 -10.1200
v -29.1667 -0.4365 -9.2000
v -29.1667 -0.7261 -8.2800
v -29.1667 -1.0076 -7.3600
v -29.1667 -1.2453 -6.4400
v -29.1667 -1.4004 -5.5200
v -29.1667 -1.4391 -4.6000
v -29.1667 -1.3422 -3.6800
v -29.1667 -1.1113 -2.7600
v -29.1667 -0.7698 -1.8400
v -29.1667 -0.3559 -0.9200
v -29.1667 0.0877 0.0000
v -29.1667 0.5220 0.9200
v -29.1667 0.6253 1.8400
v -29.1667 0.7052 2.7600
v -29.1667 0.8063 3.6800
v -29.1667 0.9015 4.6000
v -29.1667 0.9747 5.5200
v -29.1667 1.0188 6.4400
v -29.1667 1.0338 7.3600
v -29.1667 1.0239 8.2800
v -29.1667 0.9959 9.2000
v -29.1667 0.9570 10.1200
v -29.1667 0.9134 11.0400
v -29.1667 0.8700 11.9600
v -29.1667 0.8296 12.8800
v -29.1667 0.7935 13.8000
v -29.1667 0.7617 14.7200
v -29.1667 0.7334 15.6400
v -29.1667 0.7077 16.5600
v -29.1667 0.6837 17.4800
v -29.1667 0.6610 18.4000
v -29.1667 0.6397 19.3200
v -29.1667 0.6209 20.2400
v -29.1667 0.6067 21.1600
v -29.1667 0.6001 22.0800
v -29.1667 0.4569 23.0000
v -29.1667 0.2758 23.9200
v -29.1667 0.0756 24.8400
v -29.1667 -0.1435 25.7600
v -29.1667 -0.3807 26.6800
v -29.1667 -0.6351 27.6000
v -29.1667 -0.9054 28.5200
v -29.1667 -1.1903 29.4400
v -29.1667 -1.4883 30.3600
v -29.1667 -1.7978 31.2800
v -29.1667 -2.1173 32.2000
v -29.1667 -2.4451 33.1200
v -29.1667 -2.5000 34.0400
v -29.1667 -2.5000 34.9600
v -29.1667 -2.5000 35.8800
v -29.1667 -2.5000 36.8000
v -29.1667 -2.5000 37.7200
v -29.1667 -2.5000 38.6400
v -29.1667 -2.5000 39.5600
v -29.1667 -2.5000 40.4800
v -29.1667 -2.5000 41.4000
v -29.1667 -2.5000 42.3200
v -29.1667 -2.5000 43.2400
v -29.1667 -2.5000 44.1600
v -29.1667 -2.5000 45.0800
v -29.1667 -2.5000 46.0000
v -28.3333 -2.5000 -46.0000
v -28.3333 -2.5000 -45.0800
v -28.3333 -2.5000 -44.1600
v -28.3333 -2.5000 -43.2400
v -28.3333 -2.5000 -42.3200
v -28.3333 -2.5000 -41.4000
v -28.3333 -2.5000 -40.4800
v -28.3333 -2.5000 -39.5600
v -28.3333 -2.5000 -38.6400
v -28.3333 -2.5000 -37.7200
v -28.3333 -2.5000 -36.8000
v -28.3333 -2.5000 -35.8800
v -28.3333 -2.5000 -34.9600
v -28.3333 -2.5000 -34.0400
v -28.3333 -2.5000 -33.1200
v -28.3333 -2.5000 -32.2000
v -28.3333 -2.5000 -31.2800
v -28.3333 -2.5000 -30.3600
v -28.3333 -2.5000 -29.4400
v -28.3333 -2.3668 -28.5200
v -28.3333 -2.1128 -27.6000
v -28.3333 -1.8596 -26.6800
v -28.3333 -1.6067 -25.7600
v -28.3333 -1.3543 -24.8400
v -28.3333 -1.1028 -23.9200
v -28.3333 -0.8535 -23.0000
v -28.3333 -0.6083 -22.0800
v -28.3333 -0.3698 -21.1600
v -28.3333 -0.1417 -20.2400
v -28.3333 0.0719 -19.3200
v -28.3333 0.2658 -18.4000
v -28.3333 0.4347 -17.4800
v -28.3333 0.5724 -16.5600
v -28.3333 0.6014 -15.6400
v -28.3333 0.6043 -14.7200
v -28.3333 0.6049 -13.8000
v -28.3333 0.6022 -12.8800
v -28.3333 0.5905 -11.9600
v -28.3333 0.4302 -11.0400
v -28.3333 0.2158 -10.1200
v -28.3333 -0.0434 -9.2000
v -28.3333 -0.3298 -8.2800
v -28.3333 -0.6164 -7.3600
v -28.3333 -0.8669 -6.4400
v -28.3333 -1.0406 -5.5200
v -28.3333 -1.0999 -4.6000
v -28.3333 -1.0213 -3.6800
v -28.3333 -0.8035 -2.7600
v -28.3333 -0.4691 -1.8400
v -28.3333 -0.0576 -0.9200
v -28.3333 0.3857 0.0000
v -28.3333 0.6122 0.9200
v -28.3333 0.6923 1.8400
v -28.3333 0.8147 2.7600
v -28.3333 0.9446 3.6800
v -28.3333 1.0567 4.6000
v -28.3333 1.1371 5.5200
v -28.3333 1.1814 6.4400
v -28.3333 1.1917 7.3600
v -28.3333 1.1744 8.2800
v -28.3333 1.1378 9.2000
v -28.3333 1.0901 10.1200
v -28.3333 1.0382 11.0400
v -28.3333 0.9872 11.9600
v -28.3333 0.9398 12.8800
v -28.3333 0.8971 13.8000
v -28.3333 0.8587 14.7200
v -28.3333 0.8233 15.6400
v -28.3333 0.7896 16.5600
v -28.3333 0.7565 17.4800
v -28.3333 0.7234 18.4000
v -28.3333 0.6903 19.3200
v -28.3333 0.6585 20.2400
v -28.3333 0.6304 21.1600
v -28.3333 0.6094 22.0800
v -28.3333 0.6001 23.0000
v -28.3333 0.4214 23.9200
v -28.3333 0.2065 24.8400
v -28.3333 -0.0273 25.7600
v -28.3333 -0.2790 26.6800
v -28.3333 -0.5473 27.6000
v -28.3333 -0.8308 28.5200
v -28.3333 -1.1279 29.4400
v -28.3333 -1.4369 30.3600
v -28.3333 -1.7562 31.2800
v -28.3333 -2.0841 32.2000
v -28.3333 -2.4189 33.1200
v -28.3333 -2.5000 34.0400
v -28.3333 -2.5000 34.9600
v -28.3333 -2.5000 35.8800
v -28.3333 -2.5000 36.8000
v -28.3333 -2.5000 37.7200
v -28.3333 -2.5000 38.6400
v -28.3333 -2.5000 39.5600
v -28.3333 -2.5000 40.4800
v -28.3333 -2.5000 41.4000
v -28.3333 -2.5000 42.3200
v -28.3333 -2.5000 43.2400
v -28.3333 -2.5000 44.1600
v -28.3333 -2.5000 45.0800
v -28.3333 -2.5000 46.0000
v -27.5000 -2.5000 -46.0000
v -27.5000 -2.5000 -45.0800
v -27.5000 -2.5000 -44.1600
v -27.5000 -2.5000 -43.2400
v -27.5000 -2.5000 -42.3200
v -27.5000 -2.5000 -41.4000
v -27.5000 -2.5000 -40.4800
v -27.5000 -2.5000 -39.5600
v -27.5000 -2.5000 -38.6400
v -27.5000 -2.5000 -37.7200
v -27.5000 -2.5000 -36.8000
v -27.5000 -2.5000 -35.8800
v -27.5000 -2.5000 -34.9600
v -27.5000 -2.5000 -34.0400
v -27.5000 -2.5000 -33.1200
v -27.5000 -2.5000 -32.2000
v -27.5000 -2.5000 -31.2800
v -27.5000 -2.5000 -30.3600
v -27.5000 -2.4776 -29.4400
v -27.5000 -2.2204 -28.5200
v -27.5000 -1.9653 -27.6000
v -27.5000 -1.7115 -26.6800
v -27.5000 -1.4583 -25.7600
v -27.5000 -1.2055 -24.8400
v -27.5000 -0.9532 -23.9200
v -27.5000 -0.7020 -23.0000
v -27.5000 -0.4536 -22.0800
v -27.5000 -0.2100 -21.1600
v -27.5000 0.0256 -20.2400
v -27.5000 0.2491 -19.3200
v -27.5000 0.4559 -18.4000
v -27.5000 0.6004 -17.4800
v -27.5000 0.6097 -16.5600
v -27.5000 0.6252 -15.6400
v -27.5000 0.6393 -14.7200
v -27.5000 0.6457 -13.8000
v -27.5000 0.6413 -12.8800
v -27.5000 0.6270 -11.9600
v -27.5000 0.6091 -11.0400
v -27.5000 0.5936 -10.1200
v -27.5000 0.3472 -9.2000
v -27.5000 0.0664 -8.2800
v -27.5000 -0.2231 -7.3600
v -27.5000 -0.4853 -6.4400
v -27.5000 -0.6773 -5.5200
v -27.5000 -0.7577 -4.6000
v -27.5000 -0.6985 -3.6800
v -27.5000 -0.4949 -2.7600
v -27.5000 -0.1682 -1.8400
v -27.5000 0.2408 -0.9200
v -27.5000 0.6018 0.0000
v -27.5000 0.6661 0.9200
v -27.5000 0.7983 1.8400
v -27.5000 0.9589 2.7600
v -27.5000 1.1134 3.6800
v -27.5000 1.2385 4.6000
v -27.5000 1.3229 5.5200
v -27.5000 1.3646 6.4400
v -27.5000 1.3684 7.3600
v -27.5000 1.3426 8.2800
v -27.5000 1.2969 9.2000
v -27.5000 1.2405 10.1200
v -27.5000 1.1809 11.0400
v -27.5000 1.1230 11.9600
v -27.5000 1.0696 12.8800
v -27.5000 1.0209 13.8000
v -27.5000 0.9762 14.7200
v -27.5000 0.9338 15.6400
v -27.5000 0.8918 16.5600
v -27.5000 0.8489 17.4800
v -27.5000 0.8042 18.4000
v -27.5000 0.7581 19.3200
v -27.5000 0.7119 20.2400
v -27.5000 0.6685 21.1600
v -27.5000 0.6318 22.0800
v -27.5000 0.6070 23.0000
v -27.5000 0.5556 23.9200
v -27.5000 0.3255 24.8400
v -27.5000 0.0767 25.7600
v -27.5000 -0.1894 26.6800
v -27.5000 -0.4713 27.6000
v -27.5000 -0.7675 28.5200
v -27.5000 -1.0760 29.4400
v -27.5000 -1.3951 30.3600
v -27.5000 -1.7232 31.2800
v -27.5000 -2.0583 32.2000
v -27.5000 -2.3989 33.1200
v -27.5000 -2.5000 34.0400
v -27.5000 -2.5000 34.9600
v -27.5000 -2.5000 35.8800
v -27.5000 -2.5000 36.8000
v -27.5000 -2.5000 37.7200
v -27.5000 -2.5000 38.6400
v -27.5000 -2.5000 39.5600
v -27.5000 -2.5000 40.4800
v -27.5000 -2.5000 41.4000
v -27.5000 -2.5000 42.3200
v -27.5000 -2.5000 43.2400
v -27.5000 -2.5000 44.1600
v -27.5000 -2.5000 45.0800
v -27.5000 -2.5000 46.0000
v -26.6667 -2.5000 -46.0000
v -26.6667 -2.5000 -45.0800
v -26.6667 -2.5000 -44.1600
v -26.6667 -2.5000 -43.2400
v -26.6667 -2.5000 -42.3200
v -26.6667 -2.5000 -41.4000
v -26.6667 -2.5000 -40.4800
v -26.6667 -2.5000 -39.5600
v -26.6667 -2.5000 -38.6400
v -26.6667 -2.5000 -37.7200
v -26.6667 -2.5000 -36.8000
v -26.6667 -2.5000 -35.8800
v -26.6667 -2.5000 -34.9600
v -26.6667 -2.5000 -34.0400
v -26.6667 -2.5000 -33.1200
v -26.6667 -2.5000 -32.2000
v -26.6667 -2.5000 -31.2800
v -26.6667 -2.5000 -30.3600
v -26.6667 -2.3361 -29.4400
v -26.6667 -2.0759 -28.5200
v -26.6667 -1.8188 -27.6000
v -26.6667 -1.5638 -26.6800
v -26.6667 -1.3101 -25.7600
v -26.6667 -1.0570 -24.8400
v -26.6667 -0.8042 -23.9200
v -26.6667 -0.5521 -23.0000
v -26.6667 -0.3014 -22.0800
v -26.6667 -0.0540 -21.1600
v -26.6667 0.1875 -20.2400
v -26.6667 0.4196 -19.3200
v -26.6667 0.6004 -18.4000
v -26.6667 0.6141 -17.4800
v -26.6667 0.6418 -16.5600
v -26.6667 0.6747 -15.6400
v -26.6667 0.7042 -14.7200
v -26.6667 0.7223 -13.8000
v -26.6667 0.7234 -12.8800
v -26.6667 0.7057 -11.9600
v -26.6667 0.6725 -11.0400
v -26.6667 0.6334 -10.1200
v -26.6667 0.6046 -9.2000
v -26.6667 0.4619 -8.2800
v -26.6667 0.1716 -7.3600
v -26.6667 -0.1005 -6.4400
v -26.6667 -0.3102 -5.5200
v -26.6667 -0.4122 -4.6000
v -26.6667 -0.3735 -3.6800
v -26.6667 -0.1852 -2.7600
v -26.6667 0.1331 -1.8400
v -26.6667 0.5391 -0.9200
v -26.6667 0.6364 0.0000
v -26.6667 0.7607 0.9200
v -26.6667 0.9406 1.8400
v -26.6667 1.1351 2.7600
v -26.6667 1.3100 3.6800
v -26.6667 1.4444 4.6000
v -26.6667 1.5295 5.5200
v -26.6667 1.5664 6.4400
v -26.6667 1.5620 7.3600
v -26.6667 1.5268 8.2800
v -26.6667 1.4718 9.2000
v -26.6667 1.4071 10.1200
v -26.6667 1.3405 11.0400
v -26.6667 1.2767 11.9600
v -26.6667 1.2179 12.8800
v -26.6667 1.1639 13.8000
v -26.6667 1.1131 14.7200
v -26.6667 1.0634 15.6400
v -26.6667 1.0123 16.5600
v -26.6667 0.9584 17.4800
v -26.6667 0.9008 18.4000
v -26.6667 0.8400 19.3200
v -26.6667 0.7779 20.2400
v -26.6667 0.7178 21.1600
v -26.6667 0.6643 22.0800
v -26.6667 0.6232 23.0000
v -26.6667 0.6015 23.9200
v -26.6667 0.4320 24.8400
v -26.6667 0.1682 25.7600
v -26.6667 -0.1120 26.6800
v -26.6667 -0.4071 27.6000
v -26.6667 -0.7151 28.5200
v -26.6667 -1.0341 29.4400
v -26.6667 -1.3622 30.3600
v -26.6667 -1.6976 31.2800
v -26.6667 -2.0386 32.2000
v -26.6667 -2.3835 33.1200
v -26.6667 -2.5000 34.0400
v -26.6667 -2.5000 34.9600
v -26.6667 -2.5000 35.8800
v -26.6667 -2.5000 36.8000
v -26.6667 -2.5000 37.7200
v -26.6667 -2.5000 38.6400
v -26.6667 -2.5000 39.5600
v -26.6667 -2.5000 40.4800
v -26.6667 -2.5000 41.4000
v -26.6667 -2.5000 42.3200
v -26.6667 -2.5000 43.2400
v -26.6667 -2.5000 44.1600
v -26.6667 -2.5000 45.0800
v -26.6667 -2.5000 46.0000
v -25.8333 -2.5000 -46.0000
v -25.8333 -2.5000 -45.0800
v -25.8333 -2.5000 -44.1600
v -25.8333 -2.5000 -43.2400
v -25.8333 -2.5000 -42.3200
v -25.8333 -2.5000 -41.4000
v -25.8333 -2.5000 -40.4800
v -25.8333 -2.5000 -39.5600
v -25.8333 -2.5000 -38.6400
v -25.8333 -2.5000 -37.7200
v -25.8333 -2.5000 -36.8000
v -25.8333 -2.5000 -35.8800
v -25.8333 -2.5000 -34.9600
v -25.8333 -2.5000 -34.0400
v -25.8333 -2.5000 -33.1200
v -25.8333 -2.5000 -32.2000
v -25.8333 -2.5000 -31.2800
v -25.8333 -2.4680 -30.3600
v -25.8333 -2.1986 -29.4400
v -25.8333 -1.9344 -28.5200
v -25.8333 -1.6742 -27.6000
v -25.8333 -1.4172 -26.6800
v -25.8333 -1.1624 -25.7600
v -25.8333 -0.9087 -24.8400
v -25.8333 -0.6557 -23.9200
v -25.8333 -0.4030 -23.0000
v -25.8333 -0.1511 -22.0800
v -25.8333 0.0990 -21.1600
v -25.8333 0.3451 -20.2400
v -25.8333 0.5842 -19.3200
v -25.8333 0.6114 -18.4000
v -25.8333 0.6446 -17.4800
v -25.8333 0.6922 -16.5600
v -25.8333 0.7449 -15.6400
v -25.8333 0.7932 -14.7200
v -25.8333 0.8278 -13.8000
v -25.8333 0.8409 -12.8800
v -25.8333 0.8278 -11.9600
v -25.8333 0.7887 -11.0400
v -25.8333 0.7303 -10.1200
v -25.8333 0.6663 -9.2000
v -25.8333 0.6165 -8.2800
v -25.8333 0.5675 -7.3600
v -25.8333 0.2872 -6.4400
v -25.8333 0.0607 -5.5200
v -25.8333 -0.0633 -4.6000
v -25.8333 -0.0462 -3.6800
v -25.8333 0.1257 -2.7600
v -25.8333 0.4347 -1.8400
v -25.8333 0.6142 -0.9200
v -25.8333 0.7130 0.0000
v -25.8333 0.8931 0.9200
v -25.8333 1.1166 1.8400
v -25.8333 1.3405 2.7600
v -25.8333 1.5317 3.6800
v -25.8333 1.6716 4.6000
v -25.8333 1.7546 5.5200
v -25.8333 1.7844 6.4400
v -25.8333 1.7705 7.3600
v -25.8333 1.7253 8.2800
v -25.8333 1.6611 9.2000
v -25.8333 1.5887 10.1200
v -25.8333 1.5159 11.0400
v -25.8333 1.4472 11.9600
v -25.8333 1.3838 12.8800
v -25.8333 1.3248 13.8000
v -25.8333 1.2679 14.7200
v -25.8333 1.2101 15.6400
v -25.8333 1.1488 16.5600
v -25.8333 1.0824 17.4800
v -25.8333 1.0102 18.4000
v -25.8333 0.9331 19.3200
v -25.8333 0.8534 20.2400
v -25.8333 0.7753 21.1600
v -25.8333 0.7038 22.0800
v -25.8333 0.6458 23.0000
v -25.8333 0.6088 23.9200
v -25.8333 0.5256 24.8400
v -25.8333 0.2471 25.7600
v -25.8333 -0.0468 26.6800
v -25.8333 -0.3542 27.6000
v -25.8333 -0.6730 28.5200
v -25.8333 -1.0013 29.4400
v -25.8333 -1.3370 30.3600
v -25.8333 -1.6783 31.2800
v -25.8333 -2.0236 32.2000
v -25.8333 -2.3712 33.1200
v -25.8333 -2.5000 34.0400
v -25.8333 -2.5000 34.9600
v -25.8333 -2.5000 35.8800
v -25.8333 -2.5000 36.8000
v -25.8333 -2.5000 37.7200
v -25.8333 -2.5000 38.6400
v -25.8333 -2.5000 39.5600
v -25.8333 -2.5000 40.4800
v -25.8333 -2.5000 41.4000
v -25.8333 -2.5000 42.3200
v -25.8333 -2.5000 43.2400
v -25.8333 -2.5000 44.1600
v -25.8333 -2.5000 45.0800
v -25.8333 -2.5000 46.0000
v -25.0000 -2.5000 -46.0000
v -25.0000 -2.5000 -45.0800
v -25.0000 -2.5000 -44.1600
v -25.0000 -2.5000 -43.2400
v -25.0000 -2.5000 -42.3200
v -25.0000 -2.5000 -41.4000
v -25.0000 -2.5000 -40.4800
v -25.0000 -2.5000 -39.5600
v -25.0000 -2.5000 -38.6400
v -25.0000 -2.5000 -37.7200
v -25.0000 -2.5000 -36.8000
v -25.0000 -2.5000 -35.8800
v -25.0000 -2.5000 -34.9600
v -25.0000 -2.5000 -34.0400
v -25.0000 -2.5000 -33.1200
v -25.0000 -2.5000 -32.2000
v -25.0000 -2.5000 -31.2800
v -25.0000 -2.3424 -30.3600
v -25.0000 -2.0666 -29.4400
v -25.0000 -1.7970 -28.5200
v -25.0000 -1.5326 -27.6000
v -25.0000 -1.2725 -26.6800
v -25.0000 -1.0157 -25.7600
v -25.0000 -0.7609 -24.8400
v -25.0000 -0.5074 -23.9200
v -25.0000 -0.2544 -23.0000
v -25.0000 -0.0018 -22.0800
v -25.0000 0.2498 -21.1600
v -25.0000 0.4991 -20.2400
v -25.0000 0.6052 -19.3200
v -25.0000 0.6360 -18.4000
v -25.0000 0.6892 -17.4800
v -25.0000 0.7574 -16.5600
v -25.0000 0.8315 -15.6400
v -25.0000 0.9013 -14.7200
v -25.0000 0.9562 -13.8000
v -25.0000 0.9866 -12.8800
v -25.0000 0.9854 -11.9600
v -25.0000 0.9494 -11.0400
v -25.0000 0.8817 -10.1200
v -25.0000 0.7932 -9.2000
v -25.0000 0.7027 -8.2800
v -25.0000 0.6331 -7.3600
v -25.0000 0.6015 -6.4400
v -25.0000 0.4355 -5.5200
v -25.0000 0.2894 -4.6000
v -25.0000 0.2838 -3.6800
v -25.0000 0.4379 -2.7600
v -25.0000 0.6047 -1.8400
v -25.0000 0.6709 -0.9200
v -25.0000 0.8288 0.0000
v -25.0000 1.0607 0.9200
v -25.0000 1.3233 1.8400
v -25.0000 1.5723 2.7600
v -25.0000 1.7757 3.6800
v -25.0000 1.9177 4.6000
v -25.0000 1.9957 5.5200
v -25.0000 2.0165 6.4400
v -25.0000 1.9920 7.3600
v -25.0000 1.9365 8.2800
v -25.0000 1.8636 9.2000
v -25.0000 1.7844 10.1200
v -25.0000 1.7065 11.0400
v -25.0000 1.6337 11.9600
v -25.0000 1.5663 12.8800
v -25.0000 1.5023 13.8000
v -25.0000 1.4386 14.7200
v -25.0000 1.3717 15.6400
v -25.0000 1.2987 16.5600
v -25.0000 1.2180 17.4800
v -25.0000 1.1292 18.4000
v -25.0000 1.0339 19.3200
v -25.0000 0.9352 20.2400
v -25.0000 0.8377 21.1600
v -25.0000 0.7476 22.0800
v -25.0000 0.6723 23.0000
v -25.0000 0.6201 23.9200
v -25.0000 0.6000 24.8400
v -25.0000 0.3135 25.7600
v -25.0000 0.0067 26.6800
v -25.0000 -0.3120 27.6000
v -25.0000 -0.6403 28.5200
v -25.0000 -0.9764 29.4400
v -25.0000 -1.3181 30.3600
v -25.0000 -1.6637 31.2800
v -25.0000 -2.0116 32.2000
v -25.0000 -2.3604 33.1200
v -25.0000 -2.5000 34.0400
v -25.0000 -2.5000 34.9600
v -25.0000 -2.5000 35.8800
v -25.0000 -2.5000 36.8000
v -25.0000 -2.5000 37.7200
v -25.0000 -2.5000 38.6400
v -25.0000 -2.5000 39.5600
v -25.0000 -2.5000 40.4800
v -25.0000 -2.5000 41.4000
v -25.0000 -2.5000 42.3200
v -25.0000 -2.5000 43.2400
v -25.0000 -2.5000 44.1600
v -25.0000 -2.5000 45.0800
v -25.0000 -2.5000 46.0000
v -24.1667 -2.5000 -46.0000
v -24.1667 -2.5000 -45.0800
v -24.1667 -2.5000 -44.1600
v -24.1667 -2.5000 -43.2400
v -24.1667 -2.5000 -42.3200
v -24.1667 -2.5000 -41.4000
v -24.1667 -2.5000 -40.4800
v -24.1667 -2.5000 -39.5600
v -24.1667 -2.5000 -38.6400
v -24.1667 -2.5000 -37.7200
v -24.1667 -2.5000 -36.8000
v -24.1667 -2.5000 -35.8800
v -24.1667 -2.5000 -34.9600
v -24.1667 -2.5000 -34.0400
v -24.1667 -2.5000 -33.1200
v -24.1667 -2.5000 -32.2000
v -24.1667 -2.5000 -31.2800
v -24.1667 -2.2252 -30.3600
v -24.1667 -1.9417 -29.4400
v -24.1667 -1.6653 -28.5200
v -24.1667 -1.3953 -27.6000
v -24.1667 -1.1309 -26.6800
v -24.1667 -0.8709 -25.7600
v -24.1667 -0.6141 -24.8400
v -24.1667 -0.3595 -23.9200
v -24.1667 -0.1061 -23.0000
v -24.1667 0.1469 -22.0800
v -24.1667 0.3993 -21.1600
v -24.1667 0.6007 -20.2400
v -24.1667 0.6224 -19.3200
v -24.1667 0.6723 -18.4000
v -24.1667 0.7453 -17.4800
v -24.1667 0.8344 -16.5600
v -24.1667 0.9307 -15.6400
v -24.1667 1.0236 -14.7200
v -24.1667 1.1019 -13.8000
v -24.1667 1.1542 -12.8800
v -24.1667 1.1709 -11.9600
v -24.1667 1.1461 -11.0400
v -24.1667 1.0789 -10.1200
v -24.1667 0.9766 -9.2000
v -24.1667 0.8557 -8.2800
v -24.1667 0.7403 -7.3600
v -24.1667 0.6549 -6.4400
v -24.1667 0.6116 -5.5200
v -24.1667 0.6005 -4.6000
v -24.1667 0.6001 -3.6800
v -24.1667 0.6058 -2.7600
v -24.1667 0.6479 -1.8400
v -24.1667 0.7683 -0.9200
v -24.1667 0.9812 0.0000
v -24.1667 1.2606 0.9200
v -24.1667 1.5581 1.8400
v -24.1667 1.8279 2.7600
v -24.1667 2.0395 3.6800
v -24.1667 2.1801 4.6000
v -24.1667 2.2506 5.5200
v -24.1667 2.2606 6.4400
v -24.1667 2.2248 7.3600
v -24.1667 2.1591 8.2800
v -24.1667 2.0781 9.2000
v -24.1667 1.9932 10.1200
v -24.1667 1.9113 11.0400
v -24.1667 1.8352 11.9600
v -24.1667 1.7641 12.8800
v -24.1667 1.6948 13.8000
v -24.1667 1.6233 14.7200
v -24.1667 1.5457 15.6400
v -24.1667 1.4590 16.5600
v -24.1667 1.3618 17.4800
v -24.1667 1.2545 18.4000
v -24.1667 1.1392 19.3200
v -24.1667 1.0198 20.2400
v -24.1667 0.9020 21.1600
v -24.1667 0.7928 22.0800
v -24.1667 0.7002 23.0000
v -24.1667 0.6333 23.9200
v -24.1667 0.6014 24.8400
v -24.1667 0.3676 25.7600
v -24.1667 0.0491 26.6800
v -24.1667 -0.2794 27.6000
v -24.1667 -0.6158 28.5200
v -24.1667 -0.9579 29.4400
v -24.1667 -1.3038 30.3600
v -24.1667 -1.6520 31.2800
v -24.1667 -2.0008 32.2000
v -24.1667 -2.3492 33.1200
v -24.1667 -2.5000 34.0400
v -24.1667 -2.5000 34.9600
v -24.1667 -2.5000 35.8800
v -24.1667 -2.5000 36.8000
v -24.1667 -2.5000 37.7200
v -24.1667 -2.5000 38.6400
v -24.1667 -2.5000 39.5600
v -24.1667 -2.5000 40.4800
v -24.1667 -2.5000 41.4000
v -24.1667 -2.5000 42.3200
v -24.1667 -2.5000 43.2400
v -24.1667 -2.5000 44.1600
v -24.1667 -2.5000 45.0800
v -24.1667 -2.5000 46.0000
v -23.3333 -2.5000 -46.0000
v -23.3333 -2.5000 -45.0800
v -23.3333 -2.5000 -44.1600
v -23.3333 -2.5000 -43.2400
v -23.3333 -2.5000 -42.3200
v -23.3333 -2.5000 -41.4000
v -23.3333 -2.5000 -40.4800
v -23.3333 -2.5000 -39.5600
v -23.3333 -2.5000 -38.6400
v -23.3333 -2.5000 -37.7200
v -23.3333 -2.5000 -36.8000
v -23.3333 -2.5000 -35.8800
v -23.3333 -2.5000 -34.9600
v -23.3333 -2.5000 -34.0400
v -23.3333 -2.5000 -33.1200
v -23.3333 -2.5000 -32.2000
v -23.3333 -2.4189 -31.2800
v -23.3333 -2.1180 -30.3600
v -23.3333 -1.8254 -29.4400
v -23.3333 -1.5409 -28.5200
v -23.3333 -1.2639 -27.6000
v -23.3333 -0.9936 -26.6800
v -23.3333 -0.7291 -25.7600
v -23.3333 -0.4692 -24.8400
v -23.3333 -0.2126 -23.9200
v -23.3333 0.0419 -23.0000
v -23.3333 0.2953 -22.0800
v -23.3333 0.5481 -21.1600
v -23.3333 0.6102 -20.2400
v -23.3333 0.6506 -19.3200
v -23.3333 0.7190 -18.4000
v -23.3333 0.8112 -17.4800
v -23.3333 0.9207 -16.5600
v -23.3333 1.0393 -15.6400
v -23.3333 1.1563 -14.7200
v -23.3333 1.2598 -13.8000
v -23.3333 1.3374 -12.8800
v -23.3333 1.3774 -11.9600
v -23.3333 1.3707 -11.0400
v -23.3333 1.3131 -10.1200
v -23.3333 1.2076 -9.2000
v -23.3333 1.0671 -8.2800
v -23.3333 0.9150 -7.3600
v -23.3333 0.7805 -6.4400
v -23.3333 0.6875 -5.5200
v -23.3333 0.6412 -4.6000
v -23.3333 0.6311 -3.6800
v -23.3333 0.6541 -2.7600
v -23.3333 0.7340 -1.8400
v -23.3333 0.9037 -0.9200
v -23.3333 1.1674 0.0000
v -23.3333 1.4902 0.9200
v -23.3333 1.8183 1.8400
v -23.3333 2.1044 2.7600
v -23.3333 2.3203 3.6800
v -23.3333 2.4563 4.6000
v -23.3333 2.5169 5.5200
v -23.3333 2.5149 6.4400
v -23.3333 2.4673 7.3600
v -23.3333 2.3917 8.2800
v -23.3333 2.3037 9.2000
v -23.3333 2.2142 10.1200
v -23.3333 2.1295 11.0400
v -23.3333 2.0507 11.9600
v -23.3333 1.9758 12.8800
v -23.3333 1.9003 13.8000
v -23.3333 1.8195 14.7200
v -23.3333 1.7291 15.6400
v -23.3333 1.6265 16.5600
v -23.3333 1.5106 17.4800
v -23.3333 1.3826 18.4000
v -23.3333 1.2455 19.3200
v -23.3333 1.1043 20.2400
v -23.3333 0.9655 21.1600
v -23.3333 0.8370 22.0800
v -23.3333 0.7276 23.0000
v -23.3333 0.6468 23.9200
v -23.3333 0.6042 24.8400
v -23.3333 0.4102 25.7600
v -23.3333 0.0815 26.6800
v -23.3333 -0.2552 27.6000
v -23.3333 -0.5977 28.5200
v -23.3333 -0.9440 29.4400
v -23.3333 -1.2924 30.3600
v -23.3333 -1.6412 31.2800
v -23.3333 -1.9894 32.2000
v -23.3333 -2.3359 33.1200
v -23.3333 -2.5000 34.0400
v -23.3333 -2.5000 34.9600
v -23.3333 -2.5000 35.8800
v -23.3333 -2.5000 36.8000
v -23.3333 -2.5000 37.7200
v -23.3333 -2.5000 38.6400
v -23.3333 -2.5000 39.5600
v -23.3333 -2.5000 40.4800
v -23.3333 -2.5000 41.4000
v -23.3333 -2.5000 42.3200
v -23.3333 -2.5000 43.2400
v -23.3333 -2.5000 44.1600
v -23.3333 -2.5000 45.0800
v -23.3333 -2.5000 46.0000
v -22.5000 -2.5000 -46.0000
v -22.5000 -2.5000 -45.0800
v -22.5000 -2.5000 -44.1600
v -22.5000 -2.5000 -43.2400
v -22.5000 -2.5000 -42.3200
v -22.5000 -2.5000 -41.4000
v -22.5000 -2.5000 -40.4800
v -22.5000 -2.5000 -39.5600
v -22.5000 -2.5000 -38.6400
v -22.5000 -2.5000 -37.7200
v -22.5000 -2.5000 -36.8000
v -22.5000 -2.5000 -35.8800
v -22.5000 -2.5000 -34.9600
v -22.5000 -2.5000 -34.0400
v -22.5000 -2.5000 -33.1200
v -22.5000 -2.5000 -32.2000
v -22.5000 -2.3337 -31.2800
v -22.5000 -2.0223 -30.3600
v -22.5000 -1.7197 -29.4400
v -22.5000 -1.4258 -28.5200
v -22.5000 -1.1403 -27.6000
v -22.5000 -0.8626 -26.6800
v -22.5000 -0.5920 -25.7600
v -22.5000 -0.3273 -24.8400
v -22.5000 -0.0675 -23.9200
v -22.5000 0.1890 -23.0000
v -22.5000 0.4433 -22.0800
v -22.5000 0.6024 -21.1600
v -22.5000 0.6305 -20.2400
v -22.5000 0.6889 -19.3200
v -22.5000 0.7751 -18.4000
v -22.5000 0.8855 -17.4800
v -22.5000 1.0147 -16.5600
v -22.5000 1.1548 -15.6400
v -22.5000 1.2959 -14.7200
v -22.5000 1.4258 -13.8000
v -22.5000 1.5310 -12.8800
v -22.5000 1.5983 -11.9600
v -22.5000 1.6159 -11.0400
v -22.5000 1.5759 -10.1200
v -22.5000 1.4772 -9.2000
v -22.5000 1.3281 -8.2800
v -22.5000 1.1495 -7.3600
v -22.5000 0.9727 -6.4400
v -22.5000 0.8309 -5.5200
v -22.5000 0.7447 -4.6000
v -22.5000 0.7170 -3.6800
v -22.5000 0.7491 -2.7600
v -22.5000 0.8604 -1.8400
v -22.5000 1.0743 -0.9200
v -22.5000 1.3847 0.0000
v -22.5000 1.7467 0.9200
v -22.5000 2.1010 1.8400
v -22.5000 2.3993 2.7600
v -22.5000 2.6156 3.6800
v -22.5000 2.7440 4.6000
v -22.5000 2.7925 5.5200
v -22.5000 2.7773 6.4400
v -22.5000 2.7179 7.3600
v -22.5000 2.6334 8.2800
v -22.5000 2.5395 9.2000
v -22.5000 2.4468 10.1200
v -22.5000 2.3601 11.0400
v -22.5000 2.2790 11.9600
v -22.5000 2.1995 12.8800
v -22.5000 2.1164 13.8000
v -22.5000 2.0242 14.7200
v -22.5000 1.9187 15.6400
v -22.5000 1.7975 16.5600
v -22.5000 1.6606 17.4800
v -22.5000 1.5098 18.4000
v -22.5000 1.3495 19.3200
v -22.5000 1.1856 20.2400
v -22.5000 1.0255 21.1600
v -22.5000 0.8781 22.0800
v -22.5000 0.7528 23.0000
v -22.5000 0.6593 23.9200
v -22.5000 0.6074 24.8400
v -22.5000 0.4424 25.7600
v -22.5000 0.1053 26.6800
v -22.5000 -0.2376 27.6000
v -22.5000 -0.5843 28.5200
v -22.5000 -0.9328 29.4400
v -22.5000 -1.2816 30.3600
v -22.5000 -1.6294 31.2800
v -22.5000 -1.9753 32.2000
v -22.5000 -2.3187 33.1200
v -22.5000 -2.5000 34.0400
v -22.5000 -2.5000 34.9600
v -22.5000 -2.5000 35.8800
v -22.5000 -2.5000 36.8000
v -22.5000 -2.5000 37.7200
v -22.5000 -2.5000 38.6400
v -22.5000 -2.5000 39.5600
v -22.5000 -2.5000 40.4800
v -22.5000 -2.5000 41.4000
v -22.5000 -2.5000 42.3200
v -22.5000 -2.5000 43.2400
v -22.5000 -2.5000 44.1600
v -22.5000 -2.5000 45.0800
v -22.5000 -2.5000 46.0000
v -21.6667 -2.5000 -46.0000
v -21.6667 -2.5000 -45.0800
v -21.6667 -2.5000 -44.1600
v -21.6667 -2.5000 -43.2400
v -21.6667 -2.5000 -42.3200
v -21.6667 -2.5000 -41.4000
v -21.6667 -2.5000 -40.4800
v -21.6667 -2.5000 -39.5600
v -21.6667 -2.5000 -38.6400
v -21.6667 -2.5000 -37.7200
v -21.6667 -2.5000 -36.8000
v -21.6667 -2.5000 -35.8800
v -21.6667 -2.5000 -34.9600
v -21.6667 -2.5000 -34.0400
v -21.6667 -2.5000 -33.1200
v -21.6667 -2.5000 -32.2000
v -21.6667 -2.2621 -31.2800
v -21.6667 -1.9397 -30.3600
v -21.6667 -1.6262 -29.4400
v -21.6667 -1.3218 -28.5200
v -21.6667 -1.0264 -27.6000
v -21.6667 -0.7398 -26.6800
v -21.6667 -0.4614 -25.7600
v -21.6667 -0.1903 -24.8400
v -21.6667 0.0744 -23.9200
v -21.6667 0.3342 -23.0000
v -21.6667 0.5905 -22.0800
v -21.6667 0.6151 -21.1600
v -21.6667 0.6614 -20.2400
v -21.6667 0.7370 -19.3200
v -21.6667 0.8400 -18.4000
v -21.6667 0.9675 -17.4800
v -21.6667 1.1149 -16.5600
v -21.6667 1.2755 -15.6400
v -21.6667 1.4399 -14.7200
v -21.6667 1.5961 -13.8000
v -21.6667 1.7303 -12.8800
v -21.6667 1.8277 -11.9600
v -21.6667 1.8744 -11.0400
v -21.6667 1.8593 -10.1200
v -21.6667 1.7766 -9.2000
v -21.6667 1.6300 -8.2800
v -21.6667 1.4358 -7.3600
v -21.6667 1.2251 -6.4400
v -21.6667 1.0376 -5.5200
v -21.6667 0.9083 -4.6000
v -21.6667 0.8556 -3.6800
v -21.6667 0.8887 -2.7600
v -21.6667 1.0244 -1.8400
v -21.6667 1.2775 -0.9200
v -21.6667 1.6302 0.0000
v -21.6667 2.0274 0.9200
v -21.6667 2.4035 1.8400
v -21.6667 2.7097 2.7600
v -21.6667 2.9227 3.6800
v -21.6667 3.0406 4.6000
v -21.6667 3.0753 5.5200
v -21.6667 3.0463 6.4400
v -21.6667 2.9754 7.3600
v -21.6667 2.8829 8.2800
v -21.6667 2.7847 9.2000
v -21.6667 2.6902 10.1200
v -21.6667 2.6022 11.0400
v -21.6667 2.5183 11.9600
v -21.6667 2.4333 12.8800
v -21.6667 2.3405 13.8000
v -21.6667 2.2343 14.7200
v -21.6667 2.1109 15.6400
v -21.6667 1.9685 16.5600
v -21.6667 1.8081 17.4800
v -21.6667 1.6328 18.4000
v -21.6667 1.4481 19.3200
v -21.6667 1.2610 20.2400
v -21.6667 1.0799 21.1600
v -21.6667 0.9145 22.0800
v -21.6667 0.7745 23.0000
v -21.6667 0.6700 23.9200
v -21.6667 0.6104 24.8400
v -21.6667 0.4658 25.7600
v -21.6667 0.1224 26.6800
v -21.6667 -0.2246 27.6000
v -21.6667 -0.5732 28.5200
v -21.6667 -0.9219 29.4400
v -21.6667 -1.2693 30.3600
v -21.6667 -1.6146 31.2800
v -21.6667 -1.9570 32.2000
v -21.6667 -2.2964 33.1200
v -21.6667 -2.5000 34.0400
v -21.6667 -2.5000 34.9600
v -21.6667 -2.5000 35.8800
v -21.6667 -2.5000 36.8000
v -21.6667 -2.5000 37.7200
v -21.6667 -2.5000 38.6400
v -21.6667 -2.5000 39.5600
v -21.6667 -2.5000 40.4800
v -21.6667 -2.5000 41.4000
v -21.6667 -2.5000 42.3200
v -21.6667 -2.5000 43.2400
v -21.6667 -2.5000 44.1600
v -21.6667 -2.5000 45.0800
v -21.6667 -2.5000 46.0000
v -20.8333 -2.5000 -46.0000
v -20.8333 -2.5000 -45.0800
v -20.8333 -2.5000 -44.1600
v -20.8333 -2.5000 -43.2400
v -20.8333 -2.5000 -42.3200
v -20.8333 -2.5000 -41.4000
v -20.8333 -2.5000 -40.4800
v -20.8333 -2.5000 -39.5600
v -20.8333 -2.5000 -38.6400
v -20.8333 -2.5000 -37.7200
v -20.8333 -2.5000 -36.8000
v -20.8333 -2.5000 -35.8800
v -20.8333 -2.5000 -34.9600
v -20.8333 -2.5000 -34.0400
v -20.8333 -2.5000 -33.1200
v -20.8333 -2.5000 -32.2000
v -20.8333 -2.2050 -31.2800
v -20.8333 -1.8714 -30.3600
v -20.8333 -1.5465 -29.4400
v -20.8333 -1.2306 -28.5200
v -20.8333 -0.9242 -27.6000
v -20.8333 -0.6272 -26.6800
v -20.8333 -0.3393 -25.7600
v -20.8333 -0.0601 -24.8400
v -20.8333 0.2113 -23.9200
v -20.8333 0.4762 -23.0000
v -20.8333 0.6047 -22.0800
v -20.8333 0.6383 -21.1600
v -20.8333 0.7022 -20.2400
v -20.8333 0.7945 -19.3200
v -20.8333 0.9134 -18.4000
v -20.8333 1.0567 -17.4800
v -20.8333 1.2209 -16.5600
v -20.8333 1.4002 -15.6400
v -20.8333 1.5864 -14.7200
v -20.8333 1.7681 -13.8000
v -20.8333 1.9314 -12.8800
v -20.8333 2.0606 -11.9600
v -20.8333 2.1401 -11.0400
v -20.8333 2.1555 -10.1200
v -20.8333 2.0972 -9.2000
v -20.8333 1.9635 -8.2800
v -20.8333 1.7653 -7.3600
v -20.8333 1.5305 -6.4400
v -20.8333 1.3025 -5.5200
v -20.8333 1.1287 -4.6000
v -20.8333 1.0445 -3.6800
v -20.8333 1.0704 -2.7600
v -20.8333 1.2235 -1.8400
v -20.8333 1.5105 -0.9200
v -20.8333 1.9014 0.0000
v -20.8333 2.3295 0.9200
v -20.8333 2.7231 1.8400
v -20.8333 3.0329 2.7600
v -20.8333 3.2390 3.6800
v -20.8333 3.3438 4.6000
v -20.8333 3.3633 5.5200
v -20.8333 3.3202 6.4400
v -20.8333 3.2386 7.3600
v -20.8333 3.1397 8.2800
v -20.8333 3.0387 9.2000
v -20.8333 2.9434 10.1200
v -20.8333 2.8544 11.0400
v -20.8333 2.7670 11.9600
v -20.8333 2.6743 12.8800
v -20.8333 2.5693 13.8000
v -20.8333 2.4461 14.7200
v -20.8333 2.3017 15.6400
v -20.8333 2.1354 16.5600
v -20.8333 1.9494 17.4800
v -20.8333 1.7482 18.4000
v -20.8333 1.5384 19.3200
v -20.8333 1.3282 20.2400
v -20.8333 1.1270 21.1600
v -20.8333 0.9449 22.0800
v -20.8333 0.7921 23.0000
v -20.8333 0.6784 23.9200
v -20.8333 0.6129 24.8400
v -20.8333 0.4824 25.7600
v -20.8333 0.1351 26.6800
v -20.8333 -0.2137 27.6000
v -20.8333 -0.5621 28.5200
v -20.8333 -0.9091 29.4400
v -20.8333 -1.2536 30.3600
v -20.8333 -1.5950 31.2800
v -20.8333 -1.9330 32.2000
v -20.8333 -2.2678 33.1200
v -20.8333 -2.5000 34.0400
v -20.8333 -2.5000 34.9600
v -20.8333 -2.5000 35.8800
v -20.8333 -2.5000 36.8000
v -20.8333 -2.5000 37.7200
v -20.8333 -2.5000 38.6400
v -20.8333 -2.5000 39.5600
v -20.8333 -2.5000 40.4800
v -20.8333 -2.5000 41.4000
v -20.8333 -2.5000 42.3200
v -20.8333 -2.5000 43.2400
v -20.8333 -2.5000 44.1600
v -20.8333 -2.5000 45.0800
v -20.8333 -2.5000 46.0000
v -20.0000 -2.5000 -46.0000
v -20.0000 -2.5000 -45.0800
v -20.0000 -2.5000 -44.1600
v -20.0000 -2.5000 -43.2400
v -20.0000 -2.5000 -42.3200
v -20.0000 -2.5000 -41.4000
v -20.0000 -2.5000 -40.4800
v -20.0000 -2.5000 -39.5600
v -20.0000 -2.5000 -38.6400
v -20.0000 -2.5000 -37.7200
v -20.0000 -2.5000 -36.8000
v -20.0000 -2.5000 -35.8800
v -20.0000 -2.5000 -34.9600
v -20.0000 -2.5000 -34.0400
v -20.0000 -2.5000 -33.1200
v -20.0000 -2.5000 -32.2000
v -20.0000 -2.1625 -31.2800
v -20.0000 -1.8181 -30.3600
v -20.0000 -1.4816 -29.4400
v -20.0000 -1.1539 -28.5200
v -20.0000 -0.8356 -27.6000
v -20.0000 -0.5270 -26.6800
v -20.0000 -0.2282 -25.7600
v -20.0000 0.0610 -24.8400
v -20.0000 0.3410 -23.9200
v -20.0000 0.6000 -23.0000
v -20.0000 0.6194 -22.0800
v -20.0000 0.6713 -21.1600
v -20.0000 0.7526 -20.2400
v -20.0000 0.8612 -19.3200
v -20.0000 0.9952 -18.4000
v -20.0000 1.1531 -17.4800
v -20.0000 1.3323 -16.5600
v -20.0000 1.5283 -15.6400
v -20.0000 1.7342 -14.7200
v -20.0000 1.9396 -13.8000
v -20.0000 2.1311 -12.8800
v -20.0000 2.2927 -11.9600
v -20.0000 2.4071 -11.0400
v -20.0000 2.4577 -10.1200
v -20.0000 2.4309 -9.2000
v -20.0000 2.3197 -8.2800
v -20.0000 2.1289 -7.3600
v -20.0000 1.8813 -6.4400
v -20.0000 1.6202 -5.5200
v -20.0000 1.4027 -4.6000
v -20.0000 1.2814 -3.6800
v -20.0000 1.2919 -2.7600
v -20.0000 1.4551 -1.8400
v -20.0000 1.7706 -0.9200
v -20.0000 2.1954 0.0000
v -20.0000 2.6504 0.9200
v -20.0000 3.0570 1.8400
v -20.0000 3.3663 2.7600
v -20.0000 3.5621 3.6800
v -20.0000 3.6515 4.6000
v -20.0000 3.6547 5.5200
v -20.0000 3.5976 6.4400
v -20.0000 3.5064 7.3600
v -20.0000 3.4028 8.2800
v -20.0000 3.3008 9.2000
v -20.0000 3.2055 10.1200
v -20.0000 3.1150 11.0400
v -20.0000 3.0225 11.9600
v -20.0000 2.9196 12.8800
v -20.0000 2.7991 13.8000
v -20.0000 2.6556 14.7200
v -20.0000 2.4872 15.6400
v -20.0000 2.2945 16.5600
v -20.0000 2.0811 17.4800
v -20.0000 1.8530 18.4000
v -20.0000 1.6180 19.3200
v -20.0000 1.3856 20.2400
v -20.0000 1.1657 21.1600
v -20.0000 0.9690 22.0800
v -20.0000 0.8055 23.0000
v -20.0000 0.6847 23.9200
v -20.0000 0.6148 24.8400
v -20.0000 0.4947 25.7600
v -20.0000 0.1459 26.6800
v -20.0000 -0.2023 27.6000
v -20.0000 -0.5486 28.5200
v -20.0000 -0.8922 29.4400
v -20.0000 -1.2325 30.3600
v -20.0000 -1.5692 31.2800
v -20.0000 -1.9025 32.2000
v -20.0000 -2.2326 33.1200
v -20.0000 -2.5000 34.0400
v -20.0000 -2.5000 34.9600
v -20.0000 -2.5000 35.8800
v -20.0000 -2.5000 36.8000
v -20.0000 -2.5000 37.7200
v -20.0000 -2.5000 38.6400
v -20.0000 -2.5000 39.5600
v -20.0000 -2.5000 40.4800
v -20.0000 -2.5000 41.4000
v -20.0000 -2.5000 42.3200
v -20.0000 -2.5000 43.2400
v -20.0000 -2.5000 44.1600
v -20.0000 -2.5000 45.0800
v -20.0000 -2.5000 46.0000
v -19.1667 -2.5000 -46.0000
v -19.1667 -2.5000 -45.0800
v -19.1667 -2.5000 -44.1600
v -19.1667 -2.5000 -43.2400
v -19.1667 -2.5000 -42.3200
v -19.1667 -2.5000 -41.4000
v -19.1667 -2.5000 -40.4800
v -19.1667 -2.5000 -39.5600
v -19.1667 -2.5000 -38.6400
v -19.1667 -2.5000 -37.7200
v -19.1667 -2.5000 -36.8000
v -19.1667 -2.5000 -35.8800
v -19.1667 -2.5000 -34.9600
v -19.1667 -2.5000 -34.0400
v -19.1667 -2.5000 -33.1200
v -19.1667 -2.4950 -32.2000
v -19.1667 -2.1344 -31.2800
v -19.1667 -1.7798 -30.3600
v -19.1667 -1.4323 -29.4400
v -19.1667 -1.0928 -28.5200
v -19.1667 -0.7621 -27.6000
v -19.1667 -0.4411 -26.6800
v -19.1667 -0.1302 -25.7600
v -19.1667 0.1705 -24.8400
v -19.1667 0.4611 -23.9200
v -19.1667 0.6051 -23.0000
v -19.1667 0.6428 -22.0800
v -19.1667 0.7129 -21.1600
v -19.1667 0.8116 -20.2400
v -19.1667 0.9363 -19.3200
v -19.1667 1.0852 -18.4000
v -19.1667 1.2568 -17.4800
v -19.1667 1.4494 -16.5600
v -19.1667 1.6600 -15.6400
v -19.1667 1.8829 -14.7200
v -19.1667 2.1095 -13.8000
v -19.1667 2.3272 -12.8800
v -19.1667 2.5203 -11.9600
v -19.1667 2.6707 -11.0400
v -19.1667 2.7595 -10.1200
v -19.1667 2.7698 -9.2000
v -19.1667 2.6898 -8.2800
v -19.1667 2.5176 -7.3600
v -19.1667 2.2691 -6.4400
v -19.1667 1.9843 -5.5200
v -19.1667 1.7261 -4.6000
v -19.1667 1.5638 -3.6800
v -19.1667 1.5510 -2.7600
v -19.1667 1.7167 -1.8400
v -19.1667 2.0551 -0.9200
v -19.1667 2.5096 0.0000
v -19.1667 2.9871 0.9200
v -19.1667 3.4025 1.8400
v -19.1667 3.7072 2.7600
v -19.1667 3.8894 3.6800
v -19.1667 3.9614 4.6000
v -19.1667 3.9476 5.5200
v -19.1667 3.8773 6.4400
v -19.1667 3.7782 7.3600
v -19.1667 3.6718 8.2800
v -19.1667 3.5701 9.2000
v -19.1667 3.4752 10.1200
v -19.1667 3.3821 11.0400
v -19.1667 3.2819 11.9600
v -19.1667 3.1655 12.8800
v -19.1667 3.0258 13.8000
v -19.1667 2.8586 14.7200
v -19.1667 2.6632 15.6400
v -19.1667 2.4418 16.5600
v -19.1667 2.1998 17.4800
v -19.1667 1.9446 18.4000
v -19.1667 1.6853 19.3200
v -19.1667 1.4321 20.2400
v -19.1667 1.1958 21.1600
v -19.1667 0.9868 22.0800
v -19.1667 0.8151 23.0000
v -19.1667 0.6891 23.9200
v -19.1667 0.6163 24.8400
v -19.1667 0.5055 25.7600
v -19.1667 0.1577 26.6800
v -19.1667 -0.1880 27.6000
v -19.1667 -0.5305 28.5200
v -19.1667 -0.8695 29.4400
v -19.1667 -1.2047 30.3600
v -19.1667 -1.5365 31.2800
v -19.1667 -1.8651 32.2000
v -19.1667 -2.1911 33.1200
v -19.1667 -2.5000 34.0400
v -19.1667 -2.5000 34.9600
v -19.1667 -2.5000 35.8800
v -19.1667 -2.5000 36.8000
v -19.1667 -2.5000 37.7200
v -19.1667 -2.5000 38.6400
v -19.1667 -2.5000 39.5600
v -19.1667 -2.5000 40.4800
v -19.1667 -2.5000 41.4000
v -19.1667 -2.5000 42.3200
v -19.1667 -2.5000 43.2400
v -19.1667 -2.5000 44.1600
v -19.1667 -2.5000 45.0800
v -19.1667 -2.5000 46.0000
v -18.3333 -2.5000 -46.0000
v -18.3333 -2.5000 -45.0800
v -18.3333 -2.5000 -44.1600
v -18.3333 -2.5000 -43.2400
v -18.3333 -2.5000 -42.3200
v -18.3333 -2.5000 -41.4000
v -18.3333 -2.5000 -40.4800
v -18.3333 -2.5000 -39.5600
v -18.3333 -2.5000 -38.6400
v -18.3333 -2.5000 -37.7200
v -18.3333 -2.5000 -36.8000
v -18.3333 -2.5000 -35.8800
v -18.3333 -2.5000 -34.9600
v -18.3333 -2.5000 -34.0400
v -18.3333 -2.5000 -33.1200
v -18.3333 -2.4871 -32.2000
v -18.3333 -2.1193 -31.2800
v -18.3333 -1.7560 -30.3600
v -18.3333 -1.3985 -29.4400
v -18.3333 -1.0477 -28.5200
v -18.3333 -0.7050 -27.6000
v -18.3333 -0.3713 -26.6800
v -18.3333 -0.0474 -25.7600
v -18.3333 0.2661 -24.8400
v -18.3333 0.5689 -23.9200
v -18.3333 0.6172 -23.0000
v -18.3333 0.6728 -22.0800
v -18.3333 0.7612 -21.1600
v -18.3333 0.8777 -20.2400
v -18.3333 1.0189 -19.3200
v -18.3333 1.1827 -18.4000
v -18.3333 1.3676 -17.4800
v -18.3333 1.5725 -16.5600
v -18.3333 1.7955 -15.6400
v -18.3333 2.0328 -14.7200
v -18.3333 2.2775 -13.8000
v -18.3333 2.5186 -12.8800
v -18.3333 2.7412 -11.9600
v -18.3333 2.9268 -11.0400
v -18.3333 3.0554 -10.1200
v -18.3333 3.1071 -9.2000
v -18.3333 3.0653 -8.2800
v -18.3333 2.9221 -7.3600
v -18.3333 2.6850 -6.4400
v -18.3333 2.3877 -5.5200
v -18.3333 2.0945 -4.6000
v -18.3333 1.8889 -3.6800
v -18.3333 1.8455 -2.7600
v -18.3333 2.0059 -1.8400
v -18.3333 2.3613 -0.9200
v -18.3333 2.8411 0.0000
v -18.3333 3.3371 0.9200
v -18.3333 3.7568 1.8400
v -18.3333 4.0529 2.7600
v -18.3333 4.2186 3.6800
v -18.3333 4.2715 4.6000
v -18.3333 4.2405 5.5200
v -18.3333 4.1581 6.4400
v -18.3333 4.0532 7.3600
v -18.3333 3.9461 8.2800
v -18.3333 3.8457 9.2000
v -18.3333 3.7507 10.1200
v -18.3333 3.6528 11.0400
v -18.3333 3.5417 11.9600
v -18.3333 3.4079 12.8800
v -18.3333 3.2452 13.8000
v -18.3333 3.0508 14.7200
v -18.3333 2.8257 15.6400
v -18.3333 2.5741 16.5600
v -18.3333 2.3030 17.4800
v -18.3333 2.0212 18.4000
v -18.3333 1.7391 19.3200
v -18.3333 1.4676 20.2400
v -18.3333 1.2176 21.1600
v -18.3333 0.9993 22.0800
v -18.3333 0.8217 23.0000
v -18.3333 0.6925 23.9200
v -18.3333 0.6177 24.8400
v -18.3333 0.5178 25.7600
v -18.3333 0.1730 26.6800
v -18.3333 -0.1683 27.6000
v -18.3333 -0.5059 28.5200
v -18.3333 -0.8396 29.4400
v -18.3333 -1.1698 30.3600
v -18.3333 -1.4970 31.2800
v -18.3333 -1.8216 32.2000
v -18.3333 -2.1444 33.1200
v -18.3333 -2.4661 34.0400
v -18.3333 -2.5000 34.9600
v -18.3333 -2.5000 35.8800
v -18.3333 -2.5000 36.8000
v -18.3333 -2.5000 37.7200
v -18.3333 -2.5000 38.6400
v -18.3333 -2.5000 39.5600
v -18.3333 -2.5000 40.4800
v -18.3333 -2.5000 41.4000
v -18.3333 -2.5000 42.3200
v -18.3333 -2.5000 43.2400
v -18.3333 -2.5000 44.1600
v -18.3333 -2.5000 45.0800
v -18.3333 -2.5000 46.0000
v -17.5000 -2.5000 -46.0000
v -17.5000 -2.5000 -45.0800
v -17.5000 -2.5000 -44.1600
v -17.5000 -2.5000 -43.2400
v -17.5000 -2.5000 -42.3200
v -17.5000 -2.5000 -41.4000
v -17.5000 -2.5000 -40.4800
v -17.5000 -2.5000 -39.5600
v -17.5000 -2.5000 -38.6400
v -17.5000 -2.5000 -37.7200
v -17.5000 -2.5000 -36.8000
v -17.5000 -2.5000 -35.8800
v -17.5000 -2.5000 -34.9600
v -17.5000 -2.5000 -34.0400
v -17.5000 -2.5000 -33.1200
v -17.5000 -2.4874 -32.2000
v -17.5000 -2.1149 -31.2800
v -17.5000 -1.7450 -30.3600
v -17.5000 -1.3791 -29.4400
v -17.5000 -1.0185 -28.5200
v -17.5000 -0.6645 -27.6000
v -17.5000 -0.3184 -26.6800
v -17.5000 0.0186 -25.7600
v -17.5000 0.3456 -24.8400
v -17.5000 0.6010 -23.9200
v -17.5000 0.6336 -23.0000
v -17.5000 0.7069 -22.0800
v -17.5000 0.8138 -21.1600
v -17.5000 0.9487 -20.2400
v -17.5000 1.1072 -19.3200
v -17.5000 1.2865 -18.4000
v -17.5000 1.4850 -17.4800
v -17.5000 1.7017 -16.5600
v -17.5000 1.9357 -15.6400
v -17.5000 2.1848 -14.7200
v -17.5000 2.4441 -13.8000
v -17.5000 2.7048 -12.8800
v -17.5000 2.9537 -11.9600
v -17.5000 3.1727 -11.0400
v -17.5000 3.3410 -10.1200
v -17.5000 3.4365 -9.2000
v -17.5000 3.4386 -8.2800
v -17.5000 3.3332 -7.3600
v -17.5000 3.1197 -6.4400
v -17.5000 2.8224 -5.5200
v -17.5000 2.5025 -4.6000
v -17.5000 2.2538 -3.6800
v -17.5000 2.1731 -2.7600
v -17.5000 2.3200 -1.8400
v -17.5000 2.6865 -0.9200
v -17.5000 3.1873 0.0000
v -17.5000 3.6975 0.9200
v -17.5000 4.1171 1.8400
v -17.5000 4.4008 2.7600
v -17.5000 4.5473 3.6800
v -17.5000 4.5798 4.6000
v -17.5000 4.5321 5.5200
v -17.5000 4.4394 6.4400
v -17.5000 4.3310 7.3600
v -17.5000 4.2250 8.2800
v -17.5000 4.1264 9.2000
v -17.5000 4.0297 10.1200
v -17.5000 3.9240 11.0400
v -17.5000 3.7978 11.9600
v -17.5000 3.6422 12.8800
v -17.5000 3.4525 13.8000
v -17.5000 3.2277 14.7200
v -17.5000 2.9709 15.6400
v -17.5000 2.6883 16.5600
v -17.5000 2.3886 17.4800
v -17.5000 2.0819 18.4000
v -17.5000 1.7795 19.3200
v -17.5000 1.4928 20.2400
v -17.5000 1.2324 21.1600
v -17.5000 1.0078 22.0800
v -17.5000 0.8268 23.0000
v -17.5000 0.6958 23.9200
v -17.5000 0.6194 24.8400
v -17.5000 0.5343 25.7600
v -17.5000 0.1943 26.6800
v -17.5000 -0.1417 27.6000
v -17.5000 -0.4738 28.5200
v -17.5000 -0.8024 29.4400
v -17.5000 -1.1281 30.3600
v -17.5000 -1.4516 31.2800
v -17.5000 -1.7736 32.2000
v -17.5000 -2.0948 33.1200
v -17.5000 -2.4161 34.0400
v -17.5000 -2.5000 34.9600
v -17.5000 -2.5000 35.8800
v -17.5000 -2.5000 36.8000
v -17.5000 -2.5000 37.7200
v -17.5000 -2.5000 38.6400
v -17.5000 -2.5000 39.5600
v -17.5000 -2.5000 40.4800
v -17.5000 -2.5000 41.4000
v -17.5000 -2.5000 42.3200
v -17.5000 -2.5000 43.2400
v -17.5000 -2.5000 44.1600
v -17.5000 -2.5000 45.0800
v -17.5000 -2.5000 46.0000
v -16.6667 -2.5000 -46.0000
v -16.6667 -2.5000 -45.0800
v -16.6667 -2.5000 -44.1600
v -16.6667 -2.5000 -43.2400
v -16.6667 -2.5000 -42.3200
v -16.6667 -2.5000 -41.4000
v -16.6667 -2.5000 -40.4800
v -16.6667 -2.5000 -39.5600
v -16.6667 -2.5000 -38.6400
v -16.6667 -2.5000 -37.7200
v -16.6667 -2.5000 -36.8000
v -16.6667 -2.5000 -35.8800
v -16.6667 -2.5000 -34.9600
v -16.6667 -2.5000 -34.0400
v -16.6667 -2.5000 -33.1200
v -16.6667 -2.4918 -32.2000
v -16.6667 -2.1173 -31.2800
v -16.6667 -1.7436 -30.3600
v -16.6667 -1.3719 -29.4400
v -16.6667 -1.0036 -28.5200
v -16.6667 -0.6400 -27.6000
v -16.6667 -0.2828 -26.6800
v -16.6667 0.0668 -25.7600
v -16.6667 0.4074 -24.8400
v -16.6667 0.6048 -23.9200
v -16.6667 0.6518 -23.0000
v -16.6667 0.7420 -22.0800
v -16.6667 0.8675 -21.1600
v -16.6667 1.0214 -20.2400
v -16.6667 1.1984 -19.3200
v -16.6667 1.3946 -18.4000
v -16.6667 1.6077 -17.4800
v -16.6667 1.8365 -16.5600
v -16.6667 2.0808 -15.6400
v -16.6667 2.3396 -14.7200
v -16.6667 2.6103 -13.8000
v -16.6667 2.8866 -12.8800
v -16.6667 3.1575 -11.9600
v -16.6667 3.4065 -11.0400
v -16.6667 3.6128 -10.1200
v -16.6667 3.7527 -9.2000
v -16.6667 3.8025 -8.2800
v -16.6667 3.7425 -7.3600
v -16.6667 3.5636 -6.4400
v -16.6667 3.2797 -5.5200
v -16.6667 2.9439 -4.6000
v -16.6667 2.6550 -3.6800
v -16.6667 2.5316 -2.7600
v -16.6667 2.6568 -1.8400
v -16.6667 3.0280 -0.9200
v -16.6667 3.5454 0.0000
v -16.6667 4.0656 0.9200
v -16.6667 4.4808 1.8400
v -16.6667 4.7483 2.7600
v -16.6667 4.8731 3.6800
v -16.6667 4.8847 4.6000
v -16.6667 4.8213 5.5200
v -16.6667 4.7205 6.4400
v -16.6667 4.6111 7.3600
v -16.6667 4.5077 8.2800
v -16.6667 4.4102 9.2000
v -16.6667 4.3092 10.1200
v -16.6667 4.1914 11.0400
v -16.6667 4.0455 11.9600
v -16.6667 3.8637 12.8800
v -16.6667 3.6431 13.8000
v -16.6667 3.3854 14.7200
v -16.6667 3.0958 15.6400
v -16.6667 2.7824 16.5600
v -16.6667 2.4556 17.4800
v -16.6667 2.1268 18.4000
v -16.6667 1.8077 19.3200
v -16.6667 1.5096 20.2400
v -16.6667 1.2424 21.1600
v -16.6667 1.0143 22.0800
v -16.6667 0.8319 23.0000
v -16.6667 0.7000 23.9200
v -16.6667 0.6220 24.8400
v -16.6667 0.5576 25.7600
v -16.6667 0.2233 26.6800
v -16.6667 -0.1071 27.6000
v -16.6667 -0.4341 28.5200
v -16.6667 -0.7585 29.4400
v -16.6667 -1.0809 30.3600
v -16.6667 -1.4024 31.2800
v -16.6667 -1.7236 32.2000
v -16.6667 -2.0452 33.1200
v -16.6667 -2.3681 34.0400
v -16.6667 -2.5000 34.9600
v -16.6667 -2.5000 35.8800
v -16.6667 -2.5000 36.8000
v -16.6667 -2.5000 37.7200
v -16.6667 -2.5000 38.6400
v -16.6667 -2.5000 39.5600
v -16.6667 -2.5000 40.4800
v -16.6667 -2.5000 41.4000
v -16.6667 -2.5000 42.3200
v -16.6667 -2.5000 43.2400
v -16.6667 -2.5000 44.1600
v -16.6667 -2.5000 45.0800
v -16.6667 -2.5000 46.0000
v -15.8333 -2.5000 -46.0000
v -15.8333 -2.5000 -45.0800
v -15.8333 -2.5000 -44.1600
v -15.8333 -2.5000 -43.2400
v -15.8333 -2.5000 -42.3200
v -15.8333 -2.5000 -41.4000
v -15.8333 -2.5000 -40.4800
v -15.8333 -2.5000 -39.5600
v -15.8333 -2.5000 -38.6400
v -15.8333 -2.5000 -37.7200
v -15.8333 -2.5000 -36.8000
v -15.8333 -2.5000 -35.8800
v -15.8333 -2.5000 -34.9600
v -15.8333 -2.5000 -34.0400
v -15.8333 -2.5000 -33.1200
v -15.8333 -2.4947 -32.2000
v -15.8333 -2.1218 -31.2800
v -15.8333 -1.7476 -30.3600
v -15.8333 -1.3732 -29.4400
v -15.8333 -1.0001 -28.5200
v -15.8333 -0.6295 -27.6000
v -15.8333 -0.2632 -26.6800
v -15.8333 0.0974 -25.7600
v -15.8333 0.4506 -24.8400
v -15.8333 0.6096 -23.9200
v -15.8333 0.6691 -23.0000
v -15.8333 0.7750 -22.0800
v -15.8333 0.9187 -21.1600
v -15.8333 1.0922 -20.2400
v -15.8333 1.2889 -19.3200
v -15.8333 1.5037 -18.4000
v -15.8333 1.7332 -17.4800
v -15.8333 1.9757 -16.5600
v -15.8333 2.2307 -15.6400
v -15.8333 2.4983 -14.7200
v -15.8333 2.7777 -13.8000
v -15.8333 3.0654 -12.8800
v -15.8333 3.3534 -11.9600
v -15.8333 3.6277 -11.0400
v -15.8333 3.8685 -10.1200
v -15.8333 4.0516 -9.2000
v -15.8333 4.1509 -8.2800
v -15.8333 4.1418 -7.3600
v -15.8333 4.0075 -6.4400
v -15.8333 3.7504 -5.5200
v -15.8333 3.4116 -4.6000
v -15.8333 3.0884 -3.6800
v -15.8333 2.9185 -2.7600
v -15.8333 3.0138 -1.8400
v -15.8333 3.3832 -0.9200
v -15.8333 3.9127 0.0000
v -15.8333 4.4387 0.9200
v -15.8333 4.8452 1.8400
v -15.8333 5.0929 2.7600
v -15.8333 5.1940 3.6800
v -15.8333 5.1845 4.6000
v -15.8333 5.1070 5.5200
v -15.8333 5.0010 6.4400
v -15.8333 4.8931 7.3600
v -15.8333 4.7928 8.2800
v -15.8333 4.6947 9.2000
v -15.8333 4.5854 10.1200
v -15.8333 4.4506 11.0400
v -15.8333 4.2797 11.9600
v -15.8333 4.0672 12.8800
v -15.8333 3.8128 13.8000
v -15.8333 3.5205 14.7200
v -15.8333 3.1980 15.6400
v -15.8333 2.8554 16.5600
v -15.8333 2.5045 17.4800
v -15.8333 2.1575 18.4000
v -15.8333 1.8261 19.3200
v -15.8333 1.5208 20.2400
v -15.8333 1.2502 21.1600
v -15.8333 1.0212 22.0800
v -15.8333 0.8387 23.0000
v -15.8333 0.7061 23.9200
v -15.8333 0.6259 24.8400
v -15.8333 0.5890 25.7600
v -15.8333 0.2604 26.6800
v -15.8333 -0.0651 27.6000
v -15.8333 -0.3882 28.5200
v -15.8333 -0.7099 29.4400
v -15.8333 -1.0311 30.3600
v -15.8333 -1.3526 31.2800
v -15.8333 -1.6752 32.2000
v -15.8333 -1.9996 33.1200
v -15.8333 -2.3264 34.0400
v -15.8333 -2.5000 34.9600
v -15.8333 -2.5000 35.8800
v -15.8333 -2.5000 36.8000
v -15.8333 -2.5000 37.7200
v -15.8333 -2.5000 38.6400
v -15.8333 -2.5000 39.5600
v -15.8333 -2.5000 40.4800
v -15.8333 -2.5000 41.4000
v -15.8333 -2.5000 42.3200
v -15.8333 -2.5000 43.2400
v -15.8333 -2.5000 44.1600
v -15.8333 -2.5000 45.0800
v -15.8333 -2.5000 46.0000
v -15.0000 -2.5000 -46.0000
v -15.0000 -2.5000 -45.0800
v -15.0000 -2.5000 -44.1600
v -15.0000 -2.5000 -43.2400
v -15.0000 -2.5000 -42.3200
v -15.0000 -2.5000 -41.4000
v -15.0000 -2.5000 -40.4800
v -15.0000 -2.5000 -39.5600
v -15.0000 -2.5000 -38.6400
v -15.0000 -2.5000 -37.7200
v -15.0000 -2.5000 -36.8000
v -15.0000 -2.5000 -35.8800
v -15.0000 -2.5000 -34.9600
v -15.0000 -2.5000 -34.0400
v -15.0000 -2.5000 -33.1200
v -15.0000 -2.4894 -32.2000
v -15.0000 -2.1218 -31.2800
v -15.0000 -1.7509 -30.3600
v -15.0000 -1.3777 -29.4400
v -15.0000 -1.0034 -28.5200
v -15.0000 -0.6292 -27.6000
v -15.0000 -0.2568 -26.6800
v -15.0000 0.1121 -25.7600
v -15.0000 0.4760 -24.8400
v -15.0000 0.6137 -23.9200
v -15.0000 0.6831 -23.0000
v -15.0000 0.8028 -22.0800
v -15.0000 0.9637 -21.1600
v -15.0000 1.1568 -20.2400
v -15.0000 1.3743 -19.3200
v -15.0000 1.6097 -18.4000
v -15.0000 1.8580 -17.4800
v -15.0000 2.1165 -16.5600
v -15.0000 2.3840 -15.6400
v -15.0000 2.6608 -14.7200
v -15.0000 2.9475 -13.8000
v -15.0000 3.2431 -12.8800
v -15.0000 3.5431 -11.9600
v -15.0000 3.8370 -11.0400
v -15.0000 4.1073 -10.1200
v -15.0000 4.3305 -9.2000
v -15.0000 4.4788 -8.2800
v -15.0000 4.5239 -7.3600
v -15.0000 4.4421 -6.4400
v -15.0000 4.2245 -5.5200
v -15.0000 3.8973 -4.6000
v -15.0000 3.5491 -3.6800
v -15.0000 3.3315 -2.7600
v -15.0000 3.3888 -1.8400
v -15.0000 3.7493 -0.9200
v -15.0000 4.2865 0.0000
v -15.0000 4.8140 0.9200
v -15.0000 5.2074 1.8400
v -15.0000 5.4320 2.7600
v -15.0000 5.5080 3.6800
v -15.0000 5.4779 4.6000
v -15.0000 5.3889 5.5200
v -15.0000 5.2807 6.4400
v -15.0000 5.1763 7.3600
v -15.0000 5.0786 8.2800
v -15.0000 4.9764 9.2000
v -15.0000 4.8536 10.1200
v -15.0000 4.6961 11.0400
v -15.0000 4.4952 11.9600
v -15.0000 4.2481 12.8800
v -15.0000 3.9576 13.8000
v -15.0000 3.6303 14.7200
v -15.0000 3.2764 15.6400
v -15.0000 2.9078 16.5600
v -15.0000 2.5371 17.4800
v -15.0000 2.1769 18.4000
v -15.0000 1.8381 19.3200
v -15.0000 1.5298 20.2400
v -15.0000 1.2591 21.1600
v -15.0000 1.0309 22.0800
v -15.0000 0.8487 23.0000
v -15.0000 0.7150 23.9200
v -15.0000 0.6316 24.8400
v -15.0000 0.6002 25.7600
v -15.0000 0.3048 26.6800
v -15.0000 -0.0173 27.6000
v -15.0000 -0.3386 28.5200
v -15.0000 -0.6599 29.4400
v -15.0000 -0.9823 30.3600
v -15.0000 -1.3064 31.2800
v -15.0000 -1.6330 32.2000
v -15.0000 -1.9625 33.1200
v -15.0000 -2.2955 34.0400
v -15.0000 -2.5000 34.9600
v -15.0000 -2.5000 35.8800
v -15.0000 -2.5000 36.8000
v -15.0000 -2.5000 37.7200
v -15.0000 -2.5000 38.6400
v -15.0000 -2.5000 39.5600
v -15.0000 -2.5000 40.4800
v -15.0000 -2.5000 41.4000
v -15.0000 -2.5000 42.3200
v -15.0000 -2.5000 43.2400
v -15.0000 -2.5000 44.1600
v -15.0000 -2.5000 45.0800
v -15.0000 -2.5000 46.0000
v -14.1667 -2.5000 -46.0000
v -14.1667 -2.5000 -45.0800
v -14.1667 -2.5000 -44.1600
v -14.1667 -2.5000 -43.2400
v -14.1667 -2.5000 -42.3200
v -14.1667 -2.5000 -41.4000
v -14.1667 -2.5000 -40.4800
v -14.1667 -2.5000 -39.5600
v -14.1667 -2.5000 -38.6400
v -14.1667 -2.5000 -37.7200
v -14.1667 -2.5000 -36.8000
v -14.1667 -2.5000 -35.8800
v -14.1667 -2.5000 -34.9600
v -14.1667 -2.5000 -34.0400
v -14.1667 -2.5000 -33.1200
v -14.1667 -2.4683 -32.2000
v -14.1667 -2.1099 -31.2800
v -14.1667 -1.7463 -30.3600
v -14.1667 -1.3784 -29.4400
v -14.1667 -1.0071 -28.5200
v -14.1667 -0.6336 -27.6000
v -14.1667 -0.2592 -26.6800
v -14.1667 0.1146 -25.7600
v -14.1667 0.4858 -24.8400
v -14.1667 0.6161 -23.9200
v -14.1667 0.6924 -23.0000
v -14.1667 0.8232 -22.0800
v -14.1667 0.9993 -21.1600
v -14.1667 1.2111 -20.2400
v -14.1667 1.4497 -19.3200
v -14.1667 1.7071 -18.4000
v -14.1667 1.9769 -17.4800
v -14.1667 2.2545 -16.5600
v -14.1667 2.5375 -15.6400
v -14.1667 2.8257 -14.7200
v -14.1667 3.1201 -13.8000
v -14.1667 3.4217 -12.8800
v -14.1667 3.7292 -11.9600
v -14.1667 4.0365 -11.0400
v -14.1667 4.3298 -10.1200
v -14.1667 4.5878 -9.2000
v -14.1667 4.7825 -8.2800
v -14.1667 4.8827 -7.3600
v -14.1667 4.8591 -6.4400
v -14.1667 4.6922 -5.5200
v -14.1667 4.3919 -4.6000
v -14.1667 4.0314 -3.6800
v -14.1667 3.7676 -2.7600
v -14.1667 3.7795 -1.8400
v -14.1667 4.1236 -0.9200
v -14.1667 4.6640 0.0000
v -14.1667 5.1888 0.9200
v -14.1667 5.5648 1.8400
v -14.1667 5.7633 2.7600
v -14.1667 5.8132 3.6800
v -14.1667 5.7639 4.6000
v -14.1667 5.6664 5.5200
v -14.1667 5.5593 6.4400
v -14.1667 5.4594 7.3600
v -14.1667 5.3621 8.2800
v -14.1667 5.2509 9.2000
v -14.1667 5.1085 10.1200
v -14.1667 4.9223 11.0400
v -14.1667 4.6866 11.9600
v -14.1667 4.4021 12.8800
v -14.1667 4.0746 13.8000
v -14.1667 3.7138 14.7200
v -14.1667 3.3318 15.6400
v -14.1667 2.9419 16.5600
v -14.1667 2.5573 17.4800
v -14.1667 2.1896 18.4000
v -14.1667 1.8483 19.3200
v -14.1667 1.5407 20.2400
v -14.1667 1.2719 21.1600
v -14.1667 1.0453 22.0800
v -14.1667 0.8632 23.0000
v -14.1667 0.7274 23.9200
v -14.1667 0.6395 24.8400
v -14.1667 0.6014 25.7600
v -14.1667 0.3539 26.6800
v -14.1667 0.0326 27.6000
v -14.1667 -0.2895 28.5200
v -14.1667 -0.6133 29.4400
v -14.1667 -0.9396 30.3600
v -14.1667 -1.2690 31.2800
v -14.1667 -1.6021 32.2000
v -14.1667 -1.9393 33.1200
v -14.1667 -2.2807 34.0400
v -14.1667 -2.5000 34.9600
v -14.1667 -2.5000 35.8800
v -14.1667 -2.5000 36.8000
v -14.1667 -2.5000 37.7200
v -14.1667 -2.5000 38.6400
v -14.1667 -2.5000 39.5600
v -14.1667 -2.5000 40.4800
v -14.1667 -2.5000 41.4000
v -14.1667 -2.5000 42.3200
v -14.1667 -2.5000 43.2400
v -14.1667 -2.5000 44.1600
v -14.1667 -2.5000 45.0800
v -14.1667 -2.5000 46.0000
v -13.3333 -2.5000 -46.0000
v -13.3333 -2.5000 -45.0800
v -13.3333 -2.5000 -44.1600
v -13.3333 -2.5000 -43.2400
v -13.3333 -2.5000 -42.3200
v -13.3333 -2.5000 -41.4000
v -13.3333 -2.5000 -40.4800
v -13.3333 -2.5000 -39.5600
v -13.3333 -2.5000 -38.6400
v -13.3333 -2.5000 -37.7200
v -13.3333 -2.5000 -36.8000
v -13.3333 -2.5000 -35.8800
v -13.3333 -2.5000 -34.9600
v -13.3333 -2.5000 -34.0400
v -13.3333 -2.5000 -33.1200
v -13.3333 -2.4236 -32.2000
v -13.3333 -2.0776 -31.2800
v -13.3333 -1.7252 -30.3600
v -13.3333 -1.3669 -29.4400
v -13.3333 -1.0032 -28.5200
v -13.3333 -0.6350 -27.6000
v -13.3333 -0.2633 -26.6800
v -13.3333 0.1106 -25.7600
v -13.3333 0.4850 -24.8400
v -13.3333 0.6168 -23.9200
v -13.3333 0.6967 -23.0000
v -13.3333 0.8352 -22.0800
v -13.3333 1.0234 -21.1600
v -13.3333 1.2517 -20.2400
v -13.3333 1.5104 -19.3200
v -13.3333 1.7905 -18.4000
v -13.3333 2.0838 -17.4800
v -13.3333 2.3839 -16.5600
v -13.3333 2.6865 -15.6400
v -13.3333 2.9898 -14.7200
v -13.3333 3.2943 -13.8000
v -13.3333 3.6019 -12.8800
v -13.3333 3.9142 -11.9600
v -13.3333 4.2291 -11.0400
v -13.3333 4.5382 -10.1200
v -13.3333 4.8240 -9.2000
v -13.3333 5.0599 -8.2800
v -13.3333 5.2136 -7.3600
v -13.3333 5.2510 -6.4400
v -13.3333 5.1438 -5.5200
v -13.3333 4.8855 -4.6000
v -13.3333 4.5281 -3.6800
v -13.3333 4.2236 -2.7600
v -13.3333 4.1837 -1.8400
v -13.3333 4.5037 -0.9200
v -13.3333 5.0424 0.0000
v -13.3333 5.5603 0.9200
v -13.3333 5.9148 1.8400
v -13.3333 6.0845 2.7600
v -13.3333 6.1081 3.6800
v -13.3333 6.0419 4.6000
v -13.3333 5.9396 5.5200
v -13.3333 5.8365 6.4400
v -13.3333 5.7406 7.3600
v -13.3333 5.6394 8.2800
v -13.3333 5.5129 9.2000
v -13.3333 5.3440 10.1200
v -13.3333 5.1235 11.0400
v -13.3333 4.8493 11.9600
v -13.3333 4.5260 12.8800
v -13.3333 4.1626 13.8000
v -13.3333 3.7716 14.7200
v -13.3333 3.3669 15.6400
v -13.3333 2.9624 16.5600
v -13.3333 2.5704 17.4800
v -13.3333 2.2009 18.4000
v -13.3333 1.8616 19.3200
v -13.3333 1.5573 20.2400
v -13.3333 1.2914 21.1600
v -13.3333 1.0660 22.0800
v -13.3333 0.8828 23.0000
v -13.3333 0.7433 23.9200
v -13.3333 0.6495 24.8400
v -13.3333 0.6040 25.7600
v -13.3333 0.4033 26.6800
v -13.3333 0.0798 27.6000
v -13.3333 -0.2462 28.5200
v -13.3333 -0.5756 29.4400
v -13.3333 -0.9088 30.3600
v -13.3333 -1.2463 31.2800
v -13.3333 -1.5884 32.2000
v -13.3333 -1.9354 33.1200
v -13.3333 -2.2873 34.0400
v -13.3333 -2.5000 34.9600
v -13.3333 -2.5000 35.8800
v -13.3333 -2.5000 36.8000
v -13.3333 -2.5000 37.7200
v -13.3333 -2.5000 38.6400
v -13.3333 -2.5000 39.5600
v -13.3333 -2.5000 40.4800
v -13.3333 -2.5000 41.4000
v -13.3333 -2.5000 42.3200
v -13.3333 -2.5000 43.2400
v -13.3333 -2.5000 44.1600
v -13.3333 -2.5000 45.0800
v -13.3333 -2.5000 46.0000
v -12.5000 -2.5000 -46.0000
v -12.5000 -2.5000 -45.0800
v -12.5000 -2.5000 -44.1600
v -12.5000 -2.5000 -43.2400
v -12.5000 -2.5000 -42.3200
v -12.5000 -2.5000 -41.4000
v -12.5000 -2.5000 -40.4800
v -12.5000 -2.5000 -39.5600
v -12.5000 -2.5000 -38.6400
v -12.5000 -2.5000 -37.7200
v -12.5000 -2.5000 -36.8000
v -12.5000 -2.5000 -35.8800
v -12.5000 -2.5000 -34.9600
v -12.5000 -2.5000 -34.0400
v -12.5000 -2.5000 -33.1200
v -12.5000 -2.3476 -32.2000
v -12.5000 -2.0167 -31.2800
v -12.5000 -1.6788 -30.3600
v -12.5000 -1.3339 -29.4400
v -12.5000 -0.9821 -28.5200
v -12.5000 -0.6240 -27.6000
v -12.5000 -0.2601 -26.6800
v -12.5000 0.1085 -25.7600
v -12.5000 0.4807 -24.8400
v -12.5000 0.6163 -23.9200
v -12.5000 0.6970 -23.0000
v -12.5000 0.8394 -22.0800
v -12.5000 1.0356 -21.1600
v -12.5000 1.2767 -20.2400
v -12.5000 1.5531 -19.3200
v -12.5000 1.8549 -18.4000
v -12.5000 2.1725 -17.4800
v -12.5000 2.4977 -16.5600
v -12.5000 2.8239 -15.6400
v -12.5000 3.1473 -14.7200
v -12.5000 3.4665 -13.8000
v -12.5000 3.7830 -12.8800
v -12.5000 4.0996 -11.9600
v -12.5000 4.4183 -11.0400
v -12.5000 4.7359 -10.1200
v -12.5000 5.0410 -9.2000
v -12.5000 5.3108 -8.2800
v -12.5000 5.5135 -7.3600
v -12.5000 5.6119 -6.4400
v -12.5000 5.5703 -5.5200
v -12.5000 5.3675 -4.6000
v -12.5000 5.0309 -3.6800
v -12.5000 4.6955 -2.7600
v -12.5000 4.5992 -1.8400
v -12.5000 4.8868 -0.9200
v -12.5000 5.4191 0.0000
v -12.5000 5.9257 0.9200
v -12.5000 6.2546 1.8400
v -12.5000 6.3935 2.7600
v -12.5000 6.3912 3.6800
v -12.5000 6.3114 4.6000
v -12.5000 6.2086 5.5200
v -12.5000 6.1111 6.4400
v -12.5000 6.0167 7.3600
v -12.5000 5.9054 8.2800
v -12.5000 5.7559 9.2000
v -12.5000 5.5539 10.1200
v -12.5000 5.2943 11.0400
v -12.5000 4.9795 11.9600
v -12.5000 4.6181 12.8800
v -12.5000 4.2225 13.8000
v -12.5000 3.8073 14.7200
v -12.5000 3.3873 15.6400
v -12.5000 2.9757 16.5600
v -12.5000 2.5830 17.4800
v -12.5000 2.2169 18.4000
v -12.5000 1.8823 19.3200
v -12.5000 1.5823 20.2400
v -12.5000 1.3187 21.1600
v -12.5000 1.0930 22.0800
v -12.5000 0.9067 23.0000
v -12.5000 0.7618 23.9200
v -12.5000 0.6609 24.8400
v -12.5000 0.6076 25.7600
v -12.5000 0.4471 26.6800
v -12.5000 0.1179 27.6000
v -12.5000 -0.2154 28.5200
v -12.5000 -0.5534 29.4400
v -12.5000 -0.8963 30.3600
v -12.5000 -1.2444 31.2800
v -12.5000 -1.5978 32.2000
v -12.5000 -1.9566 33.1200
v -12.5000 -2.3206 34.0400
v -12.5000 -2.5000 34.9600
v -12.5000 -2.5000 35.8800
v -12.5000 -2.5000 36.8000
v -12.5000 -2.5000 37.7200
v -12.5000 -2.5000 38.6400
v -12.5000 -2.5000 39.5600
v -12.5000 -2.5000 40.4800
v -12.5000 -2.5000 41.4000
v -12.5000 -2.5000 42.3200
v -12.5000 -2.5000 43.2400
v -12.5000 -2.5000 44.1600
v -12.5000 -2.5000 45.0800
v -12.5000 -2.5000 46.0000
v -11.6667 -2.5000 -46.0000
v -11.6667 -2.5000 -45.0800
v -11.6667 -2.5000 -44.1600
v -11.6667 -2.5000 -43.2400
v -11.6667 -2.5000 -42.3200
v -11.6667 -2.5000 -41.4000
v -11.6667 -2.5000 -40.4800
v -11.6667 -2.5000 -39.5600
v -11.6667 -2.5000 -38.6400
v -11.6667 -2.5000 -37.7200
v -11.6667 -2.5000 -36.8000
v -11.6667 -2.5000 -35.8800
v -11.6667 -2.5000 -34.9600
v -11.6667 -2.5000 -34.0400
v -11.6667 -2.5000 -33.1200
v -11.6667 -2.2339 -32.2000
v -11.6667 -1.9197 -31.2800
v -11.6667 -1.5984 -30.3600
v -11.6667 -1.2698 -29.4400
v -11.6667 -0.9337 -28.5200
v -11.6667 -0.5900 -27.6000
v -11.6667 -0.2390 -26.6800
v -11.6667 0.1189 -25.7600
v -11.6667 0.4830 -24.8400
v -11.6667 0.6160 -23.9200
v -11.6667 0.6957 -23.0000
v -11.6667 0.8384 -22.0800
v -11.6667 1.0380 -21.1600
v -11.6667 1.2871 -20.2400
v -11.6667 1.5767 -19.3200
v -11.6667 1.8970 -18.4000
v -11.6667 2.2376 -17.4800
v -11.6667 2.5889 -16.5600
v -11.6667 2.9420 -15.6400
v -11.6667 3.2903 -14.7200
v -11.6667 3.6302 -13.8000
v -11.6667 3.9610 -12.8800
v -11.6667 4.2851 -11.9600
v -11.6667 4.6065 -11.0400
v -11.6667 4.9273 -10.1200
v -11.6667 5.2428 -9.2000
v -11.6667 5.5369 -8.2800
v -11.6667 5.7811 -7.3600
v -11.6667 5.9372 -6.4400
v -11.6667 5.9639 -5.5200
v -11.6667 5.8274 -4.6000
v -11.6667 5.5301 -3.6800
v -11.6667 5.1784 -2.7600
v -11.6667 5.0239 -1.8400
v -11.6667 5.2705 -0.9200
v -11.6667 5.7913 0.0000
v -11.6667 6.2823 0.9200
v -11.6667 6.5817 1.8400
v -11.6667 6.6881 2.7600
v -11.6667 6.6618 3.6800
v -11.6667 6.5725 4.6000
v -11.6667 6.4732 5.5200
v -11.6667 6.3813 6.4400
v -11.6667 6.2831 7.3600
v -11.6667 6.1537 8.2800
v -11.6667 5.9732 9.2000
v -11.6667 5.7321 10.1200
v -11.6667 5.4304 11.0400
v -11.6667 5.0753 11.9600
v -11.6667 4.6795 12.8800
v -11.6667 4.2582 13.8000
v -11.6667 3.8273 14.7200
v -11.6667 3.4009 15.6400
v -11.6667 2.9899 16.5600
v -11.6667 2.6022 17.4800
v -11.6667 2.2425 18.4000
v -11.6667 1.9135 19.3200
v -11.6667 1.6167 20.2400
v -11.6667 1.3533 21.1600
v -11.6667 1.1247 22.0800
v -11.6667 0.9330 23.0000
v -11.6667 0.7808 23.9200
v -11.6667 0.6721 24.8400
v -11.6667 0.6113 25.7600
v -11.6667 0.4779 26.6800
v -11.6667 0.1394 27.6000
v -11.6667 -0.2045 28.5200
v -11.6667 -0.5539 29.4400
v -11.6667 -0.9090 30.3600
v -11.6667 -1.2698 31.2800
v -11.6667 -1.6363 32.2000
v -11.6667 -2.0083 33.1200
v -11.6667 -2.3856 34.0400
v -11.6667 -2.5000 34.9600
v -11.6667 -2.5000 35.8800
v -11.6667 -2.5000 36.8000
v -11.6667 -2.5000 37.7200
v -11.6667 -2.5000 38.6400
v -11.6667 -2.5000 39.5600
v -11.6667 -2.5000 40.4800
v -11.6667 -2.5000 41.4000
v -11.6667 -2.5000 42.3200
v -11.6667 -2.5000 43.2400
v -11.6667 -2.5000 44.1600
v -11.6667 -2.5000 45.0800
v -11.6667 -2.5000 46.0000
v -10.8333 -2.5000 -46.0000
v -10.8333 -2.5000 -45.0800
v -10.8333 -2.5000 -44.1600
v -10.8333 -2.5000 -43.2400
v -10.8333 -2.5000 -42.3200
v -10.8333 -2.5000 -41.4000
v -10.8333 -2.5000 -40.4800
v -10.8333 -2.5000 -39.5600
v -10.8333 -2.5000 -38.6400
v -10.8333 -2.5000 -37.7200
v -10.8333 -2.5000 -36.8000
v -10.8333 -2.5000 -35.8800
v -10.8333 -2.5000 -34.9600
v -10.8333 -2.5000 -34.0400
v -10.8333 -2.3698 -33.1200
v -10.8333 -2.0784 -32.2000
v -10.8333 -1.7811 -31.2800
v -10.8333 -1.4773 -30.3600
v -10.8333 -1.1666 -29.4400
v -10.8333 -0.8484 -28.5200
v -10.8333 -0.5223 -27.6000
v -10.8333 -0.1882 -26.6800
v -10.8333 0.1540 -25.7600
v -10.8333 0.5042 -24.8400
v -10.8333 0.6173 -23.9200
v -10.8333 0.6962 -23.0000
v -10.8333 0.8369 -22.0800
v -10.8333 1.0356 -21.1600
v -10.8333 1.2870 -20.2400
v -10.8333 1.5836 -19.3200
v -10.8333 1.9168 -18.4000
v -10.8333 2.2764 -17.4800
v -10.8333 2.6519 -16.5600
v -10.8333 3.0328 -15.6400
v -10.8333 3.4099 -14.7200
v -10.8333 3.7764 -13.8000
v -10.8333 4.1285 -12.8800
v -10.8333 4.4665 -11.9600
v -10.8333 4.7940 -11.0400
v -10.8333 5.1159 -10.1200
v -10.8333 5.4345 -9.2000
v -10.8333 5.7423 -8.2800
v -10.8333 6.0177 -7.3600
v -10.8333 6.2245 -6.4400
v -10.8333 6.3182 -5.5200
v -10.8333 6.2552 -4.6000
v -10.8333 6.0146 -3.6800
v -10.8333 5.6657 -2.7600
v -10.8333 5.4554 -1.8400
v -10.8333 5.6521 -0.9200
v -10.8333 6.1563 0.0000
v -10.8333 6.6274 0.9200
v -10.8333 6.8936 1.8400
v -10.8333 6.9668 2.7600
v -10.8333 6.9191 3.6800
v -10.8333 6.8257 4.6000
v -10.8333 6.7328 5.5200
v -10.8333 6.6435 6.4400
v -10.8333 6.5335 7.3600
v -10.8333 6.3769 8.2800
v -10.8333 6.1581 9.2000
v -10.8333 5.8737 10.1200
v -10.8333 5.5294 11.0400
v -10.8333 5.1377 11.9600
v -10.8333 4.7148 12.8800
v -10.8333 4.2775 13.8000
v -10.8333 3.8411 14.7200
v -10.8333 3.4169 15.6400
v -10.8333 3.0128 16.5600
v -10.8333 2.6332 17.4800
v -10.8333 2.2803 18.4000
v -10.8333 1.9550 19.3200
v -10.8333 1.6584 20.2400
v -10.8333 1.3918 21.1600
v -10.8333 1.1571 22.0800
v -10.8333 0.9575 23.0000
v -10.8333 0.7969 23.9200
v -10.8333 0.6803 24.8400
v -10.8333 0.6136 25.7600
v -10.8333 0.4872 26.6800
v -10.8333 0.1362 27.6000
v -10.8333 -0.2209 28.5200
v -10.8333 -0.5841 29.4400
v -10.8333 -0.9533 30.3600
v -10.8333 -1.3284 31.2800
v -10.8333 -1.7092 32.2000
v -10.8333 -2.0954 33.1200
v -10.8333 -2.4868 34.0400
v -10.8333 -2.5000 34.9600
v -10.8333 -2.5000 35.8800
v -10.8333 -2.5000 36.8000
v -10.8333 -2.5000 37.7200
v -10.8333 -2.5000 38.6400
v -10.8333 -2.5000 39.5600
v -10.8333 -2.5000 40.4800
v -10.8333 -2.5000 41.4000
v -10.8333 -2.5000 42.3200
v -10.8333 -2.5000 43.2400
v -10.8333 -2.5000 44.1600
v -10.8333 -2.5000 45.0800
v -10.8333 -2.5000 46.0000
v -10.0000 -2.5000 -46.0000
v -10.0000 -2.5000 -45.0800
v -10.0000 -2.5000 -44.1600
v -10.0000 -2.5000 -43.2400
v -10.0000 -2.5000 -42.3200
v -10.0000 -2.5000 -41.4000
v -10.0000 -2.5000 -40.4800
v -10.0000 -2.5000 -39.5600
v -10.0000 -2.5000 -38.6400
v -10.0000 -2.5000 -37.7200
v -10.0000 -2.5000 -36.8000
v -10.0000 -2.5000 -35.8800
v -10.0000 -2.5000 -34.9600
v -10.0000 -2.4302 -34.0400
v -10.0000 -2.1574 -33.1200
v -10.0000 -1.8804 -32.2000
v -10.0000 -1.5986 -31.2800
v -10.0000 -1.3115 -30.3600
v -10.0000 -1.0185 -29.4400
v -10.0000 -0.7188 -28.5200
v -10.0000 -0.4119 -27.6000
v -10.0000 -0.0971 -26.6800
v -10.0000 0.2260 -25.7600
v -10.0000 0.5577 -24.8400
v -10.0000 0.6223 -23.9200
v -10.0000 0.7027 -23.0000
v -10.0000 0.8411 -22.0800
v -10.0000 1.0360 -21.1600
v -10.0000 1.2842 -20.2400
v -10.0000 1.5809 -19.3200
v -10.0000 1.9193 -18.4000
v -10.0000 2.2908 -17.4800
v -10.0000 2.6850 -16.5600
v -10.0000 3.0909 -15.6400
v -10.0000 3.4974 -14.7200
v -10.0000 3.8947 -13.8000
v -10.0000 4.2753 -12.8800
v -10.0000 4.6356 -11.9600
v -10.0000 4.9765 -11.0400
v -10.0000 5.3029 -10.1200
v -10.0000 5.6212 -9.2000
v -10.0000 5.9330 -8.2800
v -10.0000 6.2271 -7.3600
v -10.0000 6.4741 -6.4400
v -10.0000 6.6293 -5.5200
v -10.0000 6.6422 -4.6000
v -10.0000 6.4729 -3.6800
v -10.0000 6.1493 -2.7600
v -10.0000 5.8910 -1.8400
v -10.0000 6.0293 -0.9200
v -10.0000 6.5113 0.0000
v -10.0000 6.9581 0.9200
v -10.0000 7.1879 1.8400
v -10.0000 7.2281 2.7600
v -10.0000 7.1635 3.6800
v -10.0000 7.0714 4.6000
v -10.0000 6.9855 5.5200
v -10.0000 6.8922 6.4400
v -10.0000 6.7604 7.3600
v -10.0000 6.5674 8.2800
v -10.0000 6.3046 9.2000
v -10.0000 5.9756 10.1200
v -10.0000 5.5924 11.0400
v -10.0000 5.1722 11.9600
v -10.0000 4.7332 12.8800
v -10.0000 4.2916 13.8000
v -10.0000 3.8595 14.7200
v -10.0000 3.4443 15.6400
v -10.0000 3.0500 16.5600
v -10.0000 2.6779 17.4800
v -10.0000 2.3288 18.4000
v -10.0000 2.0030 19.3200
v -10.0000 1.7020 20.2400
v -10.0000 1.4278 21.1600
v -10.0000 1.1839 22.0800
v -10.0000 0.9746 23.0000
v -10.0000 0.8053 23.9200
v -10.0000 0.6824 24.8400
v -10.0000 0.6129 25.7600
v -10.0000 0.4663 26.6800
v -10.0000 0.1003 27.6000
v -10.0000 -0.2721 28.5200
v -10.0000 -0.6508 29.4400
v -10.0000 -1.0354 30.3600
v -10.0000 -1.4257 31.2800
v -10.0000 -1.8214 32.2000
v -10.0000 -2.2221 33.1200
v -10.0000 -2.5000 34.0400
v -10.0000 -2.5000 34.9600
v -10.0000 -2.5000 35.8800
v -10.0000 -2.5000 36.8000
v -10.0000 -2.5000 37.7200
v -10.0000 -2.5000 38.6400
v -10.0000 -2.5000 39.5600
v -10.0000 -2.5000 40.4800
v -10.0000 -2.5000 41.4000
v -10.0000 -2.5000 42.3200
v -10.0000 -2.5000 43.2400
v -10.0000 -2.5000 44.1600
v -10.0000 -2.5000 45.0800
v -10.0000 -2.5000 46.0000
v -9.1667 -2.5000 -46.0000
v -9.1667 -2.5000 -45.0800
v -9.1667 -2.5000 -44.1600
v -9.1667 -2.5000 -43.2400
v -9.1667 -2.5000 -42.3200
v -9.1667 -2.5000 -41.4000
v -9.1667 -2.5000 -40.4800
v -9.1667 -2.5000 -39.5600
v -9.1667 -2.5000 -38.6400
v -9.1667 -2.5000 -37.7200
v -9.1667 -2.5000 -36.8000
v -9.1667 -2.5000 -35.8800
v -9.1667 -2.4304 -34.9600
v -9.1667 -2.1702 -34.0400
v -9.1667 -1.9077 -33.1200
v -9.1667 -1.6423 -32.2000
v -9.1667 -1.3736 -31.2800
v -9.1667 -1.1009 -30.3600
v -9.1667 -0.8237 -29.4400
v -9.1667 -0.5413 -28.5200
v -9.1667 -0.2529 -27.6000
v -9.1667 0.0422 -26.6800
v -9.1667 0.3448 -25.7600
v -9.1667 0.6008 -24.8400
v -9.1667 0.6351 -23.9200
v -9.1667 0.7210 -23.0000
v -9.1667 0.8589 -22.0800
v -9.1667 1.0490 -21.1600
v -9.1667 1.2903 -20.2400
v -9.1667 1.5806 -19.3200
v -9.1667 1.9155 -18.4000
v -9.1667 2.2891 -17.4800
v -9.1667 2.6927 -16.5600
v -9.1667 3.1163 -15.6400
v -9.1667 3.5480 -14.7200
v -9.1667 3.9760 -13.8000
v -9.1667 4.3895 -12.8800
v -9.1667 4.7803 -11.9600
v -9.1667 5.1446 -11.0400
v -9.1667 5.4841 -10.1200
v -9.1667 5.8051 -9.2000
v -9.1667 6.1156 -8.2800
v -9.1667 6.4159 -7.3600
v -9.1667 6.6890 -6.4400
v -9.1667 6.8957 -5.5200
v -9.1667 6.9818 -4.6000
v -9.1667 6.8933 -3.6800
v -9.1667 6.6188 -2.7600
v -9.1667 6.3274 -1.8400
v -9.1667 6.3996 -0.9200
v -9.1667 6.8537 0.0000
v -9.1667 7.2718 0.9200
v -9.1667 7.4623 1.8400
v -9.1667 7.4711 2.7600
v -9.1667 7.3954 3.6800
v -9.1667 7.3094 4.6000
v -9.1667 7.2273 5.5200
v -9.1667 7.1197 6.4400
v -9.1667 6.9552 7.3600
v -9.1667 6.7182 8.2800
v -9.1667 6.4089 9.2000
v -9.1667 6.0387 10.1200
v -9.1667 5.6255 11.0400
v -9.1667 5.1894 11.9600
v -9.1667 4.7478 12.8800
v -9.1667 4.3130 13.8000
v -9.1667 3.8921 14.7200
v -9.1667 3.4881 15.6400
v -9.1667 3.1015 16.5600
v -9.1667 2.7324 17.4800
v -9.1667 2.3810 18.4000
v -9.1667 2.0487 19.3200
v -9.1667 1.7379 20.2400
v -9.1667 1.4523 21.1600
v -9.1667 1.1968 22.0800
v -9.1667 0.9774 23.0000
v -9.1667 0.8010 23.9200
v -9.1667 0.6752 24.8400
v -9.1667 0.6085 25.7600
v -9.1667 0.4070 26.6800
v -9.1667 0.0242 27.6000
v -9.1667 -0.3648 28.5200
v -9.1667 -0.7598 29.4400
v -9.1667 -1.1603 30.3600
v -9.1667 -1.5659 31.2800
v -9.1667 -1.9762 32.2000
v -9.1667 -2.3910 33.1200
v -9.1667 -2.5000 34.0400
v -9.1667 -2.5000 34.9600
v -9.1667 -2.5000 35.8800
v -9.1667 -2.5000 36.8000
v -9.1667 -2.5000 37.7200
v -9.1667 -2.5000 38.6400
v -9.1667 -2.5000 39.5600
v -9.1667 -2.5000 40.4800
v -9.1667 -2.5000 41.4000
v -9.1667 -2.5000 42.3200
v -9.1667 -2.5000 43.2400
v -9.1667 -2.5000 44.1600
v -9.1667 -2.5000 45.0800
v -9.1667 -2.5000 46.0000
v -8.3333 -2.5000 -46.0000
v -8.3333 -2.5000 -45.0800
v -8.3333 -2.5000 -44.1600
v -8.3333 -2.5000 -43.2400
v -8.3333 -2.5000 -42.3200
v -8.3333 -2.5000 -41.4000
v -8.3333 -2.5000 -40.4800
v -8.3333 -2.5000 -39.5600
v -8.3333 -2.5000 -38.6400
v -8.3333 -2.5000 -37.7200
v -8.3333 -2.5000 -36.8000
v -8.3333 -2.3910 -35.8800
v -8.3333 -2.1377 -34.9600
v -8.3333 -1.8834 -34.0400
v -8.3333 -1.6278 -33.1200
v -8.3333 -1.3706 -32.2000
v -8.3333 -1.1114 -31.2800
v -8.3333 -0.8498 -30.3600
v -8.3333 -0.5851 -29.4400
v -8.3333 -0.3169 -28.5200
v -8.3333 -0.0445 -27.6000
v -8.3333 0.2330 -26.6800
v -8.3333 0.5163 -25.7600
v -8.3333 0.6107 -24.8400
v -8.3333 0.6628 -23.9200
v -8.3333 0.7589 -23.0000
v -8.3333 0.8999 -22.0800
v -8.3333 1.0868 -21.1600
v -8.3333 1.3199 -20.2400
v -8.3333 1.5990 -19.3200
v -8.3333 1.9227 -18.4000
v -8.3333 2.2876 -17.4800
v -8.3333 2.6885 -16.5600
v -8.3333 3.1174 -15.6400
v -8.3333 3.5642 -14.7200
v -8.3333 4.0166 -13.8000
v -8.3333 4.4617 -12.8800
v -8.3333 4.8875 -11.9600
v -8.3333 5.2846 -11.0400
v -8.3333 5.6490 -10.1200
v -8.3333 5.9827 -9.2000
v -8.3333 6.2941 -8.2800
v -8.3333 6.5924 -7.3600
v -8.3333 6.8761 -6.4400
v -8.3333 7.1191 -5.5200
v -8.3333 7.2701 -4.6000
v -8.3333 7.2658 -3.6800
v -8.3333 7.0618 -2.7600
v -8.3333 6.7601 -1.8400
v -8.3333 6.7610 -0.9200
v -8.3333 7.1806 0.0000
v -8.3333 7.5657 0.9200
v -8.3333 7.7148 1.8400
v -8.3333 7.6955 2.7600
v -8.3333 7.6159 3.6800
v -8.3333 7.5382 4.6000
v -8.3333 7.4514 5.5200
v -8.3333 7.3169 6.4400
v -8.3333 7.1097 7.3600
v -8.3333 6.8245 8.2800
v -8.3333 6.4716 9.2000
v -8.3333 6.0700 10.1200
v -8.3333 5.6415 11.0400
v -8.3333 5.2050 11.9600
v -8.3333 4.7730 12.8800
v -8.3333 4.3517 13.8000
v -8.3333 3.9427 14.7200
v -8.3333 3.5456 15.6400
v -8.3333 3.1599 16.5600
v -8.3333 2.7856 17.4800
v -8.3333 2.4243 18.4000
v -8.3333 2.0788 19.3200
v -8.3333 1.7535 20.2400
v -8.3333 1.4539 21.1600
v -8.3333 1.1867 22.0800
v -8.3333 0.9592 23.0000
v -8.3333 0.7800 23.9200
v -8.3333 0.6579 24.8400
v -8.3333 0.6023 25.7600
v -8.3333 0.3018 26.6800
v -8.3333 -0.0984 27.6000
v -8.3333 -0.5043 28.5200
v -8.3333 -0.9153 29.4400
v -8.3333 -1.3311 30.3600
v -8.3333 -1.7513 31.2800
v -8.3333 -2.1754 32.2000
v -8.3333 -2.5000 33.1200
v -8.3333 -2.5000 34.0400
v -8.3333 -2.5000 34.9600
v -8.3333 -2.5000 35.8800
v -8.3333 -2.5000 36.8000
v -8.3333 -2.5000 37.7200
v -8.3333 -2.5000 38.6400
v -8.3333 -2.5000 39.5600
v -8.3333 -2.5000 40.4800
v -8.3333 -2.5000 41.4000
v -8.3333 -2.5000 42.3200
v -8.3333 -2.5000 43.2400
v -8.3333 -2.5000 44.1600
v -8.3333 -2.5000 45.0800
v -8.3333 -2.5000 46.0000
v -7.5000 -2.5000 -46.0000
v -7.5000 -2.5000 -45.0800
v -7.5000 -2.5000 -44.1600
v -7.5000 -2.5000 -43.2400
v -7.5000 -2.5000 -42.3200
v -7.5000 -2.5000 -41.4000
v -7.5000 -2.5000 -40.4800
v -7.5000 -2.5000 -39.5600
v -7.5000 -2.5000 -38.6400
v -7.5000 -2.5000 -37.7200
v -7.5000 -2.3335 -36.8000
v -7.5000 -2.0822 -35.8800
v -7.5000 -1.8308 -34.9600
v -7.5000 -1.5792 -34.0400
v -7.5000 -1.3272 -33.1200
v -7.5000 -1.0746 -32.2000
v -7.5000 -0.8211 -31.2800
v -7.5000 -0.5665 -30.3600
v -7.5000 -0.3103 -29.4400
v -7.5000 -0.0522 -28.5200
v -7.5000 0.2084 -27.6000
v -7.5000 0.4722 -26.6800
v -7.5000 0.6050 -25.7600
v -7.5000 0.6423 -24.8400
v -7.5000 0.7162 -23.9200
v -7.5000 0.8271 -23.0000
v -7.5000 0.9756 -22.0800
v -7.5000 1.1626 -21.1600
v -7.5000 1.3890 -20.2400
v -7.5000 1.6557 -19.3200
v -7.5000 1.9630 -18.4000
v -7.5000 2.3104 -17.4800
v -7.5000 2.6958 -16.5600
v -7.5000 3.1148 -15.6400
v -7.5000 3.5606 -14.7200
v -7.5000 4.0233 -13.8000
v -7.5000 4.4904 -12.8800
v -7.5000 4.9478 -11.9600
v -7.5000 5.3818 -11.0400
v -7.5000 5.7816 -10.1200
v -7.5000 6.1419 -9.2000
v -7.5000 6.4656 -8.2800
v -7.5000 6.7630 -7.3600
v -7.5000 7.0450 -6.4400
v -7.5000 7.3058 -5.5200
v -7.5000 7.5068 -4.6000
v -7.5000 7.5824 -3.6800
v -7.5000 7.4647 -2.7600
v -7.5000 7.1822 -1.8400
v -7.5000 7.1112 -0.9200
v -7.5000 7.4894 0.0000
v -7.5000 7.8371 0.9200
v -7.5000 7.9437 1.8400
v -7.5000 7.9018 2.7600
v -7.5000 7.8259 3.6800
v -7.5000 7.7531 4.6000
v -7.5000 7.6483 5.5200
v -7.5000 7.4741 6.4400
v -7.5000 7.2176 7.3600
v -7.5000 6.8864 8.2800
v -7.5000 6.5007 9.2000
v -7.5000 6.0848 10.1200
v -7.5000 5.6588 11.0400
v -7.5000 5.2351 11.9600
v -7.5000 4.8183 12.8800
v -7.5000 4.4084 13.8000
v -7.5000 4.0041 14.7200
v -7.5000 3.6042 15.6400
v -7.5000 3.2088 16.5600
v -7.5000 2.8199 17.4800
v -7.5000 2.4411 18.4000
v -7.5000 2.0774 19.3200
v -7.5000 1.7352 20.2400
v -7.5000 1.4219 21.1600
v -7.5000 1.1457 22.0800
v -7.5000 0.9158 23.0000
v -7.5000 0.7415 23.9200
v -7.5000 0.6330 24.8400
v -7.5000 0.5573 25.7600
v -7.5000 0.1454 26.6800
v -7.5000 -0.2716 27.6000
v -7.5000 -0.6934 28.5200
v -7.5000 -1.1193 29.4400
v -7.5000 -1.5489 30.3600
v -7.5000 -1.9819 31.2800
v -7.5000 -2.4178 32.2000
v -7.5000 -2.5000 33.1200
v -7.5000 -2.5000 34.0400
v -7.5000 -2.5000 34.9600
v -7.5000 -2.5000 35.8800
v -7.5000 -2.5000 36.8000
v -7.5000 -2.5000 37.7200
v -7.5000 -2.5000 38.6400
v -7.5000 -2.5000 39.5600
v -7.5000 -2.5000 40.4800
v -7.5000 -2.5000 41.4000
v -7.5000 -2.5000 42.3200
v -7.5000 -2.5000 43.2400
v -7.5000 -2.5000 44.1600
v -7.5000 -2.5000 45.0800
v -7.5000 -2.5000 46.0000
v -6.6667 -2.5000 -46.0000
v -6.6667 -2.5000 -45.0800
v -6.6667 -2.5000 -44.1600
v -6.6667 -2.5000 -43.2400
v -6.6667 -2.5000 -42.3200
v -6.6667 -2.5000 -41.4000
v -6.6667 -2.5000 -40.4800
v -6.6667 -2.5000 -39.5600
v -6.6667 -2.5000 -38.6400
v -6.6667 -2.2774 -37.7200
v -6.6667 -2.0246 -36.8000
v -6.6667 -1.7723 -35.8800
v -6.6667 -1.5203 -34.9600
v -6.6667 -1.2686 -34.0400
v -6.6667 -1.0171 -33.1200
v -6.6667 -0.7657 -32.2000
v -6.6667 -0.5144 -31.2800
v -6.6667 -0.2628 -30.3600
v -6.6667 -0.0108 -29.4400
v -6.6667 0.2418 -28.5200
v -6.6667 0.4955 -27.6000
v -6.6667 0.6057 -26.6800
v -6.6667 0.6414 -25.7600
v -6.6667 0.7088 -24.8400
v -6.6667 0.8075 -23.9200
v -6.6667 0.9371 -23.0000
v -6.6667 1.0977 -22.0800
v -6.6667 1.2895 -21.1600
v -6.6667 1.5132 -20.2400
v -6.6667 1.7698 -19.3200
v -6.6667 2.0603 -18.4000
v -6.6667 2.3856 -17.4800
v -6.6667 2.7460 -16.5600
v -6.6667 3.1408 -15.6400
v -6.6667 3.5672 -14.7200
v -6.6667 4.0197 -13.8000
v -6.6667 4.4894 -12.8800
v -6.6667 4.9638 -11.9600
v -6.6667 5.4279 -11.0400
v -6.6667 5.8658 -10.1200
v -6.6667 6.2643 -9.2000
v -6.6667 6.6167 -8.2800
v -6.6667 6.9261 -7.3600
v -6.6667 7.2053 -6.4400
v -6.6667 7.4665 -5.5200
v -6.6667 7.6965 -4.6000
v -6.6667 7.8393 -3.6800
v -6.6667 7.8142 -2.7600
v -6.6667 7.5840 -1.8400
v -6.6667 7.4483 -0.9200
v -6.6667 7.7773 0.0000
v -6.6667 8.0834 0.9200
v -6.6667 8.1480 1.8400
v -6.6667 8.0917 2.7600
v -6.6667 8.0242 3.6800
v -6.6667 7.9454 4.6000
v -6.6667 7.8068 5.5200
v -6.6667 7.5832 6.4400
v -6.6667 7.2781 7.3600
v -6.6667 6.9129 8.2800
v -6.6667 6.5145 9.2000
v -6.6667 6.1047 10.1200
v -6.6667 5.6946 11.0400
v -6.6667 5.2868 11.9600
v -6.6667 4.8795 12.8800
v -6.6667 4.4700 13.8000
v -6.6667 4.0569 14.7200
v -6.6667 3.6410 15.6400
v -6.6667 3.2249 16.5600
v -6.6667 2.8131 17.4800
v -6.6667 2.4118 18.4000
v -6.6667 2.0282 19.3200
v -6.6667 1.6706 20.2400
v -6.6667 1.3481 21.1600
v -6.6667 1.0704 22.0800
v -6.6667 0.8476 23.0000
v -6.6667 0.6902 23.9200
v -6.6667 0.6089 24.8400
v -6.6667 0.3637 25.7600
v -6.6667 -0.0643 26.6800
v -6.6667 -0.4963 27.6000
v -6.6667 -0.9317 28.5200
v -6.6667 -1.3701 29.4400
v -6.6667 -1.8111 30.3600
v -6.6667 -2.2543 31.2800
v -6.6667 -2.5000 32.2000
v -6.6667 -2.5000 33.1200
v -6.6667 -2.5000 34.0400
v -6.6667 -2.5000 34.9600
v -6.6667 -2.5000 35.8800
v -6.6667 -2.5000 36.8000
v -6.6667 -2.5000 37.7200
v -6.6667 -2.5000 38.6400
v -6.6667 -2.5000 39.5600
v -6.6667 -2.5000 40.4800
v -6.6667 -2.5000 41.4000
v -6.6667 -2.5000 42.3200
v -6.6667 -2.5000 43.2400
v -6.6667 -2.5000 44.1600
v -6.6667 -2.5000 45.0800
v -6.6667 -2.5000 46.0000
v -5.8333 -2.5000 -46.0000
v -5.8333 -2.5000 -45.0800
v -5.8333 -2.5000 -44.1600
v -5.8333 -2.5000 -43.2400
v -5.8333 -2.5000 -42.3200
v -5.8333 -2.5000 -41.4000
v -5.8333 -2.5000 -40.4800
v -5.8333 -2.4948 -39.5600
v -5.8333 -2.2380 -38.6400
v -5.8333 -1.9818 -37.7200
v -5.8333 -1.7261 -36.8000
v -5.8333 -1.4711 -35.8800
v -5.8333 -1.2166 -34.9600
v -5.8333 -0.9627 -34.0400
v -5.8333 -0.7094 -33.1200
v -5.8333 -0.4565 -32.2000
v -5.8333 -0.2042 -31.2800
v -5.8333 0.0477 -30.3600
v -5.8333 0.2993 -29.4400
v -5.8333 0.5507 -28.5200
v -5.8333 0.6103 -27.6000
v -5.8333 0.6511 -26.6800
v -5.8333 0.7214 -25.7600
v -5.8333 0.8200 -24.8400
v -5.8333 0.9456 -23.9200
v -5.8333 1.0973 -23.0000
v -5.8333 1.2744 -22.0800
v -5.8333 1.4764 -21.1600
v -5.8333 1.7034 -20.2400
v -5.8333 1.9555 -19.3200
v -5.8333 2.2335 -18.4000
v -5.8333 2.5385 -17.4800
v -5.8333 2.8717 -16.5600
v -5.8333 3.2342 -15.6400
v -5.8333 3.6266 -14.7200
v -5.8333 4.0479 -13.8000
v -5.8333 4.4947 -12.8800
v -5.8333 4.9600 -11.9600
v -5.8333 5.4323 -11.0400
v -5.8333 5.8958 -10.1200
v -5.8333 6.3324 -9.2000
v -5.8333 6.7259 -8.2800
v -5.8333 7.0666 -7.3600
v -5.8333 7.3575 -6.4400
v -5.8333 7.6142 -5.5200
v -5.8333 7.8498 -4.6000
v -5.8333 8.0380 -3.6800
v -5.8333 8.0999 -2.7600
v -5.8333 7.9514 -1.8400
v -5.8333 7.7705 -0.9200
v -5.8333 8.0415 0.0000
v -5.8333 8.3019 0.9200
v -5.8333 8.3273 1.8400
v -5.8333 8.2671 2.7600
v -5.8333 8.2056 3.6800
v -5.8333 8.1030 4.6000
v -5.8333 7.9165 5.5200
v -5.8333 7.6420 6.4400
v -5.8333 7.3017 7.3600
v -5.8333 6.9261 8.2800
v -5.8333 6.5381 9.2000
v -5.8333 6.1468 10.1200
v -5.8333 5.7516 11.0400
v -5.8333 5.3485 11.9600
v -5.8333 4.9342 12.8800
v -5.8333 4.5077 13.8000
v -5.8333 4.0705 14.7200
v -5.8333 3.6266 15.6400
v -5.8333 3.1817 16.5600
v -5.8333 2.7431 17.4800
v -5.8333 2.3192 18.4000
v -5.8333 1.9193 19.3200
v -5.8333 1.5531 20.2400
v -5.8333 1.2312 21.1600
v -5.8333 0.9640 22.0800
v -5.8333 0.7626 23.0000
v -5.8333 0.6377 23.9200
v -5.8333 0.5544 24.8400
v -5.8333 0.1162 25.7600
v -5.8333 -0.3250 26.6800
v -5.8333 -0.7686 27.6000
v -5.8333 -1.2143 28.5200
v -5.8333 -1.6618 29.4400
v -5.8333 -2.1107 30.3600
v -5.8333 -2.5000 31.2800
v -5.8333 -2.5000 32.2000
v -5.8333 -2.5000 33.1200
v -5.8333 -2.5000 34.0400
v -5.8333 -2.5000 34.9600
v -5.8333 -2.5000 35.8800
v -5.8333 -2.5000 36.8000
v -5.8333 -2.5000 37.7200
v -5.8333 -2.5000 38.6400
v -5.8333 -2.5000 39.5600
v -5.8333 -2.5000 40.4800
v -5.8333 -2.5000 41.4000
v -5.8333 -2.5000 42.3200
v -5.8333 -2.5000 43.2400
v -5.8333 -2.5000 44.1600
v -5.8333 -2.5000 45.0800
v -5.8333 -2.5000 46.0000
v -5.0000 -2.5000 -46.0000
v -5.0000 -2.5000 -45.0800
v -5.0000 -2.5000 -44.1600
v -5.0000 -2.5000 -43.2400
v -5.0000 -2.5000 -42.3200
v -5.0000 -2.5000 -41.4000
v -5.0000 -2.4876 -40.4800
v -5.0000 -2.2265 -39.5600
v -5.0000 -1.9660 -38.6400
v -5.0000 -1.7061 -37.7200
v -5.0000 -1.4467 -36.8000
v -5.0000 -1.1879 -35.8800
v -5.0000 -0.9298 -34.9600
v -5.0000 -0.6723 -34.0400
v -5.0000 -0.4154 -33.1200
v -5.0000 -0.1593 -32.2000
v -5.0000 0.0962 -31.2800
v -5.0000 0.3511 -30.3600
v -5.0000 0.6000 -29.4400
v -5.0000 0.6168 -28.5200
v -5.0000 0.6647 -27.6000
v -5.0000 0.7417 -26.6800
v -5.0000 0.8461 -25.7600
v -5.0000 0.9762 -24.8400
v -5.0000 1.1302 -23.9200
v -5.0000 1.3068 -23.0000
v -5.0000 1.5046 -22.0800
v -5.0000 1.7225 -21.1600
v -5.0000 1.9595 -20.2400
v -5.0000 2.2151 -19.3200
v -5.0000 2.4892 -18.4000
v -5.0000 2.7819 -17.4800
v -5.0000 3.0940 -16.5600
v -5.0000 3.4266 -15.6400
v -5.0000 3.7813 -14.7200
v -5.0000 4.1596 -13.8000
v -5.0000 4.5626 -12.8800
v -5.0000 4.9894 -11.9600
v -5.0000 5.4360 -11.0400
v -5.0000 5.8933 -10.1200
v -5.0000 6.3465 -9.2000
v -5.0000 6.7754 -8.2800
v -5.0000 7.1595 -7.3600
v -5.0000 7.4849 -6.4400
v -5.0000 7.7531 -5.5200
v -5.0000 7.9831 -4.6000
v -5.0000 8.1872 -3.6800
v -5.0000 8.3170 -2.7600
v -5.0000 8.2670 -1.8400
v -5.0000 8.0753 -0.9200
v -5.0000 8.2794 0.0000
v -5.0000 8.4904 0.9200
v -5.0000 8.4830 1.8400
v -5.0000 8.4285 2.7600
v -5.0000 8.3584 3.6800
v -5.0000 8.2126 4.6000
v -5.0000 7.9731 5.5200
v -5.0000 7.6623 6.4400
v -5.0000 7.3152 7.3600
v -5.0000 6.9548 8.2800
v -5.0000 6.5864 9.2000
v -5.0000 6.2055 10.1200
v -5.0000 5.8063 11.0400
v -5.0000 5.3855 11.9600
v -5.0000 4.9433 12.8800
v -5.0000 4.4829 13.8000
v -5.0000 4.0099 14.7200
v -5.0000 3.5314 15.6400
v -5.0000 3.0561 16.5600
v -5.0000 2.5935 17.4800
v -5.0000 2.1539 18.4000
v -5.0000 1.7478 19.3200
v -5.0000 1.3861 20.2400
v -5.0000 1.0798 21.1600
v -5.0000 0.8400 22.0800
v -5.0000 0.6776 23.0000
v -5.0000 0.6035 23.9200
v -5.0000 0.2704 24.8400
v -5.0000 -0.1779 25.7600
v -5.0000 -0.6277 26.6800
v -5.0000 -1.0786 27.6000
v -5.0000 -1.5304 28.5200
v -5.0000 -1.9827 29.4400
v -5.0000 -2.4355 30.3600
v -5.0000 -2.5000 31.2800
v -5.0000 -2.5000 32.2000
v -5.0000 -2.5000 33.1200
v -5.0000 -2.5000 34.0400
v -5.0000 -2.5000 34.9600
v -5.0000 -2.5000 35.8800
v -5.0000 -2.5000 36.8000
v -5.0000 -2.5000 37.7200
v -5.0000 -2.5000 38.6400
v -5.0000 -2.5000 39.5600
v -5.0000 -2.5000 40.4800
v -5.0000 -2.5000 41.4000
v -5.0000 -2.5000 42.3200
v -5.0000 -2.5000 43.2400
v -5.0000 -2.5000 44.1600
v -5.0000 -2.5000 45.0800
v -5.0000 -2.5000 46.0000
v -4.1667 -2.5000 -46.0000
v -4.1667 -2.5000 -45.0800
v -4.1667 -2.5000 -44.1600
v -4.1667 -2.5000 -43.2400
v -4.1667 -2.5000 -42.3200
v -4.1667 -2.5000 -41.4000
v -4.1667 -2.2505 -40.4800
v -4.1667 -1.9856 -39.5600
v -4.1667 -1.7213 -38.6400
v -4.1667 -1.4573 -37.7200
v -4.1667 -1.1939 -36.8000
v -4.1667 -0.9310 -35.8800
v -4.1667 -0.6686 -34.9600
v -4.1667 -0.4068 -34.0400
v -4.1667 -0.1456 -33.1200
v -4.1667 0.1150 -32.2000
v -4.1667 0.3749 -31.2800
v -4.1667 0.6003 -30.3600
v -4.1667 0.6215 -29.4400
v -4.1667 0.6747 -28.5200
v -4.1667 0.7578 -27.6000
v -4.1667 0.8688 -26.6800
v -4.1667 1.0058 -25.7600
v -4.1667 1.1667 -24.8400
v -4.1667 1.3496 -23.9200
v -4.1667 1.5527 -23.0000
v -4.1667 1.7743 -22.0800
v -4.1667 2.0125 -21.1600
v -4.1667 2.2660 -20.2400
v -4.1667 2.5334 -19.3200
v -4.1667 2.8135 -18.4000
v -4.1667 3.1055 -17.4800
v -4.1667 3.4090 -16.5600
v -4.1667 3.7239 -15.6400
v -4.1667 4.0509 -14.7200
v -4.1667 4.3913 -13.8000
v -4.1667 4.7468 -12.8800
v -4.1667 5.1198 -11.9600
v -4.1667 5.5118 -11.0400
v -4.1667 5.9229 -10.1200
v -4.1667 6.3485 -9.2000
v -4.1667 6.7772 -8.2800
v -4.1667 7.1888 -7.3600
v -4.1667 7.5583 -6.4400
v -4.1667 7.8648 -5.5200
v -4.1667 8.1062 -4.6000
v -4.1667 8.3053 -3.6800
v -4.1667 8.4695 -2.7600
v -4.1667 8.5140 -1.8400
v -4.1667 8.3583 -0.9200
v -4.1667 8.4882 0.0000
v -4.1667 8.6470 0.9200
v -4.1667 8.6181 1.8400
v -4.1667 8.5695 2.7600
v -4.1667 8.4666 3.6800
v -4.1667 8.2666 4.6000
v -4.1667 7.9901 5.5200
v -4.1667 7.6774 6.4400
v -4.1667 7.3499 7.3600
v -4.1667 7.0065 8.2800
v -4.1667 6.6387 9.2000
v -4.1667 6.2400 10.1200
v -4.1667 5.8087 11.0400
v -4.1667 5.3472 11.9600
v -4.1667 4.8609 12.8800
v -4.1667 4.3572 13.8000
v -4.1667 3.8451 14.7200
v -4.1667 3.3347 15.6400
v -4.1667 2.8365 16.5600
v -4.1667 2.3615 17.4800
v -4.1667 1.9208 18.4000
v -4.1667 1.5255 19.3200
v -4.1667 1.1865 20.2400
v -4.1667 0.9149 21.1600
v -4.1667 0.7213 22.0800
v -4.1667 0.6163 23.0000
v -4.1667 0.4027 23.9200
v -4.1667 -0.0498 24.8400
v -4.1667 -0.5028 25.7600
v -4.1667 -0.9559 26.6800
v -4.1667 -1.4090 27.6000
v -4.1667 -1.8620 28.5200
v -4.1667 -2.3148 29.4400
v -4.1667 -2.5000 30.3600
v -4.1667 -2.5000 31.2800
v -4.1667 -2.5000 32.2000
v -4.1667 -2.5000 33.1200
v -4.1667 -2.5000 34.0400
v -4.1667 -2.5000 34.9600
v -4.1667 -2.5000 35.8800
v -4.1667 -2.5000 36.8000
v -4.1667 -2.5000 37.7200
v -4.1667 -2.5000 38.6400
v -4.1667 -2.5000 39.5600
v -4.1667 -2.5000 40.4800
v -4.1667 -2.5000 41.4000
v -4.1667 -2.5000 42.3200
v -4.1667 -2.5000 43.2400
v -4.1667 -2.5000 44.1600
v -4.1667 -2.5000 45.0800
v -4.1667 -2.5000 46.0000
v -3.3333 -2.5000 -46.0000
v -3.3333 -2.5000 -45.0800
v -3.3333 -2.5000 -44.1600
v -3.3333 -2.5000 -43.2400
v -3.3333 -2.5000 -42.3200
v -3.3333 -2.3140 -41.4000
v -3.3333 -2.0454 -40.4800
v -3.3333 -1.7770 -39.5600
v -3.3333 -1.5090 -38.6400
v -3.3333 -1.2413 -37.7200
v -3.3333 -0.9739 -36.8000
v -3.3333 -0.7070 -35.8800
v -3.3333 -0.4404 -34.9600
v -3.3333 -0.1742 -34.0400
v -3.3333 0.0914 -33.1200
v -3.3333 0.3566 -32.2000
v -3.3333 0.6001 -31.2800
v -3.3333 0.6205 -30.3600
v -3.3333 0.6743 -29.4400
v -3.3333 0.7595 -28.5200
v -3.3333 0.8740 -27.6000
v -3.3333 1.0156 -26.6800
v -3.3333 1.1823 -25.7600
v -3.3333 1.3719 -24.8400
v -3.3333 1.5824 -23.9200
v -3.3333 1.8118 -23.0000
v -3.3333 2.0579 -22.0800
v -3.3333 2.3189 -21.1600
v -3.3333 2.5928 -20.2400
v -3.3333 2.8778 -19.3200
v -3.3333 3.1720 -18.4000
v -3.3333 3.4740 -17.4800
v -3.3333 3.7821 -16.5600
v -3.3333 4.0953 -15.6400
v -3.3333 4.4126 -14.7200
v -3.3333 4.7336 -13.8000
v -3.3333 5.0587 -12.8800
v -3.3333 5.3887 -11.9600
v -3.3333 5.7258 -11.0400
v -3.3333 6.0726 -10.1200
v -3.3333 6.4324 -9.2000
v -3.3333 6.8063 -8.2800
v -3.3333 7.1902 -7.3600
v -3.3333 7.5691 -6.4400
v -3.3333 7.9156 -5.5200
v -3.3333 8.1994 -4.6000
v -3.3333 8.4101 -3.6800
v -3.3333 8.5740 -2.7600
v -3.3333 8.6831 -1.8400
v -3.3333 8.6088 -0.9200
v -3.3333 8.6651 0.0000
v -3.3333 8.7709 0.9200
v -3.3333 8.7359 1.8400
v -3.3333 8.6737 2.7600
v -3.3333 8.5177 3.6800
v -3.3333 8.2804 4.6000
v -3.3333 8.0084 5.5200
v -3.3333 7.7172 6.4400
v -3.3333 7.3969 7.3600
v -3.3333 7.0366 8.2800
v -3.3333 6.6319 9.2000
v -3.3333 6.1842 10.1200
v -3.3333 5.6989 11.0400
v -3.3333 5.1843 11.9600
v -3.3333 4.6500 12.8800
v -3.3333 4.1066 13.8000
v -3.3333 3.5653 14.7200
v -3.3333 3.0373 15.6400
v -3.3333 2.5340 16.5600
v -3.3333 2.0664 17.4800
v -3.3333 1.6453 18.4000
v -3.3333 1.2815 19.3200
v -3.3333 0.9852 20.2400
v -3.3333 0.7665 21.1600
v -3.3333 0.6354 22.0800
v -3.3333 0.5238 23.0000
v -3.3333 0.0711 23.9200
v -3.3333 -0.3811 24.8400
v -3.3333 -0.8328 25.7600
v -3.3333 -1.2839 26.6800
v -3.3333 -1.7344 27.6000
v -3.3333 -2.1843 28.5200
v -3.3333 -2.5000 29.4400
v -3.3333 -2.5000 30.3600
v -3.3333 -2.5000 31.2800
v -3.3333 -2.5000 32.2000
v -3.3333 -2.5000 33.1200
v -3.3333 -2.5000 34.0400
v -3.3333 -2.5000 34.9600
v -3.3333 -2.5000 35.8800
v -3.3333 -2.5000 36.8000
v -3.3333 -2.5000 37.7200
v -3.3333 -2.5000 38.6400
v -3.3333 -2.5000 39.5600
v -3.3333 -2.5000 40.4800
v -3.3333 -2.5000 41.4000
v -3.3333 -2.5000 42.3200
v -3.3333 -2.5000 43.2400
v -3.3333 -2.5000 44.1600
v -3.3333 -2.5000 45.0800
v -3.3333 -2.5000 46.0000
v -2.5000 -2.5000 -46.0000
v -2.5000 -2.5000 -45.0800
v -2.5000 -2.5000 -44.1600
v -2.5000 -2.5000 -43.2400
v -2.5000 -2.4192 -42.3200
v -2.5000 -2.1475 -41.4000
v -2.5000 -1.8760 -40.4800
v -2.5000 -1.6046 -39.5600
v -2.5000 -1.3334 -38.6400
v -2.5000 -1.0625 -37.7200
v -2.5000 -0.7917 -36.8000
v -2.5000 -0.5212 -35.8800
v -2.5000 -0.2509 -34.9600
v -2.5000 0.0191 -34.0400
v -2.5000 0.2888 -33.1200
v -2.5000 0.5582 -32.2000
v -2.5000 0.6130 -31.2800
v -2.5000 0.6609 -30.3600
v -2.5000 0.7419 -29.4400
v -2.5000 0.8539 -28.5200
v -2.5000 0.9947 -27.6000
v -2.5000 1.1622 -26.6800
v -2.5000 1.3543 -25.7600
v -2.5000 1.5687 -24.8400
v -2.5000 1.8035 -23.9200
v -2.5000 2.0563 -23.0000
v -2.5000 2.3252 -22.0800
v -2.5000 2.6079 -21.1600
v -2.5000 2.9025 -20.2400
v -2.5000 3.2067 -19.3200
v -2.5000 3.5186 -18.4000
v -2.5000 3.8362 -17.4800
v -2.5000 4.1574 -16.5600
v -2.5000 4.4803 -15.6400
v -2.5000 4.8033 -14.7200
v -2.5000 5.1246 -13.8000
v -2.5000 5.4428 -12.8800
v -2.5000 5.7569 -11.9600
v -2.5000 6.0663 -11.0400
v -2.5000 6.3713 -10.1200
v -2.5000 6.6734 -9.2000
v -2.5000 6.9756 -8.2800
v -2.5000 7.2822 -7.3600
v -2.5000 7.5973 -6.4400
v -2.5000 7.9184 -5.5200
v -2.5000 8.2262 -4.6000
v -2.5000 8.4818 -3.6800
v -2.5000 8.6581 -2.7600
v -2.5000 8.7819 -1.8400
v -2.5000 8.8041 -0.9200
v -2.5000 8.8075 0.0000
v -2.5000 8.8635 0.9200
v -2.5000 8.8294 1.8400
v -2.5000 8.7214 2.7600
v -2.5000 8.5288 3.6800
v -2.5000 8.3034 4.6000
v -2.5000 8.0466 5.5200
v -2.5000 7.7408 6.4400
v -2.5000 7.3776 7.3600
v -2.5000 6.9577 8.2800
v -2.5000 6.4874 9.2000
v -2.5000 5.9760 10.1200
v -2.5000 5.4345 11.0400
v -2.5000 4.8742 11.9600
v -2.5000 4.3070 12.8800
v -2.5000 3.7441 13.8000
v -2.5000 3.1968 14.7200
v -2.5000 2.6758 15.6400
v -2.5000 2.1915 16.5600
v -2.5000 1.7540 17.4800
v -2.5000 1.3730 18.4000
v -2.5000 1.0580 19.3200
v -2.5000 0.8183 20.2400
v -2.5000 0.6629 21.1600
v -2.5000 0.6008 22.0800
v -2.5000 0.2065 23.0000
v -2.5000 -0.2410 23.9200
v -2.5000 -0.6877 24.8400
v -2.5000 -1.1335 25.7600
v -2.5000 -1.5786 26.6800
v -2.5000 -2.0229 27.6000
v -2.5000 -2.4665 28.5200
v -2.5000 -2.5000 29.4400
v -2.5000 -2.5000 30.3600
v -2.5000 -2.5000 31.2800
v -2.5000 -2.5000 32.2000
v -2.5000 -2.5000 33.1200
v -2.5000 -2.5000 34.0400
v -2.5000 -2.5000 34.9600
v -2.5000 -2.5000 35.8800
v -2.5000 -2.5000 36.8000
v -2.5000 -2.5000 37.7200
v -2.5000 -2.5000 38.6400
v -2.5000 -2.5000 39.5600
v -2.5000 -2.5000 40.4800
v -2.5000 -2.5000 41.4000
v -2.5000 -2.5000 42.3200
v -2.5000 -2.5000 43.2400
v -2.5000 -2.5000 44.1600
v -2.5000 -2.5000 45.0800
v -2.5000 -2.5000 46.0000
v -1.6667 -2.5000 -46.0000
v -1.6667 -2.5000 -45.0800
v -1.6667 -2.5000 -44.1600
v -1.6667 -2.5000 -43.2400
v -1.6667 -2.2924 -42.3200
v -1.6667 -2.0186 -41.4000
v -1.6667 -1.7449 -40.4800
v -1.6667 -1.4712 -39.5600
v -1.6667 -1.1977 -38.6400
v -1.6667 -0.9242 -37.7200
v -1.6667 -0.6509 -36.8000
v -1.6667 -0.3776 -35.8800
v -1.6667 -0.1045 -34.9600
v -1.6667 0.1685 -34.0400
v -1.6667 0.4414 -33.1200
v -1.6667 0.6033 -32.2000
v -1.6667 0.6373 -31.2800
v -1.6667 0.7063 -30.3600
v -1.6667 0.8082 -29.4400
v -1.6667 0.9408 -28.5200
v -1.6667 1.1019 -27.6000
v -1.6667 1.2894 -26.6800
v -1.6667 1.5012 -25.7600
v -1.6667 1.7350 -24.8400
v -1.6667 1.9888 -23.9200
v -1.6667 2.2603 -23.0000
v -1.6667 2.5474 -22.0800
v -1.6667 2.8479 -21.1600
v -1.6667 3.1598 -20.2400
v -1.6667 3.4808 -19.3200
v -1.6667 3.8088 -18.4000
v -1.6667 4.1417 -17.4800
v -1.6667 4.4773 -16.5600
v -1.6667 4.8135 -15.6400
v -1.6667 5.1482 -14.7200
v -1.6667 5.4793 -13.8000
v -1.6667 5.8048 -12.8800
v -1.6667 6.1227 -11.9600
v -1.6667 6.4310 -11.0400
v -1.6667 6.7280 -10.1200
v -1.6667 7.0122 -9.2000
v -1.6667 7.2826 -8.2800
v -1.6667 7.5391 -7.3600
v -1.6667 7.7832 -6.4400
v -1.6667 8.0191 -5.5200
v -1.6667 8.2540 -4.6000
v -1.6667 8.4911 -3.6800
v -1.6667 8.7050 -2.7600
v -1.6667 8.8436 -1.8400
v -1.6667 8.9174 -0.9200
v -1.6667 8.9126 0.0000
v -1.6667 8.9315 0.9200
v -1.6667 8.8729 1.8400
v -1.6667 8.7314 2.7600
v -1.6667 8.5533 3.6800
v -1.6667 8.3178 4.6000
v -1.6667 8.0099 5.5200
v -1.6667 7.6308 6.4400
v -1.6667 7.1893 7.3600
v -1.6667 6.6972 8.2800
v -1.6667 6.1668 9.2000
v -1.6667 5.6103 10.1200
v -1.6667 5.0392 11.0400
v -1.6667 4.4644 11.9600
v -1.6667 3.8964 12.8800
v -1.6667 3.3448 13.8000
v -1.6667 2.8192 14.7200
v -1.6667 2.3288 15.6400
v -1.6667 1.8823 16.5600
v -1.6667 1.4887 17.4800
v -1.6667 1.1566 18.4000
v -1.6667 0.8943 19.3200
v -1.6667 0.7105 20.2400
v -1.6667 0.6134 21.1600
v -1.6667 0.3901 22.0800
v -1.6667 -0.0498 23.0000
v -1.6667 -0.4890 23.9200
v -1.6667 -0.9276 24.8400
v -1.6667 -1.3655 25.7600
v -1.6667 -1.8029 26.6800
v -1.6667 -2.2398 27.6000
v -1.6667 -2.5000 28.5200
v -1.6667 -2.5000 29.4400
v -1.6667 -2.5000 30.3600
v -1.6667 -2.5000 31.2800
v -1.6667 -2.5000 32.2000
v -1.6667 -2.5000 33.1200
v -1.6667 -2.5000 34.0400
v -1.6667 -2.5000 34.9600
v -1.6667 -2.5000 35.8800
v -1.6667 -2.5000 36.8000
v -1.6667 -2.5000 37.7200
v -1.6667 -2.5000 38.6400
v -1.6667 -2.5000 39.5600
v -1.6667 -2.5000 40.4800
v -1.6667 -2.5000 41.4000
v -1.6667 -2.5000 42.3200
v -1.6667 -2.5000 43.2400
v -1.6667 -2.5000 44.1600
v -1.6667 -2.5000 45.0800
v -1.6667 -2.5000 46.0000
v -0.8333 -2.5000 -46.0000
v -0.8333 -2.5000 -45.0800
v -0.8333 -2.5000 -44.1600
v -0.8333 -2.4792 -43.2400
v -0.8333 -2.2041 -42.3200
v -0.8333 -1.9290 -41.4000
v -0.8333 -1.6539 -40.4800
v -0.8333 -1.3788 -39.5600
v -0.8333 -1.1038 -38.6400
v -0.8333 -0.8288 -37.7200
v -0.8333 -0.5538 -36.8000
v -0.8333 -0.2788 -35.8800
v -0.8333 -0.0039 -34.9600
v -0.8333 0.2710 -34.0400
v -0.8333 0.5459 -33.1200
v -0.8333 0.6123 -32.2000
v -0.8333 0.6608 -31.2800
v -0.8333 0.7441 -30.3600
v -0.8333 0.8600 -29.4400
v -0.8333 1.0064 -28.5200
v -0.8333 1.1810 -27.6000
v -0.8333 1.3819 -26.6800
v -0.8333 1.6067 -25.7600
v -0.8333 1.8534 -24.8400
v -0.8333 2.1197 -23.9200
v -0.8333 2.4036 -23.0000
v -0.8333 2.7028 -22.0800
v -0.8333 3.0151 -21.1600
v -0.8333 3.3385 -20.2400
v -0.8333 3.6708 -19.3200
v -0.8333 4.0098 -18.4000
v -0.8333 4.3534 -17.4800
v -0.8333 4.6993 -16.5600
v -0.8333 5.0454 -15.6400
v -0.8333 5.3897 -14.7200
v -0.8333 5.7298 -13.8000
v -0.8333 6.0637 -12.8800
v -0.8333 6.3892 -11.9600
v -0.8333 6.7042 -11.0400
v -0.8333 7.0065 -10.1200
v -0.8333 7.2939 -9.2000
v -0.8333 7.5643 -8.2800
v -0.8333 7.8158 -7.3600
v -0.8333 8.0461 -6.4400
v -0.8333 8.2535 -5.5200
v -0.8333 8.4367 -4.6000
v -0.8333 8.5955 -3.6800
v -0.8333 8.7345 -2.7600
v -0.8333 8.8657 -1.8400
v -0.8333 8.9598 -0.9200
v -0.8333 8.9777 0.0000
v -0.8333 8.9674 0.9200
v -0.8333 8.8826 1.8400
v -0.8333 8.7319 2.7600
v -0.8333 8.4908 3.6800
v -0.8333 8.1674 4.6000
v -0.8333 7.7761 5.5200
v -0.8333 7.3306 6.4400
v -0.8333 6.8429 7.3600
v -0.8333 6.3232 8.2800
v -0.8333 5.7814 9.2000
v -0.8333 5.2263 10.1200
v -0.8333 4.6667 11.0400
v -0.8333 4.1112 11.9600
v -0.8333 3.5681 12.8800
v -0.8333 3.0457 13.8000
v -0.8333 2.5524 14.7200
v -0.8333 2.0964 15.6400
v -0.8333 1.6858 16.5600
v -0.8333 1.3289 17.4800
v -0.8333 1.0338 18.4000
v -0.8333 0.8087 19.3200
v -0.8333 0.6618 20.2400
v -0.8333 0.6011 21.1600
v -0.8333 0.2347 22.0800
v -0.8333 -0.1973 23.0000
v -0.8333 -0.6291 23.9200
v -0.8333 -1.0607 24.8400
v -0.8333 -1.4921 25.7600
v -0.8333 -1.9233 26.6800
v -0.8333 -2.3543 27.6000
v -0.8333 -2.5000 28.5200
v -0.8333 -2.5000 29.4400
v -0.8333 -2.5000 30.3600
v -0.8333 -2.5000 31.2800
v -0.8333 -2.5000 32.2000
v -0.8333 -2.5000 33.1200
v -0.8333 -2.5000 34.0400
v -0.8333 -2.5000 34.9600
v -0.8333 -2.5000 35.8800
v -0.8333 -2.5000 36.8000
v -0.8333 -2.5000 37.7200
v -0.8333 -2.5000 38.6400
v -0.8333 -2.5000 39.5600
v -0.8333 -2.5000 40.4800
v -0.8333 -2.5000 41.4000
v -0.8333 -2.5000 42.3200
v -0.8333 -2.5000 43.2400
v -0.8333 -2.5000 44.1600
v -0.8333 -2.5000 45.0800
v -0.8333 -2.5000 46.0000
v 0.0000 -2.5000 -46.0000
v 0.0000 -2.5000 -45.0800
v 0.0000 -2.5000 -44.1600
v 0.0000 -2.4306 -43.2400
v 0.0000 -2.1551 -42.3200
v 0.0000 -1.8795 -41.4000
v 0.0000 -1.6040 -40.4800
v 0.0000 -1.3284 -39.5600
v 0.0000 -1.0529 -38.6400
v 0.0000 -0.7773 -37.7200
v 0.0000 -0.5018 -36.8000
v 0.0000 -0.2263 -35.8800
v 0.0000 0.0493 -34.9600
v 0.0000 0.3248 -34.0400
v 0.0000 0.6000 -33.1200
v 0.0000 0.6191 -32.2000
v 0.0000 0.6750 -31.2800
v 0.0000 0.7654 -30.3600
v 0.0000 0.8882 -29.4400
v 0.0000 1.0413 -28.5200
v 0.0000 1.2224 -27.6000
v 0.0000 1.4295 -26.6800
v 0.0000 1.6603 -25.7600
v 0.0000 1.9128 -24.8400
v 0.0000 2.1846 -23.9200
v 0.0000 2.4738 -23.0000
v 0.0000 2.7781 -22.0800
v 0.0000 3.0953 -21.1600
v 0.0000 3.4233 -20.2400
v 0.0000 3.7600 -19.3200
v 0.0000 4.1031 -18.4000
v 0.0000 4.4506 -17.4800
v 0.0000 4.8002 -16.5600
v 0.0000 5.1499 -15.6400
v 0.0000 5.4973 -14.7200
v 0.0000 5.8405 -13.8000
v 0.0000 6.1771 -12.8800
v 0.0000 6.5052 -11.9600
v 0.0000 6.8224 -11.0400
v 0.0000 7.1266 -10.1200
v 0.0000 7.4157 -9.2000
v 0.0000 7.6876 -8.2800
v 0.0000 7.9400 -7.3600
v 0.0000 8.1708 -6.4400
v 0.0000 8.3778 -5.5200
v 0.0000 8.5589 -4.6000
v 0.0000 8.7120 -3.6800
v 0.0000 8.8347 -2.7600
v 0.0000 8.9251 -1.8400
v 0.0000 8.9809 -0.9200
v 0.0000 9.0000 0.0000
v 0.0000 8.9543 0.9200
v 0.0000 8.8224 1.8400
v 0.0000 8.6127 2.7600
v 0.0000 8.3332 3.6800
v 0.0000 7.9921 4.6000
v 0.0000 7.5974 5.5200
v 0.0000 7.1575 6.4400
v 0.0000 6.6804 7.3600
v 0.0000 6.1742 8.2800
v 0.0000 5.6471 9.2000
v 0.0000 5.1073 10.1200
v 0.0000 4.5629 11.0400
v 0.0000 4.0220 11.9600
v 0.0000 3.4928 12.8800
v 0.0000 2.9835 13.8000
v 0.0000 2.5022 14.7200
v 0.0000 2.0570 15.6400
v 0.0000 1.6560 16.5600
v 0.0000 1.3075 17.4800
v 0.0000 1.0196 18.4000
v 0.0000 0.8004 19.3200
v 0.0000 0.6581 20.2400
v 0.0000 0.6008 21.1600
v 0.0000 0.2265 22.0800
v 0.0000 -0.2024 23.0000
v 0.0000 -0.6313 23.9200
v 0.0000 -1.0602 24.8400
v 0.0000 -1.4891 25.7600
v 0.0000 -1.9180 26.6800
v 0.0000 -2.3469 27.6000
v 0.0000 -2.5000 28.5200
v 0.0000 -2.5000 29.4400
v 0.0000 -2.5000 30.3600
v 0.0000 -2.5000 31.2800
v 0.0000 -2.5000 32.2000
v 0.0000 -2.5000 33.1200
v 0.0000 -2.5000 34.0400
v 0.0000 -2.5000 34.9600
v 0.0000 -2.5000 35.8800
v 0.0000 -2.5000 36.8000
v 0.0000 -2.5000 37.7200
v 0.0000 -2.5000 38.6400
v 0.0000 -2.5000 39.5600
v 0.0000 -2.5000 40.4800
v 0.0000 -2.5000 41.4000
v 0.0000 -2.5000 42.3200
v 0.0000 -2.5000 43.2400
v 0.0000 -2.5000 44.1600
v 0.0000 -2.5000 45.0800
v 0.0000 -2.5000 46.0000
v 0.8333 -2.5000 -46.0000
v 0.8333 -2.5000 -45.0800
v 0.8333 -2.5000 -44.1600
v 0.8333 -2.4207 -43.2400
v 0.8333 -2.1456 -42.3200
v 0.8333 -1.8705 -41.4000
v 0.8333 -1.5954 -40.4800
v 0.8333 -1.3203 -39.5600
v 0.8333 -1.0453 -38.6400
v 0.8333 -0.7703 -37.7200
v 0.8333 -0.4953 -36.8000
v 0.8333 -0.2203 -35.8800
v 0.8333 0.0546 -34.9600
v 0.8333 0.3295 -34.0400
v 0.8333 0.6000 -33.1200
v 0.8333 0.6196 -32.2000
v 0.8333 0.6757 -31.2800
v 0.8333 0.7661 -30.3600
v 0.8333 0.8887 -29.4400
v 0.8333 1.0413 -28.5200
v 0.8333 1.2217 -27.6000
v 0.8333 1.4279 -26.6800
v 0.8333 1.6576 -25.7600
v 0.8333 1.9087 -24.8400
v 0.8333 2.1789 -23.9200
v 0.8333 2.4663 -23.0000
v 0.8333 2.7685 -22.0800
v 0.8333 3.0835 -21.1600
v 0.8333 3.4090 -20.2400
v 0.8333 3.7430 -19.3200
v 0.8333 4.0832 -18.4000
v 0.8333 4.4275 -17.4800
v 0.8333 4.7738 -16.5600
v 0.8333 5.1198 -15.6400
v 0.8333 5.4635 -14.7200
v 0.8333 5.8026 -13.8000
v 0.8333 6.1351 -12.8800
v 0.8333 6.4587 -11.9600
v 0.8333 6.7714 -11.0400
v 0.8333 7.0709 -10.1200
v 0.8333 7.3551 -9.2000
v 0.8333 7.6220 -8.2800
v 0.8333 7.8694 -7.3600
v 0.8333 8.0953 -6.4400
v 0.8333 8.2978 -5.5200
v 0.8333 8.4753 -4.6000
v 0.8333 8.6272 -3.6800
v 0.8333 8.7557 -2.7600
v 0.8333 8.8677 -1.8400
v 0.8333 8.9403 -0.9200
v 0.8333 8.9889 0.0000
v 0.8333 8.9537 0.9200
v 0.8333 8.8842 1.8400
v 0.8333 8.7534 2.7600
v 0.8333 8.5352 3.6800
v 0.8333 8.2359 4.6000
v 0.8333 7.8674 5.5200
v 0.8333 7.4421 6.4400
v 0.8333 6.9713 7.3600
v 0.8333 6.4654 8.2800
v 0.8333 5.9339 9.2000
v 0.8333 5.3858 10.1200
v 0.8333 4.8301 11.0400
v 0.8333 4.2753 11.9600
v 0.8333 3.7299 12.8800
v 0.8333 3.2022 13.8000
v 0.8333 2.7006 14.7200
v 0.8333 2.2333 15.6400
v 0.8333 1.8086 16.5600
v 0.8333 1.4346 17.4800
v 0.8333 1.1197 18.4000
v 0.8333 0.8719 19.3200
v 0.8333 0.6995 20.2400
v 0.8333 0.6106 21.1600
v 0.8333 0.3729 22.0800
v 0.8333 -0.0589 23.0000
v 0.8333 -0.4904 23.9200
v 0.8333 -0.9218 24.8400
v 0.8333 -1.3530 25.7600
v 0.8333 -1.7840 26.6800
v 0.8333 -2.2149 27.6000
v 0.8333 -2.5000 28.5200
v 0.8333 -2.5000 29.4400
v 0.8333 -2.5000 30.3600
v 0.8333 -2.5000 31.2800
v 0.8333 -2.5000 32.2000
v 0.8333 -2.5000 33.1200
v 0.8333 -2.5000 34.0400
v 0.8333 -2.5000 34.9600
v 0.8333 -2.5000 35.8800
v 0.8333 -2.5000 36.8000
v 0.8333 -2.5000 37.7200
v 0.8333 -2.5000 38.6400
v 0.8333 -2.5000 39.5600
v 0.8333 -2.5000 40.4800
v 0.8333 -2.5000 41.4000
v 0.8333 -2.5000 42.3200
v 0.8333 -2.5000 43.2400
v 0.8333 -2.5000 44.1600
v 0.8333 -2.5000 45.0800
v 0.8333 -2.5000 46.0000
v 1.6667 -2.5000 -46.0000
v 1.6667 -2.5000 -45.0800
v 1.6667 -2.5000 -44.1600
v 1.6667 -2.4492 -43.2400
v 1.6667 -2.1753 -42.3200
v 1.6667 -1.9014 -41.4000
v 1.6667 -1.6277 -40.4800
v 1.6667 -1.3540 -39.5600
v 1.6667 -1.0805 -38.6400
v 1.6667 -0.8070 -37.7200
v 1.6667 -0.5336 -36.8000
v 1.6667 -0.2604 -35.8800
v 1.6667 0.0128 -34.9600
v 1.6667 0.2858 -34.0400
v 1.6667 0.5587 -33.1200
v 1.6667 0.6135 -32.2000
v 1.6667 0.6629 -31.2800
v 1.6667 0.7463 -30.3600
v 1.6667 0.8618 -29.4400
v 1.6667 1.0070 -28.5200
v 1.6667 1.1799 -27.6000
v 1.6667 1.3783 -26.6800
v 1.6667 1.6000 -25.7600
v 1.6667 1.8429 -24.8400
v 1.6667 2.1048 -23.9200
v 1.6667 2.3836 -23.0000
v 1.6667 2.6771 -22.0800
v 1.6667 2.9832 -21.1600
v 1.6667 3.2997 -20.2400
v 1.6667 3.6244 -19.3200
v 1.6667 3.9553 -18.4000
v 1.6667 4.2902 -17.4800
v 1.6667 4.6269 -16.5600
v 1.6667 4.9634 -15.6400
v 1.6667 5.2975 -14.7200
v 1.6667 5.6272 -13.8000
v 1.6667 5.9503 -12.8800
v 1.6667 6.2648 -11.9600
v 1.6667 6.5689 -11.0400
v 1.6667 6.8606 -10.1200
v 1.6667 7.1383 -9.2000
v 1.6667 7.4007 -8.2800
v 1.6667 7.6470 -7.3600
v 1.6667 7.8774 -6.4400
v 1.6667 8.0940 -5.5200
v 1.6667 8.3004 -4.6000
v 1.6667 8.4983 -3.6800
v 1.6667 8.6692 -2.7600
v 1.6667 8.7695 -1.8400
v 1.6667 8.8853 -0.9200
v 1.6667 8.9563 0.0000
v 1.6667 8.9078 0.9200
v 1.6667 8.8204 1.8400
v 1.6667 8.7005 2.7600
v 1.6667 8.5592 3.6800
v 1.6667 8.3586 4.6000
v 1.6667 8.0858 5.5200
v 1.6667 7.7426 6.4400
v 1.6667 7.3365 7.3600
v 1.6667 6.8774 8.2800
v 1.6667 6.3762 9.2000
v 1.6667 5.8441 10.1200
v 1.6667 5.2918 11.0400
v 1.6667 4.7298 11.9600
v 1.6667 4.1682 12.8800
v 1.6667 3.6168 13.8000
v 1.6667 3.0849 14.7200
v 1.6667 2.5817 15.6400
v 1.6667 2.1162 16.5600
v 1.6667 1.6972 17.4800
v 1.6667 1.3334 18.4000
v 1.6667 1.0333 19.3200
v 1.6667 0.8056 20.2400
v 1.6667 0.6585 21.1600
v 1.6667 0.6006 22.0800
v 1.6667 0.2094 23.0000
v 1.6667 -0.2281 23.9200
v 1.6667 -0.6651 24.8400
v 1.6667 -1.1017 25.7600
v 1.6667 -1.5378 26.6800
v 1.6667 -1.9736 27.6000
v 1.6667 -2.4090 28.5200
v 1.6667 -2.5000 29.4400
v 1.6667 -2.5000 30.3600
v 1.6667 -2.5000 31.2800
v 1.6667 -2.5000 32.2000
v 1.6667 -2.5000 33.1200
v 1.6667 -2.5000 34.0400
v 1.6667 -2.5000 34.9600
v 1.6667 -2.5000 35.8800
v 1.6667 -2.5000 36.8000
v 1.6667 -2.5000 37.7200
v 1.6667 -2.5000 38.6400
v 1.6667 -2.5000 39.5600
v 1.6667 -2.5000 40.4800
v 1.6667 -2.5000 41.4000
v 1.6667 -2.5000 42.3200
v 1.6667 -2.5000 43.2400
v 1.6667 -2.5000 44.1600
v 1.6667 -2.5000 45.0800
v 1.6667 -2.5000 46.0000
v 2.5000 -2.5000 -46.0000
v 2.5000 -2.5000 -45.0800
v 2.5000 -2.5000 -44.1600
v 2.5000 -2.5000 -43.2400
v 2.5000 -2.2431 -42.3200
v 2.5000 -1.9714 -41.4000
v 2.5000 -1.6998 -40.4800
v 2.5000 -1.4284 -39.5600
v 2.5000 -1.1572 -38.6400
v 2.5000 -0.8862 -37.7200
v 2.5000 -0.6154 -36.8000
v 2.5000 -0.3448 -35.8800
v 2.5000 -0.0745 -34.9600
v 2.5000 0.1955 -34.0400
v 2.5000 0.4653 -33.1200
v 2.5000 0.6046 -32.2000
v 2.5000 0.6406 -31.2800
v 2.5000 0.7106 -30.3600
v 2.5000 0.8124 -29.4400
v 2.5000 0.9438 -28.5200
v 2.5000 1.1028 -27.6000
v 2.5000 1.2871 -26.6800
v 2.5000 1.4946 -25.7600
v 2.5000 1.7233 -24.8400
v 2.5000 1.9708 -23.9200
v 2.5000 2.2352 -23.0000
v 2.5000 2.5143 -22.0800
v 2.5000 2.8059 -21.1600
v 2.5000 3.1080 -20.2400
v 2.5000 3.4185 -19.3200
v 2.5000 3.7354 -18.4000
v 2.5000 4.0565 -17.4800
v 2.5000 4.3799 -16.5600
v 2.5000 4.7036 -15.6400
v 2.5000 5.0257 -14.7200
v 2.5000 5.3446 -13.8000
v 2.5000 5.6585 -12.8800
v 2.5000 5.9661 -11.9600
v 2.5000 6.2664 -11.0400
v 2.5000 6.5588 -10.1200
v 2.5000 6.8436 -9.2000
v 2.5000 7.1218 -8.2800
v 2.5000 7.3957 -7.3600
v 2.5000 7.6669 -6.4400
v 2.5000 7.9332 -5.5200
v 2.5000 8.1806 -4.6000
v 2.5000 8.3776 -3.6800
v 2.5000 8.4997 -2.7600
v 2.5000 8.6461 -1.8400
v 2.5000 8.8120 -0.9200
v 2.5000 8.9031 0.0000
v 2.5000 8.8681 0.9200
v 2.5000 8.7399 1.8400
v 2.5000 8.6083 2.7600
v 2.5000 8.4391 3.6800
v 2.5000 8.2645 4.6000
v 2.5000 8.0589 5.5200
v 2.5000 7.8003 6.4400
v 2.5000 7.4821 7.3600
v 2.5000 7.1058 8.2800
v 2.5000 6.6773 9.2000
v 2.5000 6.2046 10.1200
v 2.5000 5.6972 11.0400
v 2.5000 5.1653 11.9600
v 2.5000 4.6195 12.8800
v 2.5000 4.0704 13.8000
v 2.5000 3.5284 14.7200
v 2.5000 3.0039 15.6400
v 2.5000 2.5069 16.5600
v 2.5000 2.0472 17.4800
v 2.5000 1.6346 18.4000
v 2.5000 1.2783 19.3200
v 2.5000 0.9878 20.2400
v 2.5000 0.7720 21.1600
v 2.5000 0.6399 22.0800
v 2.5000 0.5572 23.0000
v 2.5000 0.1145 23.9200
v 2.5000 -0.3278 24.8400
v 2.5000 -0.7697 25.7600
v 2.5000 -1.2111 26.6800
v 2.5000 -1.6520 27.6000
v 2.5000 -2.0925 28.5200
v 2.5000 -2.5000 29.4400
v 2.5000 -2.5000 30.3600
v 2.5000 -2.5000 31.2800
v 2.5000 -2.5000 32.2000
v 2.5000 -2.5000 33.1200
v 2.5000 -2.5000 34.0400
v 2.5000 -2.5000 34.9600
v 2.5000 -2.5000 35.8800
v 2.5000 -2.5000 36.8000
v 2.5000 -2.5000 37.7200
v 2.5000 -2.5000 38.6400
v 2.5000 -2.5000 39.5600
v 2.5000 -2.5000 40.4800
v 2.5000 -2.5000 41.4000
v 2.5000 -2.5000 42.3200
v 2.5000 -2.5000 43.2400
v 2.5000 -2.5000 44.1600
v 2.5000 -2.5000 45.0800
v 2.5000 -2.5000 46.0000
v 3.3333 -2.5000 -46.0000
v 3.3333 -2.5000 -45.0800
v 3.3333 -2.5000 -44.1600
v 3.3333 -2.5000 -43.2400
v 3.3333 -2.3475 -42.3200
v 3.3333 -2.0785 -41.4000
v 3.3333 -1.8098 -40.4800
v 3.3333 -1.5414 -39.5600
v 3.3333 -1.2733 -38.6400
v 3.3333 -1.0056 -37.7200
v 3.3333 -0.7382 -36.8000
v 3.3333 -0.4711 -35.8800
v 3.3333 -0.2045 -34.9600
v 3.3333 0.0617 -34.0400
v 3.3333 0.3274 -33.1200
v 3.3333 0.5927 -32.2000
v 3.3333 0.6167 -31.2800
v 3.3333 0.6672 -30.3600
v 3.3333 0.7495 -29.4400
v 3.3333 0.8614 -28.5200
v 3.3333 1.0008 -27.6000
v 3.3333 1.1656 -26.6800
v 3.3333 1.3537 -25.7600
v 3.3333 1.5630 -24.8400
v 3.3333 1.7913 -23.9200
v 3.3333 2.0368 -23.0000
v 3.3333 2.2972 -22.0800
v 3.3333 2.5707 -21.1600
v 3.3333 2.8552 -20.2400
v 3.3333 3.1488 -19.3200
v 3.3333 3.4496 -18.4000
v 3.3333 3.7560 -17.4800
v 3.3333 4.0662 -16.5600
v 3.3333 4.3788 -15.6400
v 3.3333 4.6926 -14.7200
v 3.3333 5.0065 -13.8000
v 3.3333 5.3200 -12.8800
v 3.3333 5.6331 -11.9600
v 3.3333 5.9463 -11.0400
v 3.3333 6.2606 -10.1200
v 3.3333 6.5772 -9.2000
v 3.3333 6.8962 -8.2800
v 3.3333 7.2139 -7.3600
v 3.3333 7.5194 -6.4400
v 3.3333 7.7912 -5.5200
v 3.3333 8.0014 -4.6000
v 3.3333 8.1431 -3.6800
v 3.3333 8.3061 -2.7600
v 3.3333 8.5635 -1.8400
v 3.3333 8.7085 -0.9200
v 3.3333 8.8304 0.0000
v 3.3333 8.8178 0.9200
v 3.3333 8.6470 1.8400
v 3.3333 8.5029 2.7600
v 3.3333 8.3258 3.6800
v 3.3333 8.1130 4.6000
v 3.3333 7.8998 5.5200
v 3.3333 7.6750 6.4400
v 3.3333 7.4168 7.3600
v 3.3333 7.1131 8.2800
v 3.3333 6.7609 9.2000
v 3.3333 6.3621 10.1200
v 3.3333 5.9220 11.0400
v 3.3333 5.4478 11.9600
v 3.3333 4.9481 12.8800
v 3.3333 4.4324 13.8000
v 3.3333 3.9105 14.7200
v 3.3333 3.3927 15.6400
v 3.3333 2.8894 16.5600
v 3.3333 2.4109 17.4800
v 3.3333 1.9675 18.4000
v 3.3333 1.5694 19.3200
v 3.3333 1.2266 20.2400
v 3.3333 0.9489 21.1600
v 3.3333 0.7461 22.0800
v 3.3333 0.6278 23.0000
v 3.3333 0.4895 23.9200
v 3.3333 0.0457 24.8400
v 3.3333 -0.3982 25.7600
v 3.3333 -0.8420 26.6800
v 3.3333 -1.2858 27.6000
v 3.3333 -1.7295 28.5200
v 3.3333 -2.1729 29.4400
v 3.3333 -2.5000 30.3600
v 3.3333 -2.5000 31.2800
v 3.3333 -2.5000 32.2000
v 3.3333 -2.5000 33.1200
v 3.3333 -2.5000 34.0400
v 3.3333 -2.5000 34.9600
v 3.3333 -2.5000 35.8800
v 3.3333 -2.5000 36.8000
v 3.3333 -2.5000 37.7200
v 3.3333 -2.5000 38.6400
v 3.3333 -2.5000 39.5600
v 3.3333 -2.5000 40.4800
v 3.3333 -2.5000 41.4000
v 3.3333 -2.5000 42.3200
v 3.3333 -2.5000 43.2400
v 3.3333 -2.5000 44.1600
v 3.3333 -2.5000 45.0800
v 3.3333 -2.5000 46.0000
v 4.1667 -2.5000 -46.0000
v 4.1667 -2.5000 -45.0800
v 4.1667 -2.5000 -44.1600
v 4.1667 -2.5000 -43.2400
v 4.1667 -2.4864 -42.3200
v 4.1667 -2.2207 -41.4000
v 4.1667 -1.9554 -40.4800
v 4.1667 -1.6906 -39.5600
v 4.1667 -1.4261 -38.6400
v 4.1667 -1.1622 -37.7200
v 4.1667 -0.8987 -36.8000
v 4.1667 -0.6358 -35.8800
v 4.1667 -0.3734 -34.9600
v 4.1667 -0.1116 -34.0400
v 4.1667 0.1496 -33.1200
v 4.1667 0.4101 -32.2000
v 4.1667 0.6012 -31.2800
v 4.1667 0.6271 -30.3600
v 4.1667 0.6848 -29.4400
v 4.1667 0.7723 -28.5200
v 4.1667 0.8876 -27.6000
v 4.1667 1.0285 -26.6800
v 4.1667 1.1931 -25.7600
v 4.1667 1.3793 -24.8400
v 4.1667 1.5853 -23.9200
v 4.1667 1.8090 -23.0000
v 4.1667 2.0487 -22.0800
v 4.1667 2.3025 -21.1600
v 4.1667 2.5688 -20.2400
v 4.1667 2.8460 -19.3200
v 4.1667 3.1326 -18.4000
v 4.1667 3.4275 -17.4800
v 4.1667 3.7296 -16.5600
v 4.1667 4.0382 -15.6400
v 4.1667 4.3531 -14.7200
v 4.1667 4.6742 -13.8000
v 4.1667 5.0021 -12.8800
v 4.1667 5.3372 -11.9600
v 4.1667 5.6800 -11.0400
v 4.1667 6.0294 -10.1200
v 4.1667 6.3817 -9.2000
v 4.1667 6.7281 -8.2800
v 4.1667 7.0529 -7.3600
v 4.1667 7.3347 -6.4400
v 4.1667 7.5531 -5.5200
v 4.1667 7.7120 -4.6000
v 4.1667 7.8889 -3.6800
v 4.1667 8.1842 -2.7600
v 4.1667 8.4474 -1.8400
v 4.1667 8.5882 -0.9200
v 4.1667 8.7389 0.0000
v 4.1667 8.7485 0.9200
v 4.1667 8.5723 1.8400
v 4.1667 8.3682 2.7600
v 4.1667 8.1992 3.6800
v 4.1667 7.9811 4.6000
v 4.1667 7.7309 5.5200
v 4.1667 7.4814 6.4400
v 4.1667 7.2316 7.3600
v 4.1667 6.9646 8.2800
v 4.1667 6.6667 9.2000
v 4.1667 6.3313 10.1200
v 4.1667 5.9573 11.0400
v 4.1667 5.5475 11.9600
v 4.1667 5.1071 12.8800
v 4.1667 4.6428 13.8000
v 4.1667 4.1628 14.7200
v 4.1667 3.6759 15.6400
v 4.1667 3.1915 16.5600
v 4.1667 2.7194 17.4800
v 4.1667 2.2699 18.4000
v 4.1667 1.8530 19.3200
v 4.1667 1.4790 20.2400
v 4.1667 1.1582 21.1600
v 4.1667 0.9008 22.0800
v 4.1667 0.7168 23.0000
v 4.1667 0.6162 23.9200
v 4.1667 0.4145 24.8400
v 4.1667 -0.0261 25.7600
v 4.1667 -0.4677 26.6800
v 4.1667 -0.9101 27.6000
v 4.1667 -1.3530 28.5200
v 4.1667 -1.7964 29.4400
v 4.1667 -2.2400 30.3600
v 4.1667 -2.5000 31.2800
v 4.1667 -2.5000 32.2000
v 4.1667 -2.5000 33.1200
v 4.1667 -2.5000 34.0400
v 4.1667 -2.5000 34.9600
v 4.1667 -2.5000 35.8800
v 4.1667 -2.5000 36.8000
v 4.1667 -2.5000 37.7200
v 4.1667 -2.5000 38.6400
v 4.1667 -2.5000 39.5600
v 4.1667 -2.5000 40.4800
v 4.1667 -2.5000 41.4000
v 4.1667 -2.5000 42.3200
v 4.1667 -2.5000 43.2400
v 4.1667 -2.5000 44.1600
v 4.1667 -2.5000 45.0800
v 4.1667 -2.5000 46.0000
v 5.0000 -2.5000 -46.0000
v 5.0000 -2.5000 -45.0800
v 5.0000 -2.5000 -44.1600
v 5.0000 -2.5000 -43.2400
v 5.0000 -2.5000 -42.3200
v 5.0000 -2.3949 -41.4000
v 5.0000 -2.1334 -40.4800
v 5.0000 -1.8724 -39.5600
v 5.0000 -1.6119 -38.6400
v 5.0000 -1.3521 -37.7200
v 5.0000 -1.0928 -36.8000
v 5.0000 -0.8342 -35.8800
v 5.0000 -0.5763 -34.9600
v 5.0000 -0.3190 -34.0400
v 5.0000 -0.0625 -33.1200
v 5.0000 0.1932 -32.2000
v 5.0000 0.4482 -31.2800
v 5.0000 0.6027 -30.3600
v 5.0000 0.6316 -29.4400
v 5.0000 0.6908 -28.5200
v 5.0000 0.7783 -27.6000
v 5.0000 0.8922 -26.6800
v 5.0000 1.0306 -25.7600
v 5.0000 1.1916 -24.8400
v 5.0000 1.3736 -23.9200
v 5.0000 1.5748 -23.0000
v 5.0000 1.7937 -22.0800
v 5.0000 2.0289 -21.1600
v 5.0000 2.2792 -20.2400
v 5.0000 2.5433 -19.3200
v 5.0000 2.8207 -18.4000
v 5.0000 3.1105 -17.4800
v 5.0000 3.4127 -16.5600
v 5.0000 3.7271 -15.6400
v 5.0000 4.0539 -14.7200
v 5.0000 4.3934 -13.8000
v 5.0000 4.7452 -12.8800
v 5.0000 5.1080 -11.9600
v 5.0000 5.4780 -11.0400
v 5.0000 5.8483 -10.1200
v 5.0000 6.2070 -9.2000
v 5.0000 6.5377 -8.2800
v 5.0000 6.8217 -7.3600
v 5.0000 7.0453 -6.4400
v 5.0000 7.2186 -5.5200
v 5.0000 7.4077 -4.6000
v 5.0000 7.7118 -3.6800
v 5.0000 8.0676 -2.7600
v 5.0000 8.2955 -1.8400
v 5.0000 8.4544 -0.9200
v 5.0000 8.6297 0.0000
v 5.0000 8.6603 0.9200
v 5.0000 8.5000 1.8400
v 5.0000 8.2413 2.7600
v 5.0000 8.0382 3.6800
v 5.0000 7.8361 4.6000
v 5.0000 7.5825 5.5200
v 5.0000 7.3007 6.4400
v 5.0000 7.0200 7.3600
v 5.0000 6.7451 8.2800
v 5.0000 6.4650 9.2000
v 5.0000 6.1668 10.1200
v 5.0000 5.8424 11.0400
v 5.0000 5.4884 11.9600
v 5.0000 5.1055 12.8800
v 5.0000 4.6969 13.8000
v 5.0000 4.2680 14.7200
v 5.0000 3.8255 15.6400
v 5.0000 3.3769 16.5600
v 5.0000 2.9308 17.4800
v 5.0000 2.4964 18.4000
v 5.0000 2.0830 19.3200
v 5.0000 1.7006 20.2400
v 5.0000 1.3591 21.1600
v 5.0000 1.0686 22.0800
v 5.0000 0.8394 23.0000
v 5.0000 0.6816 23.9200
v 5.0000 0.6055 24.8400
v 5.0000 0.3157 25.7600
v 5.0000 -0.1182 26.6800
v 5.0000 -0.5541 27.6000
v 5.0000 -0.9917 28.5200
v 5.0000 -1.4306 29.4400
v 5.0000 -1.8708 30.3600
v 5.0000 -2.3118 31.2800
v 5.0000 -2.5000 32.2000
v 5.0000 -2.5000 33.1200
v 5.0000 -2.5000 34.0400
v 5.0000 -2.5000 34.9600
v 5.0000 -2.5000 35.8800
v 5.0000 -2.5000 36.8000
v 5.0000 -2.5000 37.7200
v 5.0000 -2.5000 38.6400
v 5.0000 -2.5000 39.5600
v 5.0000 -2.5000 40.4800
v 5.0000 -2.5000 41.4000
v 5.0000 -2.5000 42.3200
v 5.0000 -2.5000 43.2400
v 5.0000 -2.5000 44.1600
v 5.0000 -2.5000 45.0800
v 5.0000 -2.5000 46.0000
v 5.8333 -2.5000 -46.0000
v 5.8333 -2.5000 -45.0800
v 5.8333 -2.5000 -44.1600
v 5.8333 -2.5000 -43.2400
v 5.8333 -2.5000 -42.3200
v 5.8333 -2.5000 -41.4000
v 5.8333 -2.3398 -40.4800
v 5.8333 -2.0827 -39.5600
v 5.8333 -1.8263 -38.6400
v 5.8333 -1.5705 -37.7200
v 5.8333 -1.3154 -36.8000
v 5.8333 -1.0609 -35.8800
v 5.8333 -0.8072 -34.9600
v 5.8333 -0.5542 -34.0400
v 5.8333 -0.3019 -33.1200
v 5.8333 -0.0504 -32.2000
v 5.8333 0.2004 -31.2800
v 5.8333 0.4505 -30.3600
v 5.8333 0.6025 -29.4400
v 5.8333 0.6304 -28.5200
v 5.8333 0.6876 -27.6000
v 5.8333 0.7723 -26.6800
v 5.8333 0.8829 -25.7600
v 5.8333 1.0179 -24.8400
v 5.8333 1.1758 -23.9200
v 5.8333 1.3552 -23.0000
v 5.8333 1.5551 -22.0800
v 5.8333 1.7744 -21.1600
v 5.8333 2.0124 -20.2400
v 5.8333 2.2685 -19.3200
v 5.8333 2.5425 -18.4000
v 5.8333 2.8342 -17.4800
v 5.8333 3.1435 -16.5600
v 5.8333 3.4703 -15.6400
v 5.8333 3.8141 -14.7200
v 5.8333 4.1731 -13.8000
v 5.8333 4.5443 -12.8800
v 5.8333 4.9217 -11.9600
v 5.8333 5.2962 -11.0400
v 5.8333 5.6550 -10.1200
v 5.8333 5.9828 -9.2000
v 5.8333 6.2641 -8.2800
v 5.8333 6.4905 -7.3600
v 5.8333 6.6750 -6.4400
v 5.8333 6.8739 -5.5200
v 5.8333 7.1758 -4.6000
v 5.8333 7.5767 -3.6800
v 5.8333 7.9176 -2.7600
v 5.8333 8.1195 -1.8400
v 5.8333 8.3073 -0.9200
v 5.8333 8.5037 0.0000
v 5.8333 8.5542 0.9200
v 5.8333 8.4162 1.8400
v 5.8333 8.1348 2.7600
v 5.8333 7.8684 3.6800
v 5.8333 7.6569 4.6000
v 5.8333 7.4218 5.5200
v 5.8333 7.1384 6.4400
v 5.8333 6.8307 7.3600
v 5.8333 6.5244 8.2800
v 5.8333 6.2275 9.2000
v 5.8333 5.9336 10.1200
v 5.8333 5.6323 11.0400
v 5.8333 5.3151 11.9600
v 5.8333 4.9775 12.8800
v 5.8333 4.6183 13.8000
v 5.8333 4.2395 14.7200
v 5.8333 3.8448 15.6400
v 5.8333 3.4397 16.5600
v 5.8333 3.0309 17.4800
v 5.8333 2.6258 18.4000
v 5.8333 2.2327 19.3200
v 5.8333 1.8604 20.2400
v 5.8333 1.5182 21.1600
v 5.8333 1.2156 22.0800
v 5.8333 0.9625 23.0000
v 5.8333 0.7688 23.9200
v 5.8333 0.6446 24.8400
v 5.8333 0.6000 25.7600
v 5.8333 0.1851 26.6800
v 5.8333 -0.2393 27.6000
v 5.8333 -0.6669 28.5200
v 5.8333 -1.0970 29.4400
v 5.8333 -1.5294 30.3600
v 5.8333 -1.9637 31.2800
v 5.8333 -2.3998 32.2000
v 5.8333 -2.5000 33.1200
v 5.8333 -2.5000 34.0400
v 5.8333 -2.5000 34.9600
v 5.8333 -2.5000 35.8800
v 5.8333 -2.5000 36.8000
v 5.8333 -2.5000 37.7200
v 5.8333 -2.5000 38.6400
v 5.8333 -2.5000 39.5600
v 5.8333 -2.5000 40.4800
v 5.8333 -2.5000 41.4000
v 5.8333 -2.5000 42.3200
v 5.8333 -2.5000 43.2400
v 5.8333 -2.5000 44.1600
v 5.8333 -2.5000 45.0800
v 5.8333 -2.5000 46.0000
v 6.6667 -2.5000 -46.0000
v 6.6667 -2.5000 -45.0800
v 6.6667 -2.5000 -44.1600
v 6.6667 -2.5000 -43.2400
v 6.6667 -2.5000 -42.3200
v 6.6667 -2.5000 -41.4000
v 6.6667 -2.5000 -40.4800
v 6.6667 -2.3169 -39.5600
v 6.6667 -2.0641 -38.6400
v 6.6667 -1.8119 -37.7200
v 6.6667 -1.5605 -36.8000
v 6.6667 -1.3096 -35.8800
v 6.6667 -1.0594 -34.9600
v 6.6667 -0.8098 -34.0400
v 6.6667 -0.5607 -33.1200
v 6.6667 -0.3122 -32.2000
v 6.6667 -0.0642 -31.2800
v 6.6667 0.1835 -30.3600
v 6.6667 0.4308 -29.4400
v 6.6667 0.6016 -28.5200
v 6.6667 0.6265 -27.6000
v 6.6667 0.6808 -26.6800
v 6.6667 0.7630 -25.7600
v 6.6667 0.8719 -24.8400
v 6.6667 1.0064 -23.9200
v 6.6667 1.1656 -23.0000
v 6.6667 1.3487 -22.0800
v 6.6667 1.5553 -21.1600
v 6.6667 1.7849 -20.2400
v 6.6667 2.0372 -19.3200
v 6.6667 2.3121 -18.4000
v 6.6667 2.6093 -17.4800
v 6.6667 2.9278 -16.5600
v 6.6667 3.2663 -15.6400
v 6.6667 3.6218 -14.7200
v 6.6667 3.9896 -13.8000
v 6.6667 4.3624 -12.8800
v 6.6667 4.7302 -11.9600
v 6.6667 5.0805 -11.0400
v 6.6667 5.3993 -10.1200
v 6.6667 5.6743 -9.2000
v 6.6667 5.9010 -8.2800
v 6.6667 6.0935 -7.3600
v 6.6667 6.2994 -6.4400
v 6.6667 6.5948 -5.5200
v 6.6667 7.0072 -4.6000
v 6.6667 7.4310 -3.6800
v 6.6667 7.7329 -2.7600
v 6.6667 7.9280 -1.8400
v 6.6667 8.1471 -0.9200
v 6.6667 8.3619 0.0000
v 6.6667 8.4313 0.9200
v 6.6667 8.3165 1.8400
v 6.6667 8.0374 2.7600
v 6.6667 7.7146 3.6800
v 6.6667 7.4586 4.6000
v 6.6667 7.2292 5.5200
v 6.6667 6.9647 6.4400
v 6.6667 6.6570 7.3600
v 6.6667 6.3289 8.2800
v 6.6667 6.0032 9.2000
v 6.6667 5.6889 10.1200
v 6.6667 5.3832 11.0400
v 6.6667 5.0784 11.9600
v 6.6667 4.7668 12.8800
v 6.6667 4.4432 13.8000
v 6.6667 4.1057 14.7200
v 6.6667 3.7548 15.6400
v 6.6667 3.3932 16.5600
v 6.6667 3.0253 17.4800
v 6.6667 2.6566 18.4000
v 6.6667 2.2939 19.3200
v 6.6667 1.9445 20.2400
v 6.6667 1.6166 21.1600
v 6.6667 1.3188 22.0800
v 6.6667 1.0601 23.0000
v 6.6667 0.8499 23.9200
v 6.6667 0.6978 24.8400
v 6.6667 0.6137 25.7600
v 6.6667 0.4294 26.6800
v 6.6667 0.0205 27.6000
v 6.6667 -0.3928 28.5200
v 6.6667 -0.8101 29.4400
v 6.6667 -1.2309 30.3600
v 6.6667 -1.6548 31.2800
v 6.6667 -2.0814 32.2000
v 6.6667 -2.5000 33.1200
v 6.6667 -2.5000 34.0400
v 6.6667 -2.5000 34.9600
v 6.6667 -2.5000 35.8800
v 6.6667 -2.5000 36.8000
v 6.6667 -2.5000 37.7200
v 6.6667 -2.5000 38.6400
v 6.6667 -2.5000 39.5600
v 6.6667 -2.5000 40.4800
v 6.6667 -2.5000 41.4000
v 6.6667 -2.5000 42.3200
v 6.6667 -2.5000 43.2400
v 6.6667 -2.5000 44.1600
v 6.6667 -2.5000 45.0800
v 6.6667 -2.5000 46.0000
v 7.5000 -2.5000 -46.0000
v 7.5000 -2.5000 -45.0800
v 7.5000 -2.5000 -44.1600
v 7.5000 -2.5000 -43.2400
v 7.5000 -2.5000 -42.3200
v 7.5000 -2.5000 -41.4000
v 7.5000 -2.5000 -40.4800
v 7.5000 -2.5000 -39.5600
v 7.5000 -2.3195 -38.6400
v 7.5000 -2.0702 -37.7200
v 7.5000 -1.8215 -36.8000
v 7.5000 -1.5732 -35.8800
v 7.5000 -1.3253 -34.9600
v 7.5000 -1.0777 -34.0400
v 7.5000 -0.8303 -33.1200
v 7.5000 -0.5831 -32.2000
v 7.5000 -0.3359 -31.2800
v 7.5000 -0.0886 -30.3600
v 7.5000 0.1592 -29.4400
v 7.5000 0.4075 -28.5200
v 7.5000 0.6008 -27.6000
v 7.5000 0.6237 -26.6800
v 7.5000 0.6771 -25.7600
v 7.5000 0.7603 -24.8400
v 7.5000 0.8724 -23.9200
v 7.5000 1.0130 -23.0000
v 7.5000 1.1815 -22.0800
v 7.5000 1.3776 -21.1600
v 7.5000 1.6011 -20.2400
v 7.5000 1.8514 -19.3200
v 7.5000 2.1278 -18.4000
v 7.5000 2.4288 -17.4800
v 7.5000 2.7521 -16.5600
v 7.5000 3.0935 -15.6400
v 7.5000 3.4475 -14.7200
v 7.5000 3.8059 -13.8000
v 7.5000 4.1586 -12.8800
v 7.5000 4.4937 -11.9600
v 7.5000 4.7990 -11.0400
v 7.5000 5.0650 -10.1200
v 7.5000 5.2894 -9.2000
v 7.5000 5.4863 -8.2800
v 7.5000 5.6961 -7.3600
v 7.5000 5.9829 -6.4400
v 7.5000 6.3878 -5.5200
v 7.5000 6.8548 -4.6000
v 7.5000 7.2547 -3.6800
v 7.5000 7.5217 -2.7600
v 7.5000 7.7256 -1.8400
v 7.5000 7.9743 -0.9200
v 7.5000 8.2052 0.0000
v 7.5000 8.2924 0.9200
v 7.5000 8.2004 1.8400
v 7.5000 7.9367 2.7600
v 7.5000 7.5814 3.6800
v 7.5000 7.2651 4.6000
v 7.5000 7.0127 5.5200
v 7.5000 6.7622 6.4400
v 7.5000 6.4730 7.3600
v 7.5000 6.1465 8.2800
v 7.5000 5.8038 9.2000
v 7.5000 5.4645 10.1200
v 7.5000 5.1381 11.0400
v 7.5000 4.8243 11.9600
v 7.5000 4.5177 12.8800
v 7.5000 4.2118 13.8000
v 7.5000 3.9017 14.7200
v 7.5000 3.5848 15.6400
v 7.5000 3.2608 16.5600
v 7.5000 2.9316 17.4800
v 7.5000 2.6005 18.4000
v 7.5000 2.2723 19.3200
v 7.5000 1.9528 20.2400
v 7.5000 1.6488 21.1600
v 7.5000 1.3677 22.0800
v 7.5000 1.1174 23.0000
v 7.5000 0.9064 23.9200
v 7.5000 0.7437 24.8400
v 7.5000 0.6384 25.7600
v 7.5000 0.6000 26.6800
v 7.5000 0.2184 27.6000
v 7.5000 -0.1775 28.5200
v 7.5000 -0.5787 29.4400
v 7.5000 -0.9847 30.3600
v 7.5000 -1.3949 31.2800
v 7.5000 -1.8089 32.2000
v 7.5000 -2.2264 33.1200
v 7.5000 -2.5000 34.0400
v 7.5000 -2.5000 34.9600
v 7.5000 -2.5000 35.8800
v 7.5000 -2.5000 36.8000
v 7.5000 -2.5000 37.7200
v 7.5000 -2.5000 38.6400
v 7.5000 -2.5000 39.5600
v 7.5000 -2.5000 40.4800
v 7.5000 -2.5000 41.4000
v 7.5000 -2.5000 42.3200
v 7.5000 -2.5000 43.2400
v 7.5000 -2.5000 44.1600
v 7.5000 -2.5000 45.0800
v 7.5000 -2.5000 46.0000
v 8.3333 -2.5000 -46.0000
v 8.3333 -2.5000 -45.0800
v 8.3333 -2.5000 -44.1600
v 8.3333 -2.5000 -43.2400
v 8.3333 -2.5000 -42.3200
v 8.3333 -2.5000 -41.4000
v 8.3333 -2.5000 -40.4800
v 8.3333 -2.5000 -39.5600
v 8.3333 -2.5000 -38.6400
v 8.3333 -2.3388 -37.7200
v 8.3333 -2.0915 -36.8000
v 8.3333 -1.8443 -35.8800
v 8.3333 -1.5971 -34.9600
v 8.3333 -1.3498 -34.0400
v 8.3333 -1.1022 -33.1200
v 8.3333 -0.8541 -32.2000
v 8.3333 -0.6054 -31.2800
v 8.3333 -0.3558 -30.3600
v 8.3333 -0.1049 -29.4400
v 8.3333 0.1476 -28.5200
v 8.3333 0.4019 -27.6000
v 8.3333 0.6009 -26.6800
v 8.3333 0.6254 -25.7600
v 8.3333 0.6831 -24.8400
v 8.3333 0.7736 -23.9200
v 8.3333 0.8966 -23.0000
v 8.3333 1.0515 -22.0800
v 8.3333 1.2380 -21.1600
v 8.3333 1.4553 -20.2400
v 8.3333 1.7021 -19.3200
v 8.3333 1.9764 -18.4000
v 8.3333 2.2749 -17.4800
v 8.3333 2.5930 -16.5600
v 8.3333 2.9242 -15.6400
v 8.3333 3.2603 -14.7200
v 8.3333 3.5912 -13.8000
v 8.3333 3.9061 -12.8800
v 8.3333 4.1944 -11.9600
v 8.3333 4.4485 -11.0400
v 8.3333 4.6678 -10.1200
v 8.3333 4.8656 -9.2000
v 8.3333 5.0759 -8.2800
v 8.3333 5.3525 -7.3600
v 8.3333 5.7399 -6.4400
v 8.3333 6.2180 -5.5200
v 8.3333 6.6868 -4.6000
v 8.3333 7.0472 -3.6800
v 8.3333 7.2919 -2.7600
v 8.3333 7.5145 -1.8400
v 8.3333 7.7894 -0.9200
v 8.3333 8.0346 0.0000
v 8.3333 8.1386 0.9200
v 8.3333 8.0684 1.8400
v 8.3333 7.8257 2.7600
v 8.3333 7.4606 3.6800
v 8.3333 7.0906 4.6000
v 8.3333 6.7916 5.5200
v 8.3333 6.5344 6.4400
v 8.3333 6.2636 7.3600
v 8.3333 5.9551 8.2800
v 8.3333 5.6154 9.2000
v 8.3333 5.2634 10.1200
v 8.3333 4.9164 11.0400
v 8.3333 4.5836 11.9600
v 8.3333 4.2664 12.8800
v 8.3333 3.9612 13.8000
v 8.3333 3.6628 14.7200
v 8.3333 3.3669 15.6400
v 8.3333 3.0707 16.5600
v 8.3333 2.7736 17.4800
v 8.3333 2.4766 18.4000
v 8.3333 2.1824 19.3200
v 8.3333 1.8951 20.2400
v 8.3333 1.6197 21.1600
v 8.3333 1.3624 22.0800
v 8.3333 1.1299 23.0000
v 8.3333 0.9297 23.9200
v 8.3333 0.7696 24.8400
v 8.3333 0.6580 25.7600
v 8.3333 0.6038 26.6800
v 8.3333 0.3525 27.6000
v 8.3333 -0.0239 28.5200
v 8.3333 -0.4068 29.4400
v 8.3333 -0.7954 30.3600
v 8.3333 -1.1894 31.2800
v 8.3333 -1.5884 32.2000
v 8.3333 -1.9917 33.1200
v 8.3333 -2.3992 34.0400
v 8.3333 -2.5000 34.9600
v 8.3333 -2.5000 35.8800
v 8.3333 -2.5000 36.8000
v 8.3333 -2.5000 37.7200
v 8.3333 -2.5000 38.6400
v 8.3333 -2.5000 39.5600
v 8.3333 -2.5000 40.4800
v 8.3333 -2.5000 41.4000
v 8.3333 -2.5000 42.3200
v 8.3333 -2.5000 43.2400
v 8.3333 -2.5000 44.1600
v 8.3333 -2.5000 45.0800
v 8.3333 -2.5000 46.0000
v 9.1667 -2.5000 -46.0000
v 9.1667 -2.5000 -45.0800
v 9.1667 -2.5000 -44.1600
v 9.1667 -2.5000 -43.2400
v 9.1667 -2.5000 -42.3200
v 9.1667 -2.5000 -41.4000
v 9.1667 -2.5000 -40.4800
v 9.1667 -2.5000 -39.5600
v 9.1667 -2.5000 -38.6400
v 9.1667 -2.5000 -37.7200
v 9.1667 -2.3635 -36.8000
v 9.1667 -2.1157 -35.8800
v 9.1667 -1.8673 -34.9600
v 9.1667 -1.6182 -34.0400
v 9.1667 -1.3682 -33.1200
v 9.1667 -1.1170 -32.2000
v 9.1667 -0.8643 -31.2800
v 9.1667 -0.6099 -30.3600
v 9.1667 -0.3532 -29.4400
v 9.1667 -0.0940 -28.5200
v 9.1667 0.1681 -27.6000
v 9.1667 0.4336 -26.6800
v 9.1667 0.6027 -25.7600
v 9.1667 0.6353 -24.8400
v 9.1667 0.7047 -23.9200
v 9.1667 0.8104 -23.0000
v 9.1667 0.9517 -22.0800
v 9.1667 1.1276 -21.1600
v 9.1667 1.3363 -20.2400
v 9.1667 1.5752 -19.3200
v 9.1667 1.8405 -18.4000
v 9.1667 2.1271 -17.4800
v 9.1667 2.4281 -16.5600
v 9.1667 2.7353 -15.6400
v 9.1667 3.0391 -14.7200
v 9.1667 3.3297 -13.8000
v 9.1667 3.5978 -12.8800
v 9.1667 3.8372 -11.9600
v 9.1667 4.0486 -11.0400
v 9.1667 4.2436 -10.1200
v 9.1667 4.4509 -9.2000
v 9.1667 4.7153 -8.2800
v 9.1667 5.0801 -7.3600
v 9.1667 5.5474 -6.4400
v 9.1667 6.0511 -5.5200
v 9.1667 6.4919 -4.6000
v 9.1667 6.8139 -3.6800
v 9.1667 7.0497 -2.7600
v 9.1667 7.2956 -1.8400
v 9.1667 7.5930 -0.9200
v 9.1667 7.8510 0.0000
v 9.1667 7.9708 0.9200
v 9.1667 7.9215 1.8400
v 9.1667 7.7017 2.7600
v 9.1667 7.3423 3.6800
v 9.1667 6.9363 4.6000
v 9.1667 6.5824 5.5200
v 9.1667 6.2959 6.4400
v 9.1667 6.0296 7.3600
v 9.1667 5.7416 8.2800
v 9.1667 5.4194 9.2000
v 9.1667 5.0719 10.1200
v 9.1667 4.7161 11.0400
v 9.1667 4.3672 11.9600
v 9.1667 4.0339 12.8800
v 9.1667 3.7184 13.8000
v 9.1667 3.4187 14.7200
v 9.1667 3.1308 15.6400
v 9.1667 2.8511 16.5600
v 9.1667 2.5769 17.4800
v 9.1667 2.3074 18.4000
v 9.1667 2.0432 19.3200
v 9.1667 1.7866 20.2400
v 9.1667 1.5409 21.1600
v 9.1667 1.3107 22.0800
v 9.1667 1.1014 23.0000
v 9.1667 0.9193 23.9200
v 9.1667 0.7713 24.8400
v 9.1667 0.6647 25.7600
v 9.1667 0.6075 26.6800
v 9.1667 0.4242 27.6000
v 9.1667 0.0685 28.5200
v 9.1667 -0.2945 29.4400
v 9.1667 -0.6643 30.3600
v 9.1667 -1.0404 31.2800
v 9.1667 -1.4224 32.2000
v 9.1667 -1.8097 33.1200
v 9.1667 -2.2021 34.0400
v 9.1667 -2.5000 34.9600
v 9.1667 -2.5000 35.8800
v 9.1667 -2.5000 36.8000
v 9.1667 -2.5000 37.7200
v 9.1667 -2.5000 38.6400
v 9.1667 -2.5000 39.5600
v 9.1667 -2.5000 40.4800
v 9.1667 -2.5000 41.4000
v 9.1667 -2.5000 42.3200
v 9.1667 -2.5000 43.2400
v 9.1667 -2.5000 44.1600
v 9.1667 -2.5000 45.0800
v 9.1667 -2.5000 46.0000
v 10.0000 -2.5000 -46.0000
v 10.0000 -2.5000 -45.0800
v 10.0000 -2.5000 -44.1600
v 10.0000 -2.5000 -43.2400
v 10.0000 -2.5000 -42.3200
v 10.0000 -2.5000 -41.4000
v 10.0000 -2.5000 -40.4800
v 10.0000 -2.5000 -39.5600
v 10.0000 -2.5000 -38.6400
v 10.0000 -2.5000 -37.7200
v 10.0000 -2.5000 -36.8000
v 10.0000 -2.3806 -35.8800
v 10.0000 -2.1291 -34.9600
v 10.0000 -1.8762 -34.0400
v 10.0000 -1.6217 -33.1200
v 10.0000 -1.3651 -32.2000
v 10.0000 -1.1063 -31.2800
v 10.0000 -0.8448 -30.3600
v 10.0000 -0.5804 -29.4400
v 10.0000 -0.3126 -28.5200
v 10.0000 -0.0412 -27.6000
v 10.0000 0.2342 -26.6800
v 10.0000 0.5137 -25.7600
v 10.0000 0.6099 -24.8400
v 10.0000 0.6583 -23.9200
v 10.0000 0.7465 -23.0000
v 10.0000 0.8730 -22.0800
v 10.0000 1.0356 -21.1600
v 10.0000 1.2314 -20.2400
v 10.0000 1.4561 -19.3200
v 10.0000 1.7042 -18.4000
v 10.0000 1.9687 -17.4800
v 10.0000 2.2417 -16.5600
v 10.0000 2.5140 -15.6400
v 10.0000 2.7766 -14.7200
v 10.0000 3.0215 -13.8000
v 10.0000 3.2437 -12.8800
v 10.0000 3.4439 -11.9600
v 10.0000 3.6325 -11.0400
v 10.0000 3.8333 -10.1200
v 10.0000 4.0833 -9.2000
v 10.0000 4.4222 -8.2800
v 10.0000 4.8651 -7.3600
v 10.0000 5.3746 -6.4400
v 10.0000 5.8682 -5.5200
v 10.0000 6.2698 -4.6000
v 10.0000 6.5617 -3.6800
v 10.0000 6.7993 -2.7600
v 10.0000 7.0697 -1.8400
v 10.0000 7.3860 -0.9200
v 10.0000 7.6554 0.0000
v 10.0000 7.7899 0.9200
v 10.0000 7.7604 1.8400
v 10.0000 7.5639 2.7600
v 10.0000 7.2194 3.6800
v 10.0000 6.7960 4.6000
v 10.0000 6.3931 5.5200
v 10.0000 6.0622 6.4400
v 10.0000 5.7815 7.3600
v 10.0000 5.5053 8.2800
v 10.0000 5.2045 9.2000
v 10.0000 4.8741 10.1200
v 10.0000 4.5242 11.0400
v 10.0000 4.1701 11.9600
v 10.0000 3.8250 12.8800
v 10.0000 3.4970 13.8000
v 10.0000 3.1889 14.7200
v 10.0000 2.8994 15.6400
v 10.0000 2.6259 16.5600
v 10.0000 2.3653 17.4800
v 10.0000 2.1154 18.4000
v 10.0000 1.8753 19.3200
v 10.0000 1.6454 20.2400
v 10.0000 1.4275 21.1600
v 10.0000 1.2246 22.0800
v 10.0000 1.0408 23.0000
v 10.0000 0.8811 23.9200
v 10.0000 0.7512 24.8400
v 10.0000 0.6574 25.7600
v 10.0000 0.6068 26.6800
v 10.0000 0.4377 27.6000
v 10.0000 0.1030 28.5200
v 10.0000 -0.2396 29.4400
v 10.0000 -0.5898 30.3600
v 10.0000 -0.9471 31.2800
v 10.0000 -1.3110 32.2000
v 10.0000 -1.6810 33.1200
v 10.0000 -2.0569 34.0400
v 10.0000 -2.4382 34.9600
v 10.0000 -2.5000 35.8800
v 10.0000 -2.5000 36.8000
v 10.0000 -2.5000 37.7200
v 10.0000 -2.5000 38.6400
v 10.0000 -2.5000 39.5600
v 10.0000 -2.5000 40.4800
v 10.0000 -2.5000 41.4000
v 10.0000 -2.5000 42.3200
v 10.0000 -2.5000 43.2400
v 10.0000 -2.5000 44.1600
v 10.0000 -2.5000 45.0800
v 10.0000 -2.5000 46.0000
v 10.8333 -2.5000 -46.0000
v 10.8333 -2.5000 -45.0800
v 10.8333 -2.5000 -44.1600
v 10.8333 -2.5000 -43.2400
v 10.8333 -2.5000 -42.3200
v 10.8333 -2.5000 -41.4000
v 10.8333 -2.5000 -40.4800
v 10.8333 -2.5000 -39.5600
v 10.8333 -2.5000 -38.6400
v 10.8333 -2.5000 -37.7200
v 10.8333 -2.5000 -36.8000
v 10.8333 -2.5000 -35.8800
v 10.8333 -2.3770 -34.9600
v 10.8333 -2.1185 -34.0400
v 10.8333 -1.8575 -33.1200
v 10.8333 -1.5939 -32.2000
v 10.8333 -1.3273 -31.2800
v 10.8333 -1.0575 -30.3600
v 10.8333 -0.7841 -29.4400
v 10.8333 -0.5070 -28.5200
v 10.8333 -0.2261 -27.6000
v 10.8333 0.0588 -26.6800
v 10.8333 0.3474 -25.7600
v 10.8333 0.6004 -24.8400
v 10.8333 0.6280 -23.9200
v 10.8333 0.6977 -23.0000
v 10.8333 0.8072 -22.0800
v 10.8333 0.9529 -21.1600
v 10.8333 1.1305 -20.2400
v 10.8333 1.3340 -19.3200
v 10.8333 1.5568 -18.4000
v 10.8333 1.7909 -17.4800
v 10.8333 2.0278 -16.5600
v 10.8333 2.2593 -15.6400
v 10.8333 2.4782 -14.7200
v 10.8333 2.6803 -13.8000
v 10.8333 2.8661 -12.8800
v 10.8333 3.0446 -11.9600
v 10.8333 3.2352 -11.0400
v 10.8333 3.4683 -10.1200
v 10.8333 3.7791 -9.2000
v 10.8333 4.1890 -8.2800
v 10.8333 4.6822 -7.3600
v 10.8333 5.1989 -6.4400
v 10.8333 5.6623 -5.5200
v 10.8333 6.0247 -4.6000
v 10.8333 6.2963 -3.6800
v 10.8333 6.5434 -2.7600
v 10.8333 6.8372 -1.8400
v 10.8333 7.1693 -0.9200
v 10.8333 7.4487 0.0000
v 10.8333 7.5970 0.9200
v 10.8333 7.5862 1.8400
v 10.8333 7.4125 2.7600
v 10.8333 7.0878 3.6800
v 10.8333 6.6620 4.6000
v 10.8333 6.2234 5.5200
v 10.8333 5.8441 6.4400
v 10.8333 5.5327 7.3600
v 10.8333 5.2536 8.2800
v 10.8333 4.9691 9.2000
v 10.8333 4.6605 10.1200
v 10.8333 4.3276 11.0400
v 10.8333 3.9808 11.9600
v 10.8333 3.6337 12.8800
v 10.8333 3.2981 13.8000
v 10.8333 2.9813 14.7200
v 10.8333 2.6861 15.6400
v 10.8333 2.4122 16.5600
v 10.8333 2.1576 17.4800
v 10.8333 1.9200 18.4000
v 10.8333 1.6974 19.3200
v 10.8333 1.4892 20.2400
v 10.8333 1.2956 21.1600
v 10.8333 1.1183 22.0800
v 10.8333 0.9600 23.0000
v 10.8333 0.8244 23.9200
v 10.8333 0.7160 24.8400
v 10.8333 0.6401 25.7600
v 10.8333 0.6028 26.6800
v 10.8333 0.3986 27.6000
v 10.8333 0.0843 28.5200
v 10.8333 -0.2382 29.4400
v 10.8333 -0.5687 30.3600
v 10.8333 -0.9069 31.2800
v 10.8333 -1.2522 32.2000
v 10.8333 -1.6043 33.1200
v 10.8333 -1.9629 34.0400
v 10.8333 -2.3275 34.9600
v 10.8333 -2.5000 35.8800
v 10.8333 -2.5000 36.8000
v 10.8333 -2.5000 37.7200
v 10.8333 -2.5000 38.6400
v 10.8333 -2.5000 39.5600
v 10.8333 -2.5000 40.4800
v 10.8333 -2.5000 41.4000
v 10.8333 -2.5000 42.3200
v 10.8333 -2.5000 43.2400
v 10.8333 -2.5000 44.1600
v 10.8333 -2.5000 45.0800
v 10.8333 -2.5000 46.0000
v 11.6667 -2.5000 -46.0000
v 11.6667 -2.5000 -45.0800
v 11.6667 -2.5000 -44.1600
v 11.6667 -2.5000 -43.2400
v 11.6667 -2.5000 -42.3200
v 11.6667 -2.5000 -41.4000
v 11.6667 -2.5000 -40.4800
v 11.6667 -2.5000 -39.5600
v 11.6667 -2.5000 -38.6400
v 11.6667 -2.5000 -37.7200
v 11.6667 -2.5000 -36.8000
v 11.6667 -2.5000 -35.8800
v 11.6667 -2.5000 -34.9600
v 11.6667 -2.3416 -34.0400
v 11.6667 -2.0730 -33.1200
v 11.6667 -1.8013 -32.2000
v 11.6667 -1.5263 -31.2800
v 11.6667 -1.2477 -30.3600
v 11.6667 -0.9655 -29.4400
v 11.6667 -0.6796 -28.5200
v 11.6667 -0.3904 -27.6000
v 11.6667 -0.0979 -26.6800
v 11.6667 0.1971 -25.7600
v 11.6667 0.4940 -24.8400
v 11.6667 0.6093 -23.9200
v 11.6667 0.6591 -23.0000
v 11.6667 0.7487 -22.0800
v 11.6667 0.8733 -21.1600
v 11.6667 1.0272 -20.2400
v 11.6667 1.2035 -19.3200
v 11.6667 1.3947 -18.4000
v 11.6667 1.5928 -17.4800
v 11.6667 1.7902 -16.5600
v 11.6667 1.9802 -15.6400
v 11.6667 2.1592 -14.7200
v 11.6667 2.3274 -13.8000
v 11.6667 2.4920 -12.8800
v 11.6667 2.6687 -11.9600
v 11.6667 2.8823 -11.0400
v 11.6667 3.1629 -10.1200
v 11.6667 3.5344 -9.2000
v 11.6667 3.9959 -8.2800
v 11.6667 4.5091 -7.3600
v 11.6667 5.0084 -6.4400
v 11.6667 5.4335 -5.5200
v 11.6667 5.7619 -4.6000
v 11.6667 6.0226 -3.6800
v 11.6667 6.2835 -2.7600
v 11.6667 6.5986 -1.8400
v 11.6667 6.9436 -0.9200
v 11.6667 7.2318 0.0000
v 11.6667 7.3929 0.9200
v 11.6667 7.3999 1.8400
v 11.6667 7.2482 2.7600
v 11.6667 6.9456 3.6800
v 11.6667 6.5279 4.6000
v 11.6667 6.0685 5.5200
v 11.6667 5.6458 6.4400
v 11.6667 5.2946 7.3600
v 11.6667 4.9978 8.2800
v 11.6667 4.7187 9.2000
v 11.6667 4.4292 10.1200
v 11.6667 4.1180 11.0400
v 11.6667 3.7881 11.9600
v 11.6667 3.4498 12.8800
v 11.6667 3.1152 13.8000
v 11.6667 2.7947 14.7200
v 11.6667 2.4948 15.6400
v 11.6667 2.2184 16.5600
v 11.6667 1.9655 17.4800
v 11.6667 1.7348 18.4000
v 11.6667 1.5245 19.3200
v 11.6667 1.3331 20.2400
v 11.6667 1.1600 21.1600
v 11.6667 1.0056 22.0800
v 11.6667 0.8715 23.0000
v 11.6667 0.7600 23.9200
v 11.6667 0.6746 24.8400
v 11.6667 0.6196 25.7600
v 11.6667 0.6000 26.6800
v 11.6667 0.3139 27.6000
v 11.6667 0.0186 28.5200
v 11.6667 -0.2849 29.4400
v 11.6667 -0.5965 30.3600
v 11.6667 -0.9158 31.2800
v 11.6667 -1.2427 32.2000
v 11.6667 -1.5768 33.1200
v 11.6667 -1.9178 34.0400
v 11.6667 -2.2653 34.9600
v 11.6667 -2.5000 35.8800
v 11.6667 -2.5000 36.8000
v 11.6667 -2.5000 37.7200
v 11.6667 -2.5000 38.6400
v 11.6667 -2.5000 39.5600
v 11.6667 -2.5000 40.4800
v 11.6667 -2.5000 41.4000
v 11.6667 -2.5000 42.3200
v 11.6667 -2.5000 43.2400
v 11.6667 -2.5000 44.1600
v 11.6667 -2.5000 45.0800
v 11.6667 -2.5000 46.0000
v 12.5000 -2.5000 -46.0000
v 12.5000 -2.5000 -45.0800
v 12.5000 -2.5000 -44.1600
v 12.5000 -2.5000 -43.2400
v 12.5000 -2.5000 -42.3200
v 12.5000 -2.5000 -41.4000
v 12.5000 -2.5000 -40.4800
v 12.5000 -2.5000 -39.5600
v 12.5000 -2.5000 -38.6400
v 12.5000 -2.5000 -37.7200
v 12.5000 -2.5000 -36.8000
v 12.5000 -2.5000 -35.8800
v 12.5000 -2.5000 -34.9600
v 12.5000 -2.5000 -34.0400
v 12.5000 -2.2678 -33.1200
v 12.5000 -1.9879 -32.2000
v 12.5000 -1.7046 -31.2800
v 12.5000 -1.4179 -30.3600
v 12.5000 -1.1281 -29.4400
v 12.5000 -0.8354 -28.5200
v 12.5000 -0.5403 -27.6000
v 12.5000 -0.2434 -26.6800
v 12.5000 0.0542 -25.7600
v 12.5000 0.3513 -24.8400
v 12.5000 0.6006 -23.9200
v 12.5000 0.6286 -23.0000
v 12.5000 0.6953 -22.0800
v 12.5000 0.7949 -21.1600
v 12.5000 0.9206 -20.2400
v 12.5000 1.0653 -19.3200
v 12.5000 1.2213 -18.4000
v 12.5000 1.3816 -17.4800
v 12.5000 1.5400 -16.5600
v 12.5000 1.6928 -15.6400
v 12.5000 1.8401 -14.7200
v 12.5000 1.9870 -13.8000
v 12.5000 2.1461 -12.8800
v 12.5000 2.3371 -11.9600
v 12.5000 2.5856 -11.0400
v 12.5000 2.9152 -10.1200
v 12.5000 3.3343 -9.2000
v 12.5000 3.8229 -8.2800
v 12.5000 4.3311 -7.3600
v 12.5000 4.7991 -6.4400
v 12.5000 5.1853 -5.5200
v 12.5000 5.4868 -4.6000
v 12.5000 5.7440 -3.6800
v 12.5000 6.0209 -2.7600
v 12.5000 6.3545 -1.8400
v 12.5000 6.7099 -0.9200
v 12.5000 7.0058 0.0000
v 12.5000 7.1786 0.9200
v 12.5000 7.2024 1.8400
v 12.5000 7.0719 2.7600
v 12.5000 6.7922 3.6800
v 12.5000 6.3894 4.6000
v 12.5000 5.9222 5.5200
v 12.5000 5.4665 6.4400
v 12.5000 5.0739 7.3600
v 12.5000 4.7484 8.2800
v 12.5000 4.4623 9.2000
v 12.5000 4.1841 10.1200
v 12.5000 3.8936 11.0400
v 12.5000 3.5853 11.9600
v 12.5000 3.2640 12.8800
v 12.5000 2.9395 13.8000
v 12.5000 2.6229 14.7200
v 12.5000 2.3230 15.6400
v 12.5000 2.0458 16.5600
v 12.5000 1.7939 17.4800
v 12.5000 1.5677 18.4000
v 12.5000 1.3662 19.3200
v 12.5000 1.1880 20.2400
v 12.5000 1.0321 21.1600
v 12.5000 0.8980 22.0800
v 12.5000 0.7863 23.0000
v 12.5000 0.6983 23.9200
v 12.5000 0.6364 24.8400
v 12.5000 0.6040 25.7600
v 12.5000 0.4617 26.6800
v 12.5000 0.1909 27.6000
v 12.5000 -0.0875 28.5200
v 12.5000 -0.3736 29.4400
v 12.5000 -0.6675 30.3600
v 12.5000 -0.9691 31.2800
v 12.5000 -1.2783 32.2000
v 12.5000 -1.5948 33.1200
v 12.5000 -1.9185 34.0400
v 12.5000 -2.2490 34.9600
v 12.5000 -2.5000 35.8800
v 12.5000 -2.5000 36.8000
v 12.5000 -2.5000 37.7200
v 12.5000 -2.5000 38.6400
v 12.5000 -2.5000 39.5600
v 12.5000 -2.5000 40.4800
v 12.5000 -2.5000 41.4000
v 12.5000 -2.5000 42.3200
v 12.5000 -2.5000 43.2400
v 12.5000 -2.5000 44.1600
v 12.5000 -2.5000 45.0800
v 12.5000 -2.5000 46.0000
v 13.3333 -2.5000 -46.0000
v 13.3333 -2.5000 -45.0800
v 13.3333 -2.5000 -44.1600
v 13.3333 -2.5000 -43.2400
v 13.3333 -2.5000 -42.3200
v 13.3333 -2.5000 -41.4000
v 13.3333 -2.5000 -40.4800
v 13.3333 -2.5000 -39.5600
v 13.3333 -2.5000 -38.6400
v 13.3333 -2.5000 -37.7200
v 13.3333 -2.5000 -36.8000
v 13.3333 -2.5000 -35.8800
v 13.3333 -2.5000 -34.9600
v 13.3333 -2.5000 -34.0400
v 13.3333 -2.4434 -33.1200
v 13.3333 -2.1561 -32.2000
v 13.3333 -1.8658 -31.2800
v 13.3333 -1.5728 -30.3600
v 13.3333 -1.2776 -29.4400
v 13.3333 -0.9808 -28.5200
v 13.3333 -0.6832 -27.6000
v 13.3333 -0.3859 -26.6800
v 13.3333 -0.0901 -25.7600
v 13.3333 0.2025 -24.8400
v 13.3333 0.4901 -23.9200
v 13.3333 0.6074 -23.0000
v 13.3333 0.6485 -22.0800
v 13.3333 0.7200 -21.1600
v 13.3333 0.8148 -20.2400
v 13.3333 0.9257 -19.3200
v 13.3333 1.0460 -18.4000
v 13.3333 1.1698 -17.4800
v 13.3333 1.2934 -16.5600
v 13.3333 1.4162 -15.6400
v 13.3333 1.5418 -14.7200
v 13.3333 1.6795 -13.8000
v 13.3333 1.8449 -12.8800
v 13.3333 2.0590 -11.9600
v 13.3333 2.3440 -11.0400
v 13.3333 2.7136 -10.1200
v 13.3333 3.1615 -9.2000
v 13.3333 3.6544 -8.2800
v 13.3333 4.1407 -7.3600
v 13.3333 4.5714 -6.4400
v 13.3333 4.9219 -5.5200
v 13.3333 5.2039 -4.6000
v 13.3333 5.4632 -3.6800
v 13.3333 5.7565 -2.7600
v 13.3333 6.1055 -1.8400
v 13.3333 6.4691 -0.9200
v 13.3333 6.7715 0.0000
v 13.3333 6.9550 0.9200
v 13.3333 6.9946 1.8400
v 13.3333 6.8843 2.7600
v 13.3333 6.6277 3.6800
v 13.3333 6.2438 4.6000
v 13.3333 5.7792 5.5200
v 13.3333 5.3022 6.4400
v 13.3333 4.8726 7.3600
v 13.3333 4.5129 8.2800
v 13.3333 4.2093 9.2000
v 13.3333 3.9324 10.1200
v 13.3333 3.6573 11.0400
v 13.3333 3.3707 11.9600
v 13.3333 3.0707 12.8800
v 13.3333 2.7635 13.8000
v 13.3333 2.4583 14.7200
v 13.3333 2.1650 15.6400
v 13.3333 1.8914 16.5600
v 13.3333 1.6426 17.4800
v 13.3333 1.4210 18.4000
v 13.3333 1.2272 19.3200
v 13.3333 1.0603 20.2400
v 13.3333 0.9195 21.1600
v 13.3333 0.8038 22.0800
v 13.3333 0.7130 23.0000
v 13.3333 0.6478 23.9200
v 13.3333 0.6096 24.8400
v 13.3333 0.5476 25.7600
v 13.3333 0.2955 26.6800
v 13.3333 0.0376 27.6000
v 13.3333 -0.2266 28.5200
v 13.3333 -0.4977 29.4400
v 13.3333 -0.7759 30.3600
v 13.3333 -1.0613 31.2800
v 13.3333 -1.3540 32.2000
v 13.3333 -1.6539 33.1200
v 13.3333 -1.9609 34.0400
v 13.3333 -2.2750 34.9600
v 13.3333 -2.5000 35.8800
v 13.3333 -2.5000 36.8000
v 13.3333 -2.5000 37.7200
v 13.3333 -2.5000 38.6400
v 13.3333 -2.5000 39.5600
v 13.3333 -2.5000 40.4800
v 13.3333 -2.5000 41.4000
v 13.3333 -2.5000 42.3200
v 13.3333 -2.5000 43.2400
v 13.3333 -2.5000 44.1600
v 13.3333 -2.5000 45.0800
v 13.3333 -2.5000 46.0000
v 14.1667 -2.5000 -46.0000
v 14.1667 -2.5000 -45.0800
v 14.1667 -2.5000 -44.1600
v 14.1667 -2.5000 -43.2400
v 14.1667 -2.5000 -42.3200
v 14.1667 -2.5000 -41.4000
v 14.1667 -2.5000 -40.4800
v 14.1667 -2.5000 -39.5600
v 14.1667 -2.5000 -38.6400
v 14.1667 -2.5000 -37.7200
v 14.1667 -2.5000 -36.8000
v 14.1667 -2.5000 -35.8800
v 14.1667 -2.5000 -34.9600
v 14.1667 -2.5000 -34.0400
v 14.1667 -2.5000 -33.1200
v 14.1667 -2.3102 -32.2000
v 14.1667 -2.0150 -31.2800
v 14.1667 -1.7182 -30.3600
v 14.1667 -1.4206 -29.4400
v 14.1667 -1.1232 -28.5200
v 14.1667 -0.8270 -27.6000
v 14.1667 -0.5334 -26.6800
v 14.1667 -0.2439 -25.7600
v 14.1667 0.0397 -24.8400
v 14.1667 0.3153 -23.9200
v 14.1667 0.5810 -23.0000
v 14.1667 0.6138 -22.0800
v 14.1667 0.6556 -21.1600
v 14.1667 0.7184 -20.2400
v 14.1667 0.7958 -19.3200
v 14.1667 0.8821 -18.4000
v 14.1667 0.9733 -17.4800
v 14.1667 1.0681 -16.5600
v 14.1667 1.1685 -15.6400
v 14.1667 1.2811 -14.7200
v 14.1667 1.4176 -13.8000
v 14.1667 1.5951 -12.8800
v 14.1667 1.8332 -11.9600
v 14.1667 2.1483 -11.0400
v 14.1667 2.5437 -10.1200
v 14.1667 3.0012 -9.2000
v 14.1667 3.4810 -8.2800
v 14.1667 3.9356 -7.3600
v 14.1667 4.3282 -6.4400
v 14.1667 4.6481 -5.5200
v 14.1667 4.9171 -4.6000
v 14.1667 5.1822 -3.6800
v 14.1667 5.4908 -2.7600
v 14.1667 5.8524 -1.8400
v 14.1667 6.2221 -0.9200
v 14.1667 6.5299 0.0000
v 14.1667 6.7231 0.9200
v 14.1667 6.7775 1.8400
v 14.1667 6.6865 2.7600
v 14.1667 6.4525 3.6800
v 14.1667 6.0899 4.6000
v 14.1667 5.6354 5.5200
v 14.1667 5.1481 6.4400
v 14.1667 4.6895 7.3600
v 14.1667 4.2956 8.2800
v 14.1667 3.9672 9.2000
v 14.1667 3.6823 10.1200
v 14.1667 3.4149 11.0400
v 14.1667 3.1463 11.9600
v 14.1667 2.8686 12.8800
v 14.1667 2.5826 13.8000
v 14.1667 2.2949 14.7200
v 14.1667 2.0145 15.6400
v 14.1667 1.7499 16.5600
v 14.1667 1.5080 17.4800
v 14.1667 1.2933 18.4000
v 14.1667 1.1078 19.3200
v 14.1667 0.9521 20.2400
v 14.1667 0.8255 21.1600
v 14.1667 0.7274 22.0800
v 14.1667 0.6570 23.0000
v 14.1667 0.6143 23.9200
v 14.1667 0.5971 24.8400
v 14.1667 0.3550 25.7600
v 14.1667 0.1103 26.6800
v 14.1667 -0.1382 27.6000
v 14.1667 -0.3914 28.5200
v 14.1667 -0.6502 29.4400
v 14.1667 -0.9150 30.3600
v 14.1667 -1.1863 31.2800
v 14.1667 -1.4643 32.2000
v 14.1667 -1.7490 33.1200
v 14.1667 -2.0407 34.0400
v 14.1667 -2.3391 34.9600
v 14.1667 -2.5000 35.8800
v 14.1667 -2.5000 36.8000
v 14.1667 -2.5000 37.7200
v 14.1667 -2.5000 38.6400
v 14.1667 -2.5000 39.5600
v 14.1667 -2.5000 40.4800
v 14.1667 -2.5000 41.4000
v 14.1667 -2.5000 42.3200
v 14.1667 -2.5000 43.2400
v 14.1667 -2.5000 44.1600
v 14.1667 -2.5000 45.0800
v 14.1667 -2.5000 46.0000
v 15.0000 -2.5000 -46.0000
v 15.0000 -2.5000 -45.0800
v 15.0000 -2.5000 -44.1600
v 15.0000 -2.5000 -43.2400
v 15.0000 -2.5000 -42.3200
v 15.0000 -2.5000 -41.4000
v 15.0000 -2.5000 -40.4800
v 15.0000 -2.5000 -39.5600
v 15.0000 -2.5000 -38.6400
v 15.0000 -2.5000 -37.7200
v 15.0000 -2.5000 -36.8000
v 15.0000 -2.5000 -35.8800
v 15.0000 -2.5000 -34.9600
v 15.0000 -2.5000 -34.0400
v 15.0000 -2.5000 -33.1200
v 15.0000 -2.4556 -32.2000
v 15.0000 -2.1580 -31.2800
v 15.0000 -1.8605 -30.3600
v 15.0000 -1.5640 -29.4400
v 15.0000 -1.2696 -28.5200
v 15.0000 -0.9786 -27.6000
v 15.0000 -0.6927 -26.6800
v 15.0000 -0.4135 -25.7600
v 15.0000 -0.1428 -24.8400
v 15.0000 0.1173 -23.9200
v 15.0000 0.3650 -23.0000
v 15.0000 0.5985 -22.0800
v 15.0000 0.6118 -21.1600
v 15.0000 0.6434 -20.2400
v 15.0000 0.6891 -19.3200
v 15.0000 0.7448 -18.4000
v 15.0000 0.8080 -17.4800
v 15.0000 0.8795 -16.5600
v 15.0000 0.9631 -15.6400
v 15.0000 1.0675 -14.7200
v 15.0000 1.2058 -13.8000
v 15.0000 1.3949 -12.8800
v 15.0000 1.6519 -11.9600
v 15.0000 1.9864 -11.0400
v 15.0000 2.3924 -10.1200
v 15.0000 2.8433 -9.2000
v 15.0000 3.2983 -8.2800
v 15.0000 3.7166 -7.3600
v 15.0000 4.0731 -6.4400
v 15.0000 4.3681 -5.5200
v 15.0000 4.6294 -4.6000
v 15.0000 4.9022 -3.6800
v 15.0000 5.2245 -2.7600
v 15.0000 5.5958 -1.8400
v 15.0000 5.9698 -0.9200
v 15.0000 6.2821 0.0000
v 15.0000 6.4839 0.9200
v 15.0000 6.5521 1.8400
v 15.0000 6.4794 2.7600
v 15.0000 6.2674 3.6800
v 15.0000 5.9271 4.6000
v 15.0000 5.4878 5.5200
v 15.0000 4.9996 6.4400
v 15.0000 4.5213 7.3600
v 15.0000 4.0971 8.2800
v 15.0000 3.7410 9.2000
v 15.0000 3.4408 10.1200
v 15.0000 3.1732 11.0400
v 15.0000 2.9170 11.9600
v 15.0000 2.6592 12.8800
v 15.0000 2.3956 13.8000
v 15.0000 2.1292 14.7200
v 15.0000 1.8666 15.6400
v 15.0000 1.6163 16.5600
v 15.0000 1.3858 17.4800
v 15.0000 1.1811 18.4000
v 15.0000 1.0061 19.3200
v 15.0000 0.8625 20.2400
v 15.0000 0.7507 21.1600
v 15.0000 0.6701 22.0800
v 15.0000 0.6202 23.0000
v 15.0000 0.6004 23.9200
v 15.0000 0.3961 24.8400
v 15.0000 0.1552 25.7600
v 15.0000 -0.0860 26.6800
v 15.0000 -0.3289 27.6000
v 15.0000 -0.5746 28.5200
v 15.0000 -0.8242 29.4400
v 15.0000 -1.0785 30.3600
v 15.0000 -1.3381 31.2800
v 15.0000 -1.6035 32.2000
v 15.0000 -1.8749 33.1200
v 15.0000 -2.1527 34.0400
v 15.0000 -2.4369 34.9600
v 15.0000 -2.5000 35.8800
v 15.0000 -2.5000 36.8000
v 15.0000 -2.5000 37.7200
v 15.0000 -2.5000 38.6400
v 15.0000 -2.5000 39.5600
v 15.0000 -2.5000 40.4800
v 15.0000 -2.5000 41.4000
v 15.0000 -2.5000 42.3200
v 15.0000 -2.5000 43.2400
v 15.0000 -2.5000 44.1600
v 15.0000 -2.5000 45.0800
v 15.0000 -2.5000 46.0000
v 15.8333 -2.5000 -46.0000
v 15.8333 -2.5000 -45.0800
v 15.8333 -2.5000 -44.1600
v 15.8333 -2.5000 -43.2400
v 15.8333 -2.5000 -42.3200
v 15.8333 -2.5000 -41.4000
v 15.8333 -2.5000 -40.4800
v 15.8333 -2.5000 -39.5600
v 15.8333 -2.5000 -38.6400
v 15.8333 -2.5000 -37.7200
v 15.8333 -2.5000 -36.8000
v 15.8333 -2.5000 -35.8800
v 15.8333 -2.5000 -34.9600
v 15.8333 -2.5000 -34.0400
v 15.8333 -2.5000 -33.1200
v 15.8333 -2.5000 -32.2000
v 15.8333 -2.3011 -31.2800
v 15.8333 -2.0060 -30.3600
v 15.8333 -1.7139 -29.4400
v 15.8333 -1.4261 -28.5200
v 15.8333 -1.1440 -27.6000
v 15.8333 -0.8693 -26.6800
v 15.8333 -0.6036 -25.7600
v 15.8333 -0.3488 -24.8400
v 15.8333 -0.1065 -23.9200
v 15.8333 0.1217 -23.0000
v 15.8333 0.3348 -22.0800
v 15.8333 0.5320 -21.1600
v 15.8333 0.6033 -20.2400
v 15.8333 0.6200 -19.3200
v 15.8333 0.6481 -18.4000
v 15.8333 0.6868 -17.4800
v 15.8333 0.7378 -16.5600
v 15.8333 0.8066 -15.6400
v 15.8333 0.9030 -14.7200
v 15.8333 1.0410 -13.8000
v 15.8333 1.2371 -12.8800
v 15.8333 1.5047 -11.9600
v 15.8333 1.8469 -11.0400
v 15.8333 2.2496 -10.1200
v 15.8333 2.6818 -9.2000
v 15.8333 3.1050 -8.2800
v 15.8333 3.4862 -7.3600
v 15.8333 3.8103 -6.4400
v 15.8333 4.0857 -5.5200
v 15.8333 4.3433 -4.6000
v 15.8333 4.6245 -3.6800
v 15.8333 4.9582 -2.7600
v 15.8333 5.3366 -1.8400
v 15.8333 5.7132 -0.9200
v 15.8333 6.0288 0.0000
v 15.8333 6.2383 0.9200
v 15.8333 6.3192 1.8400
v 15.8333 6.2640 2.7600
v 15.8333 6.0731 3.6800
v 15.8333 5.7556 4.6000
v 15.8333 5.3349 5.5200
v 15.8333 4.8530 6.4400
v 15.8333 4.3642 7.3600
v 15.8333 3.9161 8.2800
v 15.8333 3.5330 9.2000
v 15.8333 3.2132 10.1200
v 15.8333 2.9389 11.0400
v 15.8333 2.6887 11.9600
v 15.8333 2.4467 12.8800
v 15.8333 2.2042 13.8000
v 15.8333 1.9602 14.7200
v 15.8333 1.7188 15.6400
v 15.8333 1.4868 16.5600
v 15.8333 1.2720 17.4800
v 15.8333 1.0810 18.4000
v 15.8333 0.9191 19.3200
v 15.8333 0.7894 20.2400
v 15.8333 0.6933 21.1600
v 15.8333 0.6311 22.0800
v 15.8333 0.6023 23.0000
v 15.8333 0.4444 23.9200
v 15.8333 0.1978 24.8400
v 15.8333 -0.0455 25.7600
v 15.8333 -0.2868 26.6800
v 15.8333 -0.5277 27.6000
v 15.8333 -0.7694 28.5200
v 15.8333 -1.0131 29.4400
v 15.8333 -1.2599 30.3600
v 15.8333 -1.5106 31.2800
v 15.8333 -1.7658 32.2000
v 15.8333 -2.0261 33.1200
v 15.8333 -2.2919 34.0400
v 15.8333 -2.5000 34.9600
v 15.8333 -2.5000 35.8800
v 15.8333 -2.5000 36.8000
v 15.8333 -2.5000 37.7200
v 15.8333 -2.5000 38.6400
v 15.8333 -2.5000 39.5600
v 15.8333 -2.5000 40.4800
v 15.8333 -2.5000 41.4000
v 15.8333 -2.5000 42.3200
v 15.8333 -2.5000 43.2400
v 15.8333 -2.5000 44.1600
v 15.8333 -2.5000 45.0800
v 15.8333 -2.5000 46.0000
v 16.6667 -2.5000 -46.0000
v 16.6667 -2.5000 -45.0800
v 16.6667 -2.5000 -44.1600
v 16.6667 -2.5000 -43.2400
v 16.6667 -2.5000 -42.3200
v 16.6667 -2.5000 -41.4000
v 16.6667 -2.5000 -40.4800
v 16.6667 -2.5000 -39.5600
v 16.6667 -2.5000 -38.6400
v 16.6667 -2.5000 -37.7200
v 16.6667 -2.5000 -36.8000
v 16.6667 -2.5000 -35.8800
v 16.6667 -2.5000 -34.9600
v 16.6667 -2.5000 -34.0400
v 16.6667 -2.5000 -33.1200
v 16.6667 -2.5000 -32.2000
v 16.6667 -2.4496 -31.2800
v 16.6667 -2.1603 -30.3600
v 16.6667 -1.8758 -29.4400
v 16.6667 -1.5978 -28.5200
v 16.6667 -1.3276 -27.6000
v 16.6667 -1.0669 -26.6800
v 16.6667 -0.8172 -25.7600
v 16.6667 -0.5800 -24.8400
v 16.6667 -0.3565 -23.9200
v 16.6667 -0.1478 -23.0000
v 16.6667 0.0459 -22.0800
v 16.6667 0.2252 -21.1600
v 16.6667 0.3918 -20.2400
v 16.6667 0.5493 -19.3200
v 16.6667 0.6027 -18.4000
v 16.6667 0.6172 -17.4800
v 16.6667 0.6470 -16.5600
v 16.6667 0.6986 -15.6400
v 16.6667 0.7834 -14.7200
v 16.6667 0.9161 -13.8000
v 16.6667 1.1124 -12.8800
v 16.6667 1.3817 -11.9600
v 16.6667 1.7205 -11.0400
v 16.6667 2.1088 -10.1200
v 16.6667 2.5143 -9.2000
v 16.6667 2.9023 -8.2800
v 16.6667 3.2478 -7.3600
v 16.6667 3.5437 -6.4400
v 16.6667 3.8041 -5.5200
v 16.6667 4.0606 -4.6000
v 16.6667 4.3499 -3.6800
v 16.6667 4.6926 -2.7600
v 16.6667 5.0755 -1.8400
v 16.6667 5.4533 -0.9200
v 16.6667 5.7710 0.0000
v 16.6667 5.9873 0.9200
v 16.6667 6.0799 1.8400
v 16.6667 6.0411 2.7600
v 16.6667 5.8706 3.6800
v 16.6667 5.5758 4.6000
v 16.6667 5.1757 5.5200
v 16.6667 4.7057 6.4400
v 16.6667 4.2143 7.3600
v 16.6667 3.7497 8.2800
v 16.6667 3.3432 9.2000
v 16.6667 3.0026 10.1200
v 16.6667 2.7168 11.0400
v 16.6667 2.4671 11.9600
v 16.6667 2.2359 12.8800
v 16.6667 2.0116 13.8000
v 16.6667 1.7895 14.7200
v 16.6667 1.5706 15.6400
v 16.6667 1.3598 16.5600
v 16.6667 1.1639 17.4800
v 16.6667 0.9899 18.4000
v 16.6667 0.8439 19.3200
v 16.6667 0.7301 20.2400
v 16.6667 0.6513 21.1600
v 16.6667 0.6085 22.0800
v 16.6667 0.5181 23.0000
v 16.6667 0.2592 23.9200
v 16.6667 0.0061 24.8400
v 16.6667 -0.2422 25.7600
v 16.6667 -0.4867 26.6800
v 16.6667 -0.7288 27.6000
v 16.6667 -0.9697 28.5200
v 16.6667 -1.2108 29.4400
v 16.6667 -1.4531 30.3600
v 16.6667 -1.6977 31.2800
v 16.6667 -1.9454 32.2000
v 16.6667 -2.1971 33.1200
v 16.6667 -2.4531 34.0400
v 16.6667 -2.5000 34.9600
v 16.6667 -2.5000 35.8800
v 16.6667 -2.5000 36.8000
v 16.6667 -2.5000 37.7200
v 16.6667 -2.5000 38.6400
v 16.6667 -2.5000 39.5600
v 16.6667 -2.5000 40.4800
v 16.6667 -2.5000 41.4000
v 16.6667 -2.5000 42.3200
v 16.6667 -2.5000 43.2400
v 16.6667 -2.5000 44.1600
v 16.6667 -2.5000 45.0800
v 16.6667 -2.5000 46.0000
v 17.5000 -2.5000 -46.0000
v 17.5000 -2.5000 -45.0800
v 17.5000 -2.5000 -44.1600
v 17.5000 -2.5000 -43.2400
v 17.5000 -2.5000 -42.3200
v 17.5000 -2.5000 -41.4000
v 17.5000 -2.5000 -40.4800
v 17.5000 -2.5000 -39.5600
v 17.5000 -2.5000 -38.6400
v 17.5000 -2.5000 -37.7200
v 17.5000 -2.5000 -36.8000
v 17.5000 -2.5000 -35.8800
v 17.5000 -2.5000 -34.9600
v 17.5000 -2.5000 -34.0400
v 17.5000 -2.5000 -33.1200
v 17.5000 -2.5000 -32.2000
v 17.5000 -2.5000 -31.2800
v 17.5000 -2.3279 -30.3600
v 17.5000 -2.0539 -29.4400
v 17.5000 -1.7883 -28.5200
v 17.5000 -1.5323 -27.6000
v 17.5000 -1.2875 -26.6800
v 17.5000 -1.0551 -25.7600
v 17.5000 -0.8362 -24.8400
v 17.5000 -0.6314 -23.9200
v 17.5000 -0.4408 -23.0000
v 17.5000 -0.2638 -22.0800
v 17.5000 -0.0985 -21.1600
v 17.5000 0.0585 -20.2400
v 17.5000 0.2124 -19.3200
v 17.5000 0.3705 -18.4000
v 17.5000 0.5421 -17.4800
v 17.5000 0.6048 -16.5600
v 17.5000 0.6339 -15.6400
v 17.5000 0.7013 -14.7200
v 17.5000 0.8228 -13.8000
v 17.5000 1.0123 -12.8800
v 17.5000 1.2748 -11.9600
v 17.5000 1.6009 -11.0400
v 17.5000 1.9667 -10.1200
v 17.5000 2.3404 -9.2000
v 17.5000 2.6925 -8.2800
v 17.5000 3.0049 -7.3600
v 17.5000 3.2769 -6.4400
v 17.5000 3.5259 -5.5200
v 17.5000 3.7829 -4.6000
v 17.5000 4.0791 -3.6800
v 17.5000 4.4284 -2.7600
v 17.5000 4.8135 -1.8400
v 17.5000 5.1908 -0.9200
v 17.5000 5.5098 0.0000
v 17.5000 5.7317 0.9200
v 17.5000 5.8351 1.8400
v 17.5000 5.8117 2.7600
v 17.5000 5.6608 3.6800
v 17.5000 5.3883 4.6000
v 17.5000 5.0100 5.5200
v 17.5000 4.5558 6.4400
v 17.5000 4.0686 7.3600
v 17.5000 3.5948 8.2800
v 17.5000 3.1700 9.2000
v 17.5000 2.8099 10.1200
v 17.5000 2.5105 11.0400
v 17.5000 2.2569 11.9600
v 17.5000 2.0320 12.8800
v 17.5000 1.8223 13.8000
v 17.5000 1.6200 14.7200
v 17.5000 1.4234 15.6400
v 17.5000 1.2351 16.5600
v 17.5000 1.0604 17.4800
v 17.5000 0.9061 18.4000
v 17.5000 0.7784 19.3200
v 17.5000 0.6826 20.2400
v 17.5000 0.6225 21.1600
v 17.5000 0.6001 22.0800
v 17.5000 0.3502 23.0000
v 17.5000 0.0837 23.9200
v 17.5000 -0.1768 24.8400
v 17.5000 -0.4317 25.7600
v 17.5000 -0.6815 26.6800
v 17.5000 -0.9274 27.6000
v 17.5000 -1.1704 28.5200
v 17.5000 -1.4117 29.4400
v 17.5000 -1.6526 30.3600
v 17.5000 -1.8940 31.2800
v 17.5000 -2.1370 32.2000
v 17.5000 -2.3825 33.1200
v 17.5000 -2.5000 34.0400
v 17.5000 -2.5000 34.9600
v 17.5000 -2.5000 35.8800
v 17.5000 -2.5000 36.8000
v 17.5000 -2.5000 37.7200
v 17.5000 -2.5000 38.6400
v 17.5000 -2.5000 39.5600
v 17.5000 -2.5000 40.4800
v 17.5000 -2.5000 41.4000
v 17.5000 -2.5000 42.3200
v 17.5000 -2.5000 43.2400
v 17.5000 -2.5000 44.1600
v 17.5000 -2.5000 45.0800
v 17.5000 -2.5000 46.0000
v 18.3333 -2.5000 -46.0000
v 18.3333 -2.5000 -45.0800
v 18.3333 -2.5000 -44.1600
v 18.3333 -2.5000 -43.2400
v 18.3333 -2.5000 -42.3200
v 18.3333 -2.5000 -41.4000
v 18.3333 -2.5000 -40.4800
v 18.3333 -2.5000 -39.5600
v 18.3333 -2.5000 -38.6400
v 18.3333 -2.5000 -37.7200
v 18.3333 -2.5000 -36.8000
v 18.3333 -2.5000 -35.8800
v 18.3333 -2.5000 -34.9600
v 18.3333 -2.5000 -34.0400
v 18.3333 -2.5000 -33.1200
v 18.3333 -2.5000 -32.2000
v 18.3333 -2.5000 -31.2800
v 18.3333 -2.5000 -30.3600
v 18.3333 -2.2512 -29.4400
v 18.3333 -1.9998 -28.5200
v 18.3333 -1.7597 -27.6000
v 18.3333 -1.5317 -26.6800
v 18.3333 -1.3169 -25.7600
v 18.3333 -1.1157 -24.8400
v 18.3333 -0.9280 -23.9200
v 18.3333 -0.7531 -23.0000
v 18.3333 -0.5889 -22.0800
v 18.3333 -0.4323 -21.1600
v 18.3333 -0.2784 -20.2400
v 18.3333 -0.1205 -19.3200
v 18.3333 0.0497 -18.4000
v 18.3333 0.2422 -17.4800
v 18.3333 0.4666 -16.5600
v 18.3333 0.6044 -15.6400
v 18.3333 0.6484 -14.7200
v 18.3333 0.7530 -13.8000
v 18.3333 0.9296 -12.8800
v 18.3333 1.1781 -11.9600
v 18.3333 1.4842 -11.0400
v 18.3333 1.8219 -10.1200
v 18.3333 2.1616 -9.2000
v 18.3333 2.4788 -8.2800
v 18.3333 2.7612 -7.3600
v 18.3333 3.0130 -6.4400
v 18.3333 3.2534 -5.5200
v 18.3333 3.5114 -4.6000
v 18.3333 3.8130 -3.6800
v 18.3333 4.1661 -2.7600
v 18.3333 4.5514 -1.8400
v 18.3333 4.9269 -0.9200
v 18.3333 5.2461 0.0000
v 18.3333 5.4726 0.9200
v 18.3333 5.5857 1.8400
v 18.3333 5.5768 2.7600
v 18.3333 5.4445 3.6800
v 18.3333 5.1938 4.6000
v 18.3333 4.8379 5.5200
v 18.3333 4.4022 6.4400
v 18.3333 3.9244 7.3600
v 18.3333 3.4482 8.2800
v 18.3333 3.0111 9.2000
v 18.3333 2.6346 10.1200
v 18.3333 2.3215 11.0400
v 18.3333 2.0616 11.9600
v 18.3333 1.8393 12.8800
v 18.3333 1.6405 13.8000
v 18.3333 1.4555 14.7200
v 18.3333 1.2800 15.6400
v 18.3333 1.1142 16.5600
v 18.3333 0.9620 17.4800
v 18.3333 0.8291 18.4000
v 18.3333 0.7217 19.3200
v 18.3333 0.6456 20.2400
v 18.3333 0.6055 21.1600
v 18.3333 0.4678 22.0800
v 18.3333 0.1904 23.0000
v 18.3333 -0.0826 23.9200
v 18.3333 -0.3504 24.8400
v 18.3333 -0.6124 25.7600
v 18.3333 -0.8688 26.6800
v 18.3333 -1.1203 27.6000
v 18.3333 -1.3676 28.5200
v 18.3333 -1.6117 29.4400
v 18.3333 -1.8536 30.3600
v 18.3333 -2.0946 31.2800
v 18.3333 -2.3355 32.2000
v 18.3333 -2.5000 33.1200
v 18.3333 -2.5000 34.0400
v 18.3333 -2.5000 34.9600
v 18.3333 -2.5000 35.8800
v 18.3333 -2.5000 36.8000
v 18.3333 -2.5000 37.7200
v 18.3333 -2.5000 38.6400
v 18.3333 -2.5000 39.5600
v 18.3333 -2.5000 40.4800
v 18.3333 -2.5000 41.4000
v 18.3333 -2.5000 42.3200
v 18.3333 -2.5000 43.2400
v 18.3333 -2.5000 44.1600
v 18.3333 -2.5000 45.0800
v 18.3333 -2.5000 46.0000
v 19.1667 -2.5000 -46.0000
v 19.1667 -2.5000 -45.0800
v 19.1667 -2.5000 -44.1600
v 19.1667 -2.5000 -43.2400
v 19.1667 -2.5000 -42.3200
v 19.1667 -2.5000 -41.4000
v 19.1667 -2.5000 -40.4800
v 19.1667 -2.5000 -39.5600
v 19.1667 -2.5000 -38.6400
v 19.1667 -2.5000 -37.7200
v 19.1667 -2.5000 -36.8000
v 19.1667 -2.5000 -35.8800
v 19.1667 -2.5000 -34.9600
v 19.1667 -2.5000 -34.0400
v 19.1667 -2.5000 -33.1200
v 19.1667 -2.5000 -32.2000
v 19.1667 -2.5000 -31.2800
v 19.1667 -2.5000 -30.3600
v 19.1667 -2.4692 -29.4400
v 19.1667 -2.2335 -28.5200
v 19.1667 -2.0097 -27.6000
v 19.1667 -1.7987 -26.6800
v 19.1667 -1.6008 -25.7600
v 19.1667 -1.4157 -24.8400
v 19.1667 -1.2425 -23.9200
v 19.1667 -1.0794 -23.0000
v 19.1667 -0.9231 -22.0800
v 19.1667 -0.7692 -21.1600
v 19.1667 -0.6116 -20.2400
v 19.1667 -0.4424 -19.3200
v 19.1667 -0.2529 -18.4000
v 19.1667 -0.0340 -17.4800
v 19.1667 0.2225 -16.5600
v 19.1667 0.5214 -15.6400
v 19.1667 0.6174 -14.7200
v 19.1667 0.7007 -13.8000
v 19.1667 0.8592 -12.8800
v 19.1667 1.0880 -11.9600
v 19.1667 1.3688 -11.0400
v 19.1667 1.6751 -10.1200
v 19.1667 1.9802 -9.2000
v 19.1667 2.2643 -8.2800
v 19.1667 2.5200 -7.3600
v 19.1667 2.7547 -6.4400
v 19.1667 2.9883 -5.5200
v 19.1667 3.2471 -4.6000
v 19.1667 3.5521 -3.6800
v 19.1667 3.9067 -2.7600
v 19.1667 4.2900 -1.8400
v 19.1667 4.6624 -0.9200
v 19.1667 4.9807 0.0000
v 19.1667 5.2109 0.9200
v 19.1667 5.3328 1.8400
v 19.1667 5.3373 2.7600
v 19.1667 5.2227 3.6800
v 19.1667 4.9931 4.6000
v 19.1667 4.6597 5.5200
v 19.1667 4.2443 6.4400
v 19.1667 3.7802 7.3600
v 19.1667 3.3074 8.2800
v 19.1667 2.8638 9.2000
v 19.1667 2.4752 10.1200
v 19.1667 2.1500 11.0400
v 19.1667 1.8829 11.9600
v 19.1667 1.6610 12.8800
v 19.1667 1.4703 13.8000
v 19.1667 1.2999 14.7200
v 19.1667 1.1436 15.6400
v 19.1667 0.9997 16.5600
v 19.1667 0.8702 17.4800
v 19.1667 0.7597 18.4000
v 19.1667 0.6740 19.3200
v 19.1667 0.6190 20.2400
v 19.1667 0.5969 21.1600
v 19.1667 0.3165 22.0800
v 19.1667 0.0363 23.0000
v 19.1667 -0.2415 23.9200
v 19.1667 -0.5153 24.8400
v 19.1667 -0.7841 25.7600
v 19.1667 -1.0475 26.6800
v 19.1667 -1.3055 27.6000
v 19.1667 -1.5585 28.5200
v 19.1667 -1.8072 29.4400
v 19.1667 -2.0525 30.3600
v 19.1667 -2.2953 31.2800
v 19.1667 -2.5000 32.2000
v 19.1667 -2.5000 33.1200
v 19.1667 -2.5000 34.0400
v 19.1667 -2.5000 34.9600
v 19.1667 -2.5000 35.8800
v 19.1667 -2.5000 36.8000
v 19.1667 -2.5000 37.7200
v 19.1667 -2.5000 38.6400
v 19.1667 -2.5000 39.5600
v 19.1667 -2.5000 40.4800
v 19.1667 -2.5000 41.4000
v 19.1667 -2.5000 42.3200
v 19.1667 -2.5000 43.2400
v 19.1667 -2.5000 44.1600
v 19.1667 -2.5000 45.0800
v 19.1667 -2.5000 46.0000
v 20.0000 -2.5000 -46.0000
v 20.0000 -2.5000 -45.0800
v 20.0000 -2.5000 -44.1600
v 20.0000 -2.5000 -43.2400
v 20.0000 -2.5000 -42.3200
v 20.0000 -2.5000 -41.4000
v 20.0000 -2.5000 -40.4800
v 20.0000 -2.5000 -39.5600
v 20.0000 -2.5000 -38.6400
v 20.0000 -2.5000 -37.7200
v 20.0000 -2.5000 -36.8000
v 20.0000 -2.5000 -35.8800
v 20.0000 -2.5000 -34.9600
v 20.0000 -2.5000 -34.0400
v 20.0000 -2.5000 -33.1200
v 20.0000 -2.5000 -32.2000
v 20.0000 -2.5000 -31.2800
v 20.0000 -2.5000 -30.3600
v 20.0000 -2.5000 -29.4400
v 20.0000 -2.4889 -28.5200
v 20.0000 -2.2814 -27.6000
v 20.0000 -2.0864 -26.6800
v 20.0000 -1.9037 -25.7600
v 20.0000 -1.7321 -24.8400
v 20.0000 -1.5699 -23.9200
v 20.0000 -1.4140 -23.0000
v 20.0000 -1.2601 -22.0800
v 20.0000 -1.1026 -21.1600
v 20.0000 -0.9344 -20.2400
v 20.0000 -0.7475 -19.3200
v 20.0000 -0.5334 -18.4000
v 20.0000 -0.2846 -17.4800
v 20.0000 0.0044 -16.5600
v 20.0000 0.3347 -15.6400
v 20.0000 0.6027 -14.7200
v 20.0000 0.6614 -13.8000
v 20.0000 0.7979 -12.8800
v 20.0000 1.0025 -11.9600
v 20.0000 1.2545 -11.0400
v 20.0000 1.5279 -10.1200
v 20.0000 1.7990 -9.2000
v 20.0000 2.0523 -8.2800
v 20.0000 2.2843 -7.3600
v 20.0000 2.5044 -6.4400
v 20.0000 2.7322 -5.5200
v 20.0000 2.9908 -4.6000
v 20.0000 3.2971 -3.6800
v 20.0000 3.6508 -2.7600
v 20.0000 4.0303 -1.8400
v 20.0000 4.3983 -0.9200
v 20.0000 4.7147 0.0000
v 20.0000 4.9475 0.9200
v 20.0000 5.0771 1.8400
v 20.0000 5.0942 2.7600
v 20.0000 4.9964 3.6800
v 20.0000 4.7871 4.6000
v 20.0000 4.4760 5.5200
v 20.0000 4.0821 6.4400
v 20.0000 3.6345 7.3600
v 20.0000 3.1700 8.2800
v 20.0000 2.7256 9.2000
v 20.0000 2.3295 10.1200
v 20.0000 1.9951 11.0400
v 20.0000 1.7216 11.9600
v 20.0000 1.4990 12.8800
v 20.0000 1.3145 13.8000
v 20.0000 1.1567 14.7200
v 20.0000 1.0178 15.6400
v 20.0000 0.8946 16.5600
v 20.0000 0.7875 17.4800
v 20.0000 0.6997 18.4000
v 20.0000 0.6365 19.3200
v 20.0000 0.6035 20.2400
v 20.0000 0.4436 21.1600
v 20.0000 0.1655 22.0800
v 20.0000 -0.1149 23.0000
v 20.0000 -0.3952 23.9200
v 20.0000 -0.6734 24.8400
v 20.0000 -0.9478 25.7600
v 20.0000 -1.2176 26.6800
v 20.0000 -1.4823 27.6000
v 20.0000 -1.7417 28.5200
v 20.0000 -1.9962 29.4400
v 20.0000 -2.2463 30.3600
v 20.0000 -2.4928 31.2800
v 20.0000 -2.5000 32.2000
v 20.0000 -2.5000 33.1200
v 20.0000 -2.5000 34.0400
v 20.0000 -2.5000 34.9600
v 20.0000 -2.5000 35.8800
v 20.0000 -2.5000 36.8000
v 20.0000 -2.5000 37.7200
v 20.0000 -2.5000 38.6400
v 20.0000 -2.5000 39.5600
v 20.0000 -2.5000 40.4800
v 20.0000 -2.5000 41.4000
v 20.0000 -2.5000 42.3200
v 20.0000 -2.5000 43.2400
v 20.0000 -2.5000 44.1600
v 20.0000 -2.5000 45.0800
v 20.0000 -2.5000 46.0000
v 20.8333 -2.5000 -46.0000
v 20.8333 -2.5000 -45.0800
v 20.8333 -2.5000 -44.1600
v 20.8333 -2.5000 -43.2400
v 20.8333 -2.5000 -42.3200
v 20.8333 -2.5000 -41.4000
v 20.8333 -2.5000 -40.4800
v 20.8333 -2.5000 -39.5600
v 20.8333 -2.5000 -38.6400
v 20.8333 -2.5000 -37.7200
v 20.8333 -2.5000 -36.8000
v 20.8333 -2.5000 -35.8800
v 20.8333 -2.5000 -34.9600
v 20.8333 -2.5000 -34.0400
v 20.8333 -2.5000 -33.1200
v 20.8333 -2.5000 -32.2000
v 20.8333 -2.5000 -31.2800
v 20.8333 -2.5000 -30.3600
v 20.8333 -2.5000 -29.4400
v 20.8333 -2.5000 -28.5200
v 20.8333 -2.5000 -27.6000
v 20.8333 -2.3920 -26.6800
v 20.8333 -2.2219 -25.7600
v 20.8333 -2.0604 -24.8400
v 20.8333 -1.9048 -23.9200
v 20.8333 -1.7509 -23.0000
v 20.8333 -1.5936 -22.0800
v 20.8333 -1.4263 -21.1600
v 20.8333 -1.2417 -20.2400
v 20.8333 -1.0319 -19.3200
v 20.8333 -0.7898 -18.4000
v 20.8333 -0.5100 -17.4800
v 20.8333 -0.1902 -16.5600
v 20.8333 0.1671 -15.6400
v 20.8333 0.5546 -14.7200
v 20.8333 0.6325 -13.8000
v 20.8333 0.7440 -12.8800
v 20.8333 0.9213 -11.9600
v 20.8333 1.1424 -11.0400
v 20.8333 1.3824 -10.1200
v 20.8333 1.6209 -9.2000
v 20.8333 1.8459 -8.2800
v 20.8333 2.0568 -7.3600
v 20.8333 2.2641 -6.4400
v 20.8333 2.4863 -5.5200
v 20.8333 2.7435 -4.6000
v 20.8333 3.0488 -3.6800
v 20.8333 3.3992 -2.7600
v 20.8333 3.7732 -1.8400
v 20.8333 4.1356 -0.9200
v 20.8333 4.4490 0.0000
v 20.8333 4.6835 0.9200
v 20.8333 4.8198 1.8400
v 20.8333 4.8484 2.7600
v 20.8333 4.7664 3.6800
v 20.8333 4.5767 4.6000
v 20.8333 4.2876 5.5200
v 20.8333 3.9158 6.4400
v 20.8333 3.4869 7.3600
v 20.8333 3.0346 8.2800
v 20.8333 2.5942 9.2000
v 20.8333 2.1954 10.1200
v 20.8333 1.8552 11.0400
v 20.8333 1.5771 11.9600
v 20.8333 1.3543 12.8800
v 20.8333 1.1752 13.8000
v 20.8333 1.0285 14.7200
v 20.8333 0.9057 15.6400
v 20.8333 0.8020 16.5600
v 20.8333 0.7166 17.4800
v 20.8333 0.6515 18.4000
v 20.8333 0.6111 19.3200
v 20.8333 0.5522 20.2400
v 20.8333 0.2858 21.1600
v 20.8333 0.0123 22.0800
v 20.8333 -0.2659 23.0000
v 20.8333 -0.5463 23.9200
v 20.8333 -0.8267 24.8400
v 20.8333 -1.1051 25.7600
v 20.8333 -1.3802 26.6800
v 20.8333 -1.6509 27.6000
v 20.8333 -1.9167 28.5200
v 20.8333 -2.1775 29.4400
v 20.8333 -2.4334 30.3600
v 20.8333 -2.5000 31.2800
v 20.8333 -2.5000 32.2000
v 20.8333 -2.5000 33.1200
v 20.8333 -2.5000 34.0400
v 20.8333 -2.5000 34.9600
v 20.8333 -2.5000 35.8800
v 20.8333 -2.5000 36.8000
v 20.8333 -2.5000 37.7200
v 20.8333 -2.5000 38.6400
v 20.8333 -2.5000 39.5600
v 20.8333 -2.5000 40.4800
v 20.8333 -2.5000 41.4000
v 20.8333 -2.5000 42.3200
v 20.8333 -2.5000 43.2400
v 20.8333 -2.5000 44.1600
v 20.8333 -2.5000 45.0800
v 20.8333 -2.5000 46.0000
v 21.6667 -2.5000 -46.0000
v 21.6667 -2.5000 -45.0800
v 21.6667 -2.5000 -44.1600
v 21.6667 -2.5000 -43.2400
v 21.6667 -2.5000 -42.3200
v 21.6667 -2.5000 -41.4000
v 21.6667 -2.5000 -40.4800
v 21.6667 -2.5000 -39.5600
v 21.6667 -2.5000 -38.6400
v 21.6667 -2.5000 -37.7200
v 21.6667 -2.5000 -36.8000
v 21.6667 -2.5000 -35.8800
v 21.6667 -2.5000 -34.9600
v 21.6667 -2.5000 -34.0400
v 21.6667 -2.5000 -33.1200
v 21.6667 -2.5000 -32.2000
v 21.6667 -2.5000 -31.2800
v 21.6667 -2.5000 -30.3600
v 21.6667 -2.5000 -29.4400
v 21.6667 -2.5000 -28.5200
v 21.6667 -2.5000 -27.6000
v 21.6667 -2.5000 -26.6800
v 21.6667 -2.5000 -25.7600
v 21.6667 -2.3956 -24.8400
v 21.6667 -2.2418 -23.9200
v 21.6667 -2.0846 -23.0000
v 21.6667 -1.9181 -22.0800
v 21.6667 -1.7355 -21.1600
v 21.6667 -1.5296 -20.2400
v 21.6667 -1.2935 -19.3200
v 21.6667 -1.0220 -18.4000
v 21.6667 -0.7122 -17.4800
v 21.6667 -0.3652 -16.5600
v 21.6667 0.0136 -15.6400
v 21.6667 0.4145 -14.7200
v 21.6667 0.6127 -13.8000
v 21.6667 0.6970 -12.8800
v 21.6667 0.8451 -11.9600
v 21.6667 1.0342 -11.0400
v 21.6667 1.2414 -10.1200
v 21.6667 1.4491 -9.2000
v 21.6667 1.6481 -8.2800
v 21.6667 1.8400 -7.3600
v 21.6667 2.0355 -6.4400
v 21.6667 2.2517 -5.5200
v 21.6667 2.5059 -4.6000
v 21.6667 2.8078 -3.6800
v 21.6667 3.1528 -2.7600
v 21.6667 3.5195 -1.8400
v 21.6667 3.8750 -0.9200
v 21.6667 4.1846 0.0000
v 21.6667 4.4197 0.9200
v 21.6667 4.5617 1.8400
v 21.6667 4.6008 2.7600
v 21.6667 4.5338 3.6800
v 21.6667 4.3627 4.6000
v 21.6667 4.0951 5.5200
v 21.6667 3.7456 6.4400
v 21.6667 3.3370 7.3600
v 21.6667 2.8999 8.2800
v 21.6667 2.4678 9.2000
v 21.6667 2.0707 10.1200
v 21.6667 1.7286 11.0400
v 21.6667 1.4484 11.9600
v 21.6667 1.2266 12.8800
v 21.6667 1.0532 13.8000
v 21.6667 0.9172 14.7200
v 21.6667 0.8097 15.6400
v 21.6667 0.7248 16.5600
v 21.6667 0.6605 17.4800
v 21.6667 0.6178 18.4000
v 21.6667 0.6002 19.3200
v 21.6667 0.3804 20.2400
v 21.6667 0.1219 21.1600
v 21.6667 -0.1452 22.0800
v 21.6667 -0.4191 23.0000
v 21.6667 -0.6974 23.9200
v 21.6667 -0.9778 24.8400
v 21.6667 -1.2582 25.7600
v 21.6667 -1.5369 26.6800
v 21.6667 -1.8125 27.6000
v 21.6667 -2.0840 28.5200
v 21.6667 -2.3508 29.4400
v 21.6667 -2.5000 30.3600
v 21.6667 -2.5000 31.2800
v 21.6667 -2.5000 32.2000
v 21.6667 -2.5000 33.1200
v 21.6667 -2.5000 34.0400
v 21.6667 -2.5000 34.9600
v 21.6667 -2.5000 35.8800
v 21.6667 -2.5000 36.8000
v 21.6667 -2.5000 37.7200
v 21.6667 -2.5000 38.6400
v 21.6667 -2.5000 39.5600
v 21.6667 -2.5000 40.4800
v 21.6667 -2.5000 41.4000
v 21.6667 -2.5000 42.3200
v 21.6667 -2.5000 43.2400
v 21.6667 -2.5000 44.1600
v 21.6667 -2.5000 45.0800
v 21.6667 -2.5000 46.0000
v 22.5000 -2.5000 -46.0000
v 22.5000 -2.5000 -45.0800
v 22.5000 -2.5000 -44.1600
v 22.5000 -2.5000 -43.2400
v 22.5000 -2.5000 -42.3200
v 22.5000 -2.5000 -41.4000
v 22.5000 -2.5000 -40.4800
v 22.5000 -2.5000 -39.5600
v 22.5000 -2.5000 -38.6400
v 22.5000 -2.5000 -37.7200
v 22.5000 -2.5000 -36.8000
v 22.5000 -2.5000 -35.8800
v 22.5000 -2.5000 -34.9600
v 22.5000 -2.5000 -34.0400
v 22.5000 -2.5000 -33.1200
v 22.5000 -2.5000 -32.2000
v 22.5000 -2.5000 -31.2800
v 22.5000 -2.5000 -30.3600
v 22.5000 -2.5000 -29.4400
v 22.5000 -2.5000 -28.5200
v 22.5000 -2.5000 -27.6000
v 22.5000 -2.5000 -26.6800
v 22.5000 -2.5000 -25.7600
v 22.5000 -2.5000 -24.8400
v 22.5000 -2.5000 -23.9200
v 22.5000 -2.4098 -23.0000
v 22.5000 -2.2290 -22.0800
v 22.5000 -2.0265 -21.1600
v 22.5000 -1.7959 -20.2400
v 22.5000 -1.5320 -19.3200
v 22.5000 -1.2314 -18.4000
v 22.5000 -0.8944 -17.4800
v 22.5000 -0.5247 -16.5600
v 22.5000 -0.1302 -15.6400
v 22.5000 0.2780 -14.7200
v 22.5000 0.6019 -13.8000
v 22.5000 0.6576 -12.8800
v 22.5000 0.7753 -11.9600
v 22.5000 0.9323 -11.0400
v 22.5000 1.1078 -10.1200
v 22.5000 1.2864 -9.2000
v 22.5000 1.4616 -8.2800
v 22.5000 1.6359 -7.3600
v 22.5000 1.8200 -6.4400
v 22.5000 2.0293 -5.5200
v 22.5000 2.2786 -4.6000
v 22.5000 2.5749 -3.6800
v 22.5000 2.9124 -2.7600
v 22.5000 3.2703 -1.8400
v 22.5000 3.6177 -0.9200
v 22.5000 3.9223 0.0000
v 22.5000 4.1571 0.9200
v 22.5000 4.3038 1.8400
v 22.5000 4.3524 2.7600
v 22.5000 4.2994 3.6800
v 22.5000 4.1462 4.6000
v 22.5000 3.8995 5.5200
v 22.5000 3.5722 6.4400
v 22.5000 3.1849 7.3600
v 22.5000 2.7652 8.2800
v 22.5000 2.3449 9.2000
v 22.5000 1.9536 10.1200
v 22.5000 1.6133 11.0400
v 22.5000 1.3340 11.9600
v 22.5000 1.1150 12.8800
v 22.5000 0.9484 13.8000
v 22.5000 0.8236 14.7200
v 22.5000 0.7314 15.6400
v 22.5000 0.6651 16.5600
v 22.5000 0.6217 17.4800
v 22.5000 0.6013 18.4000
v 22.5000 0.4412 19.3200
v 22.5000 0.2013 20.2400
v 22.5000 -0.0487 21.1600
v 22.5000 -0.3084 22.0800
v 22.5000 -0.5763 23.0000
v 22.5000 -0.8505 23.9200
v 22.5000 -1.1288 24.8400
v 22.5000 -1.4092 25.7600
v 22.5000 -1.6897 26.6800
v 22.5000 -1.9686 27.6000
v 22.5000 -2.2447 28.5200
v 22.5000 -2.5000 29.4400
v 22.5000 -2.5000 30.3600
v 22.5000 -2.5000 31.2800
v 22.5000 -2.5000 32.2000
v 22.5000 -2.5000 33.1200
v 22.5000 -2.5000 34.0400
v 22.5000 -2.5000 34.9600
v 22.5000 -2.5000 35.8800
v 22.5000 -2.5000 36.8000
v 22.5000 -2.5000 37.7200
v 22.5000 -2.5000 38.6400
v 22.5000 -2.5000 39.5600
v 22.5000 -2.5000 40.4800
v 22.5000 -2.5000 41.4000
v 22.5000 -2.5000 42.3200
v 22.5000 -2.5000 43.2400
v 22.5000 -2.5000 44.1600
v 22.5000 -2.5000 45.0800
v 22.5000 -2.5000 46.0000
v 23.3333 -2.5000 -46.0000
v 23.3333 -2.5000 -45.0800
v 23.3333 -2.5000 -44.1600
v 23.3333 -2.5000 -43.2400
v 23.3333 -2.5000 -42.3200
v 23.3333 -2.5000 -41.4000
v 23.3333 -2.5000 -40.4800
v 23.3333 -2.5000 -39.5600
v 23.3333 -2.5000 -38.6400
v 23.3333 -2.5000 -37.7200
v 23.3333 -2.5000 -36.8000
v 23.3333 -2.5000 -35.8800
v 23.3333 -2.5000 -34.9600
v 23.3333 -2.5000 -34.0400
v 23.3333 -2.5000 -33.1200
v 23.3333 -2.5000 -32.2000
v 23.3333 -2.5000 -31.2800
v 23.3333 -2.5000 -30.3600
v 23.3333 -2.5000 -29.4400
v 23.3333 -2.5000 -28.5200
v 23.3333 -2.5000 -27.6000
v 23.3333 -2.5000 -26.6800
v 23.3333 -2.5000 -25.7600
v 23.3333 -2.5000 -24.8400
v 23.3333 -2.5000 -23.9200
v 23.3333 -2.5000 -23.0000
v 23.3333 -2.5000 -22.0800
v 23.3333 -2.2972 -21.1600
v 23.3333 -2.0401 -20.2400
v 23.3333 -1.7482 -19.3200
v 23.3333 -1.4207 -18.4000
v 23.3333 -1.0603 -17.4800
v 23.3333 -0.6731 -16.5600
v 23.3333 -0.2685 -15.6400
v 23.3333 0.1417 -14.7200
v 23.3333 0.5447 -13.8000
v 23.3333 0.6270 -12.8800
v 23.3333 0.7138 -11.9600
v 23.3333 0.8393 -11.0400
v 23.3333 0.9842 -10.1200
v 23.3333 1.1356 -9.2000
v 23.3333 1.2885 -8.2800
v 23.3333 1.4463 -7.3600
v 23.3333 1.6189 -6.4400
v 23.3333 1.8201 -5.5200
v 23.3333 2.0623 -4.6000
v 23.3333 2.3509 -3.6800
v 23.3333 2.6788 -2.7600
v 23.3333 3.0264 -1.8400
v 23.3333 3.3646 -0.9200
v 23.3333 3.6632 0.0000
v 23.3333 3.8967 0.9200
v 23.3333 4.0470 1.8400
v 23.3333 4.1042 2.7600
v 23.3333 4.0642 3.6800
v 23.3333 3.9280 4.6000
v 23.3333 3.7014 5.5200
v 23.3333 3.3962 6.4400
v 23.3333 3.0307 7.3600
v 23.3333 2.6303 8.2800
v 23.3333 2.2245 9.2000
v 23.3333 1.8426 10.1200
v 23.3333 1.5076 11.0400
v 23.3333 1.2322 11.9600
v 23.3333 1.0184 12.8800
v 23.3333 0.8602 13.8000
v 23.3333 0.7478 14.7200
v 23.3333 0.6716 15.6400
v 23.3333 0.6243 16.5600
v 23.3333 0.6021 17.4800
v 23.3333 0.4720 18.4000
v 23.3333 0.2477 19.3200
v 23.3333 0.0155 20.2400
v 23.3333 -0.2264 21.1600
v 23.3333 -0.4780 22.0800
v 23.3333 -0.7389 23.0000
v 23.3333 -1.0074 23.9200
v 23.3333 -1.2819 24.8400
v 23.3333 -1.5603 25.7600
v 23.3333 -1.8406 26.6800
v 23.3333 -2.1211 27.6000
v 23.3333 -2.4003 28.5200
v 23.3333 -2.5000 29.4400
v 23.3333 -2.5000 30.3600
v 23.3333 -2.5000 31.2800
v 23.3333 -2.5000 32.2000
v 23.3333 -2.5000 33.1200
v 23.3333 -2.5000 34.0400
v 23.3333 -2.5000 34.9600
v 23.3333 -2.5000 35.8800
v 23.3333 -2.5000 36.8000
v 23.3333 -2.5000 37.7200
v 23.3333 -2.5000 38.6400
v 23.3333 -2.5000 39.5600
v 23.3333 -2.5000 40.4800
v 23.3333 -2.5000 41.4000
v 23.3333 -2.5000 42.3200
v 23.3333 -2.5000 43.2400
v 23.3333 -2.5000 44.1600
v 23.3333 -2.5000 45.0800
v 23.3333 -2.5000 46.0000
v 24.1667 -2.5000 -46.0000
v 24.1667 -2.5000 -45.0800
v 24.1667 -2.5000 -44.1600
v 24.1667 -2.5000 -43.2400
v 24.1667 -2.5000 -42.3200
v 24.1667 -2.5000 -41.4000
v 24.1667 -2.5000 -40.4800
v 24.1667 -2.5000 -39.5600
v 24.1667 -2.5000 -38.6400
v 24.1667 -2.5000 -37.7200
v 24.1667 -2.5000 -36.8000
v 24.1667 -2.5000 -35.8800
v 24.1667 -2.5000 -34.9600
v 24.1667 -2.5000 -34.0400
v 24.1667 -2.5000 -33.1200
v 24.1667 -2.5000 -32.2000
v 24.1667 -2.5000 -31.2800
v 24.1667 -2.5000 -30.3600
v 24.1667 -2.5000 -29.4400
v 24.1667 -2.5000 -28.5200
v 24.1667 -2.5000 -27.6000
v 24.1667 -2.5000 -26.6800
v 24.1667 -2.5000 -25.7600
v 24.1667 -2.5000 -24.8400
v 24.1667 -2.5000 -23.9200
v 24.1667 -2.5000 -23.0000
v 24.1667 -2.5000 -22.0800
v 24.1667 -2.5000 -21.1600
v 24.1667 -2.2627 -20.2400
v 24.1667 -1.9444 -19.3200
v 24.1667 0.9922 -18.4000
v 24.1667 1.2818 -17.4800
v 24.1667 1.4398 -16.5600
v 24.1667 1.4556 -15.6400
v 24.1667 1.3279 -14.7200
v 24.1667 1.0656 -13.8000
v 24.1667 0.6071 -12.8800
v 24.1667 0.6632 -11.9600
v 24.1667 0.7578 -11.0400
v 24.1667 0.8736 -10.1200
v 24.1667 0.9993 -9.2000
v 24.1667 1.1312 -8.2800
v 24.1667 1.2728 -7.3600
v 24.1667 1.4333 -6.4400
v 24.1667 1.6248 -5.5200
v 24.1667 1.8579 -4.6000
v 24.1667 2.1364 -3.6800
v 24.1667 2.4530 -2.7600
v 24.1667 2.7887 -1.8400
v 24.1667 3.1166 -0.9200
v 24.1667 3.4083 0.0000
v 24.1667 3.6393 0.9200
v 24.1667 3.7924 1.8400
v 24.1667 3.8571 2.7600
v 24.1667 3.8292 3.6800
v 24.1667 3.7091 4.6000
v 24.1667 3.5019 5.5200
v 24.1667 3.2183 6.4400
v 24.1667 2.8750 7.3600
v 24.1667 2.4950 8.2800
v 24.1667 2.1060 9.2000
v 24.1667 1.7364 10.1200
v 24.1667 1.4099 11.0400
v 24.1667 1.1414 11.9600
v 24.1667 0.9353 12.8800
v 24.1667 0.7875 13.8000
v 24.1667 0.6890 14.7200
v 24.1667 0.6303 15.6400
v 24.1667 0.6032 16.5600
v 24.1667 0.4894 17.4800
v 24.1667 0.2703 18.4000
v 24.1667 0.0498 19.3200
v 24.1667 -0.1764 20.2400
v 24.1667 -0.4107 21.1600
v 24.1667 -0.6544 22.0800
v 24.1667 -0.9076 23.0000
v 24.1667 -1.1694 23.9200
v 24.1667 -1.4385 24.8400
v 24.1667 -1.7132 25.7600
v 24.1667 -1.9917 26.6800
v 24.1667 -2.2720 27.6000
v 24.1667 -2.5000 28.5200
v 24.1667 -2.5000 29.4400
v 24.1667 -2.5000 30.3600
v 24.1667 -2.5000 31.2800
v 24.1667 -2.5000 32.2000
v 24.1667 -2.5000 33.1200
v 24.1667 -2.5000 34.0400
v 24.1667 -2.5000 34.9600
v 24.1667 -2.5000 35.8800
v 24.1667 -2.5000 36.8000
v 24.1667 -2.5000 37.7200
v 24.1667 -2.5000 38.6400
v 24.1667 -2.5000 39.5600
v 24.1667 -2.5000 40.4800
v 24.1667 -2.5000 41.4000
v 24.1667 -2.5000 42.3200
v 24.1667 -2.5000 43.2400
v 24.1667 -2.5000 44.1600
v 24.1667 -2.5000 45.0800
v 24.1667 -2.5000 46.0000
v 25.0000 -2.5000 -46.0000
v 25.0000 -2.5000 -45.0800
v 25.0000 -2.5000 -44.1600
v 25.0000 -2.5000 -43.2400
v 25.0000 -2.5000 -42.3200
v 25.0000 -2.5000 -41.4000
v 25.0000 -2.5000 -40.4800
v 25.0000 -2.5000 -39.5600
v 25.0000 -2.5000 -38.6400
v 25.0000 -2.5000 -37.7200
v 25.0000 -2.5000 -36.8000
v 25.0000 -2.5000 -35.8800
v 25.0000 -2.5000 -34.9600
v 25.0000 -2.5000 -34.0400
v 25.0000 -2.5000 -33.1200
v 25.0000 -2.5000 -32.2000
v 25.0000 -2.5000 -31.2800
v 25.0000 -2.5000 -30.3600
v 25.0000 -2.5000 -29.4400
v 25.0000 -2.5000 -28.5200
v 25.0000 -2.5000 -27.6000
v 25.0000 -2.5000 -26.6800
v 25.0000 -2.5000 -25.7600
v 25.0000 -2.5000 -24.8400
v 25.0000 -2.5000 -23.9200
v 25.0000 -2.5000 -23.0000
v 25.0000 -2.5000 -22.0800
v 25.0000 -2.5000 -21.1600
v 25.0000 -2.4654 -20.2400
v 25.0000 1.2981 -19.3200
v 25.0000 1.7538 -18.4000
v 25.0000 2.0856 -17.4800
v 25.0000 2.2687 -16.5600
v 25.0000 2.2871 -15.6400
v 25.0000 2.1388 -14.7200
v 25.0000 1.8374 -13.8000
v 25.0000 1.4064 -12.8800
v 25.0000 0.8718 -11.9600
v 25.0000 0.6906 -11.0400
v 25.0000 0.7786 -10.1200
v 25.0000 0.8798 -9.2000
v 25.0000 0.9914 -8.2800
v 25.0000 1.1167 -7.3600
v 25.0000 1.2640 -6.4400
v 25.0000 1.4441 -5.5200
v 25.0000 1.6660 -4.6000
v 25.0000 1.9323 -3.6800
v 25.0000 2.2357 -2.7600
v 25.0000 2.5582 -1.8400
v 25.0000 2.8746 -0.9200
v 25.0000 3.1583 0.0000
v 25.0000 3.3860 0.9200
v 25.0000 3.5407 1.8400
v 25.0000 3.6120 2.7600
v 25.0000 3.5952 3.6800
v 25.0000 3.4903 4.6000
v 25.0000 3.3019 5.5200
v 25.0000 3.0394 6.4400
v 25.0000 2.7182 7.3600
v 25.0000 2.3594 8.2800
v 25.0000 1.9890 9.2000
v 25.0000 1.6342 10.1200
v 25.0000 1.3191 11.0400
v 25.0000 1.0601 11.9600
v 25.0000 0.8641 12.8800
v 25.0000 0.7288 13.8000
v 25.0000 0.6463 14.7200
v 25.0000 0.6068 15.6400
v 25.0000 0.5187 16.5600
v 25.0000 0.2890 17.4800
v 25.0000 0.0678 18.4000
v 25.0000 -0.1512 19.3200
v 25.0000 -0.3730 20.2400
v 25.0000 -0.6009 21.1600
v 25.0000 -0.8372 22.0800
v 25.0000 -1.0827 23.0000
v 25.0000 -1.3372 23.9200
v 25.0000 -1.6000 24.8400
v 25.0000 -1.8697 25.7600
v 25.0000 -2.1446 26.6800
v 25.0000 -2.4231 27.6000
v 25.0000 -2.5000 28.5200
v 25.0000 -2.5000 29.4400
v 25.0000 -2.5000 30.3600
v 25.0000 -2.5000 31.2800
v 25.0000 -2.5000 32.2000
v 25.0000 -2.5000 33.1200
v 25.0000 -2.5000 34.0400
v 25.0000 -2.5000 34.9600
v 25.0000 -2.5000 35.8800
v 25.0000 -2.5000 36.8000
v 25.0000 -2.5000 37.7200
v 25.0000 -2.5000 38.6400
v 25.0000 -2.5000 39.5600
v 25.0000 -2.5000 40.4800
v 25.0000 -2.5000 41.4000
v 25.0000 -2.5000 42.3200
v 25.0000 -2.5000 43.2400
v 25.0000 -2.5000 44.1600
v 25.0000 -2.5000 45.0800
v 25.0000 -2.5000 46.0000
v 25.8333 -2.5000 -46.0000
v 25.8333 -2.5000 -45.0800
v 25.8333 -2.5000 -44.1600
v 25.8333 -2.5000 -43.2400
v 25.8333 -2.5000 -42.3200
v 25.8333 -2.5000 -41.4000
v 25.8333 -2.5000 -40.4800
v 25.8333 -2.5000 -39.5600
v 25.8333 -2.5000 -38.6400
v 25.8333 -2.5000 -37.7200
v 25.8333 -2.5000 -36.8000
v 25.8333 -2.5000 -35.8800
v 25.8333 -2.5000 -34.9600
v 25.8333 -2.5000 -34.0400
v 25.8333 -2.5000 -33.1200
v 25.8333 -2.5000 -32.2000
v 25.8333 -2.5000 -31.2800
v 25.8333 -2.5000 -30.3600
v 25.8333 -2.5000 -29.4400
v 25.8333 -2.5000 -28.5200
v 25.8333 -2.5000 -27.6000
v 25.8333 -2.5000 -26.6800
v 25.8333 -2.5000 -25.7600
v 25.8333 -2.5000 -24.8400
v 25.8333 -2.5000 -23.9200
v 25.8333 -2.5000 -23.0000
v 25.8333 -2.5000 -22.0800
v 25.8333 -2.5000 -21.1600
v 25.8333 1.3554 -20.2400
v 25.8333 1.9724 -19.3200
v 25.8333 2.4916 -18.4000
v 25.8333 2.8783 -17.4800
v 25.8333 3.0959 -16.5600
v 25.8333 3.1178 -15.6400
v 25.8333 2.9412 -14.7200
v 25.8333 2.5882 -13.8000
v 25.8333 2.0947 -12.8800
v 25.8333 1.4963 -11.9600
v 25.8333 0.8221 -11.0400
v 25.8333 0.7015 -10.1200
v 25.8333 0.7792 -9.2000
v 25.8333 0.8708 -8.2800
v 25.8333 0.9792 -7.3600
v 25.8333 1.1122 -6.4400
v 25.8333 1.2789 -5.5200
v 25.8333 1.4873 -4.6000
v 25.8333 1.7394 -3.6800
v 25.8333 2.0278 -2.7600
v 25.8333 2.3358 -1.8400
v 25.8333 2.6397 -0.9200
v 25.8333 2.9144 0.0000
v 25.8333 3.1377 0.9200
v 25.8333 3.2931 1.8400
v 25.8333 3.3700 2.7600
v 25.8333 3.3633 3.6800
v 25.8333 3.2727 4.6000
v 25.8333 3.1021 5.5200
v 25.8333 2.8602 6.4400
v 25.8333 2.5610 7.3600
v 25.8333 2.2240 8.2800
v 25.8333 1.8734 9.2000
v 25.8333 1.5354 10.1200
v 25.8333 1.2341 11.0400
v 25.8333 0.9872 11.9600
v 25.8333 0.8035 12.8800
v 25.8333 0.6828 13.8000
v 25.8333 0.6182 14.7200
v 25.8333 0.5870 15.6400
v 25.8333 0.3300 16.5600
v 25.8333 0.0920 17.4800
v 25.8333 -0.1338 18.4000
v 25.8333 -0.3536 19.3200
v 25.8333 -0.5730 20.2400
v 25.8333 -0.7961 21.1600
v 25.8333 -1.0260 22.0800
v 25.8333 -1.2642 23.0000
v 25.8333 -1.5113 23.9200
v 25.8333 -1.7671 24.8400
v 25.8333 -2.0307 25.7600
v 25.8333 -2.3008 26.6800
v 25.8333 -2.5000 27.6000
v 25.8333 -2.5000 28.5200
v 25.8333 -2.5000 29.4400
v 25.8333 -2.5000 30.3600
v 25.8333 -2.5000 31.2800
v 25.8333 -2.5000 32.2000
v 25.8333 -2.5000 33.1200
v 25.8333 -2.5000 34.0400
v 25.8333 -2.5000 34.9600
v 25.8333 -2.5000 35.8800
v 25.8333 -2.5000 36.8000
v 25.8333 -2.5000 37.7200
v 25.8333 -2.5000 38.6400
v 25.8333 -2.5000 39.5600
v 25.8333 -2.5000 40.4800
v 25.8333 -2.5000 41.4000
v 25.8333 -2.5000 42.3200
v 25.8333 -2.5000 43.2400
v 25.8333 -2.5000 44.1600
v 25.8333 -2.5000 45.0800
v 25.8333 -2.5000 46.0000
v 26.6667 -2.5000 -46.0000
v 26.6667 -2.5000 -45.0800
v 26.6667 -2.5000 -44.1600
v 26.6667 -2.5000 -43.2400
v 26.6667 -2.5000 -42.3200
v 26.6667 -2.5000 -41.4000
v 26.6667 -2.5000 -40.4800
v 26.6667 -2.5000 -39.5600
v 26.6667 -2.5000 -38.6400
v 26.6667 -2.5000 -37.7200
v 26.6667 -2.5000 -36.8000
v 26.6667 -2.5000 -35.8800
v 26.6667 -2.5000 -34.9600
v 26.6667 -2.5000 -34.0400
v 26.6667 -2.5000 -33.1200
v 26.6667 -2.5000 -32.2000
v 26.6667 -2.5000 -31.2800
v 26.6667 -2.5000 -30.3600
v 26.6667 -2.5000 -29.4400
v 26.6667 -2.5000 -28.5200
v 26.6667 -2.5000 -27.6000
v 26.6667 -2.5000 -26.6800
v 26.6667 -2.5000 -25.7600
v 26.6667 -2.5000 -24.8400
v 26.6667 -2.5000 -23.9200
v 26.6667 -2.5000 -23.0000
v 26.6667 -2.5000 -22.0800
v 26.6667 1.1570 -21.1600
v 26.6667 1.9066 -20.2400
v 26.6667 2.5954 -19.3200
v 26.6667 3.1926 -18.4000
v 26.6667 3.6529 -17.4800
v 26.6667 3.9200 -16.5600
v 26.6667 3.9473 -15.6400
v 26.6667 3.7294 -14.7200
v 26.6667 3.3061 -13.8000
v 26.6667 2.7343 -12.8800
v 26.6667 2.0624 -11.9600
v 26.6667 1.3240 -11.0400
v 26.6667 0.6448 -10.1200
v 26.6667 0.6994 -9.2000
v 26.6667 0.7708 -8.2800
v 26.6667 0.8616 -7.3600
v 26.6667 0.9784 -6.4400
v 26.6667 1.1298 -5.5200
v 26.6667 1.3227 -4.6000
v 26.6667 1.5585 -3.6800
v 26.6667 1.8303 -2.7600
v 26.6667 2.1224 -1.8400
v 26.6667 2.4127 -0.9200
v 26.6667 2.6774 0.0000
v 26.6667 2.8954 0.9200
v 26.6667 3.0504 1.8400
v 26.6667 3.1318 2.7600
v 26.6667 3.1343 3.6800
v 26.6667 3.0571 4.6000
v 26.6667 2.9035 5.5200
v 26.6667 2.6816 6.4400
v 26.6667 2.4041 7.3600
v 26.6667 2.0891 8.2800
v 26.6667 1.7593 9.2000
v 26.6667 1.4398 10.1200
v 26.6667 1.1542 11.0400
v 26.6667 0.9215 11.9600
v 26.6667 0.7523 12.8800
v 26.6667 0.6480 13.8000
v 26.6667 0.6033 14.7200
v 26.6667 0.4177 15.6400
v 26.6667 0.1477 16.5600
v 26.6667 -0.1005 17.4800
v 26.6667 -0.3329 18.4000
v 26.6667 -0.5558 19.3200
v 26.6667 -0.7749 20.2400
v 26.6667 -0.9950 21.1600
v 26.6667 -1.2197 22.0800
v 26.6667 -1.4514 23.0000
v 26.6667 -1.6914 23.9200
v 26.6667 -1.9400 24.8400
v 26.6667 -2.1970 25.7600
v 26.6667 -2.4614 26.6800
v 26.6667 -2.5000 27.6000
v 26.6667 -2.5000 28.5200
v 26.6667 -2.5000 29.4400
v 26.6667 -2.5000 30.3600
v 26.6667 -2.5000 31.2800
v 26.6667 -2.5000 32.2000
v 26.6667 -2.5000 33.1200
v 26.6667 -2.5000 34.0400
v 26.6667 -2.5000 34.9600
v 26.6667 -2.5000 35.8800
v 26.6667 -2.5000 36.8000
v 26.6667 -2.5000 37.7200
v 26.6667 -2.5000 38.6400
v 26.6667 -2.5000 39.5600
v 26.6667 -2.5000 40.4800
v 26.6667 -2.5000 41.4000
v 26.6667 -2.5000 42.3200
v 26.6667 -2.5000 43.2400
v 26.6667 -2.5000 44.1600
v 26.6667 -2.5000 45.0800
v 26.6667 -2.5000 46.0000
v 27.5000 -2.5000 -46.0000
v 27.5000 -2.5000 -45.0800
v 27.5000 -2.5000 -44.1600
v 27.5000 -2.5000 -43.2400
v 27.5000 -2.5000 -42.3200
v 27.5000 -2.5000 -41.4000
v 27.5000 -2.5000 -40.4800
v 27.5000 -2.5000 -39.5600
v 27.5000 -2.5000 -38.6400
v 27.5000 -2.5000 -37.7200
v 27.5000 -2.5000 -36.8000
v 27.5000 -2.5000 -35.8800
v 27.5000 -2.5000 -34.9600
v 27.5000 -2.5000 -34.0400
v 27.5000 -2.5000 -33.1200
v 27.5000 -2.5000 -32.2000
v 27.5000 -2.5000 -31.2800
v 27.5000 -2.5000 -30.3600
v 27.5000 -2.5000 -29.4400
v 27.5000 -2.5000 -28.5200
v 27.5000 -2.5000 -27.6000
v 27.5000 -2.5000 -26.6800
v 27.5000 -2.5000 -25.7600
v 27.5000 -2.5000 -24.8400
v 27.5000 -2.5000 -23.9200
v 27.5000 -2.5000 -23.0000
v 27.5000 -2.5000 -22.0800
v 27.5000 1.5663 -21.1600
v 27.5000 2.3778 -20.2400
v 27.5000 3.1440 -19.3200
v 27.5000 3.8345 -18.4000
v 27.5000 4.3948 -17.4800
v 27.5000 4.7380 -16.5600
v 27.5000 4.7742 -15.6400
v 27.5000 4.4914 -14.7200
v 27.5000 3.9698 -13.8000
v 27.5000 3.3020 -12.8800
v 27.5000 2.5490 -11.9600
v 27.5000 1.7456 -11.0400
v 27.5000 0.9106 -10.1200
v 27.5000 0.6420 -9.2000
v 27.5000 0.6927 -8.2800
v 27.5000 0.7646 -7.3600
v 27.5000 0.8637 -6.4400
v 27.5000 0.9976 -5.5200
v 27.5000 1.1728 -4.6000
v 27.5000 1.3905 -3.6800
v 27.5000 1.6441 -2.7600
v 27.5000 1.9190 -1.8400
v 27.5000 2.1946 -0.9200
v 27.5000 2.4483 0.0000
v 27.5000 2.6599 0.9200
v 27.5000 2.8135 1.8400
v 27.5000 2.8986 2.7600
v 27.5000 2.9093 3.6800
v 27.5000 2.8445 4.6000
v 27.5000 2.7072 5.5200
v 27.5000 2.5044 6.4400
v 27.5000 2.2482 7.3600
v 27.5000 1.9553 8.2800
v 27.5000 1.6470 9.2000
v 27.5000 1.3471 10.1200
v 27.5000 1.0791 11.0400
v 27.5000 0.8625 11.9600
v 27.5000 0.7094 12.8800
v 27.5000 0.6234 13.8000
v 27.5000 0.5668 14.7200
v 27.5000 0.2559 15.6400
v 27.5000 -0.0277 16.5600
v 27.5000 -0.2874 17.4800
v 27.5000 -0.5284 18.4000
v 27.5000 -0.7565 19.3200
v 27.5000 -0.9774 20.2400
v 27.5000 -1.1964 21.1600
v 27.5000 -1.4175 22.0800
v 27.5000 -1.6438 23.0000
v 27.5000 -1.8773 23.9200
v 27.5000 -2.1190 24.8400
v 27.5000 -2.3690 25.7600
v 27.5000 -2.5000 26.6800
v 27.5000 -2.5000 27.6000
v 27.5000 -2.5000 28.5200
v 27.5000 -2.5000 29.4400
v 27.5000 -2.5000 30.3600
v 27.5000 -2.5000 31.2800
v 27.5000 -2.5000 32.2000
v 27.5000 -2.5000 33.1200
v 27.5000 -2.5000 34.0400
v 27.5000 -2.5000 34.9600
v 27.5000 -2.5000 35.8800
v 27.5000 -2.5000 36.8000
v 27.5000 -2.5000 37.7200
v 27.5000 -2.5000 38.6400
v 27.5000 -2.5000 39.5600
v 27.5000 -2.5000 40.4800
v 27.5000 -2.5000 41.4000
v 27.5000 -2.5000 42.3200
v 27.5000 -2.5000 43.2400
v 27.5000 -2.5000 44.1600
v 27.5000 -2.5000 45.0800
v 27.5000 -2.5000 46.0000
v 28.3333 -2.5000 -46.0000
v 28.3333 -2.5000 -45.0800
v 28.3333 -2.5000 -44.1600
v 28.3333 -2.5000 -43.2400
v 28.3333 -2.5000 -42.3200
v 28.3333 -2.5000 -41.4000
v 28.3333 -2.5000 -40.4800
v 28.3333 -2.5000 -39.5600
v 28.3333 -2.5000 -38.6400
v 28.3333 -2.5000 -37.7200
v 28.3333 -2.5000 -36.8000
v 28.3333 -2.5000 -35.8800
v 28.3333 -2.5000 -34.9600
v 28.3333 -2.5000 -34.0400
v 28.3333 -2.5000 -33.1200
v 28.3333 -2.5000 -32.2000
v 28.3333 -2.5000 -31.2800
v 28.3333 -2.5000 -30.3600
v 28.3333 -2.5000 -29.4400
v 28.3333 -2.5000 -28.5200
v 28.3333 -2.5000 -27.6000
v 28.3333 -2.5000 -26.6800
v 28.3333 -2.5000 -25.7600
v 28.3333 -2.5000 -24.8400
v 28.3333 -2.5000 -23.9200
v 28.3333 -2.5000 -23.0000
v 28.3333 0.9957 -22.0800
v 28.3333 1.8775 -21.1600
v 28.3333 2.7442 -20.2400
v 28.3333 3.5851 -19.3200
v 28.3333 4.3781 -18.4000
v 28.3333 5.0711 -17.4800
v 28.3333 5.5418 -16.5600
v 28.3333 5.5949 -15.6400
v 28.3333 5.1985 -14.7200
v 28.3333 4.5400 -13.8000
v 28.3333 3.7627 -12.8800
v 28.3333 2.9297 -11.9600
v 28.3333 2.0675 -11.0400
v 28.3333 1.1884 -10.1200
v 28.3333 0.6086 -9.2000
v 28.3333 0.6377 -8.2800
v 28.3333 0.6892 -7.3600
v 28.3333 0.7686 -6.4400
v 28.3333 0.8830 -5.5200
v 28.3333 1.0384 -4.6000
v 28.3333 1.2361 -3.6800
v 28.3333 1.4701 -2.7600
v 28.3333 1.7266 -1.8400
v 28.3333 1.9863 -0.9200
v 28.3333 2.2280 0.0000
v 28.3333 2.4323 0.9200
v 28.3333 2.5836 1.8400
v 28.3333 2.6711 2.7600
v 28.3333 2.6891 3.6800
v 28.3333 2.6359 4.6000
v 28.3333 2.5139 5.5200
v 28.3333 2.3296 6.4400
v 28.3333 2.0943 7.3600
v 28.3333 1.8233 8.2800
v 28.3333 1.5368 9.2000
v 28.3333 1.2576 10.1200
v 28.3333 1.0085 11.0400
v 28.3333 0.8095 11.9600
v 28.3333 0.6742 12.8800
v 28.3333 0.6079 13.8000
v 28.3333 0.4260 14.7200
v 28.3333 0.1014 15.6400
v 28.3333 -0.1960 16.5600
v 28.3333 -0.4682 17.4800
v 28.3333 -0.7192 18.4000
v 28.3333 -0.9543 19.3200
v 28.3333 -1.1791 20.2400
v 28.3333 -1.3988 21.1600
v 28.3333 -1.6180 22.0800
v 28.3333 -1.8403 23.0000
v 28.3333 -2.0683 23.9200
v 28.3333 -2.3035 24.8400
v 28.3333 -2.5000 25.7600
v 28.3333 -2.5000 26.6800
v 28.3333 -2.5000 27.6000
v 28.3333 -2.5000 28.5200
v 28.3333 -2.5000 29.4400
v 28.3333 -2.5000 30.3600
v 28.3333 -2.5000 31.2800
v 28.3333 -2.5000 32.2000
v 28.3333 -2.5000 33.1200
v 28.3333 -2.5000 34.0400
v 28.3333 -2.5000 34.9600
v 28.3333 -2.5000 35.8800
v 28.3333 -2.5000 36.8000
v 28.3333 -2.5000 37.7200
v 28.3333 -2.5000 38.6400
v 28.3333 -2.5000 39.5600
v 28.3333 -2.5000 40.4800
v 28.3333 -2.5000 41.4000
v 28.3333 -2.5000 42.3200
v 28.3333 -2.5000 43.2400
v 28.3333 -2.5000 44.1600
v 28.3333 -2.5000 45.0800
v 28.3333 -2.5000 46.0000
v 29.1667 -2.5000 -46.0000
v 29.1667 -2.5000 -45.0800
v 29.1667 -2.5000 -44.1600
v 29.1667 -2.5000 -43.2400
v 29.1667 -2.5000 -42.3200
v 29.1667 -2.5000 -41.4000
v 29.1667 -2.5000 -40.4800
v 29.1667 -2.5000 -39.5600
v 29.1667 -2.5000 -38.6400
v 29.1667 -2.5000 -37.7200
v 29.1667 -2.5000 -36.8000
v 29.1667 -2.5000 -35.8800
v 29.1667 -2.5000 -34.9600
v 29.1667 -2.5000 -34.0400
v 29.1667 -2.5000 -33.1200
v 29.1667 -2.5000 -32.2000
v 29.1667 -2.5000 -31.2800
v 29.1667 -2.5000 -30.3600
v 29.1667 -2.5000 -29.4400
v 29.1667 -2.5000 -28.5200
v 29.1667 -2.5000 -27.6000
v 29.1667 -2.5000 -26.6800
v 29.1667 -2.5000 -25.7600
v 29.1667 -2.5000 -24.8400
v 29.1667 -2.5000 -23.9200
v 29.1667 -2.5000 -23.0000
v 29.1667 1.1632 -22.0800
v 29.1667 2.0731 -21.1600
v 29.1667 2.9789 -20.2400
v 29.1667 3.8770 -19.3200
v 29.1667 4.7594 -18.4000
v 29.1667 5.6015 -17.4800
v 29.1667 6.2960 -16.5600
v 29.1667 6.3922 -15.6400
v 29.1667 5.7726 -14.7200
v 29.1667 4.9475 -13.8000
v 29.1667 4.0706 -12.8800
v 29.1667 3.1749 -11.9600
v 29.1667 2.2705 -11.0400
v 29.1667 1.3612 -10.1200
v 29.1667 0.5577 -9.2000
v 29.1667 0.6068 -8.2800
v 29.1667 0.6363 -7.3600
v 29.1667 0.6940 -6.4400
v 29.1667 0.7867 -5.5200
v 29.1667 0.9204 -4.6000
v 29.1667 1.0964 -3.6800
v 29.1667 1.3092 -2.7600
v 29.1667 1.5460 -1.8400
v 29.1667 1.7888 -0.9200
v 29.1667 2.0176 0.0000
v 29.1667 2.2135 0.9200
v 29.1667 2.3614 1.8400
v 29.1667 2.4505 2.7600
v 29.1667 2.4748 3.6800
v 29.1667 2.4321 4.6000
v 29.1667 2.3246 5.5200
v 29.1667 2.1581 6.4400
v 29.1667 1.9430 7.3600
v 29.1667 1.6938 8.2800
v 29.1667 1.4293 9.2000
v 29.1667 1.1713 10.1200
v 29.1667 0.9423 11.0400
v 29.1667 0.7623 11.9600
v 29.1667 0.6461 12.8800
v 29.1667 0.6007 13.8000
v 29.1667 0.2909 14.7200
v 29.1667 -0.0462 15.6400
v 29.1667 -0.3571 16.5600
v 29.1667 -0.6422 17.4800
v 29.1667 -0.9045 18.4000
v 29.1667 -1.1482 19.3200
v 29.1667 -1.3786 20.2400
v 29.1667 -1.6010 21.1600
v 29.1667 -1.8201 22.0800
v 29.1667 -2.0399 23.0000
v 29.1667 -2.2636 23.9200
v 29.1667 -2.4932 24.8400
v 29.1667 -2.5000 25.7600
v 29.1667 -2.5000 26.6800
v 29.1667 -2.5000 27.6000
v 29.1667 -2.5000 28.5200
v 29.1667 -2.5000 29.4400
v 29.1667 -2.5000 30.3600
v 29.1667 -2.5000 31.2800
v 29.1667 -2.5000 32.2000
v 29.1667 -2.5000 33.1200
v 29.1667 -2.5000 34.0400
v 29.1667 -2.5000 34.9600
v 29.1667 -2.5000 35.8800
v 29.1667 -2.5000 36.8000
v 29.1667 -2.5000 37.7200
v 29.1667 -2.5000 38.6400
v 29.1667 -2.5000 39.5600
v 29.1667 -2.5000 40.4800
v 29.1667 -2.5000 41.4000
v 29.1667 -2.5000 42.3200
v 29.1667 -2.5000 43.2400
v 29.1667 -2.5000 44.1600
v 29.1667 -2.5000 45.0800
v 29.1667 -2.5000 46.0000
v 30.0000 -2.5000 -46.0000
v 30.0000 -2.5000 -45.0800
v 30.0000 -2.5000 -44.1600
v 30.0000 -2.5000 -43.2400
v 30.0000 -2.5000 -42.3200
v 30.0000 -2.5000 -41.4000
v 30.0000 -2.5000 -40.4800
v 30.0000 -2.5000 -39.5600
v 30.0000 -2.5000 -38.6400
v 30.0000 -2.5000 -37.7200
v 30.0000 -2.5000 -36.8000
v 30.0000 -2.5000 -35.8800
v 30.0000 -2.5000 -34.9600
v 30.0000 -2.5000 -34.0400
v 30.0000 -2.5000 -33.1200
v 30.0000 -2.5000 -32.2000
v 30.0000 -2.5000 -31.2800
v 30.0000 -2.5000 -30.3600
v 30.0000 -2.5000 -29.4400
v 30.0000 -2.5000 -28.5200
v 30.0000 -2.5000 -27.6000
v 30.0000 -2.5000 -26.6800
v 30.0000 -2.5000 -25.7600
v 30.0000 -2.5000 -24.8400
v 30.0000 -2.5000 -23.9200
v 30.0000 -2.5000 -23.0000
v 30.0000 1.2200 -22.0800
v 30.0000 2.1400 -21.1600
v 30.0000 3.0600 -20.2400
v 30.0000 3.9800 -19.3200
v 30.0000 4.9000 -18.4000
v 30.0000 5.8200 -17.4800
v 30.0000 6.7400 -16.5600
v 30.0000 6.9400 -15.6400
v 30.0000 6.0200 -14.7200
v 30.0000 5.1000 -13.8000
v 30.0000 4.1800 -12.8800
v 30.0000 3.2600 -11.9600
v 30.0000 2.3400 -11.0400
v 30.0000 1.4200 -10.1200
v 30.0000 0.3313 -9.2000
v 30.0000 0.5393 -8.2800
v 30.0000 0.6066 -7.3600
v 30.0000 0.6405 -6.4400
v 30.0000 0.7096 -5.5200
v 30.0000 0.8195 -4.6000
v 30.0000 0.9720 -3.6800
v 30.0000 1.1622 -2.7600
v 30.0000 1.3782 -1.8400
v 30.0000 1.6031 -0.9200
v 30.0000 1.8179 0.0000
v 30.0000 2.0044 0.9200
v 30.0000 2.1479 1.8400
v 30.0000 2.2376 2.7600
v 30.0000 2.2671 3.6800
v 30.0000 2.2342 4.6000
v 30.0000 2.1402 5.5200
v 30.0000 1.9907 6.4400
v 30.0000 1.7953 7.3600
v 30.0000 1.5675 8.2800
v 30.0000 1.3251 9.2000
v 30.0000 1.0889 10.1200
v 30.0000 0.8807 11.0400
v 30.0000 0.7208 11.9600
v 30.0000 0.6248 12.8800
v 30.0000 0.5305 13.8000
v 30.0000 0.1609 14.7200
v 30.0000 -0.1876 15.6400
v 30.0000 -0.5114 16.5600
v 30.0000 -0.8095 17.4800
v 30.0000 -1.0837 18.4000
v 30.0000 -1.3373 19.3200
v 30.0000 -1.5751 20.2400
v 30.0000 -1.8019 21.1600
v 30.0000 -2.0226 22.0800
v 30.0000 -2.2416 23.0000
v 30.0000 -2.4622 23.9200
v 30.0000 -2.5000 24.8400
v 30.0000 -2.5000 25.7600
v 30.0000 -2.5000 26.6800
v 30.0000 -2.5000 27.6000
v 30.0000 -2.5000 28.5200
v 30.0000 -2.5000 29.4400
v 30.0000 -2.5000 30.3600
v 30.0000 -2.5000 31.2800
v 30.0000 -2.5000 32.2000
v 30.0000 -2.5000 33.1200
v 30.0000 -2.5000 34.0400
v 30.0000 -2.5000 34.9600
v 30.0000 -2.5000 35.8800
v 30.0000 -2.5000 36.8000
v 30.0000 -2.5000 37.7200
v 30.0000 -2.5000 38.6400
v 30.0000 -2.5000 39.5600
v 30.0000 -2.5000 40.4800
v 30.0000 -2.5000 41.4000
v 30.0000 -2.5000 42.3200
v 30.0000 -2.5000 43.2400
v 30.0000 -2.5000 44.1600
v 30.0000 -2.5000 45.0800
v 30.0000 -2.5000 46.0000
v 30.8333 -2.5000 -46.0000
v 30.8333 -2.5000 -45.0800
v 30.8333 -2.5000 -44.1600
v 30.8333 -2.5000 -43.2400
v 30.8333 -2.5000 -42.3200
v 30.8333 -2.5000 -41.4000
v 30.8333 -2.5000 -40.4800
v 30.8333 -2.5000 -39.5600
v 30.8333 -2.5000 -38.6400
v 30.8333 -2.5000 -37.7200
v 30.8333 -2.5000 -36.8000
v 30.8333 -2.5000 -35.8800
v 30.8333 -2.5000 -34.9600
v 30.8333 -2.5000 -34.0400
v 30.8333 -2.5000 -33.1200
v 30.8333 -2.5000 -32.2000
v 30.8333 -2.5000 -31.2800
v 30.8333 -2.5000 -30.3600
v 30.8333 -2.5000 -29.4400
v 30.8333 -2.5000 -28.5200
v 30.8333 -2.5000 -27.6000
v 30.8333 -2.5000 -26.6800
v 30.8333 -2.5000 -25.7600
v 30.8333 -2.5000 -24.8400
v 30.8333 -2.5000 -23.9200
v 30.8333 -2.5000 -23.0000
v 30.8333 1.1632 -22.0800
v 30.8333 2.0731 -21.1600
v 30.8333 2.9789 -20.2400
v 30.8333 3.8770 -19.3200
v 30.8333 4.7594 -18.4000
v 30.8333 5.6015 -17.4800
v 30.8333 6.2960 -16.5600
v 30.8333 6.3922 -15.6400
v 30.8333 5.7726 -14.7200
v 30.8333 4.9475 -13.8000
v 30.8333 4.0706 -12.8800
v 30.8333 3.1749 -11.9600
v 30.8333 2.2705 -11.0400
v 30.8333 1.3612 -10.1200
v 30.8333 0.1051 -9.2000
v 30.8333 0.3158 -8.2800
v 30.8333 0.5418 -7.3600
v 30.8333 0.6090 -6.4400
v 30.8333 0.6523 -5.5200
v 30.8333 0.7366 -4.6000
v 30.8333 0.8640 -3.6800
v 30.8333 1.0302 -2.7600
v 30.8333 1.2242 -1.8400
v 30.8333 1.4301 -0.9200
v 30.8333 1.6298 0.0000
v 30.8333 1.8060 0.9200
v 30.8333 1.9441 1.8400
v 30.8333 2.0334 2.7600
v 30.8333 2.0672 3.6800
v 30.8333 2.0430 4.6000
v 30.8333 1.9617 5.5200
v 30.8333 1.8284 6.4400
v 30.8333 1.6519 7.3600
v 30.8333 1.4451 8.2800
v 30.8333 1.2247 9.2000
v 30.8333 1.0105 10.1200
v 30.8333 0.8238 11.0400
v 30.8333 0.6849 11.9600
v 30.8333 0.6100 12.8800
v 30.8333 0.4116 13.8000
v 30.8333 0.0351 14.7200
v 30.8333 -0.3235 15.6400
v 30.8333 -0.6593 16.5600
v 30.8333 -0.9701 17.4800
v 30.8333 -1.2566 18.4000
v 30.8333 -1.5211 19.3200
v 30.8333 -1.7674 20.2400
v 30.8333 -2.0003 21.1600
v 30.8333 -2.2244 22.0800
v 30.8333 -2.4440 23.0000
v 30.8333 -2.5000 23.9200
v 30.8333 -2.5000 24.8400
v 30.8333 -2.5000 25.7600
v 30.8333 -2.5000 26.6800
v 30.8333 -2.5000 27.6000
v 30.8333 -2.5000 28.5200
v 30.8333 -2.5000 29.4400
v 30.8333 -2.5000 30.3600
v 30.8333 -2.5000 31.2800
v 30.8333 -2.5000 32.2000
v 30.8333 -2.5000 33.1200
v 30.8333 -2.5000 34.0400
v 30.8333 -2.5000 34.9600
v 30.8333 -2.5000 35.8800
v 30.8333 -2.5000 36.8000
v 30.8333 -2.5000 37.7200
v 30.8333 -2.5000 38.6400
v 30.8333 -2.5000 39.5600
v 30.8333 -2.5000 40.4800
v 30.8333 -2.5000 41.4000
v 30.8333 -2.5000 42.3200
v 30.8333 -2.5000 43.2400
v 30.8333 -2.5000 44.1600
v 30.8333 -2.5000 45.0800
v 30.8333 -2.5000 46.0000
v 31.6667 -2.5000 -46.0000
v 31.6667 -2.5000 -45.0800
v 31.6667 -2.5000 -44.1600
v 31.6667 -2.5000 -43.2400
v 31.6667 -2.5000 -42.3200
v 31.6667 -2.5000 -41.4000
v 31.6667 -2.5000 -40.4800
v 31.6667 -2.5000 -39.5600
v 31.6667 -2.5000 -38.6400
v 31.6667 -2.5000 -37.7200
v 31.6667 -2.5000 -36.8000
v 31.6667 -2.5000 -35.8800
v 31.6667 -2.5000 -34.9600
v 31.6667 -2.5000 -34.0400
v 31.6667 -2.5000 -33.1200
v 31.6667 -2.5000 -32.2000
v 31.6667 -2.5000 -31.2800
v 31.6667 -2.5000 -30.3600
v 31.6667 -2.5000 -29.4400
v 31.6667 -2.5000 -28.5200
v 31.6667 -2.5000 -27.6000
v 31.6667 -2.5000 -26.6800
v 31.6667 -2.5000 -25.7600
v 31.6667 -2.5000 -24.8400
v 31.6667 -2.5000 -23.9200
v 31.6667 -2.5000 -23.0000
v 31.6667 0.9957 -22.0800
v 31.6667 1.8775 -21.1600
v 31.6667 2.7442 -20.2400
v 31.6667 3.5851 -19.3200
v 31.6667 4.3781 -18.4000
v 31.6667 5.0711 -17.4800
v 31.6667 5.5418 -16.5600
v 31.6667 5.5949 -15.6400
v 31.6667 5.1985 -14.7200
v 31.6667 4.5400 -13.8000
v 31.6667 3.7627 -12.8800
v 31.6667 2.9297 -11.9600
v 31.6667 2.0675 -11.0400
v 31.6667 1.1884 -10.1200
v 31.6667 -0.1205 -9.2000
v 31.6667 0.0933 -8.2800
v 31.6667 0.3236 -7.3600
v 31.6667 0.5752 -6.4400
v 31.6667 0.6156 -5.5200
v 31.6667 0.6725 -4.6000
v 31.6667 0.7732 -3.6800
v 31.6667 0.9140 -2.7600
v 31.6667 1.0848 -1.8400
v 31.6667 1.2707 -0.9200
v 31.6667 1.4545 0.0000
v 31.6667 1.6193 0.9200
v 31.6667 1.7510 1.8400
v 31.6667 1.8388 2.7600
v 31.6667 1.8760 3.6800
v 31.6667 1.8594 4.6000
v 31.6667 1.7900 5.5200
v 31.6667 1.6721 6.4400
v 31.6667 1.5139 7.3600
v 31.6667 1.3276 8.2800
v 31.6667 1.1290 9.2000
v 31.6667 0.9369 10.1200
v 31.6667 0.7722 11.0400
v 31.6667 0.6548 11.9600
v 31.6667 0.6018 12.8800
v 31.6667 0.2946 13.8000
v 31.6667 -0.0873 14.7200
v 31.6667 -0.4545 15.6400
v 31.6667 -0.8012 16.5600
v 31.6667 -1.1243 17.4800
v 31.6667 -1.4231 18.4000
v 31.6667 -1.6990 19.3200
v 31.6667 -1.9551 20.2400
v 31.6667 -2.1953 21.1600
v 31.6667 -2.4243 22.0800
v 31.6667 -2.5000 23.0000
v 31.6667 -2.5000 23.9200
v 31.6667 -2.5000 24.8400
v 31.6667 -2.5000 25.7600
v 31.6667 -2.5000 26.6800
v 31.6667 -2.5000 27.6000
v 31.6667 -2.5000 28.5200
v 31.6667 -2.5000 29.4400
v 31.6667 -2.5000 30.3600
v 31.6667 -2.5000 31.2800
v 31.6667 -2.5000 32.2000
v 31.6667 -2.5000 33.1200
v 31.6667 -2.5000 34.0400
v 31.6667 -2.5000 34.9600
v 31.6667 -2.5000 35.8800
v 31.6667 -2.5000 36.8000
v 31.6667 -2.5000 37.7200
v 31.6667 -2.5000 38.6400
v 31.6667 -2.5000 39.5600
v 31.6667 -2.5000 40.4800
v 31.6667 -2.5000 41.4000
v 31.6667 -2.5000 42.3200
v 31.6667 -2.5000 43.2400
v 31.6667 -2.5000 44.1600
v 31.6667 -2.5000 45.0800
v 31.6667 -2.5000 46.0000
v 32.5000 -2.5000 -46.0000
v 32.5000 -2.5000 -45.0800
v 32.5000 -2.5000 -44.1600
v 32.5000 -2.5000 -43.2400
v 32.5000 -2.5000 -42.3200
v 32.5000 -2.5000 -41.4000
v 32.5000 -2.5000 -40.4800
v 32.5000 -2.5000 -39.5600
v 32.5000 -2.5000 -38.6400
v 32.5000 -2.5000 -37.7200
v 32.5000 -2.5000 -36.8000
v 32.5000 -2.5000 -35.8800
v 32.5000 -2.5000 -34.9600
v 32.5000 -2.5000 -34.0400
v 32.5000 -2.5000 -33.1200
v 32.5000 -2.5000 -32.2000
v 32.5000 -2.5000 -31.2800
v 32.5000 -2.5000 -30.3600
v 32.5000 -2.5000 -29.4400
v 32.5000 -2.5000 -28.5200
v 32.5000 -2.5000 -27.6000
v 32.5000 -2.5000 -26.6800
v 32.5000 -2.5000 -25.7600
v 32.5000 -2.5000 -24.8400
v 32.5000 -2.5000 -23.9200
v 32.5000 -2.5000 -23.0000
v 32.5000 -2.5000 -22.0800
v 32.5000 1.5663 -21.1600
v 32.5000 2.3778 -20.2400
v 32.5000 3.1440 -19.3200
v 32.5000 3.8345 -18.4000
v 32.5000 4.3948 -17.4800
v 32.5000 4.7380 -16.5600
v 32.5000 4.7742 -15.6400
v 32.5000 4.4914 -14.7200
v 32.5000 3.9698 -13.8000
v 32.5000 3.3020 -12.8800
v 32.5000 2.5490 -11.9600
v 32.5000 1.7456 -11.0400
v 32.5000 0.9106 -10.1200
v 32.5000 -0.3454 -9.2000
v 32.5000 -0.1283 -8.2800
v 32.5000 0.1063 -7.3600
v 32.5000 0.3623 -6.4400
v 32.5000 0.6004 -5.5200
v 32.5000 0.6281 -4.6000
v 32.5000 0.7005 -3.6800
v 32.5000 0.8146 -2.7600
v 32.5000 0.9611 -1.8400
v 32.5000 1.1259 -0.9200
v 32.5000 1.2927 0.0000
v 32.5000 1.4452 0.9200
v 32.5000 1.5695 1.8400
v 32.5000 1.6548 2.7600
v 32.5000 1.6943 3.6800
v 32.5000 1.6846 4.6000
v 32.5000 1.6261 5.5200
v 32.5000 1.5227 6.4400
v 32.5000 1.3821 7.3600
v 32.5000 1.2157 8.2800
v 32.5000 1.0385 9.2000
v 32.5000 0.8687 10.1200
v 32.5000 0.7261 11.0400
v 32.5000 0.6309 11.9600
v 32.5000 0.5679 12.8800
v 32.5000 0.1787 13.8000
v 32.5000 -0.2071 14.7200
v 32.5000 -0.5813 15.6400
v 32.5000 -0.9377 16.5600
v 32.5000 -1.2723 17.4800
v 32.5000 -1.5832 18.4000
v 32.5000 -1.8708 19.3200
v 32.5000 -2.1374 20.2400
v 32.5000 -2.3862 21.1600
v 32.5000 -2.5000 22.0800
v 32.5000 -2.5000 23.0000
v 32.5000 -2.5000 23.9200
v 32.5000 -2.5000 24.8400
v 32.5000 -2.5000 25.7600
v 32.5000 -2.5000 26.6800
v 32.5000 -2.5000 27.6000
v 32.5000 -2.5000 28.5200
v 32.5000 -2.5000 29.4400
v 32.5000 -2.5000 30.3600
v 32.5000 -2.5000 31.2800
v 32.5000 -2.5000 32.2000
v 32.5000 -2.5000 33.1200
v 32.5000 -2.5000 34.0400
v 32.5000 -2.5000 34.9600
v 32.5000 -2.5000 35.8800
v 32.5000 -2.5000 36.8000
v 32.5000 -2.5000 37.7200
v 32.5000 -2.5000 38.6400
v 32.5000 -2.5000 39.5600
v 32.5000 -2.5000 40.4800
v 32.5000 -2.5000 41.4000
v 32.5000 -2.5000 42.3200
v 32.5000 -2.5000 43.2400
v 32.5000 -2.5000 44.1600
v 32.5000 -2.5000 45.0800
v 32.5000 -2.5000 46.0000
v 33.3333 -2.5000 -46.0000
v 33.3333 -2.5000 -45.0800
v 33.3333 -2.5000 -44.1600
v 33.3333 -2.5000 -43.2400
v 33.3333 -2.5000 -42.3200
v 33.3333 -2.5000 -41.4000
v 33.3333 -2.5000 -40.4800
v 33.3333 -2.5000 -39.5600
v 33.3333 -2.5000 -38.6400
v 33.3333 -2.5000 -37.7200
v 33.3333 -2.5000 -36.8000
v 33.3333 -2.5000 -35.8800
v 33.3333 -2.5000 -34.9600
v 33.3333 -2.5000 -34.0400
v 33.3333 -2.5000 -33.1200
v 33.3333 -2.5000 -32.2000
v 33.3333 -2.5000 -31.2800
v 33.3333 -2.5000 -30.3600
v 33.3333 -2.5000 -29.4400
v 33.3333 -2.5000 -28.5200
v 33.3333 -2.5000 -27.6000
v 33.3333 -2.5000 -26.6800
v 33.3333 -2.5000 -25.7600
v 33.3333 -2.5000 -24.8400
v 33.3333 -2.5000 -23.9200
v 33.3333 -2.5000 -23.0000
v 33.3333 -2.5000 -22.0800
v 33.3333 1.1570 -21.1600
v 33.3333 1.9066 -20.2400
v 33.3333 2.5954 -19.3200
v 33.3333 3.1926 -18.4000
v 33.3333 3.6529 -17.4800
v 33.3333 3.9200 -16.5600
v 33.3333 3.9473 -15.6400
v 33.3333 3.7294 -14.7200
v 33.3333 3.3061 -13.8000
v 33.3333 2.7343 -12.8800
v 33.3333 2.0624 -11.9600
v 33.3333 1.3240 -11.0400
v 33.3333 -0.7781 -10.1200
v 33.3333 -0.5697 -9.2000
v 33.3333 -0.3489 -8.2800
v 33.3333 -0.1100 -7.3600
v 33.3333 0.1501 -6.4400
v 33.3333 0.4309 -5.5200
v 33.3333 0.6042 -4.6000
v 33.3333 0.6469 -3.6800
v 33.3333 0.7330 -2.7600
v 33.3333 0.8540 -1.8400
v 33.3333 0.9967 -0.9200
v 33.3333 1.1454 0.0000
v 33.3333 1.2846 0.9200
v 33.3333 1.4004 1.8400
v 33.3333 1.4824 2.7600
v 33.3333 1.5232 3.6800
v 33.3333 1.5193 4.6000
v 33.3333 1.4708 5.5200
v 33.3333 1.3811 6.4400
v 33.3333 1.2574 7.3600
v 33.3333 1.1103 8.2800
v 33.3333 0.9542 9.2000
v 33.3333 0.8064 10.1200
v 33.3333 0.6863 11.0400
v 33.3333 0.6134 11.9600
v 33.3333 0.4515 12.8800
v 33.3333 0.0633 13.8000
v 33.3333 -0.3249 14.7200
v 33.3333 -0.7047 15.6400
v 33.3333 -1.0696 16.5600
v 33.3333 -1.4146 17.4800
v 33.3333 -1.7371 18.4000
v 33.3333 -2.0365 19.3200
v 33.3333 -2.3140 20.2400
v 33.3333 -2.5000 21.1600
v 33.3333 -2.5000 22.0800
v 33.3333 -2.5000 23.0000
v 33.3333 -2.5000 23.9200
v 33.3333 -2.5000 24.8400
v 33.3333 -2.5000 25.7600
v 33.3333 -2.5000 26.6800
v 33.3333 -2.5000 27.6000
v 33.3333 -2.5000 28.5200
v 33.3333 -2.5000 29.4400
v 33.3333 -2.5000 30.3600
v 33.3333 -2.5000 31.2800
v 33.3333 -2.5000 32.2000
v 33.3333 -2.5000 33.1200
v 33.3333 -2.5000 34.0400
v 33.3333 -2.5000 34.9600
v 33.3333 -2.5000 35.8800
v 33.3333 -2.5000 36.8000
v 33.3333 -2.5000 37.7200
v 33.3333 -2.5000 38.6400
v 33.3333 -2.5000 39.5600
v 33.3333 -2.5000 40.4800
v 33.3333 -2.5000 41.4000
v 33.3333 -2.5000 42.3200
v 33.3333 -2.5000 43.2400
v 33.3333 -2.5000 44.1600
v 33.3333 -2.5000 45.0800
v 33.3333 -2.5000 46.0000
v 34.1667 -2.5000 -46.0000
v 34.1667 -2.5000 -45.0800
v 34.1667 -2.5000 -44.1600
v 34.1667 -2.5000 -43.2400
v 34.1667 -2.5000 -42.3200
v 34.1667 -2.5000 -41.4000
v 34.1667 -2.5000 -40.4800
v 34.1667 -2.5000 -39.5600
v 34.1667 -2.5000 -38.6400
v 34.1667 -2.5000 -37.7200
v 34.1667 -2.5000 -36.8000
v 34.1667 -2.5000 -35.8800
v 34.1667 -2.5000 -34.9600
v 34.1667 -2.5000 -34.0400
v 34.1667 -2.5000 -33.1200
v 34.1667 -2.5000 -32.2000
v 34.1667 -2.5000 -31.2800
v 34.1667 -2.5000 -30.3600
v 34.1667 -2.5000 -29.4400
v 34.1667 -2.5000 -28.5200
v 34.1667 -2.5000 -27.6000
v 34.1667 -2.5000 -26.6800
v 34.1667 -2.5000 -25.7600
v 34.1667 -2.5000 -24.8400
v 34.1667 -2.5000 -23.9200
v 34.1667 -2.5000 -23.0000
v 34.1667 -2.5000 -22.0800
v 34.1667 -2.5000 -21.1600
v 34.1667 1.3554 -20.2400
v 34.1667 1.9724 -19.3200
v 34.1667 2.4916 -18.4000
v 34.1667 2.8783 -17.4800
v 34.1667 3.0959 -16.5600
v 34.1667 3.1178 -15.6400
v 34.1667 2.9412 -14.7200
v 34.1667 2.5882 -13.8000
v 34.1667 2.0947 -12.8800
v 34.1667 1.4963 -11.9600
v 34.1667 0.8221 -11.0400
v 34.1667 -1.0041 -10.1200
v 34.1667 -0.7932 -9.2000
v 34.1667 -0.5686 -8.2800
v 34.1667 -0.3255 -7.3600
v 34.1667 -0.0614 -6.4400
v 34.1667 0.2224 -5.5200
v 34.1667 0.5212 -4.6000
v 34.1667 0.6131 -3.6800
v 34.1667 0.6699 -2.7600
v 34.1667 0.7644 -1.8400
v 34.1667 0.8839 -0.9200
v 34.1667 1.0136 0.0000
v 34.1667 1.1385 0.9200
v 34.1667 1.2449 1.8400
v 34.1667 1.3224 2.7600
v 34.1667 1.3635 3.6800
v 34.1667 1.3645 4.6000
v 34.1667 1.3251 5.5200
v 34.1667 1.2482 6.4400
v 34.1667 1.1406 7.3600
v 34.1667 1.0123 8.2800
v 34.1667 0.8768 9.2000
v 34.1667 0.7509 10.1200
v 34.1667 0.6531 11.0400
v 34.1667 0.6030 11.9600
v 34.1667 0.3341 12.8800
v 34.1667 -0.0521 13.8000
v 34.1667 -0.4413 14.7200
v 34.1667 -0.8254 15.6400
v 34.1667 -1.1974 16.5600
v 34.1667 -1.5519 17.4800
v 34.1667 -1.8853 18.4000
v 34.1667 -2.1962 19.3200
v 34.1667 -2.4849 20.2400
v 34.1667 -2.5000 21.1600
v 34.1667 -2.5000 22.0800
v 34.1667 -2.5000 23.0000
v 34.1667 -2.5000 23.9200
v 34.1667 -2.5000 24.8400
v 34.1667 -2.5000 25.7600
v 34.1667 -2.5000 26.6800
v 34.1667 -2.5000 27.6000
v 34.1667 -2.5000 28.5200
v 34.1667 -2.5000 29.4400
v 34.1667 -2.5000 30.3600
v 34.1667 -2.5000 31.2800
v 34.1667 -2.5000 32.2000
v 34.1667 -2.5000 33.1200
v 34.1667 -2.5000 34.0400
v 34.1667 -2.5000 34.9600
v 34.1667 -2.5000 35.8800
v 34.1667 -2.5000 36.8000
v 34.1667 -2.5000 37.7200
v 34.1667 -2.5000 38.6400
v 34.1667 -2.5000 39.5600
v 34.1667 -2.5000 40.4800
v 34.1667 -2.5000 41.4000
v 34.1667 -2.5000 42.3200
v 34.1667 -2.5000 43.2400
v 34.1667 -2.5000 44.1600
v 34.1667 -2.5000 45.0800
v 34.1667 -2.5000 46.0000
v 35.0000 -2.5000 -46.0000
v 35.0000 -2.5000 -45.0800
v 35.0000 -2.5000 -44.1600
v 35.0000 -2.5000 -43.2400
v 35.0000 -2.5000 -42.3200
v 35.0000 -2.5000 -41.4000
v 35.0000 -2.5000 -40.4800
v 35.0000 -2.5000 -39.5600
v 35.0000 -2.5000 -38.6400
v 35.0000 -2.5000 -37.7200
v 35.0000 -2.5000 -36.8000
v 35.0000 -2.5000 -35.8800
v 35.0000 -2.5000 -34.9600
v 35.0000 -2.5000 -34.0400
v 35.0000 -2.5000 -33.1200
v 35.0000 -2.5000 -32.2000
v 35.0000 -2.5000 -31.2800
v 35.0000 -2.5000 -30.3600
v 35.0000 -2.5000 -29.4400
v 35.0000 -2.5000 -28.5200
v 35.0000 -2.5000 -27.6000
v 35.0000 -2.5000 -26.6800
v 35.0000 -2.5000 -25.7600
v 35.0000 -2.5000 -24.8400
v 35.0000 -2.5000 -23.9200
v 35.0000 -2.5000 -23.0000
v 35.0000 -2.5000 -22.0800
v 35.0000 -2.5000 -21.1600
v 35.0000 -2.5000 -20.2400
v 35.0000 1.2981 -19.3200
v 35.0000 1.7538 -18.4000
v 35.0000 2.0856 -17.4800
v 35.0000 2.2687 -16.5600
v 35.0000 2.2871 -15.6400
v 35.0000 2.1388 -14.7200
v 35.0000 1.8374 -13.8000
v 35.0000 1.4064 -12.8800
v 35.0000 0.8718 -11.9600
v 35.0000 -1.4347 -11.0400
v 35.0000 -1.2296 -10.1200
v 35.0000 -1.0159 -9.2000
v 35.0000 -0.7874 -8.2800
v 35.0000 -0.5401 -7.3600
v 35.0000 -0.2724 -6.4400
v 35.0000 0.0141 -5.5200
v 35.0000 0.3145 -4.6000
v 35.0000 0.6001 -3.6800
v 35.0000 0.6265 -2.7600
v 35.0000 0.6932 -1.8400
v 35.0000 0.7886 -0.9200
v 35.0000 0.8983 0.0000
v 35.0000 1.0078 0.9200
v 35.0000 1.1038 1.8400
v 35.0000 1.1758 2.7600
v 35.0000 1.2163 3.6800
v 35.0000 1.2213 4.6000
v 35.0000 1.1900 5.5200
v 35.0000 1.1251 6.4400
v 35.0000 1.0328 7.3600
v 35.0000 0.9225 8.2800
v 35.0000 0.8072 9.2000
v 35.0000 0.7028 10.1200
v 35.0000 0.6274 11.0400
v 35.0000 0.5842 11.9600
v 35.0000 0.2153 12.8800
v 35.0000 -0.1679 13.8000
v 35.0000 -0.5569 14.7200
v 35.0000 -0.9440 15.6400
v 35.0000 -1.3218 16.5600
v 35.0000 -1.6845 17.4800
v 35.0000 -2.0280 18.4000
v 35.0000 -2.3500 19.3200
v 35.0000 -2.5000 20.2400
v 35.0000 -2.5000 21.1600
v 35.0000 -2.5000 22.0800
v 35.0000 -2.5000 23.0000
v 35.0000 -2.5000 23.9200
v 35.0000 -2.5000 24.8400
v 35.0000 -2.5000 25.7600
v 35.0000 -2.5000 26.6800
v 35.0000 -2.5000 27.6000
v 35.0000 -2.5000 28.5200
v 35.0000 -2.5000 29.4400
v 35.0000 -2.5000 30.3600
v 35.0000 -2.5000 31.2800
v 35.0000 -2.5000 32.2000
v 35.0000 -2.5000 33.1200
v 35.0000 -2.5000 34.0400
v 35.0000 -2.5000 34.9600
v 35.0000 -2.5000 35.8800
v 35.0000 -2.5000 36.8000
v 35.0000 -2.5000 37.7200
v 35.0000 -2.5000 38.6400
v 35.0000 -2.5000 39.5600
v 35.0000 -2.5000 40.4800
v 35.0000 -2.5000 41.4000
v 35.0000 -2.5000 42.3200
v 35.0000 -2.5000 43.2400
v 35.0000 -2.5000 44.1600
v 35.0000 -2.5000 45.0800
v 35.0000 -2.5000 46.0000
v 35.8333 -2.5000 -46.0000
v 35.8333 -2.5000 -45.0800
v 35.8333 -2.5000 -44.1600
v 35.8333 -2.5000 -43.2400
v 35.8333 -2.5000 -42.3200
v 35.8333 -2.5000 -41.4000
v 35.8333 -2.5000 -40.4800
v 35.8333 -2.5000 -39.5600
v 35.8333 -2.5000 -38.6400
v 35.8333 -2.5000 -37.7200
v 35.8333 -2.5000 -36.8000
v 35.8333 -2.5000 -35.8800
v 35.8333 -2.5000 -34.9600
v 35.8333 -2.5000 -34.0400
v 35.8333 -2.5000 -33.1200
v 35.8333 -2.5000 -32.2000
v 35.8333 -2.5000 -31.2800
v 35.8333 -2.5000 -30.3600
v 35.8333 -2.5000 -29.4400
v 35.8333 -2.5000 -28.5200
v 35.8333 -2.5000 -27.6000
v 35.8333 -2.5000 -26.6800
v 35.8333 -2.5000 -25.7600
v 35.8333 -2.5000 -24.8400
v 35.8333 -2.5000 -23.9200
v 35.8333 -2.5000 -23.0000
v 35.8333 -2.5000 -22.0800
v 35.8333 -2.5000 -21.1600
v 35.8333 -2.5000 -20.2400
v 35.8333 -2.5000 -19.3200
v 35.8333 0.9922 -18.4000
v 35.8333 1.2818 -17.4800
v 35.8333 1.4398 -16.5600
v 35.8333 1.4556 -15.6400
v 35.8333 1.3279 -14.7200
v 35.8333 1.0656 -13.8000
v 35.8333 -2.0715 -12.8800
v 35.8333 -1.8646 -11.9600
v 35.8333 -1.6612 -11.0400
v 35.8333 -1.4545 -10.1200
v 35.8333 -1.2377 -9.2000
v 35.8333 -1.0054 -8.2800
v 35.8333 -0.7540 -7.3600
v 35.8333 -0.4828 -6.4400
v 35.8333 -0.1938 -5.5200
v 35.8333 0.1079 -4.6000
v 35.8333 0.4148 -3.6800
v 35.8333 0.6035 -2.7600
v 35.8333 0.6415 -1.8400
v 35.8333 0.7116 -0.9200
v 35.8333 0.8004 0.0000
v 35.8333 0.8935 0.9200
v 35.8333 0.9781 1.8400
v 35.8333 1.0436 2.7600
v 35.8333 1.0825 3.6800
v 35.8333 1.0904 4.6000
v 35.8333 1.0663 5.5200
v 35.8333 1.0125 6.4400
v 35.8333 0.9347 7.3600
v 35.8333 0.8419 8.2800
v 35.8333 0.7462 9.2000
v 35.8333 0.6630 10.1200
v 35.8333 0.6097 11.0400
v 35.8333 0.4576 11.9600
v 35.8333 0.0949 12.8800
v 35.8333 -0.2844 13.8000
v 35.8333 -0.6723 14.7200
v 35.8333 -1.0610 15.6400
v 35.8333 -1.4434 16.5600
v 35.8333 -1.8133 17.4800
v 35.8333 -2.1659 18.4000
v 35.8333 -2.4983 19.3200
v 35.8333 -2.5000 20.2400
v 35.8333 -2.5000 21.1600
v 35.8333 -2.5000 22.0800
v 35.8333 -2.5000 23.0000
v 35.8333 -2.5000 23.9200
v 35.8333 -2.5000 24.8400
v 35.8333 -2.5000 25.7600
v 35.8333 -2.5000 26.6800
v 35.8333 -2.5000 27.6000
v 35.8333 -2.5000 28.5200
v 35.8333 -2.5000 29.4400
v 35.8333 -2.5000 30.3600
v 35.8333 -2.5000 31.2800
v 35.8333 -2.5000 32.2000
v 35.8333 -2.5000 33.1200
v 35.8333 -2.5000 34.0400
v 35.8333 -2.5000 34.9600
v 35.8333 -2.5000 35.8800
v 35.8333 -2.5000 36.8000
v 35.8333 -2.5000 37.7200
v 35.8333 -2.5000 38.6400
v 35.8333 -2.5000 39.5600
v 35.8333 -2.5000 40.4800
v 35.8333 -2.5000 41.4000
v 35.8333 -2.5000 42.3200
v 35.8333 -2.5000 43.2400
v 35.8333 -2.5000 44.1600
v 35.8333 -2.5000 45.0800
v 35.8333 -2.5000 46.0000
v 36.6667 -2.5000 -46.0000
v 36.6667 -2.5000 -45.0800
v 36.6667 -2.5000 -44.1600
v 36.6667 -2.5000 -43.2400
v 36.6667 -2.5000 -42.3200
v 36.6667 -2.5000 -41.4000
v 36.6667 -2.5000 -40.4800
v 36.6667 -2.5000 -39.5600
v 36.6667 -2.5000 -38.6400
v 36.6667 -2.5000 -37.7200
v 36.6667 -2.5000 -36.8000
v 36.6667 -2.5000 -35.8800
v 36.6667 -2.5000 -34.9600
v 36.6667 -2.5000 -34.0400
v 36.6667 -2.5000 -33.1200
v 36.6667 -2.5000 -32.2000
v 36.6667 -2.5000 -31.2800
v 36.6667 -2.5000 -30.3600
v 36.6667 -2.5000 -29.4400
v 36.6667 -2.5000 -28.5200
v 36.6667 -2.5000 -27.6000
v 36.6667 -2.5000 -26.6800
v 36.6667 -2.5000 -25.7600
v 36.6667 -2.5000 -24.8400
v 36.6667 -2.5000 -23.9200
v 36.6667 -2.5000 -23.0000
v 36.6667 -2.5000 -22.0800
v 36.6667 -2.5000 -21.1600
v 36.6667 -2.5000 -20.2400
v 36.6667 -2.5000 -19.3200
v 36.6667 -2.5000 -18.4000
v 36.6667 -2.5000 -17.4800
v 36.6667 -2.5000 -16.5600
v 36.6667 -2.5000 -15.6400
v 36.6667 -2.5000 -14.7200
v 36.6667 -2.5000 -13.8000
v 36.6667 -2.2962 -12.8800
v 36.6667 -2.0910 -11.9600
v 36.6667 -1.8874 -11.0400
v 36.6667 -1.6787 -10.1200
v 36.6667 -1.4586 -9.2000
v 36.6667 -1.2225 -8.2800
v 36.6667 -0.9672 -7.3600
v 36.6667 -0.6927 -6.4400
v 36.6667 -0.4015 -5.5200
v 36.6667 -0.0987 -4.6000
v 36.6667 0.2083 -3.6800
v 36.6667 0.5109 -2.7600
v 36.6667 0.6101 -1.8400
v 36.6667 0.6540 -0.9200
v 36.6667 0.7208 0.0000
v 36.6667 0.7966 0.9200
v 36.6667 0.8688 1.8400
v 36.6667 0.9268 2.7600
v 36.6667 0.9630 3.6800
v 36.6667 0.9729 4.6000
v 36.6667 0.9551 5.5200
v 36.6667 0.9115 6.4400
v 36.6667 0.8474 7.3600
v 36.6667 0.7712 8.2800
v 36.6667 0.6946 9.2000
v 36.6667 0.6321 10.1200
v 36.6667 0.6009 11.0400
v 36.6667 0.3289 11.9600
v 36.6667 -0.0272 12.8800
v 36.6667 -0.4019 13.8000
v 36.6667 -0.7877 14.7200
v 36.6667 -1.1771 15.6400
v 36.6667 -1.5628 16.5600
v 36.6667 -1.9386 17.4800
v 36.6667 -2.2993 18.4000
v 36.6667 -2.5000 19.3200
v 36.6667 -2.5000 20.2400
v 36.6667 -2.5000 21.1600
v 36.6667 -2.5000 22.0800
v 36.6667 -2.5000 23.0000
v 36.6667 -2.5000 23.9200
v 36.6667 -2.5000 24.8400
v 36.6667 -2.5000 25.7600
v 36.6667 -2.5000 26.6800
v 36.6667 -2.5000 27.6000
v 36.6667 -2.5000 28.5200
v 36.6667 -2.5000 29.4400
v 36.6667 -2.5000 30.3600
v 36.6667 -2.5000 31.2800
v 36.6667 -2.5000 32.2000
v 36.6667 -2.5000 33.1200
v 36.6667 -2.5000 34.0400
v 36.6667 -2.5000 34.9600
v 36.6667 -2.5000 35.8800
v 36.6667 -2.5000 36.8000
v 36.6667 -2.5000 37.7200
v 36.6667 -2.5000 38.6400
v 36.6667 -2.5000 39.5600
v 36.6667 -2.5000 40.4800
v 36.6667 -2.5000 41.4000
v 36.6667 -2.5000 42.3200
v 36.6667 -2.5000 43.2400
v 36.6667 -2.5000 44.1600
v 36.6667 -2.5000 45.0800
v 36.6667 -2.5000 46.0000
v 37.5000 -2.5000 -46.0000
v 37.5000 -2.5000 -45.0800
v 37.5000 -2.5000 -44.1600
v 37.5000 -2.5000 -43.2400
v 37.5000 -2.5000 -42.3200
v 37.5000 -2.5000 -41.4000
v 37.5000 -2.5000 -40.4800
v 37.5000 -2.5000 -39.5600
v 37.5000 -2.5000 -38.6400
v 37.5000 -2.5000 -37.7200
v 37.5000 -2.5000 -36.8000
v 37.5000 -2.5000 -35.8800
v 37.5000 -2.5000 -34.9600
v 37.5000 -2.5000 -34.0400
v 37.5000 -2.5000 -33.1200
v 37.5000 -2.5000 -32.2000
v 37.5000 -2.5000 -31.2800
v 37.5000 -2.5000 -30.3600
v 37.5000 -2.5000 -29.4400
v 37.5000 -2.5000 -28.5200
v 37.5000 -2.5000 -27.6000
v 37.5000 -2.5000 -26.6800
v 37.5000 -2.5000 -25.7600
v 37.5000 -2.5000 -24.8400
v 37.5000 -2.5000 -23.9200
v 37.5000 -2.5000 -23.0000
v 37.5000 -2.5000 -22.0800
v 37.5000 -2.5000 -21.1600
v 37.5000 -2.5000 -20.2400
v 37.5000 -2.5000 -19.3200
v 37.5000 -2.5000 -18.4000
v 37.5000 -2.5000 -17.4800
v 37.5000 -2.5000 -16.5600
v 37.5000 -2.5000 -15.6400
v 37.5000 -2.5000 -14.7200
v 37.5000 -2.5000 -13.8000
v 37.5000 -2.5000 -12.8800
v 37.5000 -2.3176 -11.9600
v 37.5000 -2.1133 -11.0400
v 37.5000 -1.9022 -10.1200
v 37.5000 -1.6788 -9.2000
v 37.5000 -1.4387 -8.2800
v 37.5000 -1.1798 -7.3600
v 37.5000 -0.9023 -6.4400
v 37.5000 -0.6089 -5.5200
v 37.5000 -0.3052 -4.6000
v 37.5000 0.0018 -3.6800
v 37.5000 0.3036 -2.7600
v 37.5000 0.5916 -1.8400
v 37.5000 0.6167 -0.9200
v 37.5000 0.6604 0.0000
v 37.5000 0.7179 0.9200
v 37.5000 0.7767 1.8400
v 37.5000 0.8262 2.7600
v 37.5000 0.8588 3.6800
v 37.5000 0.8697 4.6000
v 37.5000 0.8572 5.5200
v 37.5000 0.8230 6.4400
v 37.5000 0.7718 7.3600
v 37.5000 0.7115 8.2800
v 37.5000 0.6533 9.2000
v 37.5000 0.6112 10.1200
v 37.5000 0.5205 11.0400
v 37.5000 0.1980 11.9600
v 37.5000 -0.1513 12.8800
v 37.5000 -0.5208 13.8000
v 37.5000 -0.9036 14.7200
v 37.5000 -1.2925 15.6400
v 37.5000 -1.6805 16.5600
v 37.5000 -2.0611 17.4800
v 37.5000 -2.4289 18.4000
v 37.5000 -2.5000 19.3200
v 37.5000 -2.5000 20.2400
v 37.5000 -2.5000 21.1600
v 37.5000 -2.5000 22.0800
v 37.5000 -2.5000 23.0000
v 37.5000 -2.5000 23.9200
v 37.5000 -2.5000 24.8400
v 37.5000 -2.5000 25.7600
v 37.5000 -2.5000 26.6800
v 37.5000 -2.5000 27.6000
v 37.5000 -2.5000 28.5200
v 37.5000 -2.5000 29.4400
v 37.5000 -2.5000 30.3600
v 37.5000 -2.5000 31.2800
v 37.5000 -2.5000 32.2000
v 37.5000 -2.5000 33.1200
v 37.5000 -2.5000 34.0400
v 37.5000 -2.5000 34.9600
v 37.5000 -2.5000 35.8800
v 37.5000 -2.5000 36.8000
v 37.5000 -2.5000 37.7200
v 37.5000 -2.5000 38.6400
v 37.5000 -2.5000 39.5600
v 37.5000 -2.5000 40.4800
v 37.5000 -2.5000 41.4000
v 37.5000 -2.5000 42.3200
v 37.5000 -2.5000 43.2400
v 37.5000 -2.5000 44.1600
v 37.5000 -2.5000 45.0800
v 37.5000 -2.5000 46.0000
v 38.3333 -2.5000 -46.0000
v 38.3333 -2.5000 -45.0800
v 38.3333 -2.5000 -44.1600
v 38.3333 -2.5000 -43.2400
v 38.3333 -2.5000 -42.3200
v 38.3333 -2.5000 -41.4000
v 38.3333 -2.5000 -40.4800
v 38.3333 -2.5000 -39.5600
v 38.3333 -2.5000 -38.6400
v 38.3333 -2.5000 -37.7200
v 38.3333 -2.5000 -36.8000
v 38.3333 -2.5000 -35.8800
v 38.3333 -2.5000 -34.9600
v 38.3333 -2.5000 -34.0400
v 38.3333 -2.5000 -33.1200
v 38.3333 -2.5000 -32.2000
v 38.3333 -2.5000 -31.2800
v 38.3333 -2.5000 -30.3600
v 38.3333 -2.5000 -29.4400
v 38.3333 -2.5000 -28.5200
v 38.3333 -2.5000 -27.6000
v 38.3333 -2.5000 -26.6800
v 38.3333 -2.5000 -25.7600
v 38.3333 -2.5000 -24.8400
v 38.3333 -2.5000 -23.9200
v 38.3333 -2.5000 -23.0000
v 38.3333 -2.5000 -22.0800
v 38.3333 -2.5000 -21.1600
v 38.3333 -2.5000 -20.2400
v 38.3333 -2.5000 -19.3200
v 38.3333 -2.5000 -18.4000
v 38.3333 -2.5000 -17.4800
v 38.3333 -2.5000 -16.5600
v 38.3333 -2.5000 -15.6400
v 38.3333 -2.5000 -14.7200
v 38.3333 -2.5000 -13.8000
v 38.3333 -2.5000 -12.8800
v 38.3333 -2.5000 -11.9600
v 38.3333 -2.3386 -11.0400
v 38.3333 -2.1250 -10.1200
v 38.3333 -1.8981 -9.2000
v 38.3333 -1.6542 -8.2800
v 38.3333 -1.3918 -7.3600
v 38.3333 -1.1114 -6.4400
v 38.3333 -0.8162 -5.5200
v 38.3333 -0.5117 -4.6000
v 38.3333 -0.2048 -3.6800
v 38.3333 0.0963 -2.7600
v 38.3333 0.3834 -1.8400
v 38.3333 0.6006 -0.9200
v 38.3333 0.6203 0.0000
v 38.3333 0.6585 0.9200
v 38.3333 0.7028 1.8400
v 38.3333 0.7429 2.7600
v 38.3333 0.7709 3.6800
v 38.3333 0.7818 4.6000
v 38.3333 0.7737 5.5200
v 38.3333 0.7479 6.4400
v 38.3333 0.7087 7.3600
v 38.3333 0.6636 8.2800
v 38.3333 0.6232 9.2000
v 38.3333 0.6009 10.1200
v 38.3333 0.3790 11.0400
v 38.3333 0.0648 11.9600
v 38.3333 -0.2772 12.8800
v 38.3333 -0.6411 13.8000
v 38.3333 -1.0203 14.7200
v 38.3333 -1.4078 15.6400
v 38.3333 -1.7970 16.5600
v 38.3333 -2.1813 17.4800
v 38.3333 -2.5000 18.4000
v 38.3333 -2.5000 19.3200
v 38.3333 -2.5000 20.2400
v 38.3333 -2.5000 21.1600
v 38.3333 -2.5000 22.0800
v 38.3333 -2.5000 23.0000
v 38.3333 -2.5000 23.9200
v 38.3333 -2.5000 24.8400
v 38.3333 -2.5000 25.7600
v 38.3333 -2.5000 26.6800
v 38.3333 -2.5000 27.6000
v 38.3333 -2.5000 28.5200
v 38.3333 -2.5000 29.4400
v 38.3333 -2.5000 30.3600
v 38.3333 -2.5000 31.2800
v 38.3333 -2.5000 32.2000
v 38.3333 -2.5000 33.1200
v 38.3333 -2.5000 34.0400
v 38.3333 -2.5000 34.9600
v 38.3333 -2.5000 35.8800
v 38.3333 -2.5000 36.8000
v 38.3333 -2.5000 37.7200
v 38.3333 -2.5000 38.6400
v 38.3333 -2.5000 39.5600
v 38.3333 -2.5000 40.4800
v 38.3333 -2.5000 41.4000
v 38.3333 -2.5000 42.3200
v 38.3333 -2.5000 43.2400
v 38.3333 -2.5000 44.1600
v 38.3333 -2.5000 45.0800
v 38.3333 -2.5000 46.0000
v 39.1667 -2.5000 -46.0000
v 39.1667 -2.5000 -45.0800
v 39.1667 -2.5000 -44.1600
v 39.1667 -2.5000 -43.2400
v 39.1667 -2.5000 -42.3200
v 39.1667 -2.5000 -41.4000
v 39.1667 -2.5000 -40.4800
v 39.1667 -2.5000 -39.5600
v 39.1667 -2.5000 -38.6400
v 39.1667 -2.5000 -37.7200
v 39.1667 -2.5000 -36.8000
v 39.1667 -2.5000 -35.8800
v 39.1667 -2.5000 -34.9600
v 39.1667 -2.5000 -34.0400
v 39.1667 -2.5000 -33.1200
v 39.1667 -2.5000 -32.2000
v 39.1667 -2.5000 -31.2800
v 39.1667 -2.5000 -30.3600
v 39.1667 -2.5000 -29.4400
v 39.1667 -2.5000 -28.5200
v 39.1667 -2.5000 -27.6000
v 39.1667 -2.5000 -26.6800
v 39.1667 -2.5000 -25.7600
v 39.1667 -2.5000 -24.8400
v 39.1667 -2.5000 -23.9200
v 39.1667 -2.5000 -23.0000
v 39.1667 -2.5000 -22.0800
v 39.1667 -2.5000 -21.1600
v 39.1667 -2.5000 -20.2400
v 39.1667 -2.5000 -19.3200
v 39.1667 -2.5000 -18.4000
v 39.1667 -2.5000 -17.4800
v 39.1667 -2.5000 -16.5600
v 39.1667 -2.5000 -15.6400
v 39.1667 -2.5000 -14.7200
v 39.1667 -2.5000 -13.8000
v 39.1667 -2.5000 -12.8800
v 39.1667 -2.5000 -11.9600
v 39.1667 -2.5000 -11.0400
v 39.1667 -2.3470 -10.1200
v 39.1667 -2.1166 -9.2000
v 39.1667 -1.8690 -8.2800
v 39.1667 -1.6032 -7.3600
v 39.1667 -1.3202 -6.4400
v 39.1667 -1.0233 -5.5200
v 39.1667 -0.7181 -4.6000
v 39.1667 -0.4114 -3.6800
v 39.1667 -0.1110 -2.7600
v 39.1667 0.1750 -1.8400
v 39.1667 0.4393 -0.9200
v 39.1667 0.6014 0.0000
v 39.1667 0.6193 0.9200
v 39.1667 0.6481 1.8400
v 39.1667 0.6777 2.7600
v 39.1667 0.7001 3.6800
v 39.1667 0.7100 4.6000
v 39.1667 0.7054 5.5200
v 39.1667 0.6871 6.4400
v 39.1667 0.6591 7.3600
v 39.1667 0.6285 8.2800
v 39.1667 0.6052 9.2000
v 39.1667 0.5078 10.1200
v 39.1667 0.2353 11.0400
v 39.1667 -0.0706 11.9600
v 39.1667 -0.4052 12.8800
v 39.1667 -0.7631 13.8000
v 39.1667 -1.1379 14.7200
v 39.1667 -1.5234 15.6400
v 39.1667 -1.9127 16.5600
v 39.1667 -2.2996 17.4800
v 39.1667 -2.5000 18.4000
v 39.1667 -2.5000 19.3200
v 39.1667 -2.5000 20.2400
v 39.1667 -2.5000 21.1600
v 39.1667 -2.5000 22.0800
v 39.1667 -2.5000 23.0000
v 39.1667 -2.5000 23.9200
v 39.1667 -2.5000 24.8400
v 39.1667 -2.5000 25.7600
v 39.1667 -2.5000 26.6800
v 39.1667 -2.5000 27.6000
v 39.1667 -2.5000 28.5200
v 39.1667 -2.5000 29.4400
v 39.1667 -2.5000 30.3600
v 39.1667 -2.5000 31.2800
v 39.1667 -2.5000 32.2000
v 39.1667 -2.5000 33.1200
v 39.1667 -2.5000 34.0400
v 39.1667 -2.5000 34.9600
v 39.1667 -2.5000 35.8800
v 39.1667 -2.5000 36.8000
v 39.1667 -2.5000 37.7200
v 39.1667 -2.5000 38.6400
v 39.1667 -2.5000 39.5600
v 39.1667 -2.5000 40.4800
v 39.1667 -2.5000 41.4000
v 39.1667 -2.5000 42.3200
v 39.1667 -2.5000 43.2400
v 39.1667 -2.5000 44.1600
v 39.1667 -2.5000 45.0800
v 39.1667 -2.5000 46.0000
v 40.0000 -2.5000 -46.0000
v 40.0000 -2.5000 -45.0800
v 40.0000 -2.5000 -44.1600
v 40.0000 -2.5000 -43.2400
v 40.0000 -2.5000 -42.3200
v 40.0000 -2.5000 -41.4000
v 40.0000 -2.5000 -40.4800
v 40.0000 -2.5000 -39.5600
v 40.0000 -2.5000 -38.6400
v 40.0000 -2.5000 -37.7200
v 40.0000 -2.5000 -36.8000
v 40.0000 -2.5000 -35.8800
v 40.0000 -2.5000 -34.9600
v 40.0000 -2.5000 -34.0400
v 40.0000 -2.5000 -33.1200
v 40.0000 -2.5000 -32.2000
v 40.0000 -2.5000 -31.2800
v 40.0000 -2.5000 -30.3600
v 40.0000 -2.5000 -29.4400
v 40.0000 -2.5000 -28.5200
v 40.0000 -2.5000 -27.6000
v 40.0000 -2.5000 -26.6800
v 40.0000 -2.5000 -25.7600
v 40.0000 -2.5000 -24.8400
v 40.0000 -2.5000 -23.9200
v 40.0000 -2.5000 -23.0000
v 40.0000 -2.5000 -22.0800
v 40.0000 -2.5000 -21.1600
v 40.0000 -2.5000 -20.2400
v 40.0000 -2.5000 -19.3200
v 40.0000 -2.5000 -18.4000
v 40.0000 -2.5000 -17.4800
v 40.0000 -2.5000 -16.5600
v 40.0000 -2.5000 -15.6400
v 40.0000 -2.5000 -14.7200
v 40.0000 -2.5000 -13.8000
v 40.0000 -2.5000 -12.8800
v 40.0000 -2.5000 -11.9600
v 40.0000 -2.5000 -11.0400
v 40.0000 -2.5000 -10.1200
v 40.0000 -2.3343 -9.2000
v 40.0000 -2.0832 -8.2800
v 40.0000 -1.8141 -7.3600
v 40.0000 -1.5286 -6.4400
v 40.0000 -1.2303 -5.5200
v 40.0000 -0.9245 -4.6000
v 40.0000 -0.6181 -3.6800
v 40.0000 -0.3185 -2.7600
v 40.0000 -0.0333 -1.8400
v 40.0000 0.2302 -0.9200
v 40.0000 0.4657 0.0000
v 40.0000 0.6012 0.9200
v 40.0000 0.6136 1.8400
v 40.0000 0.6317 2.7600
v 40.0000 0.6474 3.6800
v 40.0000 0.6554 4.6000
v 40.0000 0.6533 5.5200
v 40.0000 0.6417 6.4400
v 40.0000 0.6240 7.3600
v 40.0000 0.6070 8.2800
v 40.0000 0.5796 9.2000
v 40.0000 0.3533 10.1200
v 40.0000 0.0894 11.0400
v 40.0000 -0.2082 11.9600
v 40.0000 -0.5353 12.8800
v 40.0000 -0.8867 13.8000
v 40.0000 -1.2568 14.7200
v 40.0000 -1.6394 15.6400
v 40.0000 -2.0281 16.5600
v 40.0000 -2.4167 17.4800
v 40.0000 -2.5000 18.4000
v 40.0000 -2.5000 19.3200
v 40.0000 -2.5000 20.2400
v 40.0000 -2.5000 21.1600
v 40.0000 -2.5000 22.0800
v 40.0000 -2.5000 23.0000
v 40.0000 -2.5000 23.9200
v 40.0000 -2.5000 24.8400
v 40.0000 -2.5000 25.7600
v 40.0000 -2.5000 26.6800
v 40.0000 -2.5000 27.6000
v 40.0000 -2.5000 28.5200
v 40.0000 -2.5000 29.4400
v 40.0000 -2.5000 30.3600
v 40.0000 -2.5000 31.2800
v 40.0000 -2.5000 32.2000
v 40.0000 -2.5000 33.1200
v 40.0000 -2.5000 34.0400
v 40.0000 -2.5000 34.9600
v 40.0000 -2.5000 35.8800
v 40.0000 -2.5000 36.8000
v 40.0000 -2.5000 37.7200
v 40.0000 -2.5000 38.6400
v 40.0000 -2.5000 39.5600
v 40.0000 -2.5000 40.4800
v 40.0000 -2.5000 41.4000
v 40.0000 -2.5000 42.3200
v 40.0000 -2.5000 43.2400
v 40.0000 -2.5000 44.1600
v 40.0000 -2.5000 45.0800
v 40.0000 -2.5000 46.0000
v 40.8333 -2.5000 -46.0000
v 40.8333 -2.5000 -45.0800
v 40.8333 -2.5000 -44.1600
v 40.8333 -2.5000 -43.2400
v 40.8333 -2.5000 -42.3200
v 40.8333 -2.5000 -41.4000
v 40.8333 -2.5000 -40.4800
v 40.8333 -2.5000 -39.5600
v 40.8333 -2.5000 -38.6400
v 40.8333 -2.5000 -37.7200
v 40.8333 -2.5000 -36.8000
v 40.8333 -2.5000 -35.8800
v 40.8333 -2.5000 -34.9600
v 40.8333 -2.5000 -34.0400
v 40.8333 -2.5000 -33.1200
v 40.8333 -2.5000 -32.2000
v 40.8333 -2.5000 -31.2800
v 40.8333 -2.5000 -30.3600
v 40.8333 -2.5000 -29.4400
v 40.8333 -2.5000 -28.5200
v 40.8333 -2.5000 -27.6000
v 40.8333 -2.5000 -26.6800
v 40.8333 -2.5000 -25.7600
v 40.8333 -2.5000 -24.8400
v 40.8333 -2.5000 -23.9200
v 40.8333 -2.5000 -23.0000
v 40.8333 -2.5000 -22.0800
v 40.8333 -2.5000 -21.1600
v 40.8333 -2.5000 -20.2400
v 40.8333 -2.5000 -19.3200
v 40.8333 -2.5000 -18.4000
v 40.8333 -2.5000 -17.4800
v 40.8333 -2.5000 -16.5600
v 40.8333 -2.5000 -15.6400
v 40.8333 -2.5000 -14.7200
v 40.8333 -2.5000 -13.8000
v 40.8333 -2.5000 -12.8800
v 40.8333 -2.5000 -11.9600
v 40.8333 -2.5000 -11.0400
v 40.8333 -2.5000 -10.1200
v 40.8333 -2.5000 -9.2000
v 40.8333 -2.2966 -8.2800
v 40.8333 -2.0246 -7.3600
v 40.8333 -1.7368 -6.4400
v 40.8333 -1.4372 -5.5200
v 40.8333 -1.1309 -4.6000
v 40.8333 -0.8248 -3.6800
v 40.8333 -0.5259 -2.7600
v 40.8333 -0.2417 -1.8400
v 40.8333 0.0210 -0.9200
v 40.8333 0.2562 0.0000
v 40.8333 0.4587 0.9200
v 40.8333 0.6002 1.8400
v 40.8333 0.6057 2.7600
v 40.8333 0.6138 3.6800
v 40.8333 0.6189 4.6000
v 40.8333 0.6184 5.5200
v 40.8333 0.6124 6.4400
v 40.8333 0.6042 7.3600
v 40.8333 0.5928 8.2800
v 40.8333 0.4148 9.2000
v 40.8333 0.1968 10.1200
v 40.8333 -0.0586 11.0400
v 40.8333 -0.3480 11.9600
v 40.8333 -0.6674 12.8800
v 40.8333 -1.0123 13.8000
v 40.8333 -1.3771 14.7200
v 40.8333 -1.7562 15.6400
v 40.8333 -2.1434 16.5600
v 40.8333 -2.5000 17.4800
v 40.8333 -2.5000 18.4000
v 40.8333 -2.5000 19.3200
v 40.8333 -2.5000 20.2400
v 40.8333 -2.5000 21.1600
v 40.8333 -2.5000 22.0800
v 40.8333 -2.5000 23.0000
v 40.8333 -2.5000 23.9200
v 40.8333 -2.5000 24.8400
v 40.8333 -2.5000 25.7600
v 40.8333 -2.5000 26.6800
v 40.8333 -2.5000 27.6000
v 40.8333 -2.5000 28.5200
v 40.8333 -2.5000 29.4400
v 40.8333 -2.5000 30.3600
v 40.8333 -2.5000 31.2800
v 40.8333 -2.5000 32.2000
v 40.8333 -2.5000 33.1200
v 40.8333 -2.5000 34.0400
v 40.8333 -2.5000 34.9600
v 40.8333 -2.5000 35.8800
v 40.8333 -2.5000 36.8000
v 40.8333 -2.5000 37.7200
v 40.8333 -2.5000 38.6400
v 40.8333 -2.5000 39.5600
v 40.8333 -2.5000 40.4800
v 40.8333 -2.5000 41.4000
v 40.8333 -2.5000 42.3200
v 40.8333 -2.5000 43.2400
v 40.8333 -2.5000 44.1600
v 40.8333 -2.5000 45.0800
v 40.8333 -2.5000 46.0000
v 41.6667 -2.5000 -46.0000
v 41.6667 -2.5000 -45.0800
v 41.6667 -2.5000 -44.1600
v 41.6667 -2.5000 -43.2400
v 41.6667 -2.5000 -42.3200
v 41.6667 -2.5000 -41.4000
v 41.6667 -2.5000 -40.4800
v 41.6667 -2.5000 -39.5600
v 41.6667 -2.5000 -38.6400
v 41.6667 -2.5000 -37.7200
v 41.6667 -2.5000 -36.8000
v 41.6667 -2.5000 -35.8800
v 41.6667 -2.5000 -34.9600
v 41.6667 -2.5000 -34.0400
v 41.6667 -2.5000 -33.1200
v 41.6667 -2.5000 -32.2000
v 41.6667 -2.5000 -31.2800
v 41.6667 -2.5000 -30.3600
v 41.6667 -2.5000 -29.4400
v 41.6667 -2.5000 -28.5200
v 41.6667 -2.5000 -27.6000
v 41.6667 -2.5000 -26.6800
v 41.6667 -2.5000 -25.7600
v 41.6667 -2.5000 -24.8400
v 41.6667 -2.5000 -23.9200
v 41.6667 -2.5000 -23.0000
v 41.6667 -2.5000 -22.0800
v 41.6667 -2.5000 -21.1600
v 41.6667 -2.5000 -20.2400
v 41.6667 -2.5000 -19.3200
v 41.6667 -2.5000 -18.4000
v 41.6667 -2.5000 -17.4800
v 41.6667 -2.5000 -16.5600
v 41.6667 -2.5000 -15.6400
v 41.6667 -2.5000 -14.7200
v 41.6667 -2.5000 -13.8000
v 41.6667 -2.5000 -12.8800
v 41.6667 -2.5000 -11.9600
v 41.6667 -2.5000 -11.0400
v 41.6667 -2.5000 -10.1200
v 41.6667 -2.5000 -9.2000
v 41.6667 -2.5000 -8.2800
v 41.6667 -2.2346 -7.3600
v 41.6667 -1.9448 -6.4400
v 41.6667 -1.6439 -5.5200
v 41.6667 -1.3373 -4.6000
v 41.6667 -1.0315 -3.6800
v 41.6667 -0.7335 -2.7600
v 41.6667 -0.4502 -1.8400
v 41.6667 -0.1881 -0.9200
v 41.6667 0.0468 0.0000
v 41.6667 0.2496 0.9200
v 41.6667 0.4165 1.8400
v 41.6667 0.5444 2.7600
v 41.6667 0.6002 3.6800
v 41.6667 0.6014 4.6000
v 41.6667 0.6015 5.5200
v 41.6667 0.6003 6.4400
v 41.6667 0.5472 7.3600
v 41.6667 0.4184 8.2800
v 41.6667 0.2482 9.2000
v 41.6667 0.0384 10.1200
v 41.6667 -0.2086 11.0400
v 41.6667 -0.4898 11.9600
v 41.6667 -0.8016 12.8800
v 41.6667 -1.1396 13.8000
v 41.6667 -1.4989 14.7200
v 41.6667 -1.8740 15.6400
v 41.6667 -2.2590 16.5600
v 41.6667 -2.5000 17.4800
v 41.6667 -2.5000 18.4000
v 41.6667 -2.5000 19.3200
v 41.6667 -2.5000 20.2400
v 41.6667 -2.5000 21.1600
v 41.6667 -2.5000 22.0800
v 41.6667 -2.5000 23.0000
v 41.6667 -2.5000 23.9200
v 41.6667 -2.5000 24.8400
v 41.6667 -2.5000 25.7600
v 41.6667 -2.5000 26.6800
v 41.6667 -2.5000 27.6000
v 41.6667 -2.5000 28.5200
v 41.6667 -2.5000 29.4400
v 41.6667 -2.5000 30.3600
v 41.6667 -2.5000 31.2800
v 41.6667 -2.5000 32.2000
v 41.6667 -2.5000 33.1200
v 41.6667 -2.5000 34.0400
v 41.6667 -2.5000 34.9600
v 41.6667 -2.5000 35.8800
v 41.6667 -2.5000 36.8000
v 41.6667 -2.5000 37.7200
v 41.6667 -2.5000 38.6400
v 41.6667 -2.5000 39.5600
v 41.6667 -2.5000 40.4800
v 41.6667 -2.5000 41.4000
v 41.6667 -2.5000 42.3200
v 41.6667 -2.5000 43.2400
v 41.6667 -2.5000 44.1600
v 41.6667 -2.5000 45.0800
v 41.6667 -2.5000 46.0000
v 42.5000 -2.5000 -46.0000
v 42.5000 -2.5000 -45.0800
v 42.5000 -2.5000 -44.1600
v 42.5000 -2.5000 -43.2400
v 42.5000 -2.5000 -42.3200
v 42.5000 -2.5000 -41.4000
v 42.5000 -2.5000 -40.4800
v 42.5000 -2.5000 -39.5600
v 42.5000 -2.5000 -38.6400
v 42.5000 -2.5000 -37.7200
v 42.5000 -2.5000 -36.8000
v 42.5000 -2.5000 -35.8800
v 42.5000 -2.5000 -34.9600
v 42.5000 -2.5000 -34.0400
v 42.5000 -2.5000 -33.1200
v 42.5000 -2.5000 -32.2000
v 42.5000 -2.5000 -31.2800
v 42.5000 -2.5000 -30.3600
v 42.5000 -2.5000 -29.4400
v 42.5000 -2.5000 -28.5200
v 42.5000 -2.5000 -27.6000
v 42.5000 -2.5000 -26.6800
v 42.5000 -2.5000 -25.7600
v 42.5000 -2.5000 -24.8400
v 42.5000 -2.5000 -23.9200
v 42.5000 -2.5000 -23.0000
v 42.5000 -2.5000 -22.0800
v 42.5000 -2.5000 -21.1600
v 42.5000 -2.5000 -20.2400
v 42.5000 -2.5000 -19.3200
v 42.5000 -2.5000 -18.4000
v 42.5000 -2.5000 -17.4800
v 42.5000 -2.5000 -16.5600
v 42.5000 -2.5000 -15.6400
v 42.5000 -2.5000 -14.7200
v 42.5000 -2.5000 -13.8000
v 42.5000 -2.5000 -12.8800
v 42.5000 -2.5000 -11.9600
v 42.5000 -2.5000 -11.0400
v 42.5000 -2.5000 -10.1200
v 42.5000 -2.5000 -9.2000
v 42.5000 -2.5000 -8.2800
v 42.5000 -2.4443 -7.3600
v 42.5000 -2.1525 -6.4400
v 42.5000 -1.8506 -5.5200
v 42.5000 -1.5438 -4.6000
v 42.5000 -1.2383 -3.6800
v 42.5000 -0.9411 -2.7600
v 42.5000 -0.6586 -1.8400
v 42.5000 -0.3973 -0.9200
v 42.5000 -0.1627 0.0000
v 42.5000 0.0405 0.9200
v 42.5000 0.2085 1.8400
v 42.5000 0.3384 2.7600
v 42.5000 0.4280 3.6800
v 42.5000 0.4760 4.6000
v 42.5000 0.4815 5.5200
v 42.5000 0.4442 6.4400
v 42.5000 0.3644 7.3600
v 42.5000 0.2426 8.2800
v 42.5000 0.0800 9.2000
v 42.5000 -0.1218 10.1200
v 42.5000 -0.3606 11.0400
v 42.5000 -0.6338 11.9600
v 42.5000 -0.9379 12.8800
v 42.5000 -1.2689 13.8000
v 42.5000 -1.6223 14.7200
v 42.5000 -1.9929 15.6400
v 42.5000 -2.3752 16.5600
v 42.5000 -2.5000 17.4800
v 42.5000 -2.5000 18.4000
v 42.5000 -2.5000 19.3200
v 42.5000 -2.5000 20.2400
v 42.5000 -2.5000 21.1600
v 42.5000 -2.5000 22.0800
v 42.5000 -2.5000 23.0000
v 42.5000 -2.5000 23.9200
v 42.5000 -2.5000 24.8400
v 42.5000 -2.5000 25.7600
v 42.5000 -2.5000 26.6800
v 42.5000 -2.5000 27.6000
v 42.5000 -2.5000 28.5200
v 42.5000 -2.5000 29.4400
v 42.5000 -2.5000 30.3600
v 42.5000 -2.5000 31.2800
v 42.5000 -2.5000 32.2000
v 42.5000 -2.5000 33.1200
v 42.5000 -2.5000 34.0400
v 42.5000 -2.5000 34.9600
v 42.5000 -2.5000 35.8800
v 42.5000 -2.5000 36.8000
v 42.5000 -2.5000 37.7200
v 42.5000 -2.5000 38.6400
v 42.5000 -2.5000 39.5600
v 42.5000 -2.5000 40.4800
v 42.5000 -2.5000 41.4000
v 42.5000 -2.5000 42.3200
v 42.5000 -2.5000 43.2400
v 42.5000 -2.5000 44.1600
v 42.5000 -2.5000 45.0800
v 42.5000 -2.5000 46.0000
v 43.3333 -2.5000 -46.0000
v 43.3333 -2.5000 -45.0800
v 43.3333 -2.5000 -44.1600
v 43.3333 -2.5000 -43.2400
v 43.3333 -2.5000 -42.3200
v 43.3333 -2.5000 -41.4000
v 43.3333 -2.5000 -40.4800
v 43.3333 -2.5000 -39.5600
v 43.3333 -2.5000 -38.6400
v 43.3333 -2.5000 -37.7200
v 43.3333 -2.5000 -36.8000
v 43.3333 -2.5000 -35.8800
v 43.3333 -2.5000 -34.9600
v 43.3333 -2.5000 -34.0400
v 43.3333 -2.5000 -33.1200
v 43.3333 -2.5000 -32.2000
v 43.3333 -2.5000 -31.2800
v 43.3333 -2.5000 -30.3600
v 43.3333 -2.5000 -29.4400
v 43.3333 -2.5000 -28.5200
v 43.3333 -2.5000 -27.6000
v 43.3333 -2.5000 -26.6800
v 43.3333 -2.5000 -25.7600
v 43.3333 -2.5000 -24.8400
v 43.3333 -2.5000 -23.9200
v 43.3333 -2.5000 -23.0000
v 43.3333 -2.5000 -22.0800
v 43.3333 -2.5000 -21.1600
v 43.3333 -2.5000 -20.2400
v 43.3333 -2.5000 -19.3200
v 43.3333 -2.5000 -18.4000
v 43.3333 -2.5000 -17.4800
v 43.3333 -2.5000 -16.5600
v 43.3333 -2.5000 -15.6400
v 43.3333 -2.5000 -14.7200
v 43.3333 -2.5000 -13.8000
v 43.3333 -2.5000 -12.8800
v 43.3333 -2.5000 -11.9600
v 43.3333 -2.5000 -11.0400
v 43.3333 -2.5000 -10.1200
v 43.3333 -2.5000 -9.2000
v 43.3333 -2.5000 -8.2800
v 43.3333 -2.5000 -7.3600
v 43.3333 -2.3601 -6.4400
v 43.3333 -2.0572 -5.5200
v 43.3333 -1.7502 -4.6000
v 43.3333 -1.4452 -3.6800
v 43.3333 -1.1487 -2.7600
v 43.3333 -0.8671 -1.8400
v 43.3333 -0.6065 -0.9200
v 43.3333 -0.3722 0.0000
v 43.3333 -0.1686 0.9200
v 43.3333 0.0004 1.8400
v 43.3333 0.1322 2.7600
v 43.3333 0.2246 3.6800
v 43.3333 0.2762 4.6000
v 43.3333 0.2862 5.5200
v 43.3333 0.2543 6.4400
v 43.3333 0.1806 7.3600
v 43.3333 0.0656 8.2800
v 43.3333 -0.0896 9.2000
v 43.3333 -0.2837 10.1200
v 43.3333 -0.5146 11.0400
v 43.3333 -0.7798 11.9600
v 43.3333 -1.0762 12.8800
v 43.3333 -1.4002 13.8000
v 43.3333 -1.7474 14.7200
v 43.3333 -2.1131 15.6400
v 43.3333 -2.4921 16.5600
v 43.3333 -2.5000 17.4800
v 43.3333 -2.5000 18.4000
v 43.3333 -2.5000 19.3200
v 43.3333 -2.5000 20.2400
v 43.3333 -2.5000 21.1600
v 43.3333 -2.5000 22.0800
v 43.3333 -2.5000 23.0000
v 43.3333 -2.5000 23.9200
v 43.3333 -2.5000 24.8400
v 43.3333 -2.5000 25.7600
v 43.3333 -2.5000 26.6800
v 43.3333 -2.5000 27.6000
v 43.3333 -2.5000 28.5200
v 43.3333 -2.5000 29.4400
v 43.3333 -2.5000 30.3600
v 43.3333 -2.5000 31.2800
v 43.3333 -2.5000 32.2000
v 43.3333 -2.5000 33.1200
v 43.3333 -2.5000 34.0400
v 43.3333 -2.5000 34.9600
v 43.3333 -2.5000 35.8800
v 43.3333 -2.5000 36.8000
v 43.3333 -2.5000 37.7200
v 43.3333 -2.5000 38.6400
v 43.3333 -2.5000 39.5600
v 43.3333 -2.5000 40.4800
v 43.3333 -2.5000 41.4000
v 43.3333 -2.5000 42.3200
v 43.3333 -2.5000 43.2400
v 43.3333 -2.5000 44.1600
v 43.3333 -2.5000 45.0800
v 43.3333 -2.5000 46.0000
v 44.1667 -2.5000 -46.0000
v 44.1667 -2.5000 -45.0800
v 44.1667 -2.5000 -44.1600
v 44.1667 -2.5000 -43.2400
v 44.1667 -2.5000 -42.3200
v 44.1667 -2.5000 -41.4000
v 44.1667 -2.5000 -40.4800
v 44.1667 -2.5000 -39.5600
v 44.1667 -2.5000 -38.6400
v 44.1667 -2.5000 -37.7200
v 44.1667 -2.5000 -36.8000
v 44.1667 -2.5000 -35.8800
v 44.1667 -2.5000 -34.9600
v 44.1667 -2.5000 -34.0400
v 44.1667 -2.5000 -33.1200
v 44.1667 -2.5000 -32.2000
v 44.1667 -2.5000 -31.2800
v 44.1667 -2.5000 -30.3600
v 44.1667 -2.5000 -29.4400
v 44.1667 -2.5000 -28.5200
v 44.1667 -2.5000 -27.6000
v 44.1667 -2.5000 -26.6800
v 44.1667 -2.5000 -25.7600
v 44.1667 -2.5000 -24.8400
v 44.1667 -2.5000 -23.9200
v 44.1667 -2.5000 -23.0000
v 44.1667 -2.5000 -22.0800
v 44.1667 -2.5000 -21.1600
v 44.1667 -2.5000 -20.2400
v 44.1667 -2.5000 -19.3200
v 44.1667 -2.5000 -18.4000
v 44.1667 -2.5000 -17.4800
v 44.1667 -2.5000 -16.5600
v 44.1667 -2.5000 -15.6400
v 44.1667 -2.5000 -14.7200
v 44.1667 -2.5000 -13.8000
v 44.1667 -2.5000 -12.8800
v 44.1667 -2.5000 -11.9600
v 44.1667 -2.5000 -11.0400
v 44.1667 -2.5000 -10.1200
v 44.1667 -2.5000 -9.2000
v 44.1667 -2.5000 -8.2800
v 44.1667 -2.5000 -7.3600
v 44.1667 -2.5000 -6.4400
v 44.1667 -2.2637 -5.5200
v 44.1667 -1.9566 -4.6000
v 44.1667 -1.6521 -3.6800
v 44.1667 -1.3564 -2.7600
v 44.1667 -1.0757 -1.8400
v 44.1667 -0.8157 -0.9200
v 44.1667 -0.5816 0.0000
v 44.1667 -0.3778 0.9200
v 44.1667 -0.2077 1.8400
v 44.1667 -0.0741 2.7600
v 44.1667 0.0210 3.6800
v 44.1667 0.0761 4.6000
v 44.1667 0.0904 5.5200
v 44.1667 0.0637 6.4400
v 44.1667 -0.0042 7.3600
v 44.1667 -0.1126 8.2800
v 44.1667 -0.2607 9.2000
v 44.1667 -0.4472 10.1200
v 44.1667 -0.6703 11.0400
v 44.1667 -0.9277 11.9600
v 44.1667 -1.2165 12.8800
v 44.1667 -1.5334 13.8000
v 44.1667 -1.8743 14.7200
v 44.1667 -2.2348 15.6400
v 44.1667 -2.5000 16.5600
v 44.1667 -2.5000 17.4800
v 44.1667 -2.5000 18.4000
v 44.1667 -2.5000 19.3200
v 44.1667 -2.5000 20.2400
v 44.1667 -2.5000 21.1600
v 44.1667 -2.5000 22.0800
v 44.1667 -2.5000 23.0000
v 44.1667 -2.5000 23.9200
v 44.1667 -2.5000 24.8400
v 44.1667 -2.5000 25.7600
v 44.1667 -2.5000 26.6800
v 44.1667 -2.5000 27.6000
v 44.1667 -2.5000 28.5200
v 44.1667 -2.5000 29.4400
v 44.1667 -2.5000 30.3600
v 44.1667 -2.5000 31.2800
v 44.1667 -2.5000 32.2000
v 44.1667 -2.5000 33.1200
v 44.1667 -2.5000 34.0400
v 44.1667 -2.5000 34.9600
v 44.1667 -2.5000 35.8800
v 44.1667 -2.5000 36.8000
v 44.1667 -2.5000 37.7200
v 44.1667 -2.5000 38.6400
v 44.1667 -2.5000 39.5600
v 44.1667 -2.5000 40.4800
v 44.1667 -2.5000 41.4000
v 44.1667 -2.5000 42.3200
v 44.1667 -2.5000 43.2400
v 44.1667 -2.5000 44.1600
v 44.1667 -2.5000 45.0800
v 44.1667 -2.5000 46.0000
v 45.0000 -2.5000 -46.0000
v 45.0000 -2.5000 -45.0800
v 45.0000 -2.5000 -44.1600
v 45.0000 -2.5000 -43.2400
v 45.0000 -2.5000 -42.3200
v 45.0000 -2.5000 -41.4000
v 45.0000 -2.5000 -40.4800
v 45.0000 -2.5000 -39.5600
v 45.0000 -2.5000 -38.6400
v 45.0000 -2.5000 -37.7200
v 45.0000 -2.5000 -36.8000
v 45.0000 -2.5000 -35.8800
v 45.0000 -2.5000 -34.9600
v 45.0000 -2.5000 -34.0400
v 45.0000 -2.5000 -33.1200
v 45.0000 -2.5000 -32.2000
v 45.0000 -2.5000 -31.2800
v 45.0000 -2.5000 -30.3600
v 45.0000 -2.5000 -29.4400
v 45.0000 -2.5000 -28.5200
v 45.0000 -2.5000 -27.6000
v 45.0000 -2.5000 -26.6800
v 45.0000 -2.5000 -25.7600
v 45.0000 -2.5000 -24.8400
v 45.0000 -2.5000 -23.9200
v 45.0000 -2.5000 -23.0000
v 45.0000 -2.5000 -22.0800
v 45.0000 -2.5000 -21.1600
v 45.0000 -2.5000 -20.2400
v 45.0000 -2.5000 -19.3200
v 45.0000 -2.5000 -18.4000
v 45.0000 -2.5000 -17.4800
v 45.0000 -2.5000 -16.5600
v 45.0000 -2.5000 -15.6400
v 45.0000 -2.5000 -14.7200
v 45.0000 -2.5000 -13.8000
v 45.0000 -2.5000 -12.8800
v 45.0000 -2.5000 -11.9600
v 45.0000 -2.5000 -11.0400
v 45.0000 -2.5000 -10.1200
v 45.0000 -2.5000 -9.2000
v 45.0000 -2.5000 -8.2800
v 45.0000 -2.5000 -7.3600
v 45.0000 -2.5000 -6.4400
v 45.0000 -2.4702 -5.5200
v 45.0000 -2.1631 -4.6000
v 45.0000 -1.8591 -3.6800
v 45.0000 -1.5641 -2.7600
v 45.0000 -1.2842 -1.8400
v 45.0000 -1.0249 -0.9200
v 45.0000 -0.7911 0.0000
v 45.0000 -0.5869 0.9200
v 45.0000 -0.4159 1.8400
v 45.0000 -0.2805 2.7600
v 45.0000 -0.1829 3.6800
v 45.0000 -0.1244 4.6000
v 45.0000 -0.1059 5.5200
v 45.0000 -0.1277 6.4400
v 45.0000 -0.1899 7.3600
v 45.0000 -0.2920 8.2800
v 45.0000 -0.4332 9.2000
v 45.0000 -0.6124 10.1200
v 45.0000 -0.8278 11.0400
v 45.0000 -1.0775 11.9600
v 45.0000 -1.3588 12.8800
v 45.0000 -1.6685 13.8000
v 45.0000 -2.0029 14.7200
v 45.0000 -2.3579 15.6400
v 45.0000 -2.5000 16.5600
v 45.0000 -2.5000 17.4800
v 45.0000 -2.5000 18.4000
v 45.0000 -2.5000 19.3200
v 45.0000 -2.5000 20.2400
v 45.0000 -2.5000 21.1600
v 45.0000 -2.5000 22.0800
v 45.0000 -2.5000 23.0000
v 45.0000 -2.5000 23.9200
v 45.0000 -2.5000 24.8400
v 45.0000 -2.5000 25.7600
v 45.0000 -2.5000 26.6800
v 45.0000 -2.5000 27.6000
v 45.0000 -2.5000 28.5200
v 45.0000 -2.5000 29.4400
v 45.0000 -2.5000 30.3600
v 45.0000 -2.5000 31.2800
v 45.0000 -2.5000 32.2000
v 45.0000 -2.5000 33.1200
v 45.0000 -2.5000 34.0400
v 45.0000 -2.5000 34.9600
v 45.0000 -2.5000 35.8800
v 45.0000 -2.5000 36.8000
v 45.0000 -2.5000 37.7200
v 45.0000 -2.5000 38.6400
v 45.0000 -2.5000 39.5600
v 45.0000 -2.5000 40.4800
v 45.0000 -2.5000 41.4000
v 45.0000 -2.5000 42.3200
v 45.0000 -2.5000 43.2400
v 45.0000 -2.5000 44.1600
v 45.0000 -2.5000 45.0800
v 45.0000 -2.5000 46.0000
v 45.8333 -2.5000 -46.0000
v 45.8333 -2.5000 -45.0800
v 45.8333 -2.5000 -44.1600
v 45.8333 -2.5000 -43.2400
v 45.8333 -2.5000 -42.3200
v 45.8333 -2.5000 -41.4000
v 45.8333 -2.5000 -40.4800
v 45.8333 -2.5000 -39.5600
v 45.8333 -2.5000 -38.6400
v 45.8333 -2.5000 -37.7200
v 45.8333 -2.5000 -36.8000
v 45.8333 -2.5000 -35.8800
v 45.8333 -2.5000 -34.9600
v 45.8333 -2.5000 -34.0400
v 45.8333 -2.5000 -33.1200
v 45.8333 -2.5000 -32.2000
v 45.8333 -2.5000 -31.2800
v 45.8333 -2.5000 -30.3600
v 45.8333 -2.5000 -29.4400
v 45.8333 -2.5000 -28.5200
v 45.8333 -2.5000 -27.6000
v 45.8333 -2.5000 -26.6800
v 45.8333 -2.5000 -25.7600
v 45.8333 -2.5000 -24.8400
v 45.8333 -2.5000 -23.9200
v 45.8333 -2.5000 -23.0000
v 45.8333 -2.5000 -22.0800
v 45.8333 -2.5000 -21.1600
v 45.8333 -2.5000 -20.2400
v 45.8333 -2.5000 -19.3200
v 45.8333 -2.5000 -18.4000
v 45.8333 -2.5000 -17.4800
v 45.8333 -2.5000 -16.5600
v 45.8333 -2.5000 -15.6400
v 45.8333 -2.5000 -14.7200
v 45.8333 -2.5000 -13.8000
v 45.8333 -2.5000 -12.8800
v 45.8333 -2.5000 -11.9600
v 45.8333 -2.5000 -11.0400
v 45.8333 -2.5000 -10.1200
v 45.8333 -2.5000 -9.2000
v 45.8333 -2.5000 -8.2800
v 45.8333 -2.5000 -7.3600
v 45.8333 -2.5000 -6.4400
v 45.8333 -2.5000 -5.5200
v 45.8333 -2.3696 -4.6000
v 45.8333 -2.0661 -3.6800
v 45.8333 -1.7719 -2.7600
v 45.8333 -1.4928 -1.8400
v 45.8333 -1.2341 -0.9200
v 45.8333 -1.0006 0.0000
v 45.8333 -0.7961 0.9200
v 45.8333 -0.6241 1.8400
v 45.8333 -0.4871 2.7600
v 45.8333 -0.3870 3.6800
v 45.8333 -0.3253 4.6000
v 45.8333 -0.3028 5.5200
v 45.8333 -0.3198 6.4400
v 45.8333 -0.3765 7.3600
v 45.8333 -0.4724 8.2800
v 45.8333 -0.6070 9.2000
v 45.8333 -0.7790 10.1200
v 45.8333 -0.9870 11.0400
v 45.8333 -1.2292 11.9600
v 45.8333 -1.5029 12.8800
v 45.8333 -1.8055 13.8000
v 45.8333 -2.1334 14.7200
v 45.8333 -2.4827 15.6400
v 45.8333 -2.5000 16.5600
v 45.8333 -2.5000 17.4800
v 45.8333 -2.5000 18.4000
v 45.8333 -2.5000 19.3200
v 45.8333 -2.5000 20.2400
v 45.8333 -2.5000 21.1600
v 45.8333 -2.5000 22.0800
v 45.8333 -2.5000 23.0000
v 45.8333 -2.5000 23.9200
v 45.8333 -2.5000 24.8400
v 45.8333 -2.5000 25.7600
v 45.8333 -2.5000 26.6800
v 45.8333 -2.5000 27.6000
v 45.8333 -2.5000 28.5200
v 45.8333 -2.5000 29.4400
v 45.8333 -2.5000 30.3600
v 45.8333 -2.5000 31.2800
v 45.8333 -2.5000 32.2000
v 45.8333 -2.5000 33.1200
v 45.8333 -2.5000 34.0400
v 45.8333 -2.5000 34.9600
v 45.8333 -2.5000 35.8800
v 45.8333 -2.5000 36.8000
v 45.8333 -2.5000 37.7200
v 45.8333 -2.5000 38.6400
v 45.8333 -2.5000 39.5600
v 45.8333 -2.5000 40.4800
v 45.8333 -2.5000 41.4000
v 45.8333 -2.5000 42.3200
v 45.8333 -2.5000 43.2400
v 45.8333 -2.5000 44.1600
v 45.8333 -2.5000 45.0800
v 45.8333 -2.5000 46.0000
v 46.6667 -2.5000 -46.0000
v 46.6667 -2.5000 -45.0800
v 46.6667 -2.5000 -44.1600
v 46.6667 -2.5000 -43.2400
v 46.6667 -2.5000 -42.3200
v 46.6667 -2.5000 -41.4000
v 46.6667 -2.5000 -40.4800
v 46.6667 -2.5000 -39.5600
v 46.6667 -2.5000 -38.6400
v 46.6667 -2.5000 -37.7200
v 46.6667 -2.5000 -36.8000
v 46.6667 -2.5000 -35.8800
v 46.6667 -2.5000 -34.9600
v 46.6667 -2.5000 -34.0400
v 46.6667 -2.5000 -33.1200
v 46.6667 -2.5000 -32.2000
v 46.6667 -2.5000 -31.2800
v 46.6667 -2.5000 -30.3600
v 46.6667 -2.5000 -29.4400
v 46.6667 -2.5000 -28.5200
v 46.6667 -2.5000 -27.6000
v 46.6667 -2.5000 -26.6800
v 46.6667 -2.5000 -25.7600
v 46.6667 -2.5000 -24.8400
v 46.6667 -2.5000 -23.9200
v 46.6667 -2.5000 -23.0000
v 46.6667 -2.5000 -22.0800
v 46.6667 -2.5000 -21.1600
v 46.6667 -2.5000 -20.2400
v 46.6667 -2.5000 -19.3200
v 46.6667 -2.5000 -18.4000
v 46.6667 -2.5000 -17.4800
v 46.6667 -2.5000 -16.5600
v 46.6667 -2.5000 -15.6400
v 46.6667 -2.5000 -14.7200
v 46.6667 -2.5000 -13.8000
v 46.6667 -2.5000 -12.8800
v 46.6667 -2.5000 -11.9600
v 46.6667 -2.5000 -11.0400
v 46.6667 -2.5000 -10.1200
v 46.6667 -2.5000 -9.2000
v 46.6667 -2.5000 -8.2800
v 46.6667 -2.5000 -7.3600
v 46.6667 -2.5000 -6.4400
v 46.6667 -2.5000 -5.5200
v 46.6667 -2.5000 -4.6000
v 46.6667 -2.2731 -3.6800
v 46.6667 -1.9797 -2.7600
v 46.6667 -1.7015 -1.8400
v 46.6667 -1.4434 -0.9200
v 46.6667 -1.2100 0.0000
v 46.6667 -1.0053 0.9200
v 46.6667 -0.8324 1.8400
v 46.6667 -0.6938 2.7600
v 46.6667 -0.5913 3.6800
v 46.6667 -0.5265 4.6000
v 46.6667 -0.5001 5.5200
v 46.6667 -0.5125 6.4400
v 46.6667 -0.5639 7.3600
v 46.6667 -0.6539 8.2800
v 46.6667 -0.7820 9.2000
v 46.6667 -0.9471 10.1200
v 46.6667 -1.1479 11.0400
v 46.6667 -1.3826 11.9600
v 46.6667 -1.6490 12.8800
v 46.6667 -1.9444 13.8000
v 46.6667 -2.2656 14.7200
v 46.6667 -2.5000 15.6400
v 46.6667 -2.5000 16.5600
v 46.6667 -2.5000 17.4800
v 46.6667 -2.5000 18.4000
v 46.6667 -2.5000 19.3200
v 46.6667 -2.5000 20.2400
v 46.6667 -2.5000 21.1600
v 46.6667 -2.5000 22.0800
v 46.6667 -2.5000 23.0000
v 46.6667 -2.5000 23.9200
v 46.6667 -2.5000 24.8400
v 46.6667 -2.5000 25.7600
v 46.6667 -2.5000 26.6800
v 46.6667 -2.5000 27.6000
v 46.6667 -2.5000 28.5200
v 46.6667 -2.5000 29.4400
v 46.6667 -2.5000 30.3600
v 46.6667 -2.5000 31.2800
v 46.6667 -2.5000 32.2000
v 46.6667 -2.5000 33.1200
v 46.6667 -2.5000 34.0400
v 46.6667 -2.5000 34.9600
v 46.6667 -2.5000 35.8800
v 46.6667 -2.5000 36.8000
v 46.6667 -2.5000 37.7200
v 46.6667 -2.5000 38.6400
v 46.6667 -2.5000 39.5600
v 46.6667 -2.5000 40.4800
v 46.6667 -2.5000 41.4000
v 46.6667 -2.5000 42.3200
v 46.6667 -2.5000 43.2400
v 46.6667 -2.5000 44.1600
v 46.6667 -2.5000 45.0800
v 46.6667 -2.5000 46.0000
v 47.5000 -2.5000 -46.0000
v 47.5000 -2.5000 -45.0800
v 47.5000 -2.5000 -44.1600
v 47.5000 -2.5000 -43.2400
v 47.5000 -2.5000 -42.3200
v 47.5000 -2.5000 -41.4000
v 47.5000 -2.5000 -40.4800
v 47.5000 -2.5000 -39.5600
v 47.5000 -2.5000 -38.6400
v 47.5000 -2.5000 -37.7200
v 47.5000 -2.5000 -36.8000
v 47.5000 -2.5000 -35.8800
v 47.5000 -2.5000 -34.9600
v 47.5000 -2.5000 -34.0400
v 47.5000 -2.5000 -33.1200
v 47.5000 -2.5000 -32.2000
v 47.5000 -2.5000 -31.2800
v 47.5000 -2.5000 -30.3600
v 47.5000 -2.5000 -29.4400
v 47.5000 -2.5000 -28.5200
v 47.5000 -2.5000 -27.6000
v 47.5000 -2.5000 -26.6800
v 47.5000 -2.5000 -25.7600
v 47.5000 -2.5000 -24.8400
v 47.5000 -2.5000 -23.9200
v 47.5000 -2.5000 -23.0000
v 47.5000 -2.5000 -22.0800
v 47.5000 -2.5000 -21.1600
v 47.5000 -2.5000 -20.2400
v 47.5000 -2.5000 -19.3200
v 47.5000 -2.5000 -18.4000
v 47.5000 -2.5000 -17.4800
v 47.5000 -2.5000 -16.5600
v 47.5000 -2.5000 -15.6400
v 47.5000 -2.5000 -14.7200
v 47.5000 -2.5000 -13.8000
v 47.5000 -2.5000 -12.8800
v 47.5000 -2.5000 -11.9600
v 47.5000 -2.5000 -11.0400
v 47.5000 -2.5000 -10.1200
v 47.5000 -2.5000 -9.2000
v 47.5000 -2.5000 -8.2800
v 47.5000 -2.5000 -7.3600
v 47.5000 -2.5000 -6.4400
v 47.5000 -2.5000 -5.5200
v 47.5000 -2.5000 -4.6000
v 47.5000 -2.4802 -3.6800
v 47.5000 -2.1876 -2.7600
v 47.5000 -1.9101 -1.8400
v 47.5000 -1.6526 -0.9200
v 47.5000 -1.4195 0.0000
v 47.5000 -1.2145 0.9200
v 47.5000 -1.0407 1.8400
v 47.5000 -0.9005 2.7600
v 47.5000 -0.7958 3.6800
v 47.5000 -0.7280 4.6000
v 47.5000 -0.6978 5.5200
v 47.5000 -0.7058 6.4400
v 47.5000 -0.7521 7.3600
v 47.5000 -0.8364 8.2800
v 47.5000 -0.9582 9.2000
v 47.5000 -1.1165 10.1200
v 47.5000 -1.3103 11.0400
v 47.5000 -1.5377 11.9600
v 47.5000 -1.7968 12.8800
v 47.5000 -2.0852 13.8000
v 47.5000 -2.3997 14.7200
v 47.5000 -2.5000 15.6400
v 47.5000 -2.5000 16.5600
v 47.5000 -2.5000 17.4800
v 47.5000 -2.5000 18.4000
v 47.5000 -2.5000 19.3200
v 47.5000 -2.5000 20.2400
v 47.5000 -2.5000 21.1600
v 47.5000 -2.5000 22.0800
v 47.5000 -2.5000 23.0000
v 47.5000 -2.5000 23.9200
v 47.5000 -2.5000 24.8400
v 47.5000 -2.5000 25.7600
v 47.5000 -2.5000 26.6800
v 47.5000 -2.5000 27.6000
v 47.5000 -2.5000 28.5200
v 47.5000 -2.5000 29.4400
v 47.5000 -2.5000 30.3600
v 47.5000 -2.5000 31.2800
v 47.5000 -2.5000 32.2000
v 47.5000 -2.5000 33.1200
v 47.5000 -2.5000 34.0400
v 47.5000 -2.5000 34.9600
v 47.5000 -2.5000 35.8800
v 47.5000 -2.5000 36.8000
v 47.5000 -2.5000 37.7200
v 47.5000 -2.5000 38.6400
v 47.5000 -2.5000 39.5600
v 47.5000 -2.5000 40.4800
v 47.5000 -2.5000 41.4000
v 47.5000 -2.5000 42.3200
v 47.5000 -2.5000 43.2400
v 47.5000 -2.5000 44.1600
v 47.5000 -2.5000 45.0800
v 47.5000 -2.5000 46.0000
v 48.3333 -2.5000 -46.0000
v 48.3333 -2.5000 -45.0800
v 48.3333 -2.5000 -44.1600
v 48.3333 -2.5000 -43.2400
v 48.3333 -2.5000 -42.3200
v 48.3333 -2.5000 -41.4000
v 48.3333 -2.5000 -40.4800
v 48.3333 -2.5000 -39.5600
v 48.3333 -2.5000 -38.6400
v 48.3333 -2.5000 -37.7200
v 48.3333 -2.5000 -36.8000
v 48.3333 -2.5000 -35.8800
v 48.3333 -2.5000 -34.9600
v 48.3333 -2.5000 -34.0400
v 48.3333 -2.5000 -33.1200
v 48.3333 -2.5000 -32.2000
v 48.3333 -2.5000 -31.2800
v 48.3333 -2.5000 -30.3600
v 48.3333 -2.5000 -29.4400
v 48.3333 -2.5000 -28.5200
v 48.3333 -2.5000 -27.6000
v 48.3333 -2.5000 -26.6800
v 48.3333 -2.5000 -25.7600
v 48.3333 -2.5000 -24.8400
v 48.3333 -2.5000 -23.9200
v 48.3333 -2.5000 -23.0000
v 48.3333 -2.5000 -22.0800
v 48.3333 -2.5000 -21.1600
v 48.3333 -2.5000 -20.2400
v 48.3333 -2.5000 -19.3200
v 48.3333 -2.5000 -18.4000
v 48.3333 -2.5000 -17.4800
v 48.3333 -2.5000 -16.5600
v 48.3333 -2.5000 -15.6400
v 48.3333 -2.5000 -14.7200
v 48.3333 -2.5000 -13.8000
v 48.3333 -2.5000 -12.8800
v 48.3333 -2.5000 -11.9600
v 48.3333 -2.5000 -11.0400
v 48.3333 -2.5000 -10.1200
v 48.3333 -2.5000 -9.2000
v 48.3333 -2.5000 -8.2800
v 48.3333 -2.5000 -7.3600
v 48.3333 -2.5000 -6.4400
v 48.3333 -2.5000 -5.5200
v 48.3333 -2.5000 -4.6000
v 48.3333 -2.5000 -3.6800
v 48.3333 -2.3955 -2.7600
v 48.3333 -2.1188 -1.8400
v 48.3333 -1.8618 -0.9200
v 48.3333 -1.6290 0.0000
v 48.3333 -1.4237 0.9200
v 48.3333 -1.2490 1.8400
v 48.3333 -1.1074 2.7600
v 48.3333 -1.0005 3.6800
v 48.3333 -0.9298 4.6000
v 48.3333 -0.8960 5.5200
v 48.3333 -0.8997 6.4400
v 48.3333 -0.9410 7.3600
v 48.3333 -1.0198 8.2800
v 48.3333 -1.1355 9.2000
v 48.3333 -1.2873 10.1200
v 48.3333 -1.4742 11.0400
v 48.3333 -1.6945 11.9600
v 48.3333 -1.9465 12.8800
v 48.3333 -2.2277 13.8000
v 48.3333 -2.5000 14.7200
v 48.3333 -2.5000 15.6400
v 48.3333 -2.5000 16.5600
v 48.3333 -2.5000 17.4800
v 48.3333 -2.5000 18.4000
v 48.3333 -2.5000 19.3200
v 48.3333 -2.5000 20.2400
v 48.3333 -2.5000 21.1600
v 48.3333 -2.5000 22.0800
v 48.3333 -2.5000 23.0000
v 48.3333 -2.5000 23.9200
v 48.3333 -2.5000 24.8400
v 48.3333 -2.5000 25.7600
v 48.3333 -2.5000 26.6800
v 48.3333 -2.5000 27.6000
v 48.3333 -2.5000 28.5200
v 48.3333 -2.5000 29.4400
v 48.3333 -2.5000 30.3600
v 48.3333 -2.5000 31.2800
v 48.3333 -2.5000 32.2000
v 48.3333 -2.5000 33.1200
v 48.3333 -2.5000 34.0400
v 48.3333 -2.5000 34.9600
v 48.3333 -2.5000 35.8800
v 48.3333 -2.5000 36.8000
v 48.3333 -2.5000 37.7200
v 48.3333 -2.5000 38.6400
v 48.3333 -2.5000 39.5600
v 48.3333 -2.5000 40.4800
v 48.3333 -2.5000 41.4000
v 48.3333 -2.5000 42.3200
v 48.3333 -2.5000 43.2400
v 48.3333 -2.5000 44.1600
v 48.3333 -2.5000 45.0800
v 48.3333 -2.5000 46.0000
v 49.1667 -2.5000 -46.0000
v 49.1667 -2.5000 -45.0800
v 49.1667 -2.5000 -44.1600
v 49.1667 -2.5000 -43.2400
v 49.1667 -2.5000 -42.3200
v 49.1667 -2.5000 -41.4000
v 49.1667 -2.5000 -40.4800
v 49.1667 -2.5000 -39.5600
v 49.1667 -2.5000 -38.6400
v 49.1667 -2.5000 -37.7200
v 49.1667 -2.5000 -36.8000
v 49.1667 -2.5000 -35.8800
v 49.1667 -2.5000 -34.9600
v 49.1667 -2.5000 -34.0400
v 49.1667 -2.5000 -33.1200
v 49.1667 -2.5000 -32.2000
v 49.1667 -2.5000 -31.2800
v 49.1667 -2.5000 -30.3600
v 49.1667 -2.5000 -29.4400
v 49.1667 -2.5000 -28.5200
v 49.1667 -2.5000 -27.6000
v 49.1667 -2.5000 -26.6800
v 49.1667 -2.5000 -25.7600
v 49.1667 -2.5000 -24.8400
v 49.1667 -2.5000 -23.9200
v 49.1667 -2.5000 -23.0000
v 49.1667 -2.5000 -22.0800
v 49.1667 -2.5000 -21.1600
v 49.1667 -2.5000 -20.2400
v 49.1667 -2.5000 -19.3200
v 49.1667 -2.5000 -18.4000
v 49.1667 -2.5000 -17.4800
v 49.1667 -2.5000 -16.5600
v 49.1667 -2.5000 -15.6400
v 49.1667 -2.5000 -14.7200
v 49.1667 -2.5000 -13.8000
v 49.1667 -2.5000 -12.8800
v 49.1667 -2.5000 -11.9600
v 49.1667 -2.5000 -11.0400
v 49.1667 -2.5000 -10.1200
v 49.1667 -2.5000 -9.2000
v 49.1667 -2.5000 -8.2800
v 49.1667 -2.5000 -7.3600
v 49.1667 -2.5000 -6.4400
v 49.1667 -2.5000 -5.5200
v 49.1667 -2.5000 -4.6000
v 49.1667 -2.5000 -3.6800
v 49.1667 -2.5000 -2.7600
v 49.1667 -2.3275 -1.8400
v 49.1667 -2.0711 -0.9200
v 49.1667 -1.8384 0.0000
v 49.1667 -1.6329 0.9200
v 49.1667 -1.4574 1.8400
v 49.1667 -1.3143 2.7600
v 49.1667 -1.2054 3.6800
v 49.1667 -1.1318 4.6000
v 49.1667 -1.0946 5.5200
v 49.1667 -1.0942 6.4400
v 49.1667 -1.1307 7.3600
v 49.1667 -1.2041 8.2800
v 49.1667 -1.3139 9.2000
v 49.1667 -1.4594 10.1200
v 49.1667 -1.6395 11.0400
v 49.1667 -1.8529 11.9600
v 49.1667 -2.0978 12.8800
v 49.1667 -2.3721 13.8000
v 49.1667 -2.5000 14.7200
v 49.1667 -2.5000 15.6400
v 49.1667 -2.5000 16.5600
v 49.1667 -2.5000 17.4800
v 49.1667 -2.5000 18.4000
v 49.1667 -2.5000 19.3200
v 49.1667 -2.5000 20.2400
v 49.1667 -2.5000 21.1600
v 49.1667 -2.5000 22.0800
v 49.1667 -2.5000 23.0000
v 49.1667 -2.5000 23.9200
v 49.1667 -2.5000 24.8400
v 49.1667 -2.5000 25.7600
v 49.1667 -2.5000 26.6800
v 49.1667 -2.5000 27.6000
v 49.1667 -2.5000 28.5200
v 49.1667 -2.5000 29.4400
v 49.1667 -2.5000 30.3600
v 49.1667 -2.5000 31.2800
v 49.1667 -2.5000 32.2000
v 49.1667 -2.5000 33.1200
v 49.1667 -2.5000 34.0400
v 49.1667 -2.5000 34.9600
v 49.1667 -2.5000 35.8800
v 49.1667 -2.5000 36.8000
v 49.1667 -2.5000 37.7200
v 49.1667 -2.5000 38.6400
v 49.1667 -2.5000 39.5600
v 49.1667 -2.5000 40.4800
v 49.1667 -2.5000 41.4000
v 49.1667 -2.5000 42.3200
v 49.1667 -2.5000 43.2400
v 49.1667 -2.5000 44.1600
v 49.1667 -2.5000 45.0800
v 49.1667 -2.5000 46.0000
v 50.0000 -2.5000 -46.0000
v 50.0000 -2.5000 -45.0800
v 50.0000 -2.5000 -44.1600
v 50.0000 -2.5000 -43.2400
v 50.0000 -2.5000 -42.3200
v 50.0000 -2.5000 -41.4000
v 50.0000 -2.5000 -40.4800
v 50.0000 -2.5000 -39.5600
v 50.0000 -2.5000 -38.6400
v 50.0000 -2.5000 -37.7200
v 50.0000 -2.5000 -36.8000
v 50.0000 -2.5000 -35.8800
v 50.0000 -2.5000 -34.9600
v 50.0000 -2.5000 -34.0400
v 50.0000 -2.5000 -33.1200
v 50.0000 -2.5000 -32.2000
v 50.0000 -2.5000 -31.2800
v 50.0000 -2.5000 -30.3600
v 50.0000 -2.5000 -29.4400
v 50.0000 -2.5000 -28.5200
v 50.0000 -2.5000 -27.6000
v 50.0000 -2.5000 -26.6800
v 50.0000 -2.5000 -25.7600
v 50.0000 -2.5000 -24.8400
v 50.0000 -2.5000 -23.9200
v 50.0000 -2.5000 -23.0000
v 50.0000 -2.5000 -22.0800
v 50.0000 -2.5000 -21.1600
v 50.0000 -2.5000 -20.2400
v 50.0000 -2.5000 -19.3200
v 50.0000 -2.5000 -18.4000
v 50.0000 -2.5000 -17.4800
v 50.0000 -2.5000 -16.5600
v 50.0000 -2.5000 -15.6400
v 50.0000 -2.5000 -14.7200
v 50.0000 -2.5000 -13.8000
v 50.0000 -2.5000 -12.8800
v 50.0000 -2.5000 -11.9600
v 50.0000 -2.5000 -11.0400
v 50.0000 -2.5000 -10.1200
v 50.0000 -2.5000 -9.2000
v 50.0000 -2.5000 -8.2800
v 50.0000 -2.5000 -7.3600
v 50.0000 -2.5000 -6.4400
v 50.0000 -2.5000 -5.5200
v 50.0000 -2.5000 -4.6000
v 50.0000 -2.5000 -3.6800
v 50.0000 -2.5000 -2.7600
v 50.0000 -2.5000 -1.8400
v 50.0000 -2.2804 -0.9200
v 50.0000 -2.0479 0.0000
v 50.0000 -1.8421 0.9200
v 50.0000 -1.6659 1.8400
v 50.0000 -1.5214 2.7600
v 50.0000 -1.4104 3.6800
v 50.0000 -1.3342 4.6000
v 50.0000 -1.2936 5.5200
v 50.0000 -1.2891 6.4400
v 50.0000 -1.3211 7.3600
v 50.0000 -1.3892 8.2800
v 50.0000 -1.4933 9.2000
v 50.0000 -1.6326 10.1200
v 50.0000 -1.8062 11.0400
v 50.0000 -2.0128 11.9600
v 50.0000 -2.2508 12.8800
v 50.0000 -2.5000 13.8000
v 50.0000 -2.5000 14.7200
v 50.0000 -2.5000 15.6400
v 50.0000 -2.5000 16.5600
v 50.0000 -2.5000 17.4800
v 50.0000 -2.5000 18.4000
v 50.0000 -2.5000 19.3200
v 50.0000 -2.5000 20.2400
v 50.0000 -2.5000 21.1600
v 50.0000 -2.5000 22.0800
v 50.0000 -2.5000 23.0000
v 50.0000 -2.5000 23.9200
v 50.0000 -2.5000 24.8400
v 50.0000 -2.5000 25.7600
v 50.0000 -2.5000 26.6800
v 50.0000 -2.5000 27.6000
v 50.0000 -2.5000 28.5200
v 50.0000 -2.5000 29.4400
v 50.0000 -2.5000 30.3600
v 50.0000 -2.5000 31.2800
v 50.0000 -2.5000 32.2000
v 50.0000 -2.5000 33.1200
v 50.0000 -2.5000 34.0400
v 50.0000 -2.5000 34.9600
v 50.0000 -2.5000 35.8800
v 50.0000 -2.5000 36.8000
v 50.0000 -2.5000 37.7200
v 50.0000 -2.5000 38.6400
v 50.0000 -2.5000 39.5600
v 50.0000 -2.5000 40.4800
v 50.0000 -2.5000 41.4000
v 50.0000 -2.5000 42.3200
v 50.0000 -2.5000 43.2400
v 50.0000 -2.5000 44.1600
v 50.0000 -2.5000 45.0800
v 50.0000 -2.5000 46.0000
usemtl terrain_seabed
f 1 102 103 2
f 2 103 104 3
f 3 104 105 4
f 4 105 106 5
f 5 106 107 6
f 6 107 108 7
f 7 108 109 8
f 8 109 110 9
f 9 110 111 10
f 10 111 112 11
f 11 112 113 12
f 12 113 114 13
f 13 114 115 14
f 14 115 116 15
f 15 116 117 16
f 16 117 118 17
f 17 118 119 18
f 18 119 120 19
f 19 120 121 20
f 20 121 122 21
f 21 122 123 22
f 22 123 124 23
f 23 124 125 24
f 24 125 126 25
f 25 126 127 26
f 26 127 128 27
f 27 128 129 28
f 28 129 130 29
f 29 130 131 30
f 30 131 132 31
f 31 132 133 32
f 32 133 134 33
f 33 134 135 34
f 34 135 136 35
f 35 136 137 36
f 36 137 138 37
f 37 138 139 38
f 38 139 140 39
f 39 140 141 40
f 40 141 142 41
f 41 142 143 42
f 42 143 144 43
f 43 144 145 44
f 44 145 146 45
f 45 146 147 46
f 46 147 148 47
f 47 148 149 48
f 48 149 150 49
f 49 150 151 50
f 50 151 152 51
f 51 152 153 52
f 52 153 154 53
f 53 154 155 54
f 54 155 156 55
f 55 156 157 56
f 56 157 158 57
f 57 158 159 58
f 58 159 160 59
f 59 160 161 60
f 60 161 162 61
f 61 162 163 62
f 62 163 164 63
f 63 164 165 64
f 64 165 166 65
f 65 166 167 66
f 66 167 168 67
f 67 168 169 68
f 68 169 170 69
f 69 170 171 70
f 70 171 172 71
f 71 172 173 72
f 72 173 174 73
f 73 174 175 74
f 74 175 176 75
f 75 176 177 76
f 76 177 178 77
f 77 178 179 78
f 78 179 180 79
f 79 180 181 80
f 80 181 182 81
f 81 182 183 82
f 82 183 184 83
f 83 184 185 84
f 84 185 186 85
f 85 186 187 86
f 86 187 188 87
f 87 188 189 88
f 88 189 190 89
f 89 190 191 90
f 90 191 192 91
f 91 192 193 92
f 92 193 194 93
f 93 194 195 94
f 94 195 196 95
f 95 196 197 96
f 96 197 198 97
f 97 198 199 98
f 98 199 200 99
f 99 200 201 100
f 100 201 202 101
f 102 203 204 103
f 103 204 205 104
f 104 205 206 105
f 105 206 207 106
f 106 207 208 107
f 107 208 209 108
f 108 209 210 109
f 109 210 211 110
f 110 211 212 111
f 111 212 213 112
f 112 213 214 113
f 113 214 215 114
f 114 215 216 115
f 115 216 217 116
f 116 217 218 117
f 117 218 219 118
f 118 219 220 119
f 119 220 221 120
f 120 221 222 121
f 121 222 223 122
f 122 223 224 123
f 123 224 225 124
f 124 225 226 125
f 125 226 227 126
f 126 227 228 127
f 127 228 229 128
f 128 229 230 129
f 129 230 231 130
f 130 231 232 131
f 131 232 233 132
f 132 233 234 133
f 133 234 235 134
f 134 235 236 135
f 135 236 237 136
f 136 237 238 137
f 137 238 239 138
f 138 239 240 139
f 139 240 241 140
f 140 241 242 141
f 141 242 243 142
f 142 243 244 143
f 143 244 245 144
f 144 245 246 145
f 145 246 247 146
f 146 247 248 147
f 147 248 249 148
f 148 249 250 149
f 149 250 251 150
f 150 251 252 151
f 151 252 253 152
f 152 253 254 153
f 153 254 255 154
f 154 255 256 155
f 155 256 257 156
f 156 257 258 157
f 157 258 259 158
f 158 259 260 159
f 159 260 261 160
f 160 261 262 161
f 161 262 263 162
f 162 263 264 163
f 163 264 265 164
f 164 265 266 165
f 165 266 267 166
f 166 267 268 167
f 167 268 269 168
f 168 269 270 169
f 169 270 271 170
f 170 271 272 171
f 171 272 273 172
f 172 273 274 173
f 173 274 275 174
f 174 275 276 175
f 175 276 277 176
f 176 277 278 177
f 177 278 279 178
f 178 279 280 179
f 179 280 281 180
f 180 281 282 181
f 181 282 283 182
f 182 283 284 183
f 183 284 285 184
f 184 285 286 185
f 185 286 287 186
f 186 287 288 187
f 187 288 289 188
f 188 289 290 189
f 189 290 291 190
f 190 291 292 191
f 191 292 293 192
f 192 293 294 193
f 193 294 295 194
f 194 295 296 195
f 195 296 297 196
f 196 297 298 197
f 197 298 299 198
f 198 299 300 199
f 199 300 301 200
f 200 301 302 201
f 201 302 303 202
f 203 304 305 204
f 204 305 306 205
f 205 306 307 206
f 206 307 308 207
f 207 308 309 208
f 208 309 310 209
f 209 310 311 210
f 210 311 312 211
f 211 312 313 212
f 212 313 314 213
f 213 314 315 214
f 214 315 316 215
f 215 316 317 216
f 216 317 318 217
f 217 318 319 218
f 218 319 320 219
f 219 320 321 220
f 220 321 322 221
f 221 322 323 222
f 222 323 324 223
f 223 324 325 224
f 224 325 326 225
f 225 326 327 226
f 226 327 328 227
f 227 328 329 228
f 228 329 330 229
f 229 330 331 230
f 230 331 332 231
f 231 332 333 232
f 232 333 334 233
f 233 334 335 234
f 234 335 336 235
f 235 336 337 236
f 236 337 338 237
f 237 338 339 238
f 238 339 340 239
f 239 340 341 240
f 240 341 342 241
f 241 342 343 242
f 242 343 344 243
f 243 344 345 244
f 244 345 346 245
f 245 346 347 246
f 246 347 348 247
f 247 348 349 248
f 248 349 350 249
f 249 350 351 250
f 250 351 352 251
f 251 352 353 252
f 252 353 354 253
f 253 354 355 254
f 254 355 356 255
f 255 356 357 256
f 256 357 358 257
f 257 358 359 258
f 258 359 360 259
f 259 360 361 260
f 260 361 362 261
f 261 362 363 262
f 262 363 364 263
f 263 364 365 264
f 264 365 366 265
f 265 366 367 266
f 266 367 368 267
f 267 368 369 268
f 268 369 370 269
f 269 370 371 270
f 270 371 372 271
f 271 372 373 272
f 272 373 374 273
f 273 374 375 274
f 274 375 376 275
f 275 376 377 276
f 276 377 378 277
f 277 378 379 278
f 278 379 380 279
f 279 380 381 280
f 280 381 382 281
f 281 382 383 282
f 282 383 384 283
f 283 384 385 284
f 284 385 386 285
f 285 386 387 286
f 286 387 388 287
f 287 388 389 288
f 288 389 390 289
f 289 390 391 290
f 290 391 392 291
f 291 392 393 292
f 292 393 394 293
f 293 394 395 294
f 294 395 396 295
f 295 396 397 296
f 296 397 398 297
f 297 398 399 298
f 298 399 400 299
f 299 400 401 300
f 300 401 402 301
f 301 402 403 302
f 302 403 404 303
f 304 405 406 305
f 305 406 407 306
f 306 407 408 307
f 307 408 409 308
f 308 409 410 309
f 309 410 411 310
f 310 411 412 311
f 311 412 413 312
f 312 413 414 313
f 313 414 415 314
f 314 415 416 315
f 315 416 417 316
f 316 417 418 317
f 317 418 419 318
f 318 419 420 319
f 319 420 421 320
f 320 421 422 321
f 321 422 423 322
f 322 423 424 323
f 323 424 425 324
f 324 425 426 325
f 325 426 427 326
f 326 427 428 327
f 327 428 429 328
f 328 429 430 329
f 329 430 431 330
f 330 431 432 331
f 331 432 433 332
f 332 433 434 333
f 333 434 435 334
f 334 435 436 335
f 335 436 437 336
f 336 437 438 337
f 337 438 439 338
f 338 439 440 339
f 339 440 441 340
f 340 441 442 341
f 341 442 443 342
f 342 443 444 343
f 343 444 445 344
f 344 445 446 345
f 345 446 447 346
f 346 447 448 347
f 347 448 449 348
f 348 449 450 349
f 349 450 451 350
f 350 451 452 351
f 351 452 453 352
f 352 453 454 353
f 353 454 455 354
f 354 455 456 355
f 355 456 457 356
f 356 457 458 357
f 357 458 459 358
f 358 459 460 359
f 359 460 461 360
f 360 461 462 361
f 361 462 463 362
f 362 463 464 363
f 363 464 465 364
f 364 465 466 365
f 365 466 467 366
f 366 467 468 367
f 367 468 469 368
f 368 469 470 369
f 369 470 471 370
f 370 471 472 371
f 371 472 473 372
f 372 473 474 373
f 373 474 475 374
f 374 475 476 375
f 375 476 477 376
f 376 477 478 377
f 377 478 479 378
f 378 479 480 379
f 379 480 481 380
f 380 481 482 381
f 381 482 483 382
f 382 483 484 383
f 383 484 485 384
f 384 485 486 385
f 385 486 487 386
f 386 487 488 387
f 387 488 489 388
f 388 489 490 389
f 389 490 491 390
f 390 491 492 391
f 391 492 493 392
f 392 493 494 393
f 393 494 495 394
f 394 495 496 395
f 395 496 497 396
f 396 497 498 397
f 397 498 499 398
f 398 499 500 399
f 399 500 501 400
f 400 501 502 401
f 401 502 503 402
f 402 503 504 403
f 403 504 505 404
f 405 506 507 406
f 406 507 508 407
f 407 508 509 408
f 408 509 510 409
f 409 510 511 410
f 410 511 512 411
f 411 512 513 412
f 412 513 514 413
f 413 514 515 414
f 414 515 516 415
f 415 516 517 416
f 416 517 518 417
f 417 518 519 418
f 418 519 520 419
f 419 520 521 420
f 420 521 522 421
f 421 522 523 422
f 422 523 524 423
f 423 524 525 424
f 424 525 526 425
f 425 526 527 426
f 426 527 528 427
f 427 528 529 428
f 428 529 530 429
f 429 530 531 430
f 430 531 532 431
f 431 532 533 432
f 432 533 534 433
f 433 534 535 434
f 434 535 536 435
f 435 536 537 436
f 436 537 538 437
f 437 538 539 438
f 438 539 540 439
f 439 540 541 440
f 440 541 542 441
f 441 542 543 442
f 442 543 544 443
f 443 544 545 444
f 444 545 546 445
f 445 546 547 446
f 446 547 548 447
f 447 548 549 448
f 448 549 550 449
f 449 550 551 450
f 450 551 552 451
f 451 552 553 452
f 452 553 554 453
f 453 554 555 454
f 454 555 556 455
f 455 556 557 456
f 456 557 558 457
f 457 558 559 458
f 458 559 560 459
f 459 560 561 460
f 460 561 562 461
f 461 562 563 462
f 462 563 564 463
f 463 564 565 464
f 464 565 566 465
f 465 566 567 466
f 466 567 568 467
f 467 568 569 468
f 468 569 570 469
f 469 570 571 470
f 470 571 572 471
f 471 572 573 472
f 472 573 574 473
f 473 574 575 474
f 474 575 576 475
f 475 576 577 476
f 476 577 578 477
f 477 578 579 478
f 478 579 580 479
f 479 580 581 480
f 480 581 582 481
f 481 582 583 482
f 482 583 584 483
f 483 584 585 484
f 484 585 586 485
f 485 586 587 486
f 486 587 588 487
f 487 588 589 488
f 488 589 590 489
f 489 590 591 490
f 490 591 592 491
f 491 592 593 492
f 492 593 594 493
f 493 594 595 494
f 494 595 596 495
f 495 596 597 496
f 496 597 598 497
f 497 598 599 498
f 498 599 600 499
f 499 600 601 500
f 500 601 602 501
f 501 602 603 502
f 502 603 604 503
f 503 604 605 504
f 504 605 606 505
f 506 607 608 507
f 507 608 609 508
f 508 609 610 509
f 509 610 611 510
f 510 611 612 511
f 511 612 613 512
f 512 613 614 513
f 513 614 615 514
f 514 615 616 515
f 515 616 617 516
f 516 617 618 517
f 517 618 619 518
f 518 619 620 519
f 519 620 621 520
f 520 621 622 521
f 521 622 623 522
f 522 623 624 523
f 523 624 625 524
f 524 625 626 525
f 525 626 627 526
f 526 627 628 527
f 527 628 629 528
f 528 629 630 529
f 529 630 631 530
f 530 631 632 531
f 531 632 633 532
f 532 633 634 533
f 533 634 635 534
f 534 635 636 535
f 535 636 637 536
f 536 637 638 537
f 537 638 639 538
f 538 639 640 539
f 539 640 641 540
f 540 641 642 541
f 541 642 643 542
f 542 643 644 543
f 543 644 645 544
f 544 645 646 545
f 545 646 647 546
f 546 647 648 547
f 547 648 649 548
f 548 649 650 549
f 549 650 651 550
f 550 651 652 551
f 551 652 653 552
f 552 653 654 553
f 553 654 655 554
f 554 655 656 555
f 555 656 657 556
f 556 657 658 557
f 557 658 659 558
f 558 659 660 559
f 559 660 661 560
f 560 661 662 561
f 561 662 663 562
f 562 663 664 563
f 563 664 665 564
f 564 665 666 565
f 565 666 667 566
f 566 667 668 567
f 567 668 669 568
f 568 669 670 569
f 569 670 671 570
f 570 671 672 571
f 571 672 673 572
f 572 673 674 573
f 573 674 675 574
f 574 675 676 575
f 575 676 677 576
f 576 677 678 577
f 577 678 679 578
f 578 679 680 579
f 579 680 681 580
f 580 681 682 581
f 581 682 683 582
f 582 683 684 583
f 583 684 685 584
f 584 685 686 585
f 585 686 687 586
f 586 687 688 587
f 587 688 689 588
f 588 689 690 589
f 589 690 691 590
f 590 691 692 591
f 591 692 693 592
f 592 693 694 593
f 593 694 695 594
f 594 695 696 595
f 595 696 697 596
f 596 697 698 597
f 597 698 699 598
f 598 699 700 599
f 599 700 701 600
f 600 701 702 601
f 601 702 703 602
f 602 703 704 603
f 603 704 705 604
f 604 705 706 605
f 605 706 707 606
f 607 708 709 608
f 608 709 710 609
f 609 710 711 610
f 610 711 712 611
f 611 712 713 612
f 612 713 714 613
f 613 714 715 614
f 614 715 716 615
f 615 716 717 616
f 616 717 718 617
f 617 718 719 618
f 618 719 720 619
f 619 720 721 620
f 620 721 722 621
f 621 722 723 622
f 622 723 724 623
f 623 724 725 624
f 624 725 726 625
f 625 726 727 626
f 626 727 728 627
f 627 728 729 628
f 628 729 730 629
f 629 730 731 630
f 630 731 732 631
f 631 732 733 632
f 632 733 734 633
f 633 734 735 634
f 634 735 736 635
f 635 736 737 636
f 636 737 738 637
f 637 738 739 638
f 638 739 740 639
f 639 740 741 640
f 640 741 742 641
f 641 742 743 642
f 642 743 744 643
f 643 744 745 644
f 644 745 746 645
f 645 746 747 646
f 646 747 748 647
f 647 748 749 648
f 648 749 750 649
f 649 750 751 650
f 650 751 752 651
f 651 752 753 652
f 652 753 754 653
f 653 754 755 654
f 654 755 756 655
f 655 756 757 656
f 656 757 758 657
f 657 758 759 658
f 658 759 760 659
f 659 760 761 660
f 660 761 762 661
f 661 762 763 662
f 662 763 764 663
f 663 764 765 664
f 664 765 766 665
f 665 766 767 666
f 666 767 768 667
f 667 768 769 668
f 668 769 770 669
f 669 770 771 670
f 670 771 772 671
f 671 772 773 672
f 672 773 774 673
f 673 774 775 674
f 674 775 776 675
f 675 776 777 676
f 676 777 778 677
f 677 778 779 678
f 678 779 780 679
f 679 780 781 680
f 680 781 782 681
f 681 782 783 682
f 682 783 784 683
f 683 784 785 684
f 684 785 786 685
f 685 786 787 686
f 686 787 788 687
f 687 788 789 688
f 688 789 790 689
f 689 790 791 690
f 690 791 792 691
f 691 792 793 692
f 692 793 794 693
f 693 794 795 694
f 694 795 796 695
f 695 796 797 696
f 696 797 798 697
f 697 798 799 698
f 698 799 800 699
f 699 800 801 700
f 700 801 802 701
f 701 802 803 702
f 702 803 804 703
f 703 804 805 704
f 704 805 806 705
f 705 806 807 706
f 706 807 808 707
f 708 809 810 709
f 709 810 811 710
f 710 811 812 711
f 711 812 813 712
f 712 813 814 713
f 713 814 815 714
f 714 815 816 715
f 715 816 817 716
f 716 817 818 717
f 717 818 819 718
f 718 819 820 719
f 719 820 821 720
f 720 821 822 721
f 721 822 823 722
f 722 823 824 723
f 723 824 825 724
f 724 825 826 725
f 725 826 827 726
f 726 827 828 727
f 727 828 829 728
f 728 829 830 729
f 729 830 831 730
f 730 831 832 731
f 731 832 833 732
f 732 833 834 733
f 733 834 835 734
f 734 835 836 735
f 735 836 837 736
f 736 837 838 737
f 737 838 839 738
f 738 839 840 739
f 739 840 841 740
f 740 841 842 741
f 741 842 843 742
f 742 843 844 743
f 743 844 845 744
f 744 845 846 745
f 745 846 847 746
f 746 847 848 747
f 747 848 849 748
f 748 849 850 749
f 749 850 851 750
f 750 851 852 751
f 751 852 853 752
f 752 853 854 753
f 753 854 855 754
f 754 855 856 755
f 755 856 857 756
f 756 857 858 757
f 757 858 859 758
f 758 859 860 759
f 759 860 861 760
f 760 861 862 761
f 761 862 863 762
f 762 863 864 763
f 763 864 865 764
f 764 865 866 765
f 765 866 867 766
f 766 867 868 767
f 767 868 869 768
f 768 869 870 769
f 769 870 871 770
f 770 871 872 771
f 771 872 873 772
f 772 873 874 773
f 773 874 875 774
f 774 875 876 775
f 775 876 877 776
f 776 877 878 777
f 777 878 879 778
f 778 879 880 779
f 779 880 881 780
f 780 881 882 781
f 781 882 883 782
f 782 883 884 783
f 783 884 885 784
f 784 885 886 785
f 785 886 887 786
f 786 887 888 787
f 787 888 889 788
f 788 889 890 789
f 789 890 891 790
f 790 891 892 791
f 791 892 893 792
f 792 893 894 793
f 793 894 895 794
f 794 895 896 795
f 795 896 897 796
f 796 897 898 797
f 797 898 899 798
f 798 899 900 799
f 799 900 901 800
f 800 901 902 801
f 801 902 903 802
f 802 903 904 803
f 803 904 905 804
f 804 905 906 805
f 805 906 907 806
f 806 907 908 807
f 807 908 909 808
f 809 910 911 810
f 810 911 912 811
f 811 912 913 812
f 812 913 914 813
f 813 914 915 814
f 814 915 916 815
f 815 916 917 816
f 816 917 918 817
f 817 918 919 818
f 818 919 920 819
f 819 920 921 820
f 820 921 922 821
f 821 922 923 822
f 822 923 924 823
f 823 924 925 824
f 824 925 926 825
f 825 926 927 826
f 826 927 928 827
f 827 928 929 828
f 828 929 930 829
f 829 930 931 830
f 830 931 932 831
f 831 932 933 832
f 832 933 934 833
f 833 934 935 834
f 834 935 936 835
f 835 936 937 836
f 836 937 938 837
f 837 938 939 838
f 838 939 940 839
f 839 940 941 840
f 840 941 942 841
f 841 942 943 842
f 842 943 944 843
f 843 944 945 844
f 844 945 946 845
f 845 946 947 846
f 846 947 948 847
f 847 948 949 848
f 848 949 950 849
f 849 950 951 850
f 850 951 952 851
f 851 952 953 852
f 852 953 954 853
f 853 954 955 854
f 854 955 956 855
f 855 956 957 856
f 856 957 958 857
f 857 958 959 858
f 858 959 960 859
f 859 960 961 860
f 860 961 962 861
f 861 962 963 862
f 862 963 964 863
f 863 964 965 864
f 864 965 966 865
f 865 966 967 866
f 866 967 968 867
f 867 968 969 868
f 868 969 970 869
f 869 970 971 870
f 870 971 972 871
f 871 972 973 872
f 872 973 974 873
f 873 974 975 874
f 874 975 976 875
f 875 976 977 876
f 876 977 978 877
f 877 978 979 878
f 878 979 980 879
f 879 980 981 880
f 880 981 982 881
f 881 982 983 882
f 882 983 984 883
f 883 984 985 884
f 884 985 986 885
f 885 986 987 886
f 886 987 988 887
f 887 988 989 888
f 888 989 990 889
f 889 990 991 890
f 890 991 992 891
f 891 992 993 892
f 892 993 994 893
f 893 994 995 894
f 894 995 996 895
f 895 996 997 896
f 896 997 998 897
f 897 998 999 898
f 898 999 1000 899
f 899 1000 1001 900
f 900 1001 1002 901
f 901 1002 1003 902
f 902 1003 1004 903
f 903 1004 1005 904
f 904 1005 1006 905
f 905 1006 1007 906
f 906 1007 1008 907
f 907 1008 1009 908
f 908 1009 1010 909
f 910 1011 1012 911
f 911 1012 1013 912
f 912 1013 1014 913
f 913 1014 1015 914
f 914 1015 1016 915
f 915 1016 1017 916
f 916 1017 1018 917
f 917 1018 1019 918
f 918 1019 1020 919
f 919 1020 1021 920
f 920 1021 1022 921
f 921 1022 1023 922
f 922 1023 1024 923
f 923 1024 1025 924
f 924 1025 1026 925
f 925 1026 1027 926
f 926 1027 1028 927
f 927 1028 1029 928
f 928 1029 1030 929
f 929 1030 1031 930
f 930 1031 1032 931
f 931 1032 1033 932
f 932 1033 1034 933
f 933 1034 1035 934
f 934 1035 1036 935
f 935 1036 1037 936
f 936 1037 1038 937
f 937 1038 1039 938
f 938 1039 1040 939
f 939 1040 1041 940
f 940 1041 1042 941
f 941 1042 1043 942
f 942 1043 1044 943
f 943 1044 1045 944
f 944 1045 1046 945
f 945 1046 1047 946
f 946 1047 1048 947
f 947 1048 1049 948
f 948 1049 1050 949
f 949 1050 1051 950
f 950 1051 1052 951
f 951 1052 1053 952
f 952 1053 1054 953
f 953 1054 1055 954
f 954 1055 1056 955
f 955 1056 1057 956
f 956 1057 1058 957
f 957 1058 1059 958
f 958 1059 1060 959
f 959 1060 1061 960
f 960 1061 1062 961
f 961 1062 1063 962
f 962 1063 1064 963
f 963 1064 1065 964
f 964 1065 1066 965
f 965 1066 1067 966
f 966 1067 1068 967
f 967 1068 1069 968
f 968 1069 1070 969
f 969 1070 1071 970
f 970 1071 1072 971
f 971 1072 1073 972
f 972 1073 1074 973
f 973 1074 1075 974
f 974 1075 1076 975
f 975 1076 1077 976
f 976 1077 1078 977
f 977 1078 1079 978
f 978 1079 1080 979
f 979 1080 1081 980
f 980 1081 1082 981
f 981 1082 1083 982
f 982 1083 1084 983
f 983 1084 1085 984
f 984 1085 1086 985
f 985 1086 1087 986
f 986 1087 1088 987
f 987 1088 1089 988
f 988 1089 1090 989
f 989 1090 1091 990
f 990 1091 1092 991
f 991 1092 1093 992
f 992 1093 1094 993
f 993 1094 1095 994
f 994 1095 1096 995
f 995 1096 1097 996
f 996 1097 1098 997
f 997 1098 1099 998
f 998 1099 1100 999
f 999 1100 1101 1000
f 1000 1101 1102 1001
f 1001 1102 1103 1002
f 1002 1103 1104 1003
f 1003 1104 1105 1004
f 1004 1105 1106 1005
f 1005 1106 1107 1006
f 1006 1107 1108 1007
f 1007 1108 1109 1008
f 1008 1109 1110 1009
f 1009 1110 1111 1010
f 1011 1112 1113 1012
f 1012 1113 1114 1013
f 1013 1114 1115 1014
f 1014 1115 1116 1015
f 1015 1116 1117 1016
f 1016 1117 1118 1017
f 1017 1118 1119 1018
f 1018 1119 1120 1019
f 1019 1120 1121 1020
f 1020 1121 1122 1021
f 1021 1122 1123 1022
f 1022 1123 1124 1023
f 1023 1124 1125 1024
f 1024 1125 1126 1025
f 1025 1126 1127 1026
f 1026 1127 1128 1027
f 1027 1128 1129 1028
f 1028 1129 1130 1029
f 1029 1130 1131 1030
f 1030 1131 1132 1031
f 1031 1132 1133 1032
f 1032 1133 1134 1033
f 1033 1134 1135 1034
f 1034 1135 1136 1035
f 1035 1136 1137 1036
f 1036 1137 1138 1037
f 1037 1138 1139 1038
f 1038 1139 1140 1039
f 1039 1140 1141 1040
f 1040 1141 1142 1041
f 1041 1142 1143 1042
f 1042 1143 1144 1043
f 1043 1144 1145 1044
f 1044 1145 1146 1045
f 1045 1146 1147 1046
f 1046 1147 1148 1047
f 1047 1148 1149 1048
f 1048 1149 1150 1049
f 1049 1150 1151 1050
f 1050 1151 1152 1051
f 1051 1152 1153 1052
f 1052 1153 1154 1053
f 1053 1154 1155 1054
f 1054 1155 1156 1055
f 1055 1156 1157 1056
f 1056 1157 1158 1057
f 1057 1158 1159 1058
f 1058 1159 1160 1059
f 1059 1160 1161 1060
f 1060 1161 1162 1061
f 1061 1162 1163 1062
f 1062 1163 1164 1063
f 1063 1164 1165 1064
f 1064 1165 1166 1065
f 1065 1166 1167 1066
f 1066 1167 1168 1067
f 1067 1168 1169 1068
f 1068 1169 1170 1069
f 1069 1170 1171 1070
f 1070 1171 1172 1071
f 1071 1172 1173 1072
f 1072 1173 1174 1073
f 1073 1174 1175 1074
f 1074 1175 1176 1075
f 1075 1176 1177 1076
f 1076 1177 1178 1077
f 1077 1178 1179 1078
f 1078 1179 1180 1079
f 1079 1180 1181 1080
f 1080 1181 1182 1081
f 1081 1182 1183 1082
f 1082 1183 1184 1083
f 1083 1184 1185 1084
f 1084 1185 1186 1085
f 1085 1186 1187 1086
f 1086 1187 1188 1087
f 1087 1188 1189 1088
f 1088 1189 1190 1089
f 1089 1190 1191 1090
f 1090 1191 1192 1091
f 1091 1192 1193 1092
f 1092 1193 1194 1093
f 1093 1194 1195 1094
f 1094 1195 1196 1095
f 1095 1196 1197 1096
f 1096 1197 1198 1097
f 1097 1198 1199 1098
f 1098 1199 1200 1099
f 1099 1200 1201 1100
f 1100 1201 1202 1101
f 1101 1202 1203 1102
f 1102 1203 1204 1103
f 1103 1204 1205 1104
f 1104 1205 1206 1105
f 1105 1206 1207 1106
f 1106 1207 1208 1107
f 1107 1208 1209 1108
f 1108 1209 1210 1109
f 1109 1210 1211 1110
f 1110 1211 1212 1111
f 1112 1213 1214 1113
f 1113 1214 1215 1114
f 1114 1215 1216 1115
f 1115 1216 1217 1116
f 1116 1217 1218 1117
f 1117 1218 1219 1118
f 1118 1219 1220 1119
f 1119 1220 1221 1120
f 1120 1221 1222 1121
f 1121 1222 1223 1122
f 1122 1223 1224 1123
f 1123 1224 1225 1124
f 1124 1225 1226 1125
f 1125 1226 1227 1126
f 1126 1227 1228 1127
f 1127 1228 1229 1128
f 1128 1229 1230 1129
f 1129 1230 1231 1130
f 1130 1231 1232 1131
f 1131 1232 1233 1132
f 1132 1233 1234 1133
f 1133 1234 1235 1134
f 1134 1235 1236 1135
f 1135 1236 1237 1136
f 1136 1237 1238 1137
f 1137 1238 1239 1138
f 1138 1239 1240 1139
f 1139 1240 1241 1140
f 1140 1241 1242 1141
f 1141 1242 1243 1142
f 1142 1243 1244 1143
f 1143 1244 1245 1144
f 1144 1245 1246 1145
f 1145 1246 1247 1146
f 1146 1247 1248 1147
f 1147 1248 1249 1148
f 1148 1249 1250 1149
f 1149 1250 1251 1150
f 1150 1251 1252 1151
f 1151 1252 1253 1152
f 1152 1253 1254 1153
f 1153 1254 1255 1154
f 1154 1255 1256 1155
f 1155 1256 1257 1156
f 1156 1257 1258 1157
f 1157 1258 1259 1158
f 1158 1259 1260 1159
f 1159 1260 1261 1160
f 1160 1261 1262 1161
f 1161 1262 1263 1162
f 1162 1263 1264 1163
f 1163 1264 1265 1164
f 1164 1265 1266 1165
f 1165 1266 1267 1166
f 1166 1267 1268 1167
f 1167 1268 1269 1168
f 1168 1269 1270 1169
f 1169 1270 1271 1170
f 1170 1271 1272 1171
f 1171 1272 1273 1172
f 1172 1273 1274 1173
f 1173 1274 1275 1174
f 1174 1275 1276 1175
f 1175 1276 1277 1176
f 1176 1277 1278 1177
f 1177 1278 1279 1178
f 1178 1279 1280 1179
f 1179 1280 1281 1180
f 1180 1281 1282 1181
f 1181 1282 1283 1182
f 1182 1283 1284 1183
f 1183 1284 1285 1184
f 1184 1285 1286 1185
f 1185 1286 1287 1186
f 1186 1287 1288 1187
f 1187 1288 1289 1188
f 1188 1289 1290 1189
f 1189 1290 1291 1190
f 1190 1291 1292 1191
f 1191 1292 1293 1192
f 1192 1293 1294 1193
f 1193 1294 1295 1194
f 1194 1295 1296 1195
f 1195 1296 1297 1196
f 1196 1297 1298 1197
f 1197 1298 1299 1198
f 1198 1299 1300 1199
f 1199 1300 1301 1200
f 1200 1301 1302 1201
f 1201 1302 1303 1202
f 1202 1303 1304 1203
f 1203 1304 1305 1204
f 1204 1305 1306 1205
f 1205 1306 1307 1206
f 1206 1307 1308 1207
f 1207 1308 1309 1208
f 1208 1309 1310 1209
f 1209 1310 1311 1210
f 1210 1311 1312 1211
f 1211 1312 1313 1212
f 1213 1314 1315 1214
f 1214 1315 1316 1215
f 1215 1316 1317 1216
f 1216 1317 1318 1217
f 1217 1318 1319 1218
f 1218 1319 1320 1219
f 1219 1320 1321 1220
f 1220 1321 1322 1221
f 1221 1322 1323 1222
f 1222 1323 1324 1223
f 1223 1324 1325 1224
f 1224 1325 1326 1225
f 1225 1326 1327 1226
f 1226 1327 1328 1227
f 1227 1328 1329 1228
f 1228 1329 1330 1229
f 1229 1330 1331 1230
f 1230 1331 1332 1231
f 1231 1332 1333 1232
f 1232 1333 1334 1233
f 1233 1334 1335 1234
f 1234 1335 1336 1235
f 1235 1336 1337 1236
f 1236 1337 1338 1237
f 1237 1338 1339 1238
f 1238 1339 1340 1239
f 1239 1340 1341 1240
f 1240 1341 1342 1241
f 1241 1342 1343 1242
f 1242 1343 1344 1243
f 1243 1344 1345 1244
f 1244 1345 1346 1245
f 1245 1346 1347 1246
f 1246 1347 1348 1247
f 1247 1348 1349 1248
f 1248 1349 1350 1249
f 1249 1350 1351 1250
f 1250 1351 1352 1251
f 1251 1352 1353 1252
f 1252 1353 1354 1253
f 1253 1354 1355 1254
f 1254 1355 1356 1255
f 1255 1356 1357 1256
f 1256 1357 1358 1257
f 1257 1358 1359 1258
f 1258 1359 1360 1259
f 1259 1360 1361 1260
f 1260 1361 1362 1261
f 1261 1362 1363 1262
f 1262 1363 1364 1263
f 1263 1364 1365 1264
f 1264 1365 1366 1265
f 1265 1366 1367 1266
f 1266 1367 1368 1267
f 1267 1368 1369 1268
f 1268 1369 1370 1269
f 1269 1370 1371 1270
f 1270 1371 1372 1271
f 1271 1372 1373 1272
f 1272 1373 1374 1273
f 1273 1374 1375 1274
f 1274 1375 1376 1275
f 1275 1376 1377 1276
f 1276 1377 1378 1277
f 1277 1378 1379 1278
f 1278 1379 1380 1279
f 1279 1380 1381 1280
f 1280 1381 1382 1281
f 1281 1382 1383 1282
f 1282 1383 1384 1283
f 1283 1384 1385 1284
f 1284 1385 1386 1285
f 1285 1386 1387 1286
f 1286 1387 1388 1287
f 1287 1388 1389 1288
f 1288 1389 1390 1289
f 1289 1390 1391 1290
f 1290 1391 1392 1291
f 1291 1392 1393 1292
f 1292 1393 1394 1293
f 1293 1394 1395 1294
f 1294 1395 1396 1295
f 1295 1396 1397 1296
f 1296 1397 1398 1297
f 1297 1398 1399 1298
f 1298 1399 1400 1299
f 1299 1400 1401 1300
f 1300 1401 1402 1301
f 1301 1402 1403 1302
f 1302 1403 1404 1303
f 1303 1404 1405 1304
f 1304 1405 1406 1305
f 1305 1406 1407 1306
f 1306 1407 1408 1307
f 1307 1408 1409 1308
f 1308 1409 1410 1309
f 1309 1410 1411 1310
f 1310 1411 1412 1311
f 1311 1412 1413 1312
f 1312 1413 1414 1313
f 1314 1415 1416 1315
f 1315 1416 1417 1316
f 1316 1417 1418 1317
f 1317 1418 1419 1318
f 1318 1419 1420 1319
f 1319 1420 1421 1320
f 1320 1421 1422 1321
f 1321 1422 1423 1322
f 1322 1423 1424 1323
f 1323 1424 1425 1324
f 1324 1425 1426 1325
f 1325 1426 1427 1326
f 1326 1427 1428 1327
f 1327 1428 1429 1328
f 1328 1429 1430 1329
f 1329 1430 1431 1330
f 1330 1431 1432 1331
f 1331 1432 1433 1332
f 1332 1433 1434 1333
f 1333 1434 1435 1334
f 1334 1435 1436 1335
f 1335 1436 1437 1336
f 1336 1437 1438 1337
f 1337 1438 1439 1338
f 1338 1439 1440 1339
f 1339 1440 1441 1340
f 1340 1441 1442 1341
f 1341 1442 1443 1342
f 1342 1443 1444 1343
f 1343 1444 1445 1344
f 1344 1445 1446 1345
f 1345 1446 1447 1346
f 1346 1447 1448 1347
f 1347 1448 1449 1348
f 1348 1449 1450 1349
f 1349 1450 1451 1350
f 1350 1451 1452 1351
f 1351 1452 1453 1352
f 1352 1453 1454 1353
f 1353 1454 1455 1354
f 1354 1455 1456 1355
f 1355 1456 1457 1356
f 1356 1457 1458 1357
f 1357 1458 1459 1358
f 1358 1459 1460 1359
f 1359 1460 1461 1360
f 1360 1461 1462 1361
f 1361 1462 1463 1362
f 1362 1463 1464 1363
f 1363 1464 1465 1364
f 1364 1465 1466 1365
f 1365 1466 1467 1366
f 1366 1467 1468 1367
f 1367 1468 1469 1368
f 1368 1469 1470 1369
f 1369 1470 1471 1370
f 1370 1471 1472 1371
f 1371 1472 1473 1372
f 1372 1473 1474 1373
f 1373 1474 1475 1374
f 1374 1475 1476 1375
f 1375 1476 1477 1376
f 1376 1477 1478 1377
f 1377 1478 1479 1378
f 1378 1479 1480 1379
f 1379 1480 1481 1380
f 1380 1481 1482 1381
f 1381 1482 1483 1382
f 1382 1483 1484 1383
f 1383 1484 1485 1384
f 1384 1485 1486 1385
f 1385 1486 1487 1386
f 1386 1487 1488 1387
f 1387 1488 1489 1388
f 1388 1489 1490 1389
f 1389 1490 1491 1390
f 1390 1491 1492 1391
f 1391 1492 1493 1392
f 1392 1493 1494 1393
f 1393 1494 1495 1394
f 1394 1495 1496 1395
f 1395 1496 1497 1396
f 1396 1497 1498 1397
f 1397 1498 1499 1398
f 1398 1499 1500 1399
f 1399 1500 1501 1400
f 1400 1501 1502 1401
f 1401 1502 1503 1402
f 1402 1503 1504 1403
f 1403 1504 1505 1404
f 1404 1505 1506 1405
f 1405 1506 1507 1406
f 1406 1507 1508 1407
f 1407 1508 1509 1408
f 1408 1509 1510 1409
f 1409 1510 1511 1410
f 1410 1511 1512 1411
f 1411 1512 1513 1412
f 1412 1513 1514 1413
f 1413 1514 1515 1414
f 1415 1516 1517 1416
f 1416 1517 1518 1417
f 1417 1518 1519 1418
f 1418 1519 1520 1419
f 1419 1520 1521 1420
f 1420 1521 1522 1421
f 1421 1522 1523 1422
f 1422 1523 1524 1423
f 1423 1524 1525 1424
f 1424 1525 1526 1425
f 1425 1526 1527 1426
f 1426 1527 1528 1427
f 1427 1528 1529 1428
f 1428 1529 1530 1429
f 1429 1530 1531 1430
f 1430 1531 1532 1431
f 1431 1532 1533 1432
f 1432 1533 1534 1433
f 1433 1534 1535 1434
f 1434 1535 1536 1435
f 1435 1536 1537 1436
f 1436 1537 1538 1437
f 1437 1538 1539 1438
f 1438 1539 1540 1439
f 1439 1540 1541 1440
f 1440 1541 1542 1441
f 1441 1542 1543 1442
f 1442 1543 1544 1443
f 1443 1544 1545 1444
f 1444 1545 1546 1445
f 1445 1546 1547 1446
f 1446 1547 1548 1447
f 1447 1548 1549 1448
f 1448 1549 1550 1449
f 1449 1550 1551 1450
f 1450 1551 1552 1451
f 1451 1552 1553 1452
f 1452 1553 1554 1453
f 1453 1554 1555 1454
f 1454 1555 1556 1455
f 1455 1556 1557 1456
f 1456 1557 1558 1457
f 1457 1558 1559 1458
f 1458 1559 1560 1459
f 1459 1560 1561 1460
f 1460 1561 1562 1461
f 1461 1562 1563 1462
f 1462 1563 1564 1463
f 1463 1564 1565 1464
f 1464 1565 1566 1465
f 1465 1566 1567 1466
f 1466 1567 1568 1467
f 1467 1568 1569 1468
f 1468 1569 1570 1469
f 1469 1570 1571 1470
f 1470 1571 1572 1471
f 1471 1572 1573 1472
f 1472 1573 1574 1473
f 1473 1574 1575 1474
f 1474 1575 1576 1475
f 1475 1576 1577 1476
f 1476 1577 1578 1477
f 1477 1578 1579 1478
f 1478 1579 1580 1479
f 1479 1580 1581 1480
f 1480 1581 1582 1481
f 1481 1582 1583 1482
f 1482 1583 1584 1483
f 1483 1584 1585 1484
f 1484 1585 1586 1485
f 1485 1586 1587 1486
f 1486 1587 1588 1487
f 1487 1588 1589 1488
f 1488 1589 1590 1489
f 1489 1590 1591 1490
f 1490 1591 1592 1491
f 1491 1592 1593 1492
f 1492 1593 1594 1493
f 1493 1594 1595 1494
f 1494 1595 1596 1495
f 1495 1596 1597 1496
f 1496 1597 1598 1497
f 1497 1598 1599 1498
f 1498 1599 1600 1499
f 1499 1600 1601 1500
f 1500 1601 1602 1501
f 1501 1602 1603 1502
f 1502 1603 1604 1503
f 1503 1604 1605 1504
f 1504 1605 1606 1505
f 1505 1606 1607 1506
f 1506 1607 1608 1507
f 1507 1608 1609 1508
f 1508 1609 1610 1509
f 1509 1610 1611 1510
f 1510 1611 1612 1511
f 1511 1612 1613 1512
f 1512 1613 1614 1513
f 1513 1614 1615 1514
f 1514 1615 1616 1515
f 1516 1617 1618 1517
f 1517 1618 1619 1518
f 1518 1619 1620 1519
f 1519 1620 1621 1520
f 1520 1621 1622 1521
f 1521 1622 1623 1522
f 1522 1623 1624 1523
f 1523 1624 1625 1524
f 1524 1625 1626 1525
f 1525 1626 1627 1526
f 1526 1627 1628 1527
f 1527 1628 1629 1528
f 1528 1629 1630 1529
f 1529 1630 1631 1530
f 1530 1631 1632 1531
f 1531 1632 1633 1532
f 1532 1633 1634 1533
f 1533 1634 1635 1534
f 1534 1635 1636 1535
f 1535 1636 1637 1536
f 1536 1637 1638 1537
f 1537 1638 1639 1538
f 1538 1639 1640 1539
f 1539 1640 1641 1540
f 1540 1641 1642 1541
f 1541 1642 1643 1542
f 1542 1643 1644 1543
f 1543 1644 1645 1544
f 1544 1645 1646 1545
f 1545 1646 1647 1546
f 1546 1647 1648 1547
f 1547 1648 1649 1548
f 1548 1649 1650 1549
f 1549 1650 1651 1550
f 1550 1651 1652 1551
f 1551 1652 1653 1552
f 1552 1653 1654 1553
f 1553 1654 1655 1554
f 1554 1655 1656 1555
f 1555 1656 1657 1556
f 1556 1657 1658 1557
f 1557 1658 1659 1558
f 1558 1659 1660 1559
f 1559 1660 1661 1560
f 1560 1661 1662 1561
f 1561 1662 1663 1562
f 1562 1663 1664 1563
f 1563 1664 1665 1564
f 1564 1665 1666 1565
f 1565 1666 1667 1566
f 1566 1667 1668 1567
f 1567 1668 1669 1568
f 1568 1669 1670 1569
f 1569 1670 1671 1570
f 1570 1671 1672 1571
f 1571 1672 1673 1572
f 1572 1673 1674 1573
f 1573 1674 1675 1574
f 1574 1675 1676 1575
f 1575 1676 1677 1576
f 1576 1677 1678 1577
f 1577 1678 1679 1578
f 1578 1679 1680 1579
f 1579 1680 1681 1580
f 1580 1681 1682 1581
f 1581 1682 1683 1582
f 1582 1683 1684 1583
f 1583 1684 1685 1584
f 1584 1685 1686 1585
f 1585 1686 1687 1586
f 1586 1687 1688 1587
f 1587 1688 1689 1588
f 1588 1689 1690 1589
f 1589 1690 1691 1590
f 1590 1691 1692 1591
f 1591 1692 1693 1592
f 1592 1693 1694 1593
f 1593 1694 1695 1594
f 1594 1695 1696 1595
f 1595 1696 1697 1596
f 1596 1697 1698 1597
f 1597 1698 1699 1598
f 1598 1699 1700 1599
f 1599 1700 1701 1600
f 1600 1701 1702 1601
f 1601 1702 1703 1602
f 1602 1703 1704 1603
f 1603 1704 1705 1604
f 1604 1705 1706 1605
f 1605 1706 1707 1606
f 1606 1707 1708 1607
f 1607 1708 1709 1608
f 1608 1709 1710 1609
f 1609 1710 1711 1610
f 1610 1711 1712 1611
f 1611 1712 1713 1612
f 1612 1713 1714 1613
f 1613 1714 1715 1614
f 1614 1715 1716 1615
f 1615 1716 1717 1616
f 1617 1718 1719 1618
f 1618 1719 1720 1619
f 1619 1720 1721 1620
f 1620 1721 1722 1621
f 1621 1722 1723 1622
f 1622 1723 1724 1623
f 1623 1724 1725 1624
f 1624 1725 1726 1625
f 1625 1726 1727 1626
f 1626 1727 1728 1627
f 1627 1728 1729 1628
f 1628 1729 1730 1629
f 1629 1730 1731 1630
f 1630 1731 1732 1631
f 1631 1732 1733 1632
f 1632 1733 1734 1633
f 1633 1734 1735 1634
f 1634 1735 1736 1635
f 1635 1736 1737 1636
f 1636 1737 1738 1637
f 1637 1738 1739 1638
f 1638 1739 1740 1639
f 1639 1740 1741 1640
f 1640 1741 1742 1641
f 1641 1742 1743 1642
f 1642 1743 1744 1643
f 1643 1744 1745 1644
f 1644 1745 1746 1645
f 1645 1746 1747 1646
f 1646 1747 1748 1647
f 1647 1748 1749 1648
f 1648 1749 1750 1649
f 1649 1750 1751 1650
f 1650 1751 1752 1651
f 1651 1752 1753 1652
f 1652 1753 1754 1653
f 1653 1754 1755 1654
f 1654 1755 1756 1655
f 1655 1756 1757 1656
f 1656 1757 1758 1657
f 1657 1758 1759 1658
f 1658 1759 1760 1659
f 1659 1760 1761 1660
f 1660 1761 1762 1661
f 1661 1762 1763 1662
f 1662 1763 1764 1663
f 1663 1764 1765 1664
f 1664 1765 1766 1665
f 1665 1766 1767 1666
f 1666 1767 1768 1667
f 1667 1768 1769 1668
f 1668 1769 1770 1669
f 1669 1770 1771 1670
f 1670 1771 1772 1671
f 1671 1772 1773 1672
f 1672 1773 1774 1673
f 1673 1774 1775 1674
f 1674 1775 1776 1675
f 1675 1776 1777 1676
f 1676 1777 1778 1677
f 1677 1778 1779 1678
f 1678 1779 1780 1679
f 1679 1780 1781 1680
f 1680 1781 1782 1681
f 1681 1782 1783 1682
f 1682 1783 1784 1683
f 1683 1784 1785 1684
f 1684 1785 1786 1685
f 1685 1786 1787 1686
f 1686 1787 1788 1687
f 1687 1788 1789 1688
f 1688 1789 1790 1689
f 1689 1790 1791 1690
f 1690 1791 1792 1691
f 1691 1792 1793 1692
f 1692 1793 1794 1693
f 1693 1794 1795 1694
f 1694 1795 1796 1695
f 1695 1796 1797 1696
f 1696 1797 1798 1697
f 1697 1798 1799 1698
f 1698 1799 1800 1699
f 1699 1800 1801 1700
f 1700 1801 1802 1701
f 1701 1802 1803 1702
f 1702 1803 1804 1703
f 1703 1804 1805 1704
f 1704 1805 1806 1705
f 1705 1806 1807 1706
f 1706 1807 1808 1707
f 1707 1808 1809 1708
f 1708 1809 1810 1709
f 1709 1810 1811 1710
f 1710 1811 1812 1711
f 1711 1812 1813 1712
f 1712 1813 1814 1713
f 1713 1814 1815 1714
f 1714 1815 1816 1715
f 1715 1816 1817 1716
f 1716 1817 1818 1717
f 1718 1819 1820 1719
f 1719 1820 1821 1720
f 1720 1821 1822 1721
f 1721 1822 1823 1722
f 1722 1823 1824 1723
f 1723 1824 1825 1724
f 1724 1825 1826 1725
f 1725 1826 1827 1726
f 1726 1827 1828 1727
f 1727 1828 1829 1728
f 1728 1829 1830 1729
f 1729 1830 1831 1730
f 1730 1831 1832 1731
f 1731 1832 1833 1732
f 1732 1833 1834 1733
f 1733 1834 1835 1734
f 1734 1835 1836 1735
f 1735 1836 1837 1736
f 1736 1837 1838 1737
f 1737 1838 1839 1738
f 1738 1839 1840 1739
f 1739 1840 1841 1740
f 1740 1841 1842 1741
f 1741 1842 1843 1742
f 1742 1843 1844 1743
f 1743 1844 1845 1744
f 1744 1845 1846 1745
f 1745 1846 1847 1746
f 1746 1847 1848 1747
f 1747 1848 1849 1748
f 1748 1849 1850 1749
f 1749 1850 1851 1750
f 1750 1851 1852 1751
f 1751 1852 1853 1752
f 1752 1853 1854 1753
f 1753 1854 1855 1754
f 1754 1855 1856 1755
f 1755 1856 1857 1756
f 1756 1857 1858 1757
f 1757 1858 1859 1758
f 1758 1859 1860 1759
f 1759 1860 1861 1760
f 1760 1861 1862 1761
f 1761 1862 1863 1762
f 1762 1863 1864 1763
f 1763 1864 1865 1764
f 1764 1865 1866 1765
f 1765 1866 1867 1766
f 1766 1867 1868 1767
f 1767 1868 1869 1768
f 1768 1869 1870 1769
f 1769 1870 1871 1770
f 1770 1871 1872 1771
f 1771 1872 1873 1772
f 1772 1873 1874 1773
f 1773 1874 1875 1774
f 1774 1875 1876 1775
usemtl terrain_grass
f 1775 1876 1877 1776
f 1776 1877 1878 1777
f 1777 1878 1879 1778
f 1778 1879 1880 1779
f 1779 1880 1881 1780
f 1780 1881 1882 1781
usemtl terrain_seabed
f 1781 1882 1883 1782
f 1782 1883 1884 1783
f 1783 1884 1885 1784
f 1784 1885 1886 1785
f 1785 1886 1887 1786
f 1786 1887 1888 1787
f 1787 1888 1889 1788
f 1788 1889 1890 1789
f 1789 1890 1891 1790
f 1790 1891 1892 1791
f 1791 1892 1893 1792
f 1792 1893 1894 1793
f 1793 1894 1895 1794
f 1794 1895 1896 1795
f 1795 1896 1897 1796
f 1796 1897 1898 1797
f 1797 1898 1899 1798
f 1798 1899 1900 1799
f 1799 1900 1901 1800
f 1800 1901 1902 1801
f 1801 1902 1903 1802
f 1802 1903 1904 1803
f 1803 1904 1905 1804
f 1804 1905 1906 1805
f 1805 1906 1907 1806
f 1806 1907 1908 1807
f 1807 1908 1909 1808
f 1808 1909 1910 1809
f 1809 1910 1911 1810
f 1810 1911 1912 1811
f 1811 1912 1913 1812
f 1812 1913 1914 1813
f 1813 1914 1915 1814
f 1814 1915 1916 1815
f 1815 1916 1917 1816
f 1816 1917 1918 1817
f 1817 1918 1919 1818
f 1819 1920 1921 1820
f 1820 1921 1922 1821
f 1821 1922 1923 1822
f 1822 1923 1924 1823
f 1823 1924 1925 1824
f 1824 1925 1926 1825
f 1825 1926 1927 1826
f 1826 1927 1928 1827
f 1827 1928 1929 1828
f 1828 1929 1930 1829
f 1829 1930 1931 1830
f 1830 1931 1932 1831
f 1831 1932 1933 1832
f 1832 1933 1934 1833
f 1833 1934 1935 1834
f 1834 1935 1936 1835
f 1835 1936 1937 1836
f 1836 1937 1938 1837
f 1837 1938 1939 1838
f 1838 1939 1940 1839
f 1839 1940 1941 1840
f 1840 1941 1942 1841
f 1841 1942 1943 1842
f 1842 1943 1944 1843
f 1843 1944 1945 1844
f 1844 1945 1946 1845
f 1845 1946 1947 1846
f 1846 1947 1948 1847
f 1847 1948 1949 1848
f 1848 1949 1950 1849
f 1849 1950 1951 1850
f 1850 1951 1952 1851
f 1851 1952 1953 1852
f 1852 1953 1954 1853
f 1853 1954 1955 1854
f 1854 1955 1956 1855
f 1855 1956 1957 1856
f 1856 1957 1958 1857
f 1857 1958 1959 1858
f 1858 1959 1960 1859
f 1859 1960 1961 1860
f 1860 1961 1962 1861
f 1861 1962 1963 1862
f 1862 1963 1964 1863
f 1863 1964 1965 1864
f 1864 1965 1966 1865
f 1865 1966 1967 1866
f 1866 1967 1968 1867
f 1867 1968 1969 1868
f 1868 1969 1970 1869
f 1869 1970 1971 1870
f 1870 1971 1972 1871
f 1871 1972 1973 1872
f 1872 1973 1974 1873
f 1873 1974 1975 1874
usemtl terrain_grass
f 1874 1975 1976 1875
f 1875 1976 1977 1876
f 1876 1977 1978 1877
f 1877 1978 1979 1878
f 1878 1979 1980 1879
f 1879 1980 1981 1880
f 1880 1981 1982 1881
f 1881 1982 1983 1882
f 1882 1983 1984 1883
f 1883 1984 1985 1884
f 1884 1985 1986 1885
usemtl terrain_seabed
f 1885 1986 1987 1886
f 1886 1987 1988 1887
f 1887 1988 1989 1888
f 1888 1989 1990 1889
f 1889 1990 1991 1890
f 1890 1991 1992 1891
f 1891 1992 1993 1892
f 1892 1993 1994 1893
f 1893 1994 1995 1894
f 1894 1995 1996 1895
f 1895 1996 1997 1896
f 1896 1997 1998 1897
f 1897 1998 1999 1898
f 1898 1999 2000 1899
f 1899 2000 2001 1900
f 1900 2001 2002 1901
f 1901 2002 2003 1902
f 1902 2003 2004 1903
f 1903 2004 2005 1904
f 1904 2005 2006 1905
f 1905 2006 2007 1906
f 1906 2007 2008 1907
f 1907 2008 2009 1908
f 1908 2009 2010 1909
f 1909 2010 2011 1910
f 1910 2011 2012 1911
f 1911 2012 2013 1912
f 1912 2013 2014 1913
f 1913 2014 2015 1914
f 1914 2015 2016 1915
f 1915 2016 2017 1916
f 1916 2017 2018 1917
f 1917 2018 2019 1918
f 1918 2019 2020 1919
f 1920 2021 2022 1921
f 1921 2022 2023 1922
f 1922 2023 2024 1923
f 1923 2024 2025 1924
f 1924 2025 2026 1925
f 1925 2026 2027 1926
f 1926 2027 2028 1927
f 1927 2028 2029 1928
f 1928 2029 2030 1929
f 1929 2030 2031 1930
f 1930 2031 2032 1931
f 1931 2032 2033 1932
f 1932 2033 2034 1933
f 1933 2034 2035 1934
f 1934 2035 2036 1935
f 1935 2036 2037 1936
f 1936 2037 2038 1937
f 1937 2038 2039 1938
f 1938 2039 2040 1939
f 1939 2040 2041 1940
f 1940 2041 2042 1941
f 1941 2042 2043 1942
f 1942 2043 2044 1943
f 1943 2044 2045 1944
f 1944 2045 2046 1945
f 1945 2046 2047 1946
f 1946 2047 2048 1947
f 1947 2048 2049 1948
f 1948 2049 2050 1949
f 1949 2050 2051 1950
f 1950 2051 2052 1951
f 1951 2052 2053 1952
f 1952 2053 2054 1953
f 1953 2054 2055 1954
f 1954 2055 2056 1955
f 1955 2056 2057 1956
f 1956 2057 2058 1957
f 1957 2058 2059 1958
f 1958 2059 2060 1959
f 1959 2060 2061 1960
f 1960 2061 2062 1961
f 1961 2062 2063 1962
f 1962 2063 2064 1963
f 1963 2064 2065 1964
f 1964 2065 2066 1965
f 1965 2066 2067 1966
f 1966 2067 2068 1967
f 1967 2068 2069 1968
f 1968 2069 2070 1969
f 1969 2070 2071 1970
f 1970 2071 2072 1971
f 1971 2072 2073 1972
f 1972 2073 2074 1973
f 1973 2074 2075 1974
usemtl terrain_grass
f 1974 2075 2076 1975
f 1975 2076 2077 1976
f 1976 2077 2078 1977
f 1977 2078 2079 1978
f 1978 2079 2080 1979
f 1979 2080 2081 1980
f 1980 2081 2082 1981
f 1981 2082 2083 1982
f 1982 2083 2084 1983
f 1983 2084 2085 1984
f 1984 2085 2086 1985
f 1985 2086 2087 1986
f 1986 2087 2088 1987
f 1987 2088 2089 1988
usemtl terrain_seabed
f 1988 2089 2090 1989
f 1989 2090 2091 1990
f 1990 2091 2092 1991
f 1991 2092 2093 1992
f 1992 2093 2094 1993
f 1993 2094 2095 1994
f 1994 2095 2096 1995
f 1995 2096 2097 1996
f 1996 2097 2098 1997
f 1997 2098 2099 1998
f 1998 2099 2100 1999
f 1999 2100 2101 2000
f 2000 2101 2102 2001
f 2001 2102 2103 2002
f 2002 2103 2104 2003
f 2003 2104 2105 2004
f 2004 2105 2106 2005
f 2005 2106 2107 2006
f 2006 2107 2108 2007
f 2007 2108 2109 2008
f 2008 2109 2110 2009
f 2009 2110 2111 2010
f 2010 2111 2112 2011
f 2011 2112 2113 2012
f 2012 2113 2114 2013
f 2013 2114 2115 2014
f 2014 2115 2116 2015
f 2015 2116 2117 2016
f 2016 2117 2118 2017
f 2017 2118 2119 2018
f 2018 2119 2120 2019
f 2019 2120 2121 2020
f 2021 2122 2123 2022
f 2022 2123 2124 2023
f 2023 2124 2125 2024
f 2024 2125 2126 2025
f 2025 2126 2127 2026
f 2026 2127 2128 2027
f 2027 2128 2129 2028
f 2028 2129 2130 2029
f 2029 2130 2131 2030
f 2030 2131 2132 2031
f 2031 2132 2133 2032
f 2032 2133 2134 2033
f 2033 2134 2135 2034
f 2034 2135 2136 2035
f 2035 2136 2137 2036
f 2036 2137 2138 2037
f 2037 2138 2139 2038
f 2038 2139 2140 2039
f 2039 2140 2141 2040
f 2040 2141 2142 2041
f 2041 2142 2143 2042
f 2042 2143 2144 2043
f 2043 2144 2145 2044
f 2044 2145 2146 2045
f 2045 2146 2147 2046
f 2046 2147 2148 2047
f 2047 2148 2149 2048
f 2048 2149 2150 2049
f 2049 2150 2151 2050
f 2050 2151 2152 2051
f 2051 2152 2153 2052
f 2052 2153 2154 2053
f 2053 2154 2155 2054
f 2054 2155 2156 2055
f 2055 2156 2157 2056
f 2056 2157 2158 2057
f 2057 2158 2159 2058
f 2058 2159 2160 2059
f 2059 2160 2161 2060
f 2060 2161 2162 2061
f 2061 2162 2163 2062
f 2062 2163 2164 2063
f 2063 2164 2165 2064
f 2064 2165 2166 2065
f 2065 2166 2167 2066
f 2066 2167 2168 2067
f 2067 2168 2169 2068
f 2068 2169 2170 2069
f 2069 2170 2171 2070
f 2070 2171 2172 2071
f 2071 2172 2173 2072
f 2072 2173 2174 2073
f 2073 2174 2175 2074
usemtl terrain_grass
f 2074 2175 2176 2075
f 2075 2176 2177 2076
f 2076 2177 2178 2077
f 2077 2178 2179 2078
f 2078 2179 2180 2079
f 2079 2180 2181 2080
f 2080 2181 2182 2081
f 2081 2182 2183 2082
f 2082 2183 2184 2083
f 2083 2184 2185 2084
f 2084 2185 2186 2085
f 2085 2186 2187 2086
f 2086 2187 2188 2087
f 2087 2188 2189 2088
f 2088 2189 2190 2089
f 2089 2190 2191 2090
f 2090 2191 2192 2091
f 2091 2192 2193 2092
usemtl terrain_seabed
f 2092 2193 2194 2093
f 2093 2194 2195 2094
f 2094 2195 2196 2095
f 2095 2196 2197 2096
f 2096 2197 2198 2097
f 2097 2198 2199 2098
f 2098 2199 2200 2099
f 2099 2200 2201 2100
f 2100 2201 2202 2101
f 2101 2202 2203 2102
f 2102 2203 2204 2103
f 2103 2204 2205 2104
f 2104 2205 2206 2105
f 2105 2206 2207 2106
f 2106 2207 2208 2107
f 2107 2208 2209 2108
f 2108 2209 2210 2109
f 2109 2210 2211 2110
f 2110 2211 2212 2111
f 2111 2212 2213 2112
f 2112 2213 2214 2113
f 2113 2214 2215 2114
f 2114 2215 2216 2115
f 2115 2216 2217 2116
f 2116 2217 2218 2117
f 2117 2218 2219 2118
f 2118 2219 2220 2119
f 2119 2220 2221 2120
f 2120 2221 2222 2121
f 2122 2223 2224 2123
f 2123 2224 2225 2124
f 2124 2225 2226 2125
f 2125 2226 2227 2126
f 2126 2227 2228 2127
f 2127 2228 2229 2128
f 2128 2229 2230 2129
f 2129 2230 2231 2130
f 2130 2231 2232 2131
f 2131 2232 2233 2132
f 2132 2233 2234 2133
f 2133 2234 2235 2134
f 2134 2235 2236 2135
f 2135 2236 2237 2136
f 2136 2237 2238 2137
f 2137 2238 2239 2138
f 2138 2239 2240 2139
f 2139 2240 2241 2140
f 2140 2241 2242 2141
f 2141 2242 2243 2142
f 2142 2243 2244 2143
f 2143 2244 2245 2144
f 2144 2245 2246 2145
f 2145 2246 2247 2146
f 2146 2247 2248 2147
f 2147 2248 2249 2148
f 2148 2249 2250 2149
f 2149 2250 2251 2150
f 2150 2251 2252 2151
f 2151 2252 2253 2152
f 2152 2253 2254 2153
f 2153 2254 2255 2154
f 2154 2255 2256 2155
f 2155 2256 2257 2156
f 2156 2257 2258 2157
f 2157 2258 2259 2158
f 2158 2259 2260 2159
f 2159 2260 2261 2160
f 2160 2261 2262 2161
f 2161 2262 2263 2162
f 2162 2263 2264 2163
f 2163 2264 2265 2164
f 2164 2265 2266 2165
f 2165 2266 2267 2166
f 2166 2267 2268 2167
f 2167 2268 2269 2168
f 2168 2269 2270 2169
f 2169 2270 2271 2170
f 2170 2271 2272 2171
f 2171 2272 2273 2172
f 2172 2273 2274 2173
f 2173 2274 2275 2174
usemtl terrain_grass
f 2174 2275 2276 2175
f 2175 2276 2277 2176
f 2176 2277 2278 2177
f 2177 2278 2279 2178
f 2178 2279 2280 2179
f 2179 2280 2281 2180
f 2180 2281 2282 2181
f 2181 2282 2283 2182
f 2182 2283 2284 2183
f 2183 2284 2285 2184
f 2184 2285 2286 2185
f 2185 2286 2287 2186
f 2186 2287 2288 2187
f 2187 2288 2289 2188
f 2188 2289 2290 2189
f 2189 2290 2291 2190
f 2190 2291 2292 2191
f 2191 2292 2293 2192
f 2192 2293 2294 2193
f 2193 2294 2295 2194
f 2194 2295 2296 2195
f 2195 2296 2297 2196
usemtl terrain_seabed
f 2196 2297 2298 2197
f 2197 2298 2299 2198
f 2198 2299 2300 2199
f 2199 2300 2301 2200
f 2200 2301 2302 2201
f 2201 2302 2303 2202
f 2202 2303 2304 2203
f 2203 2304 2305 2204
f 2204 2305 2306 2205
f 2205 2306 2307 2206
f 2206 2307 2308 2207
f 2207 2308 2309 2208
f 2208 2309 2310 2209
f 2209 2310 2311 2210
f 2210 2311 2312 2211
f 2211 2312 2313 2212
f 2212 2313 2314 2213
f 2213 2314 2315 2214
f 2214 2315 2316 2215
f 2215 2316 2317 2216
f 2216 2317 2318 2217
f 2217 2318 2319 2218
f 2218 2319 2320 2219
f 2219 2320 2321 2220
f 2220 2321 2322 2221
f 2221 2322 2323 2222
f 2223 2324 2325 2224
f 2224 2325 2326 2225
f 2225 2326 2327 2226
f 2226 2327 2328 2227
f 2227 2328 2329 2228
f 2228 2329 2330 2229
f 2229 2330 2331 2230
f 2230 2331 2332 2231
f 2231 2332 2333 2232
f 2232 2333 2334 2233
f 2233 2334 2335 2234
f 2234 2335 2336 2235
f 2235 2336 2337 2236
f 2236 2337 2338 2237
f 2237 2338 2339 2238
f 2238 2339 2340 2239
f 2239 2340 2341 2240
f 2240 2341 2342 2241
f 2241 2342 2343 2242
f 2242 2343 2344 2243
f 2243 2344 2345 2244
f 2244 2345 2346 2245
f 2245 2346 2347 2246
f 2246 2347 2348 2247
f 2247 2348 2349 2248
f 2248 2349 2350 2249
f 2249 2350 2351 2250
f 2250 2351 2352 2251
f 2251 2352 2353 2252
f 2252 2353 2354 2253
f 2253 2354 2355 2254
f 2254 2355 2356 2255
f 2255 2356 2357 2256
f 2256 2357 2358 2257
f 2257 2358 2359 2258
f 2258 2359 2360 2259
f 2259 2360 2361 2260
f 2260 2361 2362 2261
f 2261 2362 2363 2262
f 2262 2363 2364 2263
f 2263 2364 2365 2264
f 2264 2365 2366 2265
f 2265 2366 2367 2266
f 2266 2367 2368 2267
f 2267 2368 2369 2268
f 2268 2369 2370 2269
f 2269 2370 2371 2270
f 2270 2371 2372 2271
f 2271 2372 2373 2272
f 2272 2373 2374 2273
f 2273 2374 2375 2274
f 2274 2375 2376 2275
usemtl terrain_grass
f 2275 2376 2377 2276
f 2276 2377 2378 2277
f 2277 2378 2379 2278
f 2278 2379 2380 2279
f 2279 2380 2381 2280
f 2280 2381 2382 2281
f 2281 2382 2383 2282
f 2282 2383 2384 2283
f 2283 2384 2385 2284
f 2284 2385 2386 2285
f 2285 2386 2387 2286
f 2286 2387 2388 2287
f 2287 2388 2389 2288
f 2288 2389 2390 2289
f 2289 2390 2391 2290
f 2290 2391 2392 2291
f 2291 2392 2393 2292
f 2292 2393 2394 2293
f 2293 2394 2395 2294
f 2294 2395 2396 2295
f 2295 2396 2397 2296
f 2296 2397 2398 2297
f 2297 2398 2399 2298
usemtl terrain_seabed
f 2298 2399 2400 2299
f 2299 2400 2401 2300
f 2300 2401 2402 2301
f 2301 2402 2403 2302
f 2302 2403 2404 2303
f 2303 2404 2405 2304
f 2304 2405 2406 2305
f 2305 2406 2407 2306
f 2306 2407 2408 2307
f 2307 2408 2409 2308
f 2308 2409 2410 2309
f 2309 2410 2411 2310
f 2310 2411 2412 2311
f 2311 2412 2413 2312
f 2312 2413 2414 2313
f 2313 2414 2415 2314
f 2314 2415 2416 2315
f 2315 2416 2417 2316
f 2316 2417 2418 2317
f 2317 2418 2419 2318
f 2318 2419 2420 2319
f 2319 2420 2421 2320
f 2320 2421 2422 2321
f 2321 2422 2423 2322
f 2322 2423 2424 2323
f 2324 2425 2426 2325
f 2325 2426 2427 2326
f 2326 2427 2428 2327
f 2327 2428 2429 2328
f 2328 2429 2430 2329
f 2329 2430 2431 2330
f 2330 2431 2432 2331
f 2331 2432 2433 2332
f 2332 2433 2434 2333
f 2333 2434 2435 2334
f 2334 2435 2436 2335
f 2335 2436 2437 2336
f 2336 2437 2438 2337
f 2337 2438 2439 2338
f 2338 2439 2440 2339
f 2339 2440 2441 2340
f 2340 2441 2442 2341
f 2341 2442 2443 2342
f 2342 2443 2444 2343
f 2343 2444 2445 2344
f 2344 2445 2446 2345
f 2345 2446 2447 2346
f 2346 2447 2448 2347
f 2347 2448 2449 2348
f 2348 2449 2450 2349
f 2349 2450 2451 2350
f 2350 2451 2452 2351
f 2351 2452 2453 2352
f 2352 2453 2454 2353
f 2353 2454 2455 2354
f 2354 2455 2456 2355
f 2355 2456 2457 2356
f 2356 2457 2458 2357
usemtl terrain_grass
f 2357 2458 2459 2358
usemtl terrain_seabed
f 2358 2459 2460 2359
f 2359 2460 2461 2360
f 2360 2461 2462 2361
f 2361 2462 2463 2362
f 2362 2463 2464 2363
f 2363 2464 2465 2364
f 2364 2465 2466 2365
f 2365 2466 2467 2366
f 2366 2467 2468 2367
f 2367 2468 2469 2368
f 2368 2469 2470 2369
f 2369 2470 2471 2370
f 2370 2471 2472 2371
f 2371 2472 2473 2372
f 2372 2473 2474 2373
f 2373 2474 2475 2374
f 2374 2475 2476 2375
usemtl terrain_grass
f 2375 2476 2477 2376
f 2376 2477 2478 2377
f 2377 2478 2479 2378
f 2378 2479 2480 2379
f 2379 2480 2481 2380
f 2380 2481 2482 2381
f 2381 2482 2483 2382
f 2382 2483 2484 2383
f 2383 2484 2485 2384
f 2384 2485 2486 2385
f 2385 2486 2487 2386
f 2386 2487 2488 2387
f 2387 2488 2489 2388
f 2388 2489 2490 2389
f 2389 2490 2491 2390
f 2390 2491 2492 2391
f 2391 2492 2493 2392
f 2392 2493 2494 2393
f 2393 2494 2495 2394
f 2394 2495 2496 2395
f 2395 2496 2497 2396
f 2396 2497 2498 2397
f 2397 2498 2499 2398
f 2398 2499 2500 2399
f 2399 2500 2501 2400
usemtl terrain_seabed
f 2400 2501 2502 2401
f 2401 2502 2503 2402
f 2402 2503 2504 2403
f 2403 2504 2505 2404
f 2404 2505 2506 2405
f 2405 2506 2507 2406
f 2406 2507 2508 2407
f 2407 2508 2509 2408
f 2408 2509 2510 2409
f 2409 2510 2511 2410
f 2410 2511 2512 2411
f 2411 2512 2513 2412
f 2412 2513 2514 2413
f 2413 2514 2515 2414
f 2414 2515 2516 2415
f 2415 2516 2517 2416
f 2416 2517 2518 2417
f 2417 2518 2519 2418
f 2418 2519 2520 2419
f 2419 2520 2521 2420
f 2420 2521 2522 2421
f 2421 2522 2523 2422
f 2422 2523 2524 2423
f 2423 2524 2525 2424
f 2425 2526 2527 2426
f 2426 2527 2528 2427
f 2427 2528 2529 2428
f 2428 2529 2530 2429
f 2429 2530 2531 2430
f 2430 2531 2532 2431
f 2431 2532 2533 2432
f 2432 2533 2534 2433
f 2433 2534 2535 2434
f 2434 2535 2536 2435
f 2435 2536 2537 2436
f 2436 2537 2538 2437
f 2437 2538 2539 2438
f 2438 2539 2540 2439
f 2439 2540 2541 2440
f 2440 2541 2542 2441
f 2441 2542 2543 2442
f 2442 2543 2544 2443
f 2443 2544 2545 2444
f 2444 2545 2546 2445
f 2445 2546 2547 2446
f 2446 2547 2548 2447
f 2447 2548 2549 2448
f 2448 2549 2550 2449
f 2449 2550 2551 2450
f 2450 2551 2552 2451
f 2451 2552 2553 2452
f 2452 2553 2554 2453
f 2453 2554 2555 2454
f 2454 2555 2556 2455
usemtl terrain_grass
f 2455 2556 2557 2456
f 2456 2557 2558 2457
f 2457 2558 2559 2458
f 2458 2559 2560 2459
f 2459 2560 2561 2460
f 2460 2561 2562 2461
f 2461 2562 2563 2462
usemtl terrain_seabed
f 2462 2563 2564 2463
f 2463 2564 2565 2464
f 2464 2565 2566 2465
f 2465 2566 2567 2466
f 2466 2567 2568 2467
f 2467 2568 2569 2468
f 2468 2569 2570 2469
f 2469 2570 2571 2470
f 2470 2571 2572 2471
f 2471 2572 2573 2472
f 2472 2573 2574 2473
f 2473 2574 2575 2474
f 2474 2575 2576 2475
usemtl terrain_grass
f 2475 2576 2577 2476
f 2476 2577 2578 2477
f 2477 2578 2579 2478
f 2478 2579 2580 2479
f 2479 2580 2581 2480
f 2480 2581 2582 2481
f 2481 2582 2583 2482
f 2482 2583 2584 2483
f 2483 2584 2585 2484
f 2484 2585 2586 2485
f 2485 2586 2587 2486
f 2486 2587 2588 2487
f 2487 2588 2589 2488
f 2488 2589 2590 2489
f 2489 2590 2591 2490
f 2490 2591 2592 2491
f 2491 2592 2593 2492
f 2492 2593 2594 2493
f 2493 2594 2595 2494
f 2494 2595 2596 2495
f 2495 2596 2597 2496
f 2496 2597 2598 2497
f 2497 2598 2599 2498
f 2498 2599 2600 2499
f 2499 2600 2601 2500
f 2500 2601 2602 2501
f 2501 2602 2603 2502
usemtl terrain_seabed
f 2502 2603 2604 2503
f 2503 2604 2605 2504
f 2504 2605 2606 2505
f 2505 2606 2607 2506
f 2506 2607 2608 2507
f 2507 2608 2609 2508
f 2508 2609 2610 2509
f 2509 2610 2611 2510
f 2510 2611 2612 2511
f 2511 2612 2613 2512
f 2512 2613 2614 2513
f 2513 2614 2615 2514
f 2514 2615 2616 2515
f 2515 2616 2617 2516
f 2516 2617 2618 2517
f 2517 2618 2619 2518
f 2518 2619 2620 2519
f 2519 2620 2621 2520
f 2520 2621 2622 2521
f 2521 2622 2623 2522
f 2522 2623 2624 2523
f 2523 2624 2625 2524
f 2524 2625 2626 2525
f 2526 2627 2628 2527
f 2527 2628 2629 2528
f 2528 2629 2630 2529
f 2529 2630 2631 2530
f 2530 2631 2632 2531
f 2531 2632 2633 2532
f 2532 2633 2634 2533
f 2533 2634 2635 2534
f 2534 2635 2636 2535
f 2535 2636 2637 2536
f 2536 2637 2638 2537
f 2537 2638 2639 2538
f 2538 2639 2640 2539
f 2539 2640 2641 2540
f 2540 2641 2642 2541
f 2541 2642 2643 2542
f 2542 2643 2644 2543
f 2543 2644 2645 2544
f 2544 2645 2646 2545
f 2545 2646 2647 2546
f 2546 2647 2648 2547
f 2547 2648 2649 2548
f 2548 2649 2650 2549
f 2549 2650 2651 2550
f 2550 2651 2652 2551
f 2551 2652 2653 2552
f 2552 2653 2654 2553
f 2553 2654 2655 2554
f 2554 2655 2656 2555
usemtl terrain_grass
f 2555 2656 2657 2556
f 2556 2657 2658 2557
f 2557 2658 2659 2558
f 2558 2659 2660 2559
f 2559 2660 2661 2560
f 2560 2661 2662 2561
f 2561 2662 2663 2562
f 2562 2663 2664 2563
f 2563 2664 2665 2564
f 2564 2665 2666 2565
usemtl terrain_seabed
f 2565 2666 2667 2566
f 2566 2667 2668 2567
f 2567 2668 2669 2568
f 2568 2669 2670 2569
f 2569 2670 2671 2570
f 2570 2671 2672 2571
f 2571 2672 2673 2572
f 2572 2673 2674 2573
f 2573 2674 2675 2574
f 2574 2675 2676 2575
usemtl terrain_grass
f 2575 2676 2677 2576
f 2576 2677 2678 2577
f 2577 2678 2679 2578
f 2578 2679 2680 2579
f 2579 2680 2681 2580
f 2580 2681 2682 2581
f 2581 2682 2683 2582
f 2582 2683 2684 2583
f 2583 2684 2685 2584
f 2584 2685 2686 2585
f 2585 2686 2687 2586
f 2586 2687 2688 2587
f 2587 2688 2689 2588
f 2588 2689 2690 2589
f 2589 2690 2691 2590
f 2590 2691 2692 2591
f 2591 2692 2693 2592
f 2592 2693 2694 2593
f 2593 2694 2695 2594
f 2594 2695 2696 2595
f 2595 2696 2697 2596
f 2596 2697 2698 2597
f 2597 2698 2699 2598
f 2598 2699 2700 2599
f 2599 2700 2701 2600
f 2600 2701 2702 2601
f 2601 2702 2703 2602
f 2602 2703 2704 2603
f 2603 2704 2705 2604
usemtl terrain_seabed
f 2604 2705 2706 2605
f 2605 2706 2707 2606
f 2606 2707 2708 2607
f 2607 2708 2709 2608
f 2608 2709 2710 2609
f 2609 2710 2711 2610
f 2610 2711 2712 2611
f 2611 2712 2713 2612
f 2612 2713 2714 2613
f 2613 2714 2715 2614
f 2614 2715 2716 2615
f 2615 2716 2717 2616
f 2616 2717 2718 2617
f 2617 2718 2719 2618
f 2618 2719 2720 2619
f 2619 2720 2721 2620
f 2620 2721 2722 2621
f 2621 2722 2723 2622
f 2622 2723 2724 2623
f 2623 2724 2725 2624
f 2624 2725 2726 2625
f 2625 2726 2727 2626
f 2627 2728 2729 2628
f 2628 2729 2730 2629
f 2629 2730 2731 2630
f 2630 2731 2732 2631
f 2631 2732 2733 2632
f 2632 2733 2734 2633
f 2633 2734 2735 2634
f 2634 2735 2736 2635
f 2635 2736 2737 2636
f 2636 2737 2738 2637
f 2637 2738 2739 2638
f 2638 2739 2740 2639
f 2639 2740 2741 2640
f 2640 2741 2742 2641
f 2641 2742 2743 2642
f 2642 2743 2744 2643
f 2643 2744 2745 2644
f 2644 2745 2746 2645
f 2645 2746 2747 2646
f 2646 2747 2748 2647
f 2647 2748 2749 2648
f 2648 2749 2750 2649
f 2649 2750 2751 2650
f 2650 2751 2752 2651
f 2651 2752 2753 2652
f 2652 2753 2754 2653
f 2653 2754 2755 2654
f 2654 2755 2756 2655
usemtl terrain_grass
f 2655 2756 2757 2656
f 2656 2757 2758 2657
f 2657 2758 2759 2658
f 2658 2759 2760 2659
f 2659 2760 2761 2660
f 2660 2761 2762 2661
f 2661 2762 2763 2662
f 2662 2763 2764 2663
f 2663 2764 2765 2664
f 2664 2765 2766 2665
f 2665 2766 2767 2666
f 2666 2767 2768 2667
f 2667 2768 2769 2668
usemtl terrain_seabed
f 2668 2769 2770 2669
f 2669 2770 2771 2670
f 2670 2771 2772 2671
f 2671 2772 2773 2672
f 2672 2773 2774 2673
f 2673 2774 2775 2674
f 2674 2775 2776 2675
f 2675 2776 2777 2676
usemtl terrain_grass
f 2676 2777 2778 2677
f 2677 2778 2779 2678
f 2678 2779 2780 2679
f 2679 2780 2781 2680
f 2680 2781 2782 2681
f 2681 2782 2783 2682
f 2682 2783 2784 2683
f 2683 2784 2785 2684
f 2684 2785 2786 2685
f 2685 2786 2787 2686
f 2686 2787 2788 2687
f 2687 2788 2789 2688
f 2688 2789 2790 2689
f 2689 2790 2791 2690
f 2690 2791 2792 2691
f 2691 2792 2793 2692
f 2692 2793 2794 2693
f 2693 2794 2795 2694
f 2694 2795 2796 2695
f 2695 2796 2797 2696
f 2696 2797 2798 2697
f 2697 2798 2799 2698
f 2698 2799 2800 2699
f 2699 2800 2801 2700
f 2700 2801 2802 2701
f 2701 2802 2803 2702
f 2702 2803 2804 2703
f 2703 2804 2805 2704
f 2704 2805 2806 2705
usemtl terrain_seabed
f 2705 2806 2807 2706
f 2706 2807 2808 2707
f 2707 2808 2809 2708
f 2708 2809 2810 2709
f 2709 2810 2811 2710
f 2710 2811 2812 2711
f 2711 2812 2813 2712
f 2712 2813 2814 2713
f 2713 2814 2815 2714
f 2714 2815 2816 2715
f 2715 2816 2817 2716
f 2716 2817 2818 2717
f 2717 2818 2819 2718
f 2718 2819 2820 2719
f 2719 2820 2821 2720
f 2720 2821 2822 2721
f 2721 2822 2823 2722
f 2722 2823 2824 2723
f 2723 2824 2825 2724
f 2724 2825 2826 2725
f 2725 2826 2827 2726
f 2726 2827 2828 2727
f 2728 2829 2830 2729
f 2729 2830 2831 2730
f 2730 2831 2832 2731
f 2731 2832 2833 2732
f 2732 2833 2834 2733
f 2733 2834 2835 2734
f 2734 2835 2836 2735
f 2735 2836 2837 2736
f 2736 2837 2838 2737
f 2737 2838 2839 2738
f 2738 2839 2840 2739
f 2739 2840 2841 2740
f 2740 2841 2842 2741
f 2741 2842 2843 2742
f 2742 2843 2844 2743
f 2743 2844 2845 2744
f 2744 2845 2846 2745
f 2745 2846 2847 2746
f 2746 2847 2848 2747
f 2747 2848 2849 2748
f 2748 2849 2850 2749
f 2749 2850 2851 2750
f 2750 2851 2852 2751
f 2751 2852 2853 2752
f 2752 2853 2854 2753
f 2753 2854 2855 2754
f 2754 2855 2856 2755
f 2755 2856 2857 2756
usemtl terrain_grass
f 2756 2857 2858 2757
f 2757 2858 2859 2758
f 2758 2859 2860 2759
f 2759 2860 2861 2760
f 2760 2861 2862 2761
f 2761 2862 2863 2762
f 2762 2863 2864 2763
f 2763 2864 2865 2764
f 2764 2865 2866 2765
f 2765 2866 2867 2766
f 2766 2867 2868 2767
f 2767 2868 2869 2768
f 2768 2869 2870 2769
f 2769 2870 2871 2770
usemtl terrain_seabed
f 2770 2871 2872 2771
f 2771 2872 2873 2772
f 2772 2873 2874 2773
f 2773 2874 2875 2774
f 2774 2875 2876 2775
f 2775 2876 2877 2776
usemtl terrain_grass
f 2776 2877 2878 2777
f 2777 2878 2879 2778
f 2778 2879 2880 2779
f 2779 2880 2881 2780
f 2780 2881 2882 2781
f 2781 2882 2883 2782
f 2782 2883 2884 2783
f 2783 2884 2885 2784
f 2784 2885 2886 2785
f 2785 2886 2887 2786
f 2786 2887 2888 2787
f 2787 2888 2889 2788
f 2788 2889 2890 2789
f 2789 2890 2891 2790
f 2790 2891 2892 2791
f 2791 2892 2893 2792
f 2792 2893 2894 2793
f 2793 2894 2895 2794
f 2794 2895 2896 2795
f 2795 2896 2897 2796
f 2796 2897 2898 2797
f 2797 2898 2899 2798
f 2798 2899 2900 2799
f 2799 2900 2901 2800
f 2800 2901 2902 2801
f 2801 2902 2903 2802
f 2802 2903 2904 2803
f 2803 2904 2905 2804
f 2804 2905 2906 2805
f 2805 2906 2907 2806
usemtl terrain_seabed
f 2806 2907 2908 2807
f 2807 2908 2909 2808
f 2808 2909 2910 2809
f 2809 2910 2911 2810
f 2810 2911 2912 2811
f 2811 2912 2913 2812
f 2812 2913 2914 2813
f 2813 2914 2915 2814
f 2814 2915 2916 2815
f 2815 2916 2917 2816
f 2816 2917 2918 2817
f 2817 2918 2919 2818
f 2818 2919 2920 2819
f 2819 2920 2921 2820
f 2820 2921 2922 2821
f 2821 2922 2923 2822
f 2822 2923 2924 2823
f 2823 2924 2925 2824
f 2824 2925 2926 2825
f 2825 2926 2927 2826
f 2826 2927 2928 2827
f 2827 2928 2929 2828
f 2829 2930 2931 2830
f 2830 2931 2932 2831
f 2831 2932 2933 2832
f 2832 2933 2934 2833
f 2833 2934 2935 2834
f 2834 2935 2936 2835
f 2835 2936 2937 2836
f 2836 2937 2938 2837
f 2837 2938 2939 2838
f 2838 2939 2940 2839
f 2839 2940 2941 2840
f 2840 2941 2942 2841
f 2841 2942 2943 2842
f 2842 2943 2944 2843
f 2843 2944 2945 2844
f 2844 2945 2946 2845
f 2845 2946 2947 2846
f 2846 2947 2948 2847
f 2847 2948 2949 2848
f 2848 2949 2950 2849
f 2849 2950 2951 2850
f 2850 2951 2952 2851
f 2851 2952 2953 2852
f 2852 2953 2954 2853
f 2853 2954 2955 2854
f 2854 2955 2956 2855
f 2855 2956 2957 2856
usemtl terrain_grass
f 2856 2957 2958 2857
f 2857 2958 2959 2858
f 2858 2959 2960 2859
f 2859 2960 2961 2860
f 2860 2961 2962 2861
f 2861 2962 2963 2862
f 2862 2963 2964 2863
f 2863 2964 2965 2864
f 2864 2965 2966 2865
f 2865 2966 2967 2866
f 2866 2967 2968 2867
f 2867 2968 2969 2868
f 2868 2969 2970 2869
f 2869 2970 2971 2870
f 2870 2971 2972 2871
f 2871 2972 2973 2872
usemtl terrain_seabed
f 2872 2973 2974 2873
f 2873 2974 2975 2874
f 2874 2975 2976 2875
f 2875 2976 2977 2876
usemtl terrain_grass
f 2876 2977 2978 2877
f 2877 2978 2979 2878
f 2878 2979 2980 2879
f 2879 2980 2981 2880
f 2880 2981 2982 2881
f 2881 2982 2983 2882
f 2882 2983 2984 2883
f 2883 2984 2985 2884
f 2884 2985 2986 2885
f 2885 2986 2987 2886
f 2886 2987 2988 2887
f 2887 2988 2989 2888
f 2888 2989 2990 2889
f 2889 2990 2991 2890
f 2890 2991 2992 2891
f 2891 2992 2993 2892
f 2892 2993 2994 2893
f 2893 2994 2995 2894
f 2894 2995 2996 2895
f 2895 2996 2997 2896
f 2896 2997 2998 2897
f 2897 2998 2999 2898
f 2898 2999 3000 2899
f 2899 3000 3001 2900
f 2900 3001 3002 2901
f 2901 3002 3003 2902
f 2902 3003 3004 2903
f 2903 3004 3005 2904
f 2904 3005 3006 2905
f 2905 3006 3007 2906
f 2906 3007 3008 2907
f 2907 3008 3009 2908
usemtl terrain_seabed
f 2908 3009 3010 2909
f 2909 3010 3011 2910
f 2910 3011 3012 2911
f 2911 3012 3013 2912
f 2912 3013 3014 2913
f 2913 3014 3015 2914
f 2914 3015 3016 2915
f 2915 3016 3017 2916
f 2916 3017 3018 2917
f 2917 3018 3019 2918
f 2918 3019 3020 2919
f 2919 3020 3021 2920
f 2920 3021 3022 2921
f 2921 3022 3023 2922
f 2922 3023 3024 2923
f 2923 3024 3025 2924
f 2924 3025 3026 2925
f 2925 3026 3027 2926
f 2926 3027 3028 2927
f 2927 3028 3029 2928
f 2928 3029 3030 2929
f 2930 3031 3032 2931
f 2931 3032 3033 2932
f 2932 3033 3034 2933
f 2933 3034 3035 2934
f 2934 3035 3036 2935
f 2935 3036 3037 2936
f 2936 3037 3038 2937
f 2937 3038 3039 2938
f 2938 3039 3040 2939
f 2939 3040 3041 2940
f 2940 3041 3042 2941
f 2941 3042 3043 2942
f 2942 3043 3044 2943
f 2943 3044 3045 2944
f 2944 3045 3046 2945
f 2945 3046 3047 2946
f 2946 3047 3048 2947
f 2947 3048 3049 2948
f 2948 3049 3050 2949
f 2949 3050 3051 2950
f 2950 3051 3052 2951
f 2951 3052 3053 2952
f 2952 3053 3054 2953
f 2953 3054 3055 2954
f 2954 3055 3056 2955
f 2955 3056 3057 2956
usemtl terrain_grass
f 2956 3057 3058 2957
f 2957 3058 3059 2958
f 2958 3059 3060 2959
f 2959 3060 3061 2960
f 2960 3061 3062 2961
f 2961 3062 3063 2962
f 2962 3063 3064 2963
f 2963 3064 3065 2964
f 2964 3065 3066 2965
f 2965 3066 3067 2966
f 2966 3067 3068 2967
f 2967 3068 3069 2968
f 2968 3069 3070 2969
f 2969 3070 3071 2970
f 2970 3071 3072 2971
f 2971 3072 3073 2972
f 2972 3073 3074 2973
f 2973 3074 3075 2974
f 2974 3075 3076 2975
f 2975 3076 3077 2976
f 2976 3077 3078 2977
f 2977 3078 3079 2978
f 2978 3079 3080 2979
f 2979 3080 3081 2980
f 2980 3081 3082 2981
f 2981 3082 3083 2982
f 2982 3083 3084 2983
f 2983 3084 3085 2984
f 2984 3085 3086 2985
f 2985 3086 3087 2986
f 2986 3087 3088 2987
f 2987 3088 3089 2988
f 2988 3089 3090 2989
f 2989 3090 3091 2990
f 2990 3091 3092 2991
f 2991 3092 3093 2992
f 2992 3093 3094 2993
f 2993 3094 3095 2994
f 2994 3095 3096 2995
f 2995 3096 3097 2996
f 2996 3097 3098 2997
f 2997 3098 3099 2998
f 2998 3099 3100 2999
f 2999 3100 3101 3000
f 3000 3101 3102 3001
f 3001 3102 3103 3002
f 3002 3103 3104 3003
f 3003 3104 3105 3004
f 3004 3105 3106 3005
f 3005 3106 3107 3006
f 3006 3107 3108 3007
f 3007 3108 3109 3008
f 3008 3109 3110 3009
usemtl terrain_seabed
f 3009 3110 3111 3010
f 3010 3111 3112 3011
f 3011 3112 3113 3012
f 3012 3113 3114 3013
f 3013 3114 3115 3014
f 3014 3115 3116 3015
f 3015 3116 3117 3016
f 3016 3117 3118 3017
f 3017 3118 3119 3018
f 3018 3119 3120 3019
f 3019 3120 3121 3020
f 3020 3121 3122 3021
f 3021 3122 3123 3022
f 3022 3123 3124 3023
f 3023 3124 3125 3024
f 3024 3125 3126 3025
f 3025 3126 3127 3026
f 3026 3127 3128 3027
f 3027 3128 3129 3028
f 3028 3129 3130 3029
f 3029 3130 3131 3030
f 3031 3132 3133 3032
f 3032 3133 3134 3033
f 3033 3134 3135 3034
f 3034 3135 3136 3035
f 3035 3136 3137 3036
f 3036 3137 3138 3037
f 3037 3138 3139 3038
f 3038 3139 3140 3039
f 3039 3140 3141 3040
f 3040 3141 3142 3041
f 3041 3142 3143 3042
f 3042 3143 3144 3043
f 3043 3144 3145 3044
f 3044 3145 3146 3045
f 3045 3146 3147 3046
f 3046 3147 3148 3047
f 3047 3148 3149 3048
f 3048 3149 3150 3049
f 3049 3150 3151 3050
f 3050 3151 3152 3051
f 3051 3152 3153 3052
f 3052 3153 3154 3053
f 3053 3154 3155 3054
f 3054 3155 3156 3055
f 3055 3156 3157 3056
f 3056 3157 3158 3057
usemtl terrain_grass
f 3057 3158 3159 3058
f 3058 3159 3160 3059
f 3059 3160 3161 3060
f 3060 3161 3162 3061
f 3061 3162 3163 3062
f 3062 3163 3164 3063
f 3063 3164 3165 3064
f 3064 3165 3166 3065
f 3065 3166 3167 3066
f 3066 3167 3168 3067
f 3067 3168 3169 3068
f 3068 3169 3170 3069
f 3069 3170 3171 3070
f 3070 3171 3172 3071
f 3071 3172 3173 3072
f 3072 3173 3174 3073
f 3073 3174 3175 3074
f 3074 3175 3176 3075
f 3075 3176 3177 3076
f 3076 3177 3178 3077
f 3077 3178 3179 3078
f 3078 3179 3180 3079
f 3079 3180 3181 3080
f 3080 3181 3182 3081
f 3081 3182 3183 3082
f 3082 3183 3184 3083
f 3083 3184 3185 3084
f 3084 3185 3186 3085
f 3085 3186 3187 3086
f 3086 3187 3188 3087
f 3087 3188 3189 3088
f 3088 3189 3190 3089
f 3089 3190 3191 3090
f 3090 3191 3192 3091
f 3091 3192 3193 3092
f 3092 3193 3194 3093
f 3093 3194 3195 3094
f 3094 3195 3196 3095
f 3095 3196 3197 3096
f 3096 3197 3198 3097
f 3097 3198 3199 3098
f 3098 3199 3200 3099
f 3099 3200 3201 3100
f 3100 3201 3202 3101
f 3101 3202 3203 3102
f 3102 3203 3204 3103
f 3103 3204 3205 3104
f 3104 3205 3206 3105
f 3105 3206 3207 3106
f 3106 3207 3208 3107
f 3107 3208 3209 3108
f 3108 3209 3210 3109
f 3109 3210 3211 3110
usemtl terrain_seabed
f 3110 3211 3212 3111
f 3111 3212 3213 3112
f 3112 3213 3214 3113
f 3113 3214 3215 3114
f 3114 3215 3216 3115
f 3115 3216 3217 3116
f 3116 3217 3218 3117
f 3117 3218 3219 3118
f 3118 3219 3220 3119
f 3119 3220 3221 3120
f 3120 3221 3222 3121
f 3121 3222 3223 3122
f 3122 3223 3224 3123
f 3123 3224 3225 3124
f 3124 3225 3226 3125
f 3125 3226 3227 3126
f 3126 3227 3228 3127
f 3127 3228 3229 3128
f 3128 3229 3230 3129
f 3129 3230 3231 3130
f 3130 3231 3232 3131
f 3132 3233 3234 3133
f 3133 3234 3235 3134
f 3134 3235 3236 3135
f 3135 3236 3237 3136
f 3136 3237 3238 3137
f 3137 3238 3239 3138
f 3138 3239 3240 3139
f 3139 3240 3241 3140
f 3140 3241 3242 3141
f 3141 3242 3243 3142
f 3142 3243 3244 3143
f 3143 3244 3245 3144
f 3144 3245 3246 3145
f 3145 3246 3247 3146
f 3146 3247 3248 3147
f 3147 3248 3249 3148
f 3148 3249 3250 3149
f 3149 3250 3251 3150
f 3150 3251 3252 3151
f 3151 3252 3253 3152
f 3152 3253 3254 3153
f 3153 3254 3255 3154
f 3154 3255 3256 3155
f 3155 3256 3257 3156
f 3156 3257 3258 3157
usemtl terrain_grass
f 3157 3258 3259 3158
f 3158 3259 3260 3159
f 3159 3260 3261 3160
f 3160 3261 3262 3161
f 3161 3262 3263 3162
f 3162 3263 3264 3163
f 3163 3264 3265 3164
f 3164 3265 3266 3165
f 3165 3266 3267 3166
f 3166 3267 3268 3167
f 3167 3268 3269 3168
f 3168 3269 3270 3169
f 3169 3270 3271 3170
f 3170 3271 3272 3171
f 3171 3272 3273 3172
f 3172 3273 3274 3173
f 3173 3274 3275 3174
f 3174 3275 3276 3175
f 3175 3276 3277 3176
f 3176 3277 3278 3177
f 3177 3278 3279 3178
f 3178 3279 3280 3179
f 3179 3280 3281 3180
f 3180 3281 3282 3181
f 3181 3282 3283 3182
f 3182 3283 3284 3183
f 3183 3284 3285 3184
f 3184 3285 3286 3185
f 3185 3286 3287 3186
f 3186 3287 3288 3187
f 3187 3288 3289 3188
f 3188 3289 3290 3189
f 3189 3290 3291 3190
f 3190 3291 3292 3191
f 3191 3292 3293 3192
f 3192 3293 3294 3193
f 3193 3294 3295 3194
f 3194 3295 3296 3195
f 3195 3296 3297 3196
f 3196 3297 3298 3197
f 3197 3298 3299 3198
f 3198 3299 3300 3199
f 3199 3300 3301 3200
f 3200 3301 3302 3201
f 3201 3302 3303 3202
f 3202 3303 3304 3203
f 3203 3304 3305 3204
f 3204 3305 3306 3205
f 3205 3306 3307 3206
f 3206 3307 3308 3207
f 3207 3308 3309 3208
f 3208 3309 3310 3209
f 3209 3310 3311 3210
f 3210 3311 3312 3211
usemtl terrain_seabed
f 3211 3312 3313 3212
f 3212 3313 3314 3213
f 3213 3314 3315 3214
f 3214 3315 3316 3215
f 3215 3316 3317 3216
f 3216 3317 3318 3217
f 3217 3318 3319 3218
f 3218 3319 3320 3219
f 3219 3320 3321 3220
f 3220 3321 3322 3221
f 3221 3322 3323 3222
f 3222 3323 3324 3223
f 3223 3324 3325 3224
f 3224 3325 3326 3225
f 3225 3326 3327 3226
f 3226 3327 3328 3227
f 3227 3328 3329 3228
f 3228 3329 3330 3229
f 3229 3330 3331 3230
f 3230 3331 3332 3231
f 3231 3332 3333 3232
f 3233 3334 3335 3234
f 3234 3335 3336 3235
f 3235 3336 3337 3236
f 3236 3337 3338 3237
f 3237 3338 3339 3238
f 3238 3339 3340 3239
f 3239 3340 3341 3240
f 3240 3341 3342 3241
f 3241 3342 3343 3242
f 3242 3343 3344 3243
f 3243 3344 3345 3244
f 3244 3345 3346 3245
f 3245 3346 3347 3246
f 3246 3347 3348 3247
f 3247 3348 3349 3248
f 3248 3349 3350 3249
f 3249 3350 3351 3250
f 3250 3351 3352 3251
f 3251 3352 3353 3252
f 3252 3353 3354 3253
f 3253 3354 3355 3254
f 3254 3355 3356 3255
f 3255 3356 3357 3256
f 3256 3357 3358 3257
f 3257 3358 3359 3258
usemtl terrain_grass
f 3258 3359 3360 3259
f 3259 3360 3361 3260
f 3260 3361 3362 3261
f 3261 3362 3363 3262
f 3262 3363 3364 3263
f 3263 3364 3365 3264
f 3264 3365 3366 3265
f 3265 3366 3367 3266
f 3266 3367 3368 3267
f 3267 3368 3369 3268
f 3268 3369 3370 3269
f 3269 3370 3371 3270
f 3270 3371 3372 3271
f 3271 3372 3373 3272
f 3272 3373 3374 3273
f 3273 3374 3375 3274
f 3274 3375 3376 3275
f 3275 3376 3377 3276
f 3276 3377 3378 3277
f 3277 3378 3379 3278
f 3278 3379 3380 3279
f 3279 3380 3381 3280
f 3280 3381 3382 3281
f 3281 3382 3383 3282
f 3282 3383 3384 3283
f 3283 3384 3385 3284
f 3284 3385 3386 3285
f 3285 3386 3387 3286
f 3286 3387 3388 3287
f 3287 3388 3389 3288
f 3288 3389 3390 3289
f 3289 3390 3391 3290
f 3290 3391 3392 3291
f 3291 3392 3393 3292
f 3292 3393 3394 3293
f 3293 3394 3395 3294
f 3294 3395 3396 3295
f 3295 3396 3397 3296
f 3296 3397 3398 3297
f 3297 3398 3399 3298
f 3298 3399 3400 3299
f 3299 3400 3401 3300
f 3300 3401 3402 3301
f 3301 3402 3403 3302
f 3302 3403 3404 3303
f 3303 3404 3405 3304
f 3304 3405 3406 3305
f 3305 3406 3407 3306
f 3306 3407 3408 3307
f 3307 3408 3409 3308
f 3308 3409 3410 3309
f 3309 3410 3411 3310
f 3310 3411 3412 3311
f 3311 3412 3413 3312
usemtl terrain_seabed
f 3312 3413 3414 3313
f 3313 3414 3415 3314
f 3314 3415 3416 3315
f 3315 3416 3417 3316
f 3316 3417 3418 3317
f 3317 3418 3419 3318
f 3318 3419 3420 3319
f 3319 3420 3421 3320
f 3320 3421 3422 3321
f 3321 3422 3423 3322
f 3322 3423 3424 3323
f 3323 3424 3425 3324
f 3324 3425 3426 3325
f 3325 3426 3427 3326
f 3326 3427 3428 3327
f 3327 3428 3429 3328
f 3328 3429 3430 3329
f 3329 3430 3431 3330
f 3330 3431 3432 3331
f 3331 3432 3433 3332
f 3332 3433 3434 3333
f 3334 3435 3436 3335
f 3335 3436 3437 3336
f 3336 3437 3438 3337
f 3337 3438 3439 3338
f 3338 3439 3440 3339
f 3339 3440 3441 3340
f 3340 3441 3442 3341
f 3341 3442 3443 3342
f 3342 3443 3444 3343
f 3343 3444 3445 3344
f 3344 3445 3446 3345
f 3345 3446 3447 3346
f 3346 3447 3448 3347
f 3347 3448 3449 3348
f 3348 3449 3450 3349
f 3349 3450 3451 3350
f 3350 3451 3452 3351
f 3351 3452 3453 3352
f 3352 3453 3454 3353
f 3353 3454 3455 3354
f 3354 3455 3456 3355
f 3355 3456 3457 3356
f 3356 3457 3458 3357
f 3357 3458 3459 3358
usemtl terrain_grass
f 3358 3459 3460 3359
f 3359 3460 3461 3360
f 3360 3461 3462 3361
f 3361 3462 3463 3362
f 3362 3463 3464 3363
f 3363 3464 3465 3364
f 3364 3465 3466 3365
f 3365 3466 3467 3366
f 3366 3467 3468 3367
f 3367 3468 3469 3368
f 3368 3469 3470 3369
f 3369 3470 3471 3370
f 3370 3471 3472 3371
f 3371 3472 3473 3372
f 3372 3473 3474 3373
f 3373 3474 3475 3374
f 3374 3475 3476 3375
f 3375 3476 3477 3376
f 3376 3477 3478 3377
f 3377 3478 3479 3378
f 3378 3479 3480 3379
f 3379 3480 3481 3380
f 3380 3481 3482 3381
f 3381 3482 3483 3382
f 3382 3483 3484 3383
f 3383 3484 3485 3384
f 3384 3485 3486 3385
f 3385 3486 3487 3386
f 3386 3487 3488 3387
f 3387 3488 3489 3388
f 3388 3489 3490 3389
f 3389 3490 3491 3390
f 3390 3491 3492 3391
f 3391 3492 3493 3392
f 3392 3493 3494 3393
f 3393 3494 3495 3394
f 3394 3495 3496 3395
f 3395 3496 3497 3396
f 3396 3497 3498 3397
f 3397 3498 3499 3398
f 3398 3499 3500 3399
f 3399 3500 3501 3400
f 3400 3501 3502 3401
f 3401 3502 3503 3402
f 3402 3503 3504 3403
f 3403 3504 3505 3404
f 3404 3505 3506 3405
f 3405 3506 3507 3406
f 3406 3507 3508 3407
f 3407 3508 3509 3408
f 3408 3509 3510 3409
f 3409 3510 3511 3410
f 3410 3511 3512 3411
f 3411 3512 3513 3412
f 3412 3513 3514 3413
usemtl terrain_seabed
f 3413 3514 3515 3414
f 3414 3515 3516 3415
f 3415 3516 3517 3416
f 3416 3517 3518 3417
f 3417 3518 3519 3418
f 3418 3519 3520 3419
f 3419 3520 3521 3420
f 3420 3521 3522 3421
f 3421 3522 3523 3422
f 3422 3523 3524 3423
f 3423 3524 3525 3424
f 3424 3525 3526 3425
f 3425 3526 3527 3426
f 3426 3527 3528 3427
f 3427 3528 3529 3428
f 3428 3529 3530 3429
f 3429 3530 3531 3430
f 3430 3531 3532 3431
f 3431 3532 3533 3432
f 3432 3533 3534 3433
f 3433 3534 3535 3434
f 3435 3536 3537 3436
f 3436 3537 3538 3437
f 3437 3538 3539 3438
f 3438 3539 3540 3439
f 3439 3540 3541 3440
f 3440 3541 3542 3441
f 3441 3542 3543 3442
f 3442 3543 3544 3443
f 3443 3544 3545 3444
f 3444 3545 3546 3445
f 3445 3546 3547 3446
f 3446 3547 3548 3447
f 3447 3548 3549 3448
f 3448 3549 3550 3449
f 3449 3550 3551 3450
f 3450 3551 3552 3451
f 3451 3552 3553 3452
f 3452 3553 3554 3453
f 3453 3554 3555 3454
f 3454 3555 3556 3455
f 3455 3556 3557 3456
f 3456 3557 3558 3457
f 3457 3558 3559 3458
usemtl terrain_grass
f 3458 3559 3560 3459
f 3459 3560 3561 3460
f 3460 3561 3562 3461
f 3461 3562 3563 3462
f 3462 3563 3564 3463
f 3463 3564 3565 3464
f 3464 3565 3566 3465
f 3465 3566 3567 3466
f 3466 3567 3568 3467
f 3467 3568 3569 3468
f 3468 3569 3570 3469
f 3469 3570 3571 3470
f 3470 3571 3572 3471
f 3471 3572 3573 3472
f 3472 3573 3574 3473
f 3473 3574 3575 3474
f 3474 3575 3576 3475
f 3475 3576 3577 3476
f 3476 3577 3578 3477
f 3477 3578 3579 3478
f 3478 3579 3580 3479
f 3479 3580 3581 3480
f 3480 3581 3582 3481
f 3481 3582 3583 3482
f 3482 3583 3584 3483
f 3483 3584 3585 3484
f 3484 3585 3586 3485
f 3485 3586 3587 3486
f 3486 3587 3588 3487
f 3487 3588 3589 3488
f 3488 3589 3590 3489
f 3489 3590 3591 3490
f 3490 3591 3592 3491
f 3491 3592 3593 3492
f 3492 3593 3594 3493
f 3493 3594 3595 3494
f 3494 3595 3596 3495
f 3495 3596 3597 3496
f 3496 3597 3598 3497
f 3497 3598 3599 3498
f 3498 3599 3600 3499
f 3499 3600 3601 3500
f 3500 3601 3602 3501
f 3501 3602 3603 3502
f 3502 3603 3604 3503
f 3503 3604 3605 3504
f 3504 3605 3606 3505
f 3505 3606 3607 3506
f 3506 3607 3608 3507
f 3507 3608 3609 3508
f 3508 3609 3610 3509
f 3509 3610 3611 3510
f 3510 3611 3612 3511
f 3511 3612 3613 3512
f 3512 3613 3614 3513
f 3513 3614 3615 3514
usemtl terrain_seabed
f 3514 3615 3616 3515
f 3515 3616 3617 3516
f 3516 3617 3618 3517
f 3517 3618 3619 3518
f 3518 3619 3620 3519
f 3519 3620 3621 3520
f 3520 3621 3622 3521
f 3521 3622 3623 3522
f 3522 3623 3624 3523
f 3523 3624 3625 3524
f 3524 3625 3626 3525
f 3525 3626 3627 3526
f 3526 3627 3628 3527
f 3527 3628 3629 3528
f 3528 3629 3630 3529
f 3529 3630 3631 3530
f 3530 3631 3632 3531
f 3531 3632 3633 3532
f 3532 3633 3634 3533
f 3533 3634 3635 3534
f 3534 3635 3636 3535
f 3536 3637 3638 3537
f 3537 3638 3639 3538
f 3538 3639 3640 3539
f 3539 3640 3641 3540
f 3540 3641 3642 3541
f 3541 3642 3643 3542
f 3542 3643 3644 3543
f 3543 3644 3645 3544
f 3544 3645 3646 3545
f 3545 3646 3647 3546
f 3546 3647 3648 3547
f 3547 3648 3649 3548
f 3548 3649 3650 3549
f 3549 3650 3651 3550
f 3550 3651 3652 3551
f 3551 3652 3653 3552
f 3552 3653 3654 3553
f 3553 3654 3655 3554
f 3554 3655 3656 3555
f 3555 3656 3657 3556
f 3556 3657 3658 3557
f 3557 3658 3659 3558
f 3558 3659 3660 3559
usemtl terrain_grass
f 3559 3660 3661 3560
f 3560 3661 3662 3561
f 3561 3662 3663 3562
f 3562 3663 3664 3563
f 3563 3664 3665 3564
f 3564 3665 3666 3565
f 3565 3666 3667 3566
f 3566 3667 3668 3567
f 3567 3668 3669 3568
f 3568 3669 3670 3569
f 3569 3670 3671 3570
f 3570 3671 3672 3571
f 3571 3672 3673 3572
f 3572 3673 3674 3573
f 3573 3674 3675 3574
f 3574 3675 3676 3575
f 3575 3676 3677 3576
f 3576 3677 3678 3577
f 3577 3678 3679 3578
f 3578 3679 3680 3579
f 3579 3680 3681 3580
f 3580 3681 3682 3581
f 3581 3682 3683 3582
f 3582 3683 3684 3583
f 3583 3684 3685 3584
f 3584 3685 3686 3585
f 3585 3686 3687 3586
f 3586 3687 3688 3587
f 3587 3688 3689 3588
f 3588 3689 3690 3589
f 3589 3690 3691 3590
f 3590 3691 3692 3591
f 3591 3692 3693 3592
f 3592 3693 3694 3593
f 3593 3694 3695 3594
f 3594 3695 3696 3595
f 3595 3696 3697 3596
f 3596 3697 3698 3597
f 3597 3698 3699 3598
f 3598 3699 3700 3599
f 3599 3700 3701 3600
f 3600 3701 3702 3601
f 3601 3702 3703 3602
f 3602 3703 3704 3603
f 3603 3704 3705 3604
f 3604 3705 3706 3605
f 3605 3706 3707 3606
f 3606 3707 3708 3607
f 3607 3708 3709 3608
f 3608 3709 3710 3609
f 3609 3710 3711 3610
f 3610 3711 3712 3611
f 3611 3712 3713 3612
f 3612 3713 3714 3613
f 3613 3714 3715 3614
f 3614 3715 3716 3615
usemtl terrain_seabed
f 3615 3716 3717 3616
f 3616 3717 3718 3617
f 3617 3718 3719 3618
f 3618 3719 3720 3619
f 3619 3720 3721 3620
f 3620 3721 3722 3621
f 3621 3722 3723 3622
f 3622 3723 3724 3623
f 3623 3724 3725 3624
f 3624 3725 3726 3625
f 3625 3726 3727 3626
f 3626 3727 3728 3627
f 3627 3728 3729 3628
f 3628 3729 3730 3629
f 3629 3730 3731 3630
f 3630 3731 3732 3631
f 3631 3732 3733 3632
f 3632 3733 3734 3633
f 3633 3734 3735 3634
f 3634 3735 3736 3635
f 3635 3736 3737 3636
f 3637 3738 3739 3638
f 3638 3739 3740 3639
f 3639 3740 3741 3640
f 3640 3741 3742 3641
f 3641 3742 3743 3642
f 3642 3743 3744 3643
f 3643 3744 3745 3644
f 3644 3745 3746 3645
f 3645 3746 3747 3646
f 3646 3747 3748 3647
f 3647 3748 3749 3648
f 3648 3749 3750 3649
f 3649 3750 3751 3650
f 3650 3751 3752 3651
f 3651 3752 3753 3652
f 3652 3753 3754 3653
f 3653 3754 3755 3654
f 3654 3755 3756 3655
f 3655 3756 3757 3656
f 3656 3757 3758 3657
f 3657 3758 3759 3658
f 3658 3759 3760 3659
f 3659 3760 3761 3660
usemtl terrain_grass
f 3660 3761 3762 3661
f 3661 3762 3763 3662
f 3662 3763 3764 3663
f 3663 3764 3765 3664
f 3664 3765 3766 3665
f 3665 3766 3767 3666
f 3666 3767 3768 3667
f 3667 3768 3769 3668
f 3668 3769 3770 3669
f 3669 3770 3771 3670
f 3670 3771 3772 3671
f 3671 3772 3773 3672
f 3672 3773 3774 3673
f 3673 3774 3775 3674
f 3674 3775 3776 3675
f 3675 3776 3777 3676
f 3676 3777 3778 3677
f 3677 3778 3779 3678
f 3678 3779 3780 3679
f 3679 3780 3781 3680
f 3680 3781 3782 3681
f 3681 3782 3783 3682
f 3682 3783 3784 3683
f 3683 3784 3785 3684
f 3684 3785 3786 3685
f 3685 3786 3787 3686
f 3686 3787 3788 3687
f 3687 3788 3789 3688
f 3688 3789 3790 3689
f 3689 3790 3791 3690
f 3690 3791 3792 3691
f 3691 3792 3793 3692
f 3692 3793 3794 3693
f 3693 3794 3795 3694
f 3694 3795 3796 3695
f 3695 3796 3797 3696
f 3696 3797 3798 3697
f 3697 3798 3799 3698
f 3698 3799 3800 3699
f 3699 3800 3801 3700
f 3700 3801 3802 3701
f 3701 3802 3803 3702
f 3702 3803 3804 3703
f 3703 3804 3805 3704
f 3704 3805 3806 3705
f 3705 3806 3807 3706
f 3706 3807 3808 3707
f 3707 3808 3809 3708
f 3708 3809 3810 3709
f 3709 3810 3811 3710
f 3710 3811 3812 3711
f 3711 3812 3813 3712
f 3712 3813 3814 3713
f 3713 3814 3815 3714
f 3714 3815 3816 3715
f 3715 3816 3817 3716
usemtl terrain_seabed
f 3716 3817 3818 3717
f 3717 3818 3819 3718
f 3718 3819 3820 3719
f 3719 3820 3821 3720
f 3720 3821 3822 3721
f 3721 3822 3823 3722
f 3722 3823 3824 3723
f 3723 3824 3825 3724
f 3724 3825 3826 3725
f 3725 3826 3827 3726
f 3726 3827 3828 3727
f 3727 3828 3829 3728
f 3728 3829 3830 3729
f 3729 3830 3831 3730
f 3730 3831 3832 3731
f 3731 3832 3833 3732
f 3732 3833 3834 3733
f 3733 3834 3835 3734
f 3734 3835 3836 3735
f 3735 3836 3837 3736
f 3736 3837 3838 3737
f 3738 3839 3840 3739
f 3739 3840 3841 3740
f 3740 3841 3842 3741
f 3741 3842 3843 3742
f 3742 3843 3844 3743
f 3743 3844 3845 3744
f 3744 3845 3846 3745
f 3745 3846 3847 3746
f 3746 3847 3848 3747
f 3747 3848 3849 3748
f 3748 3849 3850 3749
f 3749 3850 3851 3750
f 3750 3851 3852 3751
f 3751 3852 3853 3752
f 3752 3853 3854 3753
f 3753 3854 3855 3754
f 3754 3855 3856 3755
f 3755 3856 3857 3756
f 3756 3857 3858 3757
f 3757 3858 3859 3758
f 3758 3859 3860 3759
f 3759 3860 3861 3760
usemtl terrain_grass
f 3760 3861 3862 3761
f 3761 3862 3863 3762
f 3762 3863 3864 3763
f 3763 3864 3865 3764
f 3764 3865 3866 3765
f 3765 3866 3867 3766
f 3766 3867 3868 3767
f 3767 3868 3869 3768
f 3768 3869 3870 3769
f 3769 3870 3871 3770
f 3770 3871 3872 3771
f 3771 3872 3873 3772
f 3772 3873 3874 3773
f 3773 3874 3875 3774
f 3774 3875 3876 3775
f 3775 3876 3877 3776
f 3776 3877 3878 3777
f 3777 3878 3879 3778
f 3778 3879 3880 3779
f 3779 3880 3881 3780
f 3780 3881 3882 3781
f 3781 3882 3883 3782
f 3782 3883 3884 3783
f 3783 3884 3885 3784
f 3784 3885 3886 3785
f 3785 3886 3887 3786
f 3786 3887 3888 3787
f 3787 3888 3889 3788
f 3788 3889 3890 3789
f 3789 3890 3891 3790
f 3790 3891 3892 3791
f 3791 3892 3893 3792
usemtl terrain_rock_face
f 3792 3893 3894 3793
f 3793 3894 3895 3794
f 3794 3895 3896 3795
usemtl terrain_grass
f 3795 3896 3897 3796
f 3796 3897 3898 3797
f 3797 3898 3899 3798
f 3798 3899 3900 3799
f 3799 3900 3901 3800
f 3800 3901 3902 3801
f 3801 3902 3903 3802
f 3802 3903 3904 3803
f 3803 3904 3905 3804
f 3804 3905 3906 3805
f 3805 3906 3907 3806
f 3806 3907 3908 3807
f 3807 3908 3909 3808
f 3808 3909 3910 3809
f 3809 3910 3911 3810
f 3810 3911 3912 3811
f 3811 3912 3913 3812
f 3812 3913 3914 3813
f 3813 3914 3915 3814
f 3814 3915 3916 3815
f 3815 3916 3917 3816
f 3816 3917 3918 3817
usemtl terrain_seabed
f 3817 3918 3919 3818
f 3818 3919 3920 3819
f 3819 3920 3921 3820
f 3820 3921 3922 3821
f 3821 3922 3923 3822
f 3822 3923 3924 3823
f 3823 3924 3925 3824
f 3824 3925 3926 3825
f 3825 3926 3927 3826
f 3826 3927 3928 3827
f 3827 3928 3929 3828
f 3828 3929 3930 3829
f 3829 3930 3931 3830
f 3830 3931 3932 3831
f 3831 3932 3933 3832
f 3832 3933 3934 3833
f 3833 3934 3935 3834
f 3834 3935 3936 3835
f 3835 3936 3937 3836
f 3836 3937 3938 3837
f 3837 3938 3939 3838
f 3839 3940 3941 3840
f 3840 3941 3942 3841
f 3841 3942 3943 3842
f 3842 3943 3944 3843
f 3843 3944 3945 3844
f 3844 3945 3946 3845
f 3845 3946 3947 3846
f 3846 3947 3948 3847
f 3847 3948 3949 3848
f 3848 3949 3950 3849
f 3849 3950 3951 3850
f 3850 3951 3952 3851
f 3851 3952 3953 3852
f 3852 3953 3954 3853
f 3853 3954 3955 3854
f 3854 3955 3956 3855
f 3855 3956 3957 3856
f 3856 3957 3958 3857
f 3857 3958 3959 3858
f 3858 3959 3960 3859
f 3859 3960 3961 3860
f 3860 3961 3962 3861
usemtl terrain_grass
f 3861 3962 3963 3862
f 3862 3963 3964 3863
f 3863 3964 3965 3864
f 3864 3965 3966 3865
f 3865 3966 3967 3866
f 3866 3967 3968 3867
f 3867 3968 3969 3868
f 3868 3969 3970 3869
f 3869 3970 3971 3870
f 3870 3971 3972 3871
f 3871 3972 3973 3872
f 3872 3973 3974 3873
f 3873 3974 3975 3874
f 3874 3975 3976 3875
f 3875 3976 3977 3876
f 3876 3977 3978 3877
f 3877 3978 3979 3878
f 3878 3979 3980 3879
f 3879 3980 3981 3880
f 3880 3981 3982 3881
f 3881 3982 3983 3882
f 3882 3983 3984 3883
f 3883 3984 3985 3884
f 3884 3985 3986 3885
f 3885 3986 3987 3886
f 3886 3987 3988 3887
f 3887 3988 3989 3888
f 3888 3989 3990 3889
f 3889 3990 3991 3890
f 3890 3991 3992 3891
usemtl terrain_rock_face
f 3891 3992 3993 3892
f 3892 3993 3994 3893
f 3893 3994 3995 3894
f 3894 3995 3996 3895
f 3895 3996 3997 3896
f 3896 3997 3998 3897
f 3897 3998 3999 3898
f 3898 3999 4000 3899
usemtl terrain_grass
f 3899 4000 4001 3900
f 3900 4001 4002 3901
f 3901 4002 4003 3902
f 3902 4003 4004 3903
f 3903 4004 4005 3904
f 3904 4005 4006 3905
f 3905 4006 4007 3906
f 3906 4007 4008 3907
f 3907 4008 4009 3908
f 3908 4009 4010 3909
f 3909 4010 4011 3910
f 3910 4011 4012 3911
f 3911 4012 4013 3912
f 3912 4013 4014 3913
f 3913 4014 4015 3914
f 3914 4015 4016 3915
f 3915 4016 4017 3916
f 3916 4017 4018 3917
f 3917 4018 4019 3918
f 3918 4019 4020 3919
usemtl terrain_seabed
f 3919 4020 4021 3920
f 3920 4021 4022 3921
f 3921 4022 4023 3922
f 3922 4023 4024 3923
f 3923 4024 4025 3924
f 3924 4025 4026 3925
f 3925 4026 4027 3926
f 3926 4027 4028 3927
f 3927 4028 4029 3928
f 3928 4029 4030 3929
f 3929 4030 4031 3930
f 3930 4031 4032 3931
f 3931 4032 4033 3932
f 3932 4033 4034 3933
f 3933 4034 4035 3934
f 3934 4035 4036 3935
f 3935 4036 4037 3936
f 3936 4037 4038 3937
f 3937 4038 4039 3938
f 3938 4039 4040 3939
f 3940 4041 4042 3941
f 3941 4042 4043 3942
f 3942 4043 4044 3943
f 3943 4044 4045 3944
f 3944 4045 4046 3945
f 3945 4046 4047 3946
f 3946 4047 4048 3947
f 3947 4048 4049 3948
f 3948 4049 4050 3949
f 3949 4050 4051 3950
f 3950 4051 4052 3951
f 3951 4052 4053 3952
f 3952 4053 4054 3953
f 3953 4054 4055 3954
f 3954 4055 4056 3955
f 3955 4056 4057 3956
f 3956 4057 4058 3957
f 3957 4058 4059 3958
f 3958 4059 4060 3959
f 3959 4060 4061 3960
f 3960 4061 4062 3961
f 3961 4062 4063 3962
usemtl terrain_grass
f 3962 4063 4064 3963
f 3963 4064 4065 3964
f 3964 4065 4066 3965
f 3965 4066 4067 3966
f 3966 4067 4068 3967
f 3967 4068 4069 3968
f 3968 4069 4070 3969
f 3969 4070 4071 3970
f 3970 4071 4072 3971
f 3971 4072 4073 3972
f 3972 4073 4074 3973
f 3973 4074 4075 3974
f 3974 4075 4076 3975
f 3975 4076 4077 3976
f 3976 4077 4078 3977
f 3977 4078 4079 3978
f 3978 4079 4080 3979
f 3979 4080 4081 3980
f 3980 4081 4082 3981
f 3981 4082 4083 3982
f 3982 4083 4084 3983
f 3983 4084 4085 3984
f 3984 4085 4086 3985
f 3985 4086 4087 3986
f 3986 4087 4088 3987
f 3987 4088 4089 3988
f 3988 4089 4090 3989
f 3989 4090 4091 3990
f 3990 4091 4092 3991
usemtl terrain_rock_face
f 3991 4092 4093 3992
f 3992 4093 4094 3993
f 3993 4094 4095 3994
f 3994 4095 4096 3995
f 3995 4096 4097 3996
f 3996 4097 4098 3997
f 3997 4098 4099 3998
f 3998 4099 4100 3999
f 3999 4100 4101 4000
f 4000 4101 4102 4001
f 4001 4102 4103 4002
usemtl terrain_grass
f 4002 4103 4104 4003
f 4003 4104 4105 4004
f 4004 4105 4106 4005
f 4005 4106 4107 4006
f 4006 4107 4108 4007
f 4007 4108 4109 4008
f 4008 4109 4110 4009
f 4009 4110 4111 4010
f 4010 4111 4112 4011
f 4011 4112 4113 4012
f 4012 4113 4114 4013
f 4013 4114 4115 4014
f 4014 4115 4116 4015
f 4015 4116 4117 4016
f 4016 4117 4118 4017
f 4017 4118 4119 4018
f 4018 4119 4120 4019
f 4019 4120 4121 4020
usemtl terrain_seabed
f 4020 4121 4122 4021
f 4021 4122 4123 4022
f 4022 4123 4124 4023
f 4023 4124 4125 4024
f 4024 4125 4126 4025
f 4025 4126 4127 4026
f 4026 4127 4128 4027
f 4027 4128 4129 4028
f 4028 4129 4130 4029
f 4029 4130 4131 4030
f 4030 4131 4132 4031
f 4031 4132 4133 4032
f 4032 4133 4134 4033
f 4033 4134 4135 4034
f 4034 4135 4136 4035
f 4035 4136 4137 4036
f 4036 4137 4138 4037
f 4037 4138 4139 4038
f 4038 4139 4140 4039
f 4039 4140 4141 4040
f 4041 4142 4143 4042
f 4042 4143 4144 4043
f 4043 4144 4145 4044
f 4044 4145 4146 4045
f 4045 4146 4147 4046
f 4046 4147 4148 4047
f 4047 4148 4149 4048
f 4048 4149 4150 4049
f 4049 4150 4151 4050
f 4050 4151 4152 4051
f 4051 4152 4153 4052
f 4052 4153 4154 4053
f 4053 4154 4155 4054
f 4054 4155 4156 4055
f 4055 4156 4157 4056
f 4056 4157 4158 4057
f 4057 4158 4159 4058
f 4058 4159 4160 4059
f 4059 4160 4161 4060
f 4060 4161 4162 4061
f 4061 4162 4163 4062
f 4062 4163 4164 4063
usemtl terrain_grass
f 4063 4164 4165 4064
f 4064 4165 4166 4065
f 4065 4166 4167 4066
f 4066 4167 4168 4067
f 4067 4168 4169 4068
f 4068 4169 4170 4069
f 4069 4170 4171 4070
f 4070 4171 4172 4071
f 4071 4172 4173 4072
f 4072 4173 4174 4073
f 4073 4174 4175 4074
f 4074 4175 4176 4075
f 4075 4176 4177 4076
f 4076 4177 4178 4077
f 4077 4178 4179 4078
f 4078 4179 4180 4079
f 4079 4180 4181 4080
f 4080 4181 4182 4081
f 4081 4182 4183 4082
f 4082 4183 4184 4083
f 4083 4184 4185 4084
f 4084 4185 4186 4085
f 4085 4186 4187 4086
f 4086 4187 4188 4087
f 4087 4188 4189 4088
f 4088 4189 4190 4089
f 4089 4190 4191 4090
f 4090 4191 4192 4091
f 4091 4192 4193 4092
usemtl terrain_rock_face
f 4092 4193 4194 4093
f 4093 4194 4195 4094
f 4094 4195 4196 4095
f 4095 4196 4197 4096
f 4096 4197 4198 4097
f 4097 4198 4199 4098
f 4098 4199 4200 4099
f 4099 4200 4201 4100
f 4100 4201 4202 4101
f 4101 4202 4203 4102
f 4102 4203 4204 4103
f 4103 4204 4205 4104
f 4104 4205 4206 4105
usemtl terrain_grass
f 4105 4206 4207 4106
f 4106 4207 4208 4107
f 4107 4208 4209 4108
f 4108 4209 4210 4109
f 4109 4210 4211 4110
f 4110 4211 4212 4111
f 4111 4212 4213 4112
f 4112 4213 4214 4113
f 4113 4214 4215 4114
f 4114 4215 4216 4115
f 4115 4216 4217 4116
f 4116 4217 4218 4117
f 4117 4218 4219 4118
f 4118 4219 4220 4119
f 4119 4220 4221 4120
f 4120 4221 4222 4121
usemtl terrain_seabed
f 4121 4222 4223 4122
f 4122 4223 4224 4123
f 4123 4224 4225 4124
f 4124 4225 4226 4125
f 4125 4226 4227 4126
f 4126 4227 4228 4127
f 4127 4228 4229 4128
f 4128 4229 4230 4129
f 4129 4230 4231 4130
f 4130 4231 4232 4131
f 4131 4232 4233 4132
f 4132 4233 4234 4133
f 4133 4234 4235 4134
f 4134 4235 4236 4135
f 4135 4236 4237 4136
f 4136 4237 4238 4137
f 4137 4238 4239 4138
f 4138 4239 4240 4139
f 4139 4240 4241 4140
f 4140 4241 4242 4141
f 4142 4243 4244 4143
f 4143 4244 4245 4144
f 4144 4245 4246 4145
f 4145 4246 4247 4146
f 4146 4247 4248 4147
f 4147 4248 4249 4148
f 4148 4249 4250 4149
f 4149 4250 4251 4150
f 4150 4251 4252 4151
f 4151 4252 4253 4152
f 4152 4253 4254 4153
f 4153 4254 4255 4154
f 4154 4255 4256 4155
f 4155 4256 4257 4156
f 4156 4257 4258 4157
f 4157 4258 4259 4158
f 4158 4259 4260 4159
f 4159 4260 4261 4160
f 4160 4261 4262 4161
f 4161 4262 4263 4162
f 4162 4263 4264 4163
f 4163 4264 4265 4164
usemtl terrain_grass
f 4164 4265 4266 4165
f 4165 4266 4267 4166
f 4166 4267 4268 4167
f 4167 4268 4269 4168
f 4168 4269 4270 4169
f 4169 4270 4271 4170
f 4170 4271 4272 4171
f 4171 4272 4273 4172
f 4172 4273 4274 4173
f 4173 4274 4275 4174
f 4174 4275 4276 4175
f 4175 4276 4277 4176
f 4176 4277 4278 4177
f 4177 4278 4279 4178
f 4178 4279 4280 4179
f 4179 4280 4281 4180
f 4180 4281 4282 4181
usemtl terrain_rock_face
f 4181 4282 4283 4182
f 4182 4283 4284 4183
f 4183 4284 4285 4184
f 4184 4285 4286 4185
f 4185 4286 4287 4186
usemtl terrain_grass
f 4186 4287 4288 4187
f 4187 4288 4289 4188
f 4188 4289 4290 4189
f 4189 4290 4291 4190
f 4190 4291 4292 4191
f 4191 4292 4293 4192
usemtl terrain_rock_face
f 4192 4293 4294 4193
f 4193 4294 4295 4194
f 4194 4295 4296 4195
f 4195 4296 4297 4196
f 4196 4297 4298 4197
f 4197 4298 4299 4198
f 4198 4299 4300 4199
f 4199 4300 4301 4200
f 4200 4301 4302 4201
f 4201 4302 4303 4202
f 4202 4303 4304 4203
f 4203 4304 4305 4204
f 4204 4305 4306 4205
f 4205 4306 4307 4206
f 4206 4307 4308 4207
usemtl terrain_grass
f 4207 4308 4309 4208
f 4208 4309 4310 4209
f 4209 4310 4311 4210
f 4210 4311 4312 4211
f 4211 4312 4313 4212
f 4212 4313 4314 4213
f 4213 4314 4315 4214
f 4214 4315 4316 4215
f 4215 4316 4317 4216
f 4216 4317 4318 4217
f 4217 4318 4319 4218
f 4218 4319 4320 4219
f 4219 4320 4321 4220
f 4220 4321 4322 4221
f 4221 4322 4323 4222
usemtl terrain_seabed
f 4222 4323 4324 4223
f 4223 4324 4325 4224
f 4224 4325 4326 4225
f 4225 4326 4327 4226
f 4226 4327 4328 4227
f 4227 4328 4329 4228
f 4228 4329 4330 4229
f 4229 4330 4331 4230
f 4230 4331 4332 4231
f 4231 4332 4333 4232
f 4232 4333 4334 4233
f 4233 4334 4335 4234
f 4234 4335 4336 4235
f 4235 4336 4337 4236
f 4236 4337 4338 4237
f 4237 4338 4339 4238
f 4238 4339 4340 4239
f 4239 4340 4341 4240
f 4240 4341 4342 4241
f 4241 4342 4343 4242
f 4243 4344 4345 4244
f 4244 4345 4346 4245
f 4245 4346 4347 4246
f 4246 4347 4348 4247
f 4247 4348 4349 4248
f 4248 4349 4350 4249
f 4249 4350 4351 4250
f 4250 4351 4352 4251
f 4251 4352 4353 4252
f 4252 4353 4354 4253
f 4253 4354 4355 4254
f 4254 4355 4356 4255
f 4255 4356 4357 4256
f 4256 4357 4358 4257
f 4257 4358 4359 4258
f 4258 4359 4360 4259
f 4259 4360 4361 4260
f 4260 4361 4362 4261
f 4261 4362 4363 4262
f 4262 4363 4364 4263
f 4263 4364 4365 4264
f 4264 4365 4366 4265
usemtl terrain_grass
f 4265 4366 4367 4266
f 4266 4367 4368 4267
f 4267 4368 4369 4268
f 4268 4369 4370 4269
f 4269 4370 4371 4270
f 4270 4371 4372 4271
f 4271 4372 4373 4272
f 4272 4373 4374 4273
f 4273 4374 4375 4274
f 4274 4375 4376 4275
f 4275 4376 4377 4276
f 4276 4377 4378 4277
f 4277 4378 4379 4278
f 4278 4379 4380 4279
f 4279 4380 4381 4280
f 4280 4381 4382 4281
usemtl terrain_rock_face
f 4281 4382 4383 4282
f 4282 4383 4384 4283
f 4283 4384 4385 4284
f 4284 4385 4386 4285
f 4285 4386 4387 4286
f 4286 4387 4388 4287
f 4287 4388 4389 4288
usemtl terrain_grass
f 4288 4389 4390 4289
f 4289 4390 4391 4290
f 4290 4391 4392 4291
f 4291 4392 4393 4292
usemtl terrain_rock_face
f 4292 4393 4394 4293
f 4293 4394 4395 4294
f 4294 4395 4396 4295
f 4295 4396 4397 4296
f 4296 4397 4398 4297
f 4297 4398 4399 4298
f 4298 4399 4400 4299
f 4299 4400 4401 4300
f 4300 4401 4402 4301
f 4301 4402 4403 4302
f 4302 4403 4404 4303
f 4303 4404 4405 4304
f 4304 4405 4406 4305
f 4305 4406 4407 4306
f 4306 4407 4408 4307
f 4307 4408 4409 4308
usemtl terrain_grass
f 4308 4409 4410 4309
f 4309 4410 4411 4310
f 4310 4411 4412 4311
f 4311 4412 4413 4312
f 4312 4413 4414 4313
f 4313 4414 4415 4314
f 4314 4415 4416 4315
f 4315 4416 4417 4316
f 4316 4417 4418 4317
f 4317 4418 4419 4318
f 4318 4419 4420 4319
f 4319 4420 4421 4320
f 4320 4421 4422 4321
f 4321 4422 4423 4322
f 4322 4423 4424 4323
usemtl terrain_seabed
f 4323 4424 4425 4324
f 4324 4425 4426 4325
f 4325 4426 4427 4326
f 4326 4427 4428 4327
f 4327 4428 4429 4328
f 4328 4429 4430 4329
f 4329 4430 4431 4330
f 4330 4431 4432 4331
f 4331 4432 4433 4332
f 4332 4433 4434 4333
f 4333 4434 4435 4334
f 4334 4435 4436 4335
f 4335 4436 4437 4336
f 4336 4437 4438 4337
f 4337 4438 4439 4338
f 4338 4439 4440 4339
f 4339 4440 4441 4340
f 4340 4441 4442 4341
f 4341 4442 4443 4342
f 4342 4443 4444 4343
f 4344 4445 4446 4345
f 4345 4446 4447 4346
f 4346 4447 4448 4347
f 4347 4448 4449 4348
f 4348 4449 4450 4349
f 4349 4450 4451 4350
f 4350 4451 4452 4351
f 4351 4452 4453 4352
f 4352 4453 4454 4353
f 4353 4454 4455 4354
f 4354 4455 4456 4355
f 4355 4456 4457 4356
f 4356 4457 4458 4357
f 4357 4458 4459 4358
f 4358 4459 4460 4359
f 4359 4460 4461 4360
f 4360 4461 4462 4361
f 4361 4462 4463 4362
f 4362 4463 4464 4363
f 4363 4464 4465 4364
f 4364 4465 4466 4365
f 4365 4466 4467 4366
usemtl terrain_sand
f 4366 4467 4468 4367
usemtl terrain_grass
f 4367 4468 4469 4368
f 4368 4469 4470 4369
f 4369 4470 4471 4370
f 4370 4471 4472 4371
f 4371 4472 4473 4372
f 4372 4473 4474 4373
f 4373 4474 4475 4374
f 4374 4475 4476 4375
f 4375 4476 4477 4376
f 4376 4477 4478 4377
f 4377 4478 4479 4378
f 4378 4479 4480 4379
f 4379 4480 4481 4380
f 4380 4481 4482 4381
f 4381 4482 4483 4382
usemtl terrain_rock_face
f 4382 4483 4484 4383
f 4383 4484 4485 4384
f 4384 4485 4486 4385
f 4385 4486 4487 4386
f 4386 4487 4488 4387
f 4387 4488 4489 4388
f 4388 4489 4490 4389
f 4389 4490 4491 4390
f 4390 4491 4492 4391
usemtl terrain_grass
f 4391 4492 4493 4392
usemtl terrain_rock_face
f 4392 4493 4494 4393
f 4393 4494 4495 4394
f 4394 4495 4496 4395
f 4395 4496 4497 4396
f 4396 4497 4498 4397
f 4397 4498 4499 4398
f 4398 4499 4500 4399
f 4399 4500 4501 4400
f 4400 4501 4502 4401
f 4401 4502 4503 4402
f 4402 4503 4504 4403
f 4403 4504 4505 4404
f 4404 4505 4506 4405
f 4405 4506 4507 4406
f 4406 4507 4508 4407
f 4407 4508 4509 4408
f 4408 4509 4510 4409
usemtl terrain_grass
f 4409 4510 4511 4410
f 4410 4511 4512 4411
f 4411 4512 4513 4412
f 4412 4513 4514 4413
f 4413 4514 4515 4414
f 4414 4515 4516 4415
f 4415 4516 4517 4416
f 4416 4517 4518 4417
f 4417 4518 4519 4418
f 4418 4519 4520 4419
f 4419 4520 4521 4420
f 4420 4521 4522 4421
f 4421 4522 4523 4422
f 4422 4523 4524 4423
f 4423 4524 4525 4424
usemtl terrain_seabed
f 4424 4525 4526 4425
f 4425 4526 4527 4426
f 4426 4527 4528 4427
f 4427 4528 4529 4428
f 4428 4529 4530 4429
f 4429 4530 4531 4430
f 4430 4531 4532 4431
f 4431 4532 4533 4432
f 4432 4533 4534 4433
f 4433 4534 4535 4434
f 4434 4535 4536 4435
f 4435 4536 4537 4436
f 4436 4537 4538 4437
f 4437 4538 4539 4438
f 4438 4539 4540 4439
f 4439 4540 4541 4440
f 4440 4541 4542 4441
f 4441 4542 4543 4442
f 4442 4543 4544 4443
f 4443 4544 4545 4444
f 4445 4546 4547 4446
f 4446 4547 4548 4447
f 4447 4548 4549 4448
f 4448 4549 4550 4449
f 4449 4550 4551 4450
f 4450 4551 4552 4451
f 4451 4552 4553 4452
f 4452 4553 4554 4453
f 4453 4554 4555 4454
f 4454 4555 4556 4455
f 4455 4556 4557 4456
f 4456 4557 4558 4457
f 4457 4558 4559 4458
f 4458 4559 4560 4459
f 4459 4560 4561 4460
f 4460 4561 4562 4461
f 4461 4562 4563 4462
f 4462 4563 4564 4463
f 4463 4564 4565 4464
f 4464 4565 4566 4465
f 4465 4566 4567 4466
f 4466 4567 4568 4467
usemtl terrain_sand
f 4467 4568 4569 4468
f 4468 4569 4570 4469
usemtl terrain_grass
f 4469 4570 4571 4470
f 4470 4571 4572 4471
f 4471 4572 4573 4472
f 4472 4573 4574 4473
f 4473 4574 4575 4474
f 4474 4575 4576 4475
f 4475 4576 4577 4476
f 4476 4577 4578 4477
f 4477 4578 4579 4478
f 4478 4579 4580 4479
f 4479 4580 4581 4480
f 4480 4581 4582 4481
f 4481 4582 4583 4482
usemtl terrain_rock_face
f 4482 4583 4584 4483
f 4483 4584 4585 4484
f 4484 4585 4586 4485
f 4485 4586 4587 4486
f 4486 4587 4588 4487
f 4487 4588 4589 4488
f 4488 4589 4590 4489
f 4489 4590 4591 4490
f 4490 4591 4592 4491
f 4491 4592 4593 4492
f 4492 4593 4594 4493
f 4493 4594 4595 4494
f 4494 4595 4596 4495
f 4495 4596 4597 4496
f 4496 4597 4598 4497
f 4497 4598 4599 4498
f 4498 4599 4600 4499
f 4499 4600 4601 4500
f 4500 4601 4602 4501
f 4501 4602 4603 4502
f 4502 4603 4604 4503
f 4503 4604 4605 4504
f 4504 4605 4606 4505
f 4505 4606 4607 4506
f 4506 4607 4608 4507
f 4507 4608 4609 4508
f 4508 4609 4610 4509
f 4509 4610 4611 4510
usemtl terrain_grass
f 4510 4611 4612 4511
f 4511 4612 4613 4512
f 4512 4613 4614 4513
f 4513 4614 4615 4514
f 4514 4615 4616 4515
f 4515 4616 4617 4516
f 4516 4617 4618 4517
f 4517 4618 4619 4518
f 4518 4619 4620 4519
f 4519 4620 4621 4520
f 4520 4621 4622 4521
f 4521 4622 4623 4522
f 4522 4623 4624 4523
f 4523 4624 4625 4524
f 4524 4625 4626 4525
usemtl terrain_seabed
f 4525 4626 4627 4526
f 4526 4627 4628 4527
f 4527 4628 4629 4528
f 4528 4629 4630 4529
f 4529 4630 4631 4530
f 4530 4631 4632 4531
f 4531 4632 4633 4532
f 4532 4633 4634 4533
f 4533 4634 4635 4534
f 4534 4635 4636 4535
f 4535 4636 4637 4536
f 4536 4637 4638 4537
f 4537 4638 4639 4538
f 4538 4639 4640 4539
f 4539 4640 4641 4540
f 4540 4641 4642 4541
f 4541 4642 4643 4542
f 4542 4643 4644 4543
f 4543 4644 4645 4544
f 4544 4645 4646 4545
f 4546 4647 4648 4547
f 4547 4648 4649 4548
f 4548 4649 4650 4549
f 4549 4650 4651 4550
f 4550 4651 4652 4551
f 4551 4652 4653 4552
f 4552 4653 4654 4553
f 4553 4654 4655 4554
f 4554 4655 4656 4555
f 4555 4656 4657 4556
f 4556 4657 4658 4557
f 4557 4658 4659 4558
f 4558 4659 4660 4559
f 4559 4660 4661 4560
f 4560 4661 4662 4561
f 4561 4662 4663 4562
f 4562 4663 4664 4563
f 4563 4664 4665 4564
f 4564 4665 4666 4565
f 4565 4666 4667 4566
f 4566 4667 4668 4567
f 4567 4668 4669 4568
usemtl terrain_sand
f 4568 4669 4670 4569
f 4569 4670 4671 4570
f 4570 4671 4672 4571
f 4571 4672 4673 4572
usemtl terrain_grass
f 4572 4673 4674 4573
f 4573 4674 4675 4574
f 4574 4675 4676 4575
f 4575 4676 4677 4576
f 4576 4677 4678 4577
f 4577 4678 4679 4578
f 4578 4679 4680 4579
f 4579 4680 4681 4580
f 4580 4681 4682 4581
f 4581 4682 4683 4582
usemtl terrain_rock_face
f 4582 4683 4684 4583
f 4583 4684 4685 4584
f 4584 4685 4686 4585
f 4585 4686 4687 4586
f 4586 4687 4688 4587
f 4587 4688 4689 4588
f 4588 4689 4690 4589
f 4589 4690 4691 4590
f 4590 4691 4692 4591
f 4591 4692 4693 4592
f 4592 4693 4694 4593
f 4593 4694 4695 4594
f 4594 4695 4696 4595
f 4595 4696 4697 4596
f 4596 4697 4698 4597
f 4597 4698 4699 4598
f 4598 4699 4700 4599
f 4599 4700 4701 4600
f 4600 4701 4702 4601
f 4601 4702 4703 4602
f 4602 4703 4704 4603
f 4603 4704 4705 4604
f 4604 4705 4706 4605
f 4605 4706 4707 4606
f 4606 4707 4708 4607
f 4607 4708 4709 4608
f 4608 4709 4710 4609
f 4609 4710 4711 4610
f 4610 4711 4712 4611
f 4611 4712 4713 4612
usemtl terrain_grass
f 4612 4713 4714 4613
f 4613 4714 4715 4614
f 4614 4715 4716 4615
f 4615 4716 4717 4616
f 4616 4717 4718 4617
f 4617 4718 4719 4618
f 4618 4719 4720 4619
f 4619 4720 4721 4620
f 4620 4721 4722 4621
f 4621 4722 4723 4622
f 4622 4723 4724 4623
f 4623 4724 4725 4624
f 4624 4725 4726 4625
f 4625 4726 4727 4626
usemtl terrain_seabed
f 4626 4727 4728 4627
f 4627 4728 4729 4628
f 4628 4729 4730 4629
f 4629 4730 4731 4630
f 4630 4731 4732 4631
f 4631 4732 4733 4632
f 4632 4733 4734 4633
f 4633 4734 4735 4634
f 4634 4735 4736 4635
f 4635 4736 4737 4636
f 4636 4737 4738 4637
f 4637 4738 4739 4638
f 4638 4739 4740 4639
f 4639 4740 4741 4640
f 4640 4741 4742 4641
f 4641 4742 4743 4642
f 4642 4743 4744 4643
f 4643 4744 4745 4644
f 4644 4745 4746 4645
f 4645 4746 4747 4646
f 4647 4748 4749 4648
f 4648 4749 4750 4649
f 4649 4750 4751 4650
f 4650 4751 4752 4651
f 4651 4752 4753 4652
f 4652 4753 4754 4653
f 4653 4754 4755 4654
f 4654 4755 4756 4655
f 4655 4756 4757 4656
f 4656 4757 4758 4657
f 4657 4758 4759 4658
f 4658 4759 4760 4659
f 4659 4760 4761 4660
f 4660 4761 4762 4661
f 4661 4762 4763 4662
f 4662 4763 4764 4663
f 4663 4764 4765 4664
f 4664 4765 4766 4665
f 4665 4766 4767 4666
f 4666 4767 4768 4667
f 4667 4768 4769 4668
f 4668 4769 4770 4669
usemtl terrain_sand
f 4669 4770 4771 4670
f 4670 4771 4772 4671
f 4671 4772 4773 4672
f 4672 4773 4774 4673
f 4673 4774 4775 4674
usemtl terrain_grass
f 4674 4775 4776 4675
f 4675 4776 4777 4676
f 4676 4777 4778 4677
f 4677 4778 4779 4678
f 4678 4779 4780 4679
f 4679 4780 4781 4680
f 4680 4781 4782 4681
f 4681 4782 4783 4682
f 4682 4783 4784 4683
usemtl terrain_rock_face
f 4683 4784 4785 4684
f 4684 4785 4786 4685
f 4685 4786 4787 4686
f 4686 4787 4788 4687
f 4687 4788 4789 4688
f 4688 4789 4790 4689
f 4689 4790 4791 4690
f 4690 4791 4792 4691
f 4691 4792 4793 4692
f 4692 4793 4794 4693
f 4693 4794 4795 4694
f 4694 4795 4796 4695
f 4695 4796 4797 4696
f 4696 4797 4798 4697
f 4697 4798 4799 4698
f 4698 4799 4800 4699
f 4699 4800 4801 4700
f 4700 4801 4802 4701
f 4701 4802 4803 4702
f 4702 4803 4804 4703
f 4703 4804 4805 4704
f 4704 4805 4806 4705
f 4705 4806 4807 4706
f 4706 4807 4808 4707
f 4707 4808 4809 4708
f 4708 4809 4810 4709
f 4709 4810 4811 4710
f 4710 4811 4812 4711
f 4711 4812 4813 4712
f 4712 4813 4814 4713
usemtl terrain_grass
f 4713 4814 4815 4714
f 4714 4815 4816 4715
f 4715 4816 4817 4716
f 4716 4817 4818 4717
f 4717 4818 4819 4718
f 4718 4819 4820 4719
f 4719 4820 4821 4720
f 4720 4821 4822 4721
f 4721 4822 4823 4722
f 4722 4823 4824 4723
f 4723 4824 4825 4724
f 4724 4825 4826 4725
f 4725 4826 4827 4726
f 4726 4827 4828 4727
usemtl terrain_seabed
f 4727 4828 4829 4728
f 4728 4829 4830 4729
f 4729 4830 4831 4730
f 4730 4831 4832 4731
f 4731 4832 4833 4732
f 4732 4833 4834 4733
f 4733 4834 4835 4734
f 4734 4835 4836 4735
f 4735 4836 4837 4736
f 4736 4837 4838 4737
f 4737 4838 4839 4738
f 4738 4839 4840 4739
f 4739 4840 4841 4740
f 4740 4841 4842 4741
f 4741 4842 4843 4742
f 4742 4843 4844 4743
f 4743 4844 4845 4744
f 4744 4845 4846 4745
f 4745 4846 4847 4746
f 4746 4847 4848 4747
f 4748 4849 4850 4749
f 4749 4850 4851 4750
f 4750 4851 4852 4751
f 4751 4852 4853 4752
f 4752 4853 4854 4753
f 4753 4854 4855 4754
f 4754 4855 4856 4755
f 4755 4856 4857 4756
f 4756 4857 4858 4757
f 4757 4858 4859 4758
f 4758 4859 4860 4759
f 4759 4860 4861 4760
f 4760 4861 4862 4761
f 4761 4862 4863 4762
f 4762 4863 4864 4763
f 4763 4864 4865 4764
f 4764 4865 4866 4765
f 4765 4866 4867 4766
f 4766 4867 4868 4767
f 4767 4868 4869 4768
f 4768 4869 4870 4769
usemtl terrain_sand
f 4769 4870 4871 4770
f 4770 4871 4872 4771
f 4771 4872 4873 4772
f 4772 4873 4874 4773
f 4773 4874 4875 4774
f 4774 4875 4876 4775
usemtl terrain_grass
f 4775 4876 4877 4776
f 4776 4877 4878 4777
f 4777 4878 4879 4778
f 4778 4879 4880 4779
f 4779 4880 4881 4780
f 4780 4881 4882 4781
f 4781 4882 4883 4782
f 4782 4883 4884 4783
usemtl terrain_rock_face
f 4783 4884 4885 4784
f 4784 4885 4886 4785
f 4785 4886 4887 4786
f 4786 4887 4888 4787
f 4787 4888 4889 4788
f 4788 4889 4890 4789
f 4789 4890 4891 4790
f 4790 4891 4892 4791
f 4791 4892 4893 4792
f 4792 4893 4894 4793
f 4793 4894 4895 4794
f 4794 4895 4896 4795
f 4795 4896 4897 4796
f 4796 4897 4898 4797
f 4797 4898 4899 4798
f 4798 4899 4900 4799
f 4799 4900 4901 4800
f 4800 4901 4902 4801
f 4801 4902 4903 4802
f 4802 4903 4904 4803
f 4803 4904 4905 4804
f 4804 4905 4906 4805
f 4805 4906 4907 4806
f 4806 4907 4908 4807
f 4807 4908 4909 4808
f 4808 4909 4910 4809
f 4809 4910 4911 4810
f 4810 4911 4912 4811
f 4811 4912 4913 4812
f 4812 4913 4914 4813
f 4813 4914 4915 4814
usemtl terrain_grass
f 4814 4915 4916 4815
f 4815 4916 4917 4816
f 4816 4917 4918 4817
f 4817 4918 4919 4818
f 4818 4919 4920 4819
f 4819 4920 4921 4820
f 4820 4921 4922 4821
f 4821 4922 4923 4822
f 4822 4923 4924 4823
f 4823 4924 4925 4824
f 4824 4925 4926 4825
f 4825 4926 4927 4826
f 4826 4927 4928 4827
f 4827 4928 4929 4828
usemtl terrain_seabed
f 4828 4929 4930 4829
f 4829 4930 4931 4830
f 4830 4931 4932 4831
f 4831 4932 4933 4832
f 4832 4933 4934 4833
f 4833 4934 4935 4834
f 4834 4935 4936 4835
f 4835 4936 4937 4836
f 4836 4937 4938 4837
f 4837 4938 4939 4838
f 4838 4939 4940 4839
f 4839 4940 4941 4840
f 4840 4941 4942 4841
f 4841 4942 4943 4842
f 4842 4943 4944 4843
f 4843 4944 4945 4844
f 4844 4945 4946 4845
f 4845 4946 4947 4846
f 4846 4947 4948 4847
f 4847 4948 4949 4848
f 4849 4950 4951 4850
f 4850 4951 4952 4851
f 4851 4952 4953 4852
f 4852 4953 4954 4853
f 4853 4954 4955 4854
f 4854 4955 4956 4855
f 4855 4956 4957 4856
f 4856 4957 4958 4857
f 4857 4958 4959 4858
f 4858 4959 4960 4859
f 4859 4960 4961 4860
f 4860 4961 4962 4861
f 4861 4962 4963 4862
f 4862 4963 4964 4863
f 4863 4964 4965 4864
f 4864 4965 4966 4865
f 4865 4966 4967 4866
f 4866 4967 4968 4867
f 4867 4968 4969 4868
f 4868 4969 4970 4869
f 4869 4970 4971 4870
usemtl terrain_sand
f 4870 4971 4972 4871
f 4871 4972 4973 4872
f 4872 4973 4974 4873
f 4873 4974 4975 4874
f 4874 4975 4976 4875
f 4875 4976 4977 4876
usemtl terrain_grass
f 4876 4977 4978 4877
f 4877 4978 4979 4878
f 4878 4979 4980 4879
f 4879 4980 4981 4880
f 4880 4981 4982 4881
f 4881 4982 4983 4882
f 4882 4983 4984 4883
f 4883 4984 4985 4884
usemtl terrain_rock_face
f 4884 4985 4986 4885
f 4885 4986 4987 4886
f 4886 4987 4988 4887
f 4887 4988 4989 4888
f 4888 4989 4990 4889
f 4889 4990 4991 4890
f 4890 4991 4992 4891
f 4891 4992 4993 4892
f 4892 4993 4994 4893
f 4893 4994 4995 4894
f 4894 4995 4996 4895
f 4895 4996 4997 4896
f 4896 4997 4998 4897
f 4897 4998 4999 4898
f 4898 4999 5000 4899
f 4899 5000 5001 4900
f 4900 5001 5002 4901
f 4901 5002 5003 4902
f 4902 5003 5004 4903
f 4903 5004 5005 4904
f 4904 5005 5006 4905
f 4905 5006 5007 4906
f 4906 5007 5008 4907
f 4907 5008 5009 4908
f 4908 5009 5010 4909
f 4909 5010 5011 4910
f 4910 5011 5012 4911
f 4911 5012 5013 4912
f 4912 5013 5014 4913
f 4913 5014 5015 4914
f 4914 5015 5016 4915
usemtl terrain_grass
f 4915 5016 5017 4916
f 4916 5017 5018 4917
f 4917 5018 5019 4918
f 4918 5019 5020 4919
f 4919 5020 5021 4920
f 4920 5021 5022 4921
f 4921 5022 5023 4922
f 4922 5023 5024 4923
f 4923 5024 5025 4924
f 4924 5025 5026 4925
f 4925 5026 5027 4926
f 4926 5027 5028 4927
f 4927 5028 5029 4928
f 4928 5029 5030 4929
usemtl terrain_seabed
f 4929 5030 5031 4930
f 4930 5031 5032 4931
f 4931 5032 5033 4932
f 4932 5033 5034 4933
f 4933 5034 5035 4934
f 4934 5035 5036 4935
f 4935 5036 5037 4936
f 4936 5037 5038 4937
f 4937 5038 5039 4938
f 4938 5039 5040 4939
f 4939 5040 5041 4940
f 4940 5041 5042 4941
f 4941 5042 5043 4942
f 4942 5043 5044 4943
f 4943 5044 5045 4944
f 4944 5045 5046 4945
f 4945 5046 5047 4946
f 4946 5047 5048 4947
f 4947 5048 5049 4948
f 4948 5049 5050 4949
f 4950 5051 5052 4951
f 4951 5052 5053 4952
f 4952 5053 5054 4953
f 4953 5054 5055 4954
f 4954 5055 5056 4955
f 4955 5056 5057 4956
f 4956 5057 5058 4957
f 4957 5058 5059 4958
f 4958 5059 5060 4959
f 4959 5060 5061 4960
f 4960 5061 5062 4961
f 4961 5062 5063 4962
f 4962 5063 5064 4963
f 4963 5064 5065 4964
f 4964 5065 5066 4965
f 4965 5066 5067 4966
f 4966 5067 5068 4967
f 4967 5068 5069 4968
f 4968 5069 5070 4969
f 4969 5070 5071 4970
f 4970 5071 5072 4971
usemtl terrain_sand
f 4971 5072 5073 4972
f 4972 5073 5074 4973
f 4973 5074 5075 4974
f 4974 5075 5076 4975
f 4975 5076 5077 4976
f 4976 5077 5078 4977
usemtl terrain_grass
f 4977 5078 5079 4978
f 4978 5079 5080 4979
f 4979 5080 5081 4980
f 4980 5081 5082 4981
f 4981 5082 5083 4982
f 4982 5083 5084 4983
f 4983 5084 5085 4984
f 4984 5085 5086 4985
usemtl terrain_rock_face
f 4985 5086 5087 4986
f 4986 5087 5088 4987
f 4987 5088 5089 4988
f 4988 5089 5090 4989
f 4989 5090 5091 4990
f 4990 5091 5092 4991
f 4991 5092 5093 4992
f 4992 5093 5094 4993
f 4993 5094 5095 4994
f 4994 5095 5096 4995
f 4995 5096 5097 4996
f 4996 5097 5098 4997
f 4997 5098 5099 4998
f 4998 5099 5100 4999
f 4999 5100 5101 5000
f 5000 5101 5102 5001
f 5001 5102 5103 5002
f 5002 5103 5104 5003
f 5003 5104 5105 5004
f 5004 5105 5106 5005
f 5005 5106 5107 5006
f 5006 5107 5108 5007
f 5007 5108 5109 5008
f 5008 5109 5110 5009
f 5009 5110 5111 5010
f 5010 5111 5112 5011
f 5011 5112 5113 5012
f 5012 5113 5114 5013
f 5013 5114 5115 5014
f 5014 5115 5116 5015
f 5015 5116 5117 5016
usemtl terrain_grass
f 5016 5117 5118 5017
f 5017 5118 5119 5018
f 5018 5119 5120 5019
f 5019 5120 5121 5020
f 5020 5121 5122 5021
f 5021 5122 5123 5022
f 5022 5123 5124 5023
f 5023 5124 5125 5024
f 5024 5125 5126 5025
f 5025 5126 5127 5026
f 5026 5127 5128 5027
f 5027 5128 5129 5028
f 5028 5129 5130 5029
f 5029 5130 5131 5030
usemtl terrain_seabed
f 5030 5131 5132 5031
f 5031 5132 5133 5032
f 5032 5133 5134 5033
f 5033 5134 5135 5034
f 5034 5135 5136 5035
f 5035 5136 5137 5036
f 5036 5137 5138 5037
f 5037 5138 5139 5038
f 5038 5139 5140 5039
f 5039 5140 5141 5040
f 5040 5141 5142 5041
f 5041 5142 5143 5042
f 5042 5143 5144 5043
f 5043 5144 5145 5044
f 5044 5145 5146 5045
f 5045 5146 5147 5046
f 5046 5147 5148 5047
f 5047 5148 5149 5048
f 5048 5149 5150 5049
f 5049 5150 5151 5050
f 5051 5152 5153 5052
f 5052 5153 5154 5053
f 5053 5154 5155 5054
f 5054 5155 5156 5055
f 5055 5156 5157 5056
f 5056 5157 5158 5057
f 5057 5158 5159 5058
f 5058 5159 5160 5059
f 5059 5160 5161 5060
f 5060 5161 5162 5061
f 5061 5162 5163 5062
f 5062 5163 5164 5063
f 5063 5164 5165 5064
f 5064 5165 5166 5065
f 5065 5166 5167 5066
f 5066 5167 5168 5067
f 5067 5168 5169 5068
f 5068 5169 5170 5069
f 5069 5170 5171 5070
f 5070 5171 5172 5071
usemtl terrain_sand
f 5071 5172 5173 5072
f 5072 5173 5174 5073
f 5073 5174 5175 5074
f 5074 5175 5176 5075
f 5075 5176 5177 5076
f 5076 5177 5178 5077
usemtl terrain_grass
f 5077 5178 5179 5078
f 5078 5179 5180 5079
f 5079 5180 5181 5080
f 5080 5181 5182 5081
f 5081 5182 5183 5082
f 5082 5183 5184 5083
f 5083 5184 5185 5084
f 5084 5185 5186 5085
f 5085 5186 5187 5086
usemtl terrain_rock_face
f 5086 5187 5188 5087
f 5087 5188 5189 5088
f 5088 5189 5190 5089
f 5089 5190 5191 5090
f 5090 5191 5192 5091
f 5091 5192 5193 5092
f 5092 5193 5194 5093
f 5093 5194 5195 5094
f 5094 5195 5196 5095
f 5095 5196 5197 5096
f 5096 5197 5198 5097
f 5097 5198 5199 5098
f 5098 5199 5200 5099
f 5099 5200 5201 5100
f 5100 5201 5202 5101
f 5101 5202 5203 5102
f 5102 5203 5204 5103
f 5103 5204 5205 5104
f 5104 5205 5206 5105
f 5105 5206 5207 5106
f 5106 5207 5208 5107
f 5107 5208 5209 5108
f 5108 5209 5210 5109
f 5109 5210 5211 5110
f 5110 5211 5212 5111
f 5111 5212 5213 5112
f 5112 5213 5214 5113
f 5113 5214 5215 5114
f 5114 5215 5216 5115
f 5115 5216 5217 5116
f 5116 5217 5218 5117
usemtl terrain_grass
f 5117 5218 5219 5118
f 5118 5219 5220 5119
f 5119 5220 5221 5120
f 5120 5221 5222 5121
f 5121 5222 5223 5122
f 5122 5223 5224 5123
f 5123 5224 5225 5124
f 5124 5225 5226 5125
f 5125 5226 5227 5126
f 5126 5227 5228 5127
f 5127 5228 5229 5128
f 5128 5229 5230 5129
f 5129 5230 5231 5130
f 5130 5231 5232 5131
usemtl terrain_seabed
f 5131 5232 5233 5132
f 5132 5233 5234 5133
f 5133 5234 5235 5134
f 5134 5235 5236 5135
f 5135 5236 5237 5136
f 5136 5237 5238 5137
f 5137 5238 5239 5138
f 5138 5239 5240 5139
f 5139 5240 5241 5140
f 5140 5241 5242 5141
f 5141 5242 5243 5142
f 5142 5243 5244 5143
f 5143 5244 5245 5144
f 5144 5245 5246 5145
f 5145 5246 5247 5146
f 5146 5247 5248 5147
f 5147 5248 5249 5148
f 5148 5249 5250 5149
f 5149 5250 5251 5150
f 5150 5251 5252 5151
f 5152 5253 5254 5153
f 5153 5254 5255 5154
f 5154 5255 5256 5155
f 5155 5256 5257 5156
f 5156 5257 5258 5157
f 5157 5258 5259 5158
f 5158 5259 5260 5159
f 5159 5260 5261 5160
f 5160 5261 5262 5161
f 5161 5262 5263 5162
f 5162 5263 5264 5163
f 5163 5264 5265 5164
f 5164 5265 5266 5165
f 5165 5266 5267 5166
f 5166 5267 5268 5167
f 5167 5268 5269 5168
f 5168 5269 5270 5169
f 5169 5270 5271 5170
f 5170 5271 5272 5171
usemtl terrain_sand
f 5171 5272 5273 5172
f 5172 5273 5274 5173
f 5173 5274 5275 5174
f 5174 5275 5276 5175
f 5175 5276 5277 5176
f 5176 5277 5278 5177
f 5177 5278 5279 5178
usemtl terrain_grass
f 5178 5279 5280 5179
f 5179 5280 5281 5180
f 5180 5281 5282 5181
f 5181 5282 5283 5182
f 5182 5283 5284 5183
f 5183 5284 5285 5184
f 5184 5285 5286 5185
f 5185 5286 5287 5186
f 5186 5287 5288 5187
usemtl terrain_rock_face
f 5187 5288 5289 5188
f 5188 5289 5290 5189
f 5189 5290 5291 5190
f 5190 5291 5292 5191
f 5191 5292 5293 5192
f 5192 5293 5294 5193
f 5193 5294 5295 5194
f 5194 5295 5296 5195
f 5195 5296 5297 5196
f 5196 5297 5298 5197
f 5197 5298 5299 5198
f 5198 5299 5300 5199
f 5199 5300 5301 5200
f 5200 5301 5302 5201
f 5201 5302 5303 5202
f 5202 5303 5304 5203
f 5203 5304 5305 5204
f 5204 5305 5306 5205
f 5205 5306 5307 5206
f 5206 5307 5308 5207
f 5207 5308 5309 5208
f 5208 5309 5310 5209
f 5209 5310 5311 5210
f 5210 5311 5312 5211
f 5211 5312 5313 5212
f 5212 5313 5314 5213
f 5213 5314 5315 5214
f 5214 5315 5316 5215
f 5215 5316 5317 5216
f 5216 5317 5318 5217
f 5217 5318 5319 5218
usemtl terrain_grass
f 5218 5319 5320 5219
f 5219 5320 5321 5220
f 5220 5321 5322 5221
f 5221 5322 5323 5222
f 5222 5323 5324 5223
f 5223 5324 5325 5224
f 5224 5325 5326 5225
f 5225 5326 5327 5226
f 5226 5327 5328 5227
f 5227 5328 5329 5228
f 5228 5329 5330 5229
f 5229 5330 5331 5230
f 5230 5331 5332 5231
usemtl terrain_seabed
f 5231 5332 5333 5232
f 5232 5333 5334 5233
f 5233 5334 5335 5234
f 5234 5335 5336 5235
f 5235 5336 5337 5236
f 5236 5337 5338 5237
f 5237 5338 5339 5238
f 5238 5339 5340 5239
f 5239 5340 5341 5240
f 5240 5341 5342 5241
f 5241 5342 5343 5242
f 5242 5343 5344 5243
f 5243 5344 5345 5244
f 5244 5345 5346 5245
f 5245 5346 5347 5246
f 5246 5347 5348 5247
f 5247 5348 5349 5248
f 5248 5349 5350 5249
f 5249 5350 5351 5250
f 5250 5351 5352 5251
f 5251 5352 5353 5252
f 5253 5354 5355 5254
f 5254 5355 5356 5255
f 5255 5356 5357 5256
f 5256 5357 5358 5257
f 5257 5358 5359 5258
f 5258 5359 5360 5259
f 5259 5360 5361 5260
f 5260 5361 5362 5261
f 5261 5362 5363 5262
f 5262 5363 5364 5263
f 5263 5364 5365 5264
f 5264 5365 5366 5265
f 5265 5366 5367 5266
f 5266 5367 5368 5267
f 5267 5368 5369 5268
f 5268 5369 5370 5269
f 5269 5370 5371 5270
usemtl terrain_sand
f 5270 5371 5372 5271
f 5271 5372 5373 5272
f 5272 5373 5374 5273
f 5273 5374 5375 5274
f 5274 5375 5376 5275
f 5275 5376 5377 5276
f 5276 5377 5378 5277
f 5277 5378 5379 5278
usemtl terrain_grass
f 5278 5379 5380 5279
f 5279 5380 5381 5280
f 5280 5381 5382 5281
f 5281 5382 5383 5282
f 5282 5383 5384 5283
f 5283 5384 5385 5284
f 5284 5385 5386 5285
f 5285 5386 5387 5286
f 5286 5387 5388 5287
f 5287 5388 5389 5288
usemtl terrain_rock_face
f 5288 5389 5390 5289
f 5289 5390 5391 5290
f 5290 5391 5392 5291
f 5291 5392 5393 5292
f 5292 5393 5394 5293
f 5293 5394 5395 5294
f 5294 5395 5396 5295
f 5295 5396 5397 5296
f 5296 5397 5398 5297
f 5297 5398 5399 5298
f 5298 5399 5400 5299
f 5299 5400 5401 5300
f 5300 5401 5402 5301
f 5301 5402 5403 5302
f 5302 5403 5404 5303
f 5303 5404 5405 5304
f 5304 5405 5406 5305
f 5305 5406 5407 5306
f 5306 5407 5408 5307
f 5307 5408 5409 5308
f 5308 5409 5410 5309
f 5309 5410 5411 5310
f 5310 5411 5412 5311
f 5311 5412 5413 5312
f 5312 5413 5414 5313
f 5313 5414 5415 5314
f 5314 5415 5416 5315
f 5315 5416 5417 5316
f 5316 5417 5418 5317
f 5317 5418 5419 5318
f 5318 5419 5420 5319
usemtl terrain_grass
f 5319 5420 5421 5320
f 5320 5421 5422 5321
f 5321 5422 5423 5322
f 5322 5423 5424 5323
f 5323 5424 5425 5324
f 5324 5425 5426 5325
f 5325 5426 5427 5326
f 5326 5427 5428 5327
f 5327 5428 5429 5328
f 5328 5429 5430 5329
f 5329 5430 5431 5330
f 5330 5431 5432 5331
f 5331 5432 5433 5332
usemtl terrain_seabed
f 5332 5433 5434 5333
f 5333 5434 5435 5334
f 5334 5435 5436 5335
f 5335 5436 5437 5336
f 5336 5437 5438 5337
f 5337 5438 5439 5338
f 5338 5439 5440 5339
f 5339 5440 5441 5340
f 5340 5441 5442 5341
f 5341 5442 5443 5342
f 5342 5443 5444 5343
f 5343 5444 5445 5344
f 5344 5445 5446 5345
f 5345 5446 5447 5346
f 5346 5447 5448 5347
f 5347 5448 5449 5348
f 5348 5449 5450 5349
f 5349 5450 5451 5350
f 5350 5451 5452 5351
f 5351 5452 5453 5352
f 5352 5453 5454 5353
f 5354 5455 5456 5355
f 5355 5456 5457 5356
f 5356 5457 5458 5357
f 5357 5458 5459 5358
f 5358 5459 5460 5359
f 5359 5460 5461 5360
f 5360 5461 5462 5361
f 5361 5462 5463 5362
f 5362 5463 5464 5363
f 5363 5464 5465 5364
f 5364 5465 5466 5365
f 5365 5466 5467 5366
f 5366 5467 5468 5367
f 5367 5468 5469 5368
f 5368 5469 5470 5369
f 5369 5470 5471 5370
usemtl terrain_sand
f 5370 5471 5472 5371
f 5371 5472 5473 5372
f 5372 5473 5474 5373
f 5373 5474 5475 5374
f 5374 5475 5476 5375
f 5375 5476 5477 5376
f 5376 5477 5478 5377
f 5377 5478 5479 5378
usemtl terrain_grass
f 5378 5479 5480 5379
f 5379 5480 5481 5380
f 5380 5481 5482 5381
f 5381 5482 5483 5382
f 5382 5483 5484 5383
f 5383 5484 5485 5384
f 5384 5485 5486 5385
f 5385 5486 5487 5386
f 5386 5487 5488 5387
f 5387 5488 5489 5388
f 5388 5489 5490 5389
usemtl terrain_rock_face
f 5389 5490 5491 5390
f 5390 5491 5492 5391
f 5391 5492 5493 5392
f 5392 5493 5494 5393
f 5393 5494 5495 5394
f 5394 5495 5496 5395
f 5395 5496 5497 5396
f 5396 5497 5498 5397
f 5397 5498 5499 5398
f 5398 5499 5500 5399
f 5399 5500 5501 5400
f 5400 5501 5502 5401
f 5401 5502 5503 5402
f 5402 5503 5504 5403
f 5403 5504 5505 5404
f 5404 5505 5506 5405
f 5405 5506 5507 5406
f 5406 5507 5508 5407
f 5407 5508 5509 5408
f 5408 5509 5510 5409
f 5409 5510 5511 5410
f 5410 5511 5512 5411
f 5411 5512 5513 5412
f 5412 5513 5514 5413
f 5413 5514 5515 5414
f 5414 5515 5516 5415
f 5415 5516 5517 5416
f 5416 5517 5518 5417
f 5417 5518 5519 5418
f 5418 5519 5520 5419
f 5419 5520 5521 5420
usemtl terrain_grass
f 5420 5521 5522 5421
f 5421 5522 5523 5422
f 5422 5523 5524 5423
f 5423 5524 5525 5424
f 5424 5525 5526 5425
f 5425 5526 5527 5426
f 5426 5527 5528 5427
f 5427 5528 5529 5428
f 5428 5529 5530 5429
f 5429 5530 5531 5430
f 5430 5531 5532 5431
f 5431 5532 5533 5432
usemtl terrain_seabed
f 5432 5533 5534 5433
f 5433 5534 5535 5434
f 5434 5535 5536 5435
f 5435 5536 5537 5436
f 5436 5537 5538 5437
f 5437 5538 5539 5438
f 5438 5539 5540 5439
f 5439 5540 5541 5440
f 5440 5541 5542 5441
f 5441 5542 5543 5442
f 5442 5543 5544 5443
f 5443 5544 5545 5444
f 5444 5545 5546 5445
f 5445 5546 5547 5446
f 5446 5547 5548 5447
f 5447 5548 5549 5448
f 5448 5549 5550 5449
f 5449 5550 5551 5450
f 5450 5551 5552 5451
f 5451 5552 5553 5452
f 5452 5553 5554 5453
f 5453 5554 5555 5454
f 5455 5556 5557 5456
f 5456 5557 5558 5457
f 5457 5558 5559 5458
f 5458 5559 5560 5459
f 5459 5560 5561 5460
f 5460 5561 5562 5461
f 5461 5562 5563 5462
f 5462 5563 5564 5463
f 5463 5564 5565 5464
f 5464 5565 5566 5465
f 5465 5566 5567 5466
f 5466 5567 5568 5467
f 5467 5568 5569 5468
f 5468 5569 5570 5469
f 5469 5570 5571 5470
usemtl terrain_sand
f 5470 5571 5572 5471
f 5471 5572 5573 5472
f 5472 5573 5574 5473
f 5473 5574 5575 5474
f 5474 5575 5576 5475
f 5475 5576 5577 5476
f 5476 5577 5578 5477
f 5477 5578 5579 5478
usemtl terrain_grass
f 5478 5579 5580 5479
f 5479 5580 5581 5480
f 5480 5581 5582 5481
f 5481 5582 5583 5482
f 5482 5583 5584 5483
f 5483 5584 5585 5484
f 5484 5585 5586 5485
f 5485 5586 5587 5486
f 5486 5587 5588 5487
f 5487 5588 5589 5488
f 5488 5589 5590 5489
usemtl terrain_rock_face
f 5489 5590 5591 5490
f 5490 5591 5592 5491
f 5491 5592 5593 5492
f 5492 5593 5594 5493
f 5493 5594 5595 5494
f 5494 5595 5596 5495
f 5495 5596 5597 5496
f 5496 5597 5598 5497
f 5497 5598 5599 5498
f 5498 5599 5600 5499
f 5499 5600 5601 5500
f 5500 5601 5602 5501
f 5501 5602 5603 5502
f 5502 5603 5604 5503
f 5503 5604 5605 5504
f 5504 5605 5606 5505
f 5505 5606 5607 5506
f 5506 5607 5608 5507
f 5507 5608 5609 5508
f 5508 5609 5610 5509
f 5509 5610 5611 5510
f 5510 5611 5612 5511
f 5511 5612 5613 5512
f 5512 5613 5614 5513
f 5513 5614 5615 5514
f 5514 5615 5616 5515
f 5515 5616 5617 5516
f 5516 5617 5618 5517
f 5517 5618 5619 5518
f 5518 5619 5620 5519
f 5519 5620 5621 5520
f 5520 5621 5622 5521
usemtl terrain_grass
f 5521 5622 5623 5522
f 5522 5623 5624 5523
f 5523 5624 5625 5524
f 5524 5625 5626 5525
f 5525 5626 5627 5526
f 5526 5627 5628 5527
f 5527 5628 5629 5528
f 5528 5629 5630 5529
f 5529 5630 5631 5530
f 5530 5631 5632 5531
f 5531 5632 5633 5532
usemtl terrain_seabed
f 5532 5633 5634 5533
f 5533 5634 5635 5534
f 5534 5635 5636 5535
f 5535 5636 5637 5536
f 5536 5637 5638 5537
f 5537 5638 5639 5538
f 5538 5639 5640 5539
f 5539 5640 5641 5540
f 5540 5641 5642 5541
f 5541 5642 5643 5542
f 5542 5643 5644 5543
f 5543 5644 5645 5544
f 5544 5645 5646 5545
f 5545 5646 5647 5546
f 5546 5647 5648 5547
f 5547 5648 5649 5548
f 5548 5649 5650 5549
f 5549 5650 5651 5550
f 5550 5651 5652 5551
f 5551 5652 5653 5552
f 5552 5653 5654 5553
f 5553 5654 5655 5554
f 5554 5655 5656 5555
f 5556 5657 5658 5557
f 5557 5658 5659 5558
f 5558 5659 5660 5559
f 5559 5660 5661 5560
f 5560 5661 5662 5561
f 5561 5662 5663 5562
f 5562 5663 5664 5563
f 5563 5664 5665 5564
f 5564 5665 5666 5565
f 5565 5666 5667 5566
f 5566 5667 5668 5567
f 5567 5668 5669 5568
f 5568 5669 5670 5569
f 5569 5670 5671 5570
usemtl terrain_sand
f 5570 5671 5672 5571
f 5571 5672 5673 5572
f 5572 5673 5674 5573
f 5573 5674 5675 5574
f 5574 5675 5676 5575
f 5575 5676 5677 5576
f 5576 5677 5678 5577
usemtl terrain_grass
f 5577 5678 5679 5578
f 5578 5679 5680 5579
f 5579 5680 5681 5580
f 5580 5681 5682 5581
f 5581 5682 5683 5582
f 5582 5683 5684 5583
f 5583 5684 5685 5584
f 5584 5685 5686 5585
f 5585 5686 5687 5586
f 5586 5687 5688 5587
f 5587 5688 5689 5588
f 5588 5689 5690 5589
usemtl terrain_rock_face
f 5589 5690 5691 5590
f 5590 5691 5692 5591
f 5591 5692 5693 5592
f 5592 5693 5694 5593
f 5593 5694 5695 5594
f 5594 5695 5696 5595
f 5595 5696 5697 5596
f 5596 5697 5698 5597
f 5597 5698 5699 5598
f 5598 5699 5700 5599
f 5599 5700 5701 5600
f 5600 5701 5702 5601
f 5601 5702 5703 5602
f 5602 5703 5704 5603
f 5603 5704 5705 5604
f 5604 5705 5706 5605
f 5605 5706 5707 5606
f 5606 5707 5708 5607
f 5607 5708 5709 5608
f 5608 5709 5710 5609
f 5609 5710 5711 5610
f 5610 5711 5712 5611
f 5611 5712 5713 5612
f 5612 5713 5714 5613
f 5613 5714 5715 5614
f 5614 5715 5716 5615
f 5615 5716 5717 5616
f 5616 5717 5718 5617
f 5617 5718 5719 5618
f 5618 5719 5720 5619
f 5619 5720 5721 5620
f 5620 5721 5722 5621
usemtl terrain_grass
f 5621 5722 5723 5622
f 5622 5723 5724 5623
f 5623 5724 5725 5624
f 5624 5725 5726 5625
f 5625 5726 5727 5626
f 5626 5727 5728 5627
f 5627 5728 5729 5628
f 5628 5729 5730 5629
f 5629 5730 5731 5630
f 5630 5731 5732 5631
f 5631 5732 5733 5632
f 5632 5733 5734 5633
usemtl terrain_seabed
f 5633 5734 5735 5634
f 5634 5735 5736 5635
f 5635 5736 5737 5636
f 5636 5737 5738 5637
f 5637 5738 5739 5638
f 5638 5739 5740 5639
f 5639 5740 5741 5640
f 5640 5741 5742 5641
f 5641 5742 5743 5642
f 5642 5743 5744 5643
f 5643 5744 5745 5644
f 5644 5745 5746 5645
f 5645 5746 5747 5646
f 5646 5747 5748 5647
f 5647 5748 5749 5648
f 5648 5749 5750 5649
f 5649 5750 5751 5650
f 5650 5751 5752 5651
f 5651 5752 5753 5652
f 5652 5753 5754 5653
f 5653 5754 5755 5654
f 5654 5755 5756 5655
f 5655 5756 5757 5656
f 5657 5758 5759 5658
f 5658 5759 5760 5659
f 5659 5760 5761 5660
f 5660 5761 5762 5661
f 5661 5762 5763 5662
f 5662 5763 5764 5663
f 5663 5764 5765 5664
f 5664 5765 5766 5665
f 5665 5766 5767 5666
f 5666 5767 5768 5667
f 5667 5768 5769 5668
f 5668 5769 5770 5669
f 5669 5770 5771 5670
usemtl terrain_sand
f 5670 5771 5772 5671
f 5671 5772 5773 5672
f 5672 5773 5774 5673
f 5673 5774 5775 5674
f 5674 5775 5776 5675
f 5675 5776 5777 5676
f 5676 5777 5778 5677
usemtl terrain_grass
f 5677 5778 5779 5678
f 5678 5779 5780 5679
f 5679 5780 5781 5680
f 5680 5781 5782 5681
f 5681 5782 5783 5682
f 5682 5783 5784 5683
f 5683 5784 5785 5684
f 5684 5785 5786 5685
f 5685 5786 5787 5686
f 5686 5787 5788 5687
f 5687 5788 5789 5688
f 5688 5789 5790 5689
usemtl terrain_rock_face
f 5689 5790 5791 5690
f 5690 5791 5792 5691
f 5691 5792 5793 5692
f 5692 5793 5794 5693
f 5693 5794 5795 5694
f 5694 5795 5796 5695
f 5695 5796 5797 5696
f 5696 5797 5798 5697
f 5697 5798 5799 5698
f 5698 5799 5800 5699
f 5699 5800 5801 5700
f 5700 5801 5802 5701
f 5701 5802 5803 5702
f 5702 5803 5804 5703
f 5703 5804 5805 5704
f 5704 5805 5806 5705
f 5705 5806 5807 5706
f 5706 5807 5808 5707
f 5707 5808 5809 5708
f 5708 5809 5810 5709
f 5709 5810 5811 5710
f 5710 5811 5812 5711
f 5711 5812 5813 5712
f 5712 5813 5814 5713
f 5713 5814 5815 5714
f 5714 5815 5816 5715
f 5715 5816 5817 5716
f 5716 5817 5818 5717
f 5717 5818 5819 5718
f 5718 5819 5820 5719
f 5719 5820 5821 5720
f 5720 5821 5822 5721
f 5721 5822 5823 5722
usemtl terrain_grass
f 5722 5823 5824 5723
f 5723 5824 5825 5724
f 5724 5825 5826 5725
f 5725 5826 5827 5726
f 5726 5827 5828 5727
f 5727 5828 5829 5728
f 5728 5829 5830 5729
f 5729 5830 5831 5730
f 5730 5831 5832 5731
f 5731 5832 5833 5732
f 5732 5833 5834 5733
usemtl terrain_seabed
f 5733 5834 5835 5734
f 5734 5835 5836 5735
f 5735 5836 5837 5736
f 5736 5837 5838 5737
f 5737 5838 5839 5738
f 5738 5839 5840 5739
f 5739 5840 5841 5740
f 5740 5841 5842 5741
f 5741 5842 5843 5742
f 5742 5843 5844 5743
f 5743 5844 5845 5744
f 5744 5845 5846 5745
f 5745 5846 5847 5746
f 5746 5847 5848 5747
f 5747 5848 5849 5748
f 5748 5849 5850 5749
f 5749 5850 5851 5750
f 5750 5851 5852 5751
f 5751 5852 5853 5752
f 5752 5853 5854 5753
f 5753 5854 5855 5754
f 5754 5855 5856 5755
f 5755 5856 5857 5756
f 5756 5857 5858 5757
f 5758 5859 5860 5759
f 5759 5860 5861 5760
f 5760 5861 5862 5761
f 5761 5862 5863 5762
f 5762 5863 5864 5763
f 5763 5864 5865 5764
f 5764 5865 5866 5765
f 5765 5866 5867 5766
f 5766 5867 5868 5767
f 5767 5868 5869 5768
f 5768 5869 5870 5769
f 5769 5870 5871 5770
f 5770 5871 5872 5771
usemtl terrain_sand
f 5771 5872 5873 5772
f 5772 5873 5874 5773
f 5773 5874 5875 5774
f 5774 5875 5876 5775
f 5775 5876 5877 5776
f 5776 5877 5878 5777
f 5777 5878 5879 5778
usemtl terrain_grass
f 5778 5879 5880 5779
f 5779 5880 5881 5780
f 5780 5881 5882 5781
f 5781 5882 5883 5782
f 5782 5883 5884 5783
f 5783 5884 5885 5784
f 5784 5885 5886 5785
f 5785 5886 5887 5786
f 5786 5887 5888 5787
f 5787 5888 5889 5788
f 5788 5889 5890 5789
usemtl terrain_rock_face
f 5789 5890 5891 5790
f 5790 5891 5892 5791
f 5791 5892 5893 5792
f 5792 5893 5894 5793
f 5793 5894 5895 5794
f 5794 5895 5896 5795
f 5795 5896 5897 5796
f 5796 5897 5898 5797
f 5797 5898 5899 5798
f 5798 5899 5900 5799
f 5799 5900 5901 5800
f 5800 5901 5902 5801
f 5801 5902 5903 5802
f 5802 5903 5904 5803
f 5803 5904 5905 5804
f 5804 5905 5906 5805
f 5805 5906 5907 5806
f 5806 5907 5908 5807
f 5807 5908 5909 5808
f 5808 5909 5910 5809
f 5809 5910 5911 5810
f 5810 5911 5912 5811
f 5811 5912 5913 5812
f 5812 5913 5914 5813
f 5813 5914 5915 5814
f 5814 5915 5916 5815
f 5815 5916 5917 5816
f 5816 5917 5918 5817
f 5817 5918 5919 5818
f 5818 5919 5920 5819
f 5819 5920 5921 5820
f 5820 5921 5922 5821
f 5821 5922 5923 5822
usemtl terrain_grass
f 5822 5923 5924 5823
f 5823 5924 5925 5824
f 5824 5925 5926 5825
f 5825 5926 5927 5826
f 5826 5927 5928 5827
f 5827 5928 5929 5828
f 5828 5929 5930 5829
f 5829 5930 5931 5830
f 5830 5931 5932 5831
f 5831 5932 5933 5832
f 5832 5933 5934 5833
usemtl terrain_seabed
f 5833 5934 5935 5834
f 5834 5935 5936 5835
f 5835 5936 5937 5836
f 5836 5937 5938 5837
f 5837 5938 5939 5838
f 5838 5939 5940 5839
f 5839 5940 5941 5840
f 5840 5941 5942 5841
f 5841 5942 5943 5842
f 5842 5943 5944 5843
f 5843 5944 5945 5844
f 5844 5945 5946 5845
f 5845 5946 5947 5846
f 5846 5947 5948 5847
f 5847 5948 5949 5848
f 5848 5949 5950 5849
f 5849 5950 5951 5850
f 5850 5951 5952 5851
f 5851 5952 5953 5852
f 5852 5953 5954 5853
f 5853 5954 5955 5854
f 5854 5955 5956 5855
f 5855 5956 5957 5856
f 5856 5957 5958 5857
f 5857 5958 5959 5858
f 5859 5960 5961 5860
f 5860 5961 5962 5861
f 5861 5962 5963 5862
f 5862 5963 5964 5863
f 5863 5964 5965 5864
f 5864 5965 5966 5865
f 5865 5966 5967 5866
f 5866 5967 5968 5867
f 5867 5968 5969 5868
f 5868 5969 5970 5869
f 5869 5970 5971 5870
f 5870 5971 5972 5871
usemtl terrain_sand
f 5871 5972 5973 5872
f 5872 5973 5974 5873
f 5873 5974 5975 5874
f 5874 5975 5976 5875
f 5875 5976 5977 5876
f 5876 5977 5978 5877
f 5877 5978 5979 5878
usemtl terrain_grass
f 5878 5979 5980 5879
f 5879 5980 5981 5880
f 5880 5981 5982 5881
f 5881 5982 5983 5882
f 5882 5983 5984 5883
f 5883 5984 5985 5884
f 5884 5985 5986 5885
f 5885 5986 5987 5886
f 5886 5987 5988 5887
f 5887 5988 5989 5888
f 5888 5989 5990 5889
usemtl terrain_rock_face
f 5889 5990 5991 5890
f 5890 5991 5992 5891
f 5891 5992 5993 5892
f 5892 5993 5994 5893
f 5893 5994 5995 5894
f 5894 5995 5996 5895
f 5895 5996 5997 5896
f 5896 5997 5998 5897
f 5897 5998 5999 5898
f 5898 5999 6000 5899
f 5899 6000 6001 5900
f 5900 6001 6002 5901
f 5901 6002 6003 5902
f 5902 6003 6004 5903
f 5903 6004 6005 5904
f 5904 6005 6006 5905
f 5905 6006 6007 5906
f 5906 6007 6008 5907
f 5907 6008 6009 5908
f 5908 6009 6010 5909
f 5909 6010 6011 5910
f 5910 6011 6012 5911
f 5911 6012 6013 5912
f 5912 6013 6014 5913
f 5913 6014 6015 5914
f 5914 6015 6016 5915
f 5915 6016 6017 5916
f 5916 6017 6018 5917
f 5917 6018 6019 5918
f 5918 6019 6020 5919
f 5919 6020 6021 5920
f 5920 6021 6022 5921
f 5921 6022 6023 5922
usemtl terrain_grass
f 5922 6023 6024 5923
f 5923 6024 6025 5924
f 5924 6025 6026 5925
f 5925 6026 6027 5926
f 5926 6027 6028 5927
f 5927 6028 6029 5928
f 5928 6029 6030 5929
f 5929 6030 6031 5930
f 5930 6031 6032 5931
f 5931 6032 6033 5932
f 5932 6033 6034 5933
f 5933 6034 6035 5934
usemtl terrain_seabed
f 5934 6035 6036 5935
f 5935 6036 6037 5936
f 5936 6037 6038 5937
f 5937 6038 6039 5938
f 5938 6039 6040 5939
f 5939 6040 6041 5940
f 5940 6041 6042 5941
f 5941 6042 6043 5942
f 5942 6043 6044 5943
f 5943 6044 6045 5944
f 5944 6045 6046 5945
f 5945 6046 6047 5946
f 5946 6047 6048 5947
f 5947 6048 6049 5948
f 5948 6049 6050 5949
f 5949 6050 6051 5950
f 5950 6051 6052 5951
f 5951 6052 6053 5952
f 5952 6053 6054 5953
f 5953 6054 6055 5954
f 5954 6055 6056 5955
f 5955 6056 6057 5956
f 5956 6057 6058 5957
f 5957 6058 6059 5958
f 5958 6059 6060 5959
f 5960 6061 6062 5961
f 5961 6062 6063 5962
f 5962 6063 6064 5963
f 5963 6064 6065 5964
f 5964 6065 6066 5965
f 5965 6066 6067 5966
f 5966 6067 6068 5967
f 5967 6068 6069 5968
f 5968 6069 6070 5969
f 5969 6070 6071 5970
f 5970 6071 6072 5971
f 5971 6072 6073 5972
usemtl terrain_sand
f 5972 6073 6074 5973
f 5973 6074 6075 5974
f 5974 6075 6076 5975
f 5975 6076 6077 5976
f 5976 6077 6078 5977
f 5977 6078 6079 5978
f 5978 6079 6080 5979
usemtl terrain_grass
f 5979 6080 6081 5980
f 5980 6081 6082 5981
f 5981 6082 6083 5982
f 5982 6083 6084 5983
f 5983 6084 6085 5984
f 5984 6085 6086 5985
f 5985 6086 6087 5986
f 5986 6087 6088 5987
f 5987 6088 6089 5988
f 5988 6089 6090 5989
f 5989 6090 6091 5990
usemtl terrain_rock_face
f 5990 6091 6092 5991
f 5991 6092 6093 5992
f 5992 6093 6094 5993
f 5993 6094 6095 5994
f 5994 6095 6096 5995
f 5995 6096 6097 5996
f 5996 6097 6098 5997
f 5997 6098 6099 5998
f 5998 6099 6100 5999
f 5999 6100 6101 6000
f 6000 6101 6102 6001
f 6001 6102 6103 6002
f 6002 6103 6104 6003
f 6003 6104 6105 6004
f 6004 6105 6106 6005
f 6005 6106 6107 6006
f 6006 6107 6108 6007
f 6007 6108 6109 6008
f 6008 6109 6110 6009
f 6009 6110 6111 6010
f 6010 6111 6112 6011
f 6011 6112 6113 6012
f 6012 6113 6114 6013
f 6013 6114 6115 6014
f 6014 6115 6116 6015
f 6015 6116 6117 6016
f 6016 6117 6118 6017
f 6017 6118 6119 6018
f 6018 6119 6120 6019
f 6019 6120 6121 6020
f 6020 6121 6122 6021
f 6021 6122 6123 6022
f 6022 6123 6124 6023
usemtl terrain_grass
f 6023 6124 6125 6024
f 6024 6125 6126 6025
f 6025 6126 6127 6026
f 6026 6127 6128 6027
f 6027 6128 6129 6028
f 6028 6129 6130 6029
f 6029 6130 6131 6030
f 6030 6131 6132 6031
f 6031 6132 6133 6032
f 6032 6133 6134 6033
f 6033 6134 6135 6034
usemtl terrain_seabed
f 6034 6135 6136 6035
f 6035 6136 6137 6036
f 6036 6137 6138 6037
f 6037 6138 6139 6038
f 6038 6139 6140 6039
f 6039 6140 6141 6040
f 6040 6141 6142 6041
f 6041 6142 6143 6042
f 6042 6143 6144 6043
f 6043 6144 6145 6044
f 6044 6145 6146 6045
f 6045 6146 6147 6046
f 6046 6147 6148 6047
f 6047 6148 6149 6048
f 6048 6149 6150 6049
f 6049 6150 6151 6050
f 6050 6151 6152 6051
f 6051 6152 6153 6052
f 6052 6153 6154 6053
f 6053 6154 6155 6054
f 6054 6155 6156 6055
f 6055 6156 6157 6056
f 6056 6157 6158 6057
f 6057 6158 6159 6058
f 6058 6159 6160 6059
f 6059 6160 6161 6060
f 6061 6162 6163 6062
f 6062 6163 6164 6063
f 6063 6164 6165 6064
f 6064 6165 6166 6065
f 6065 6166 6167 6066
f 6066 6167 6168 6067
f 6067 6168 6169 6068
f 6068 6169 6170 6069
f 6069 6170 6171 6070
f 6070 6171 6172 6071
f 6071 6172 6173 6072
f 6072 6173 6174 6073
usemtl terrain_sand
f 6073 6174 6175 6074
f 6074 6175 6176 6075
f 6075 6176 6177 6076
f 6076 6177 6178 6077
f 6077 6178 6179 6078
f 6078 6179 6180 6079
f 6079 6180 6181 6080
usemtl terrain_grass
f 6080 6181 6182 6081
f 6081 6182 6183 6082
f 6082 6183 6184 6083
f 6083 6184 6185 6084
f 6084 6185 6186 6085
f 6085 6186 6187 6086
f 6086 6187 6188 6087
f 6087 6188 6189 6088
f 6088 6189 6190 6089
f 6089 6190 6191 6090
f 6090 6191 6192 6091
usemtl terrain_rock_face
f 6091 6192 6193 6092
f 6092 6193 6194 6093
f 6093 6194 6195 6094
f 6094 6195 6196 6095
f 6095 6196 6197 6096
f 6096 6197 6198 6097
f 6097 6198 6199 6098
f 6098 6199 6200 6099
f 6099 6200 6201 6100
f 6100 6201 6202 6101
f 6101 6202 6203 6102
f 6102 6203 6204 6103
f 6103 6204 6205 6104
f 6104 6205 6206 6105
f 6105 6206 6207 6106
f 6106 6207 6208 6107
f 6107 6208 6209 6108
f 6108 6209 6210 6109
f 6109 6210 6211 6110
f 6110 6211 6212 6111
f 6111 6212 6213 6112
f 6112 6213 6214 6113
f 6113 6214 6215 6114
f 6114 6215 6216 6115
f 6115 6216 6217 6116
f 6116 6217 6218 6117
f 6117 6218 6219 6118
f 6118 6219 6220 6119
f 6119 6220 6221 6120
f 6120 6221 6222 6121
f 6121 6222 6223 6122
f 6122 6223 6224 6123
f 6123 6224 6225 6124
usemtl terrain_grass
f 6124 6225 6226 6125
f 6125 6226 6227 6126
f 6126 6227 6228 6127
f 6127 6228 6229 6128
f 6128 6229 6230 6129
f 6129 6230 6231 6130
f 6130 6231 6232 6131
f 6131 6232 6233 6132
f 6132 6233 6234 6133
f 6133 6234 6235 6134
f 6134 6235 6236 6135
f 6135 6236 6237 6136
usemtl terrain_seabed
f 6136 6237 6238 6137
f 6137 6238 6239 6138
f 6138 6239 6240 6139
f 6139 6240 6241 6140
f 6140 6241 6242 6141
f 6141 6242 6243 6142
f 6142 6243 6244 6143
f 6143 6244 6245 6144
f 6144 6245 6246 6145
f 6145 6246 6247 6146
f 6146 6247 6248 6147
f 6147 6248 6249 6148
f 6148 6249 6250 6149
f 6149 6250 6251 6150
f 6150 6251 6252 6151
f 6151 6252 6253 6152
f 6152 6253 6254 6153
f 6153 6254 6255 6154
f 6154 6255 6256 6155
f 6155 6256 6257 6156
f 6156 6257 6258 6157
f 6157 6258 6259 6158
f 6158 6259 6260 6159
f 6159 6260 6261 6160
f 6160 6261 6262 6161
f 6162 6263 6264 6163
f 6163 6264 6265 6164
f 6164 6265 6266 6165
f 6165 6266 6267 6166
f 6166 6267 6268 6167
f 6167 6268 6269 6168
f 6168 6269 6270 6169
f 6169 6270 6271 6170
f 6170 6271 6272 6171
f 6171 6272 6273 6172
f 6172 6273 6274 6173
f 6173 6274 6275 6174
usemtl terrain_sand
f 6174 6275 6276 6175
f 6175 6276 6277 6176
f 6176 6277 6278 6177
f 6177 6278 6279 6178
f 6178 6279 6280 6179
f 6179 6280 6281 6180
f 6180 6281 6282 6181
usemtl terrain_grass
f 6181 6282 6283 6182
f 6182 6283 6284 6183
f 6183 6284 6285 6184
f 6184 6285 6286 6185
f 6185 6286 6287 6186
f 6186 6287 6288 6187
f 6187 6288 6289 6188
f 6188 6289 6290 6189
f 6189 6290 6291 6190
f 6190 6291 6292 6191
f 6191 6292 6293 6192
usemtl terrain_rock_face
f 6192 6293 6294 6193
f 6193 6294 6295 6194
f 6194 6295 6296 6195
f 6195 6296 6297 6196
f 6196 6297 6298 6197
f 6197 6298 6299 6198
f 6198 6299 6300 6199
f 6199 6300 6301 6200
f 6200 6301 6302 6201
f 6201 6302 6303 6202
f 6202 6303 6304 6203
f 6203 6304 6305 6204
f 6204 6305 6306 6205
f 6205 6306 6307 6206
f 6206 6307 6308 6207
f 6207 6308 6309 6208
f 6208 6309 6310 6209
f 6209 6310 6311 6210
f 6210 6311 6312 6211
f 6211 6312 6313 6212
f 6212 6313 6314 6213
f 6213 6314 6315 6214
f 6214 6315 6316 6215
f 6215 6316 6317 6216
f 6216 6317 6318 6217
f 6217 6318 6319 6218
f 6218 6319 6320 6219
f 6219 6320 6321 6220
f 6220 6321 6322 6221
f 6221 6322 6323 6222
f 6222 6323 6324 6223
f 6223 6324 6325 6224
f 6224 6325 6326 6225
f 6225 6326 6327 6226
usemtl terrain_grass
f 6226 6327 6328 6227
f 6227 6328 6329 6228
f 6228 6329 6330 6229
f 6229 6330 6331 6230
f 6230 6331 6332 6231
f 6231 6332 6333 6232
f 6232 6333 6334 6233
f 6233 6334 6335 6234
f 6234 6335 6336 6235
f 6235 6336 6337 6236
f 6236 6337 6338 6237
usemtl terrain_seabed
f 6237 6338 6339 6238
f 6238 6339 6340 6239
f 6239 6340 6341 6240
f 6240 6341 6342 6241
f 6241 6342 6343 6242
f 6242 6343 6344 6243
f 6243 6344 6345 6244
f 6244 6345 6346 6245
f 6245 6346 6347 6246
f 6246 6347 6348 6247
f 6247 6348 6349 6248
f 6248 6349 6350 6249
f 6249 6350 6351 6250
f 6250 6351 6352 6251
f 6251 6352 6353 6252
f 6252 6353 6354 6253
f 6253 6354 6355 6254
f 6254 6355 6356 6255
f 6255 6356 6357 6256
f 6256 6357 6358 6257
f 6257 6358 6359 6258
f 6258 6359 6360 6259
f 6259 6360 6361 6260
f 6260 6361 6362 6261
f 6261 6362 6363 6262
f 6263 6364 6365 6264
f 6264 6365 6366 6265
f 6265 6366 6367 6266
f 6266 6367 6368 6267
f 6267 6368 6369 6268
f 6268 6369 6370 6269
f 6269 6370 6371 6270
f 6270 6371 6372 6271
f 6271 6372 6373 6272
f 6272 6373 6374 6273
f 6273 6374 6375 6274
f 6274 6375 6376 6275
usemtl terrain_sand
f 6275 6376 6377 6276
f 6276 6377 6378 6277
f 6277 6378 6379 6278
f 6278 6379 6380 6279
f 6279 6380 6381 6280
f 6280 6381 6382 6281
f 6281 6382 6383 6282
usemtl terrain_grass
f 6282 6383 6384 6283
f 6283 6384 6385 6284
f 6284 6385 6386 6285
f 6285 6386 6387 6286
f 6286 6387 6388 6287
f 6287 6388 6389 6288
f 6288 6389 6390 6289
f 6289 6390 6391 6290
f 6290 6391 6392 6291
f 6291 6392 6393 6292
f 6292 6393 6394 6293
usemtl terrain_rock_face
f 6293 6394 6395 6294
f 6294 6395 6396 6295
f 6295 6396 6397 6296
f 6296 6397 6398 6297
f 6297 6398 6399 6298
f 6298 6399 6400 6299
f 6299 6400 6401 6300
f 6300 6401 6402 6301
f 6301 6402 6403 6302
f 6302 6403 6404 6303
f 6303 6404 6405 6304
f 6304 6405 6406 6305
f 6305 6406 6407 6306
f 6306 6407 6408 6307
f 6307 6408 6409 6308
f 6308 6409 6410 6309
f 6309 6410 6411 6310
f 6310 6411 6412 6311
f 6311 6412 6413 6312
f 6312 6413 6414 6313
f 6313 6414 6415 6314
f 6314 6415 6416 6315
f 6315 6416 6417 6316
f 6316 6417 6418 6317
f 6317 6418 6419 6318
f 6318 6419 6420 6319
f 6319 6420 6421 6320
f 6320 6421 6422 6321
f 6321 6422 6423 6322
f 6322 6423 6424 6323
f 6323 6424 6425 6324
f 6324 6425 6426 6325
f 6325 6426 6427 6326
f 6326 6427 6428 6327
f 6327 6428 6429 6328
usemtl terrain_grass
f 6328 6429 6430 6329
f 6329 6430 6431 6330
f 6330 6431 6432 6331
f 6331 6432 6433 6332
f 6332 6433 6434 6333
f 6333 6434 6435 6334
f 6334 6435 6436 6335
f 6335 6436 6437 6336
f 6336 6437 6438 6337
f 6337 6438 6439 6338
f 6338 6439 6440 6339
usemtl terrain_seabed
f 6339 6440 6441 6340
f 6340 6441 6442 6341
f 6341 6442 6443 6342
f 6342 6443 6444 6343
f 6343 6444 6445 6344
f 6344 6445 6446 6345
f 6345 6446 6447 6346
f 6346 6447 6448 6347
f 6347 6448 6449 6348
f 6348 6449 6450 6349
f 6349 6450 6451 6350
f 6350 6451 6452 6351
f 6351 6452 6453 6352
f 6352 6453 6454 6353
f 6353 6454 6455 6354
f 6354 6455 6456 6355
f 6355 6456 6457 6356
f 6356 6457 6458 6357
f 6357 6458 6459 6358
f 6358 6459 6460 6359
f 6359 6460 6461 6360
f 6360 6461 6462 6361
f 6361 6462 6463 6362
f 6362 6463 6464 6363
f 6364 6465 6466 6365
f 6365 6466 6467 6366
f 6366 6467 6468 6367
f 6367 6468 6469 6368
f 6368 6469 6470 6369
f 6369 6470 6471 6370
f 6370 6471 6472 6371
f 6371 6472 6473 6372
f 6372 6473 6474 6373
f 6373 6474 6475 6374
f 6374 6475 6476 6375
f 6375 6476 6477 6376
f 6376 6477 6478 6377
usemtl terrain_sand
f 6377 6478 6479 6378
f 6378 6479 6480 6379
f 6379 6480 6481 6380
f 6380 6481 6482 6381
f 6381 6482 6483 6382
f 6382 6483 6484 6383
f 6383 6484 6485 6384
usemtl terrain_grass
f 6384 6485 6486 6385
f 6385 6486 6487 6386
f 6386 6487 6488 6387
f 6387 6488 6489 6388
f 6388 6489 6490 6389
f 6389 6490 6491 6390
f 6390 6491 6492 6391
f 6391 6492 6493 6392
f 6392 6493 6494 6393
f 6393 6494 6495 6394
f 6394 6495 6496 6395
usemtl terrain_rock_face
f 6395 6496 6497 6396
f 6396 6497 6498 6397
f 6397 6498 6499 6398
f 6398 6499 6500 6399
f 6399 6500 6501 6400
f 6400 6501 6502 6401
f 6401 6502 6503 6402
f 6402 6503 6504 6403
f 6403 6504 6505 6404
f 6404 6505 6506 6405
f 6405 6506 6507 6406
f 6406 6507 6508 6407
f 6407 6508 6509 6408
f 6408 6509 6510 6409
f 6409 6510 6511 6410
f 6410 6511 6512 6411
f 6411 6512 6513 6412
f 6412 6513 6514 6413
f 6413 6514 6515 6414
f 6414 6515 6516 6415
f 6415 6516 6517 6416
f 6416 6517 6518 6417
f 6417 6518 6519 6418
f 6418 6519 6520 6419
f 6419 6520 6521 6420
f 6420 6521 6522 6421
f 6421 6522 6523 6422
f 6422 6523 6524 6423
f 6423 6524 6525 6424
f 6424 6525 6526 6425
f 6425 6526 6527 6426
f 6426 6527 6528 6427
f 6427 6528 6529 6428
f 6428 6529 6530 6429
usemtl terrain_grass
f 6429 6530 6531 6430
f 6430 6531 6532 6431
f 6431 6532 6533 6432
f 6432 6533 6534 6433
f 6433 6534 6535 6434
f 6434 6535 6536 6435
f 6435 6536 6537 6436
f 6436 6537 6538 6437
f 6437 6538 6539 6438
f 6438 6539 6540 6439
f 6439 6540 6541 6440
f 6440 6541 6542 6441
usemtl terrain_seabed
f 6441 6542 6543 6442
f 6442 6543 6544 6443
f 6443 6544 6545 6444
f 6444 6545 6546 6445
f 6445 6546 6547 6446
f 6446 6547 6548 6447
f 6447 6548 6549 6448
f 6448 6549 6550 6449
f 6449 6550 6551 6450
f 6450 6551 6552 6451
f 6451 6552 6553 6452
f 6452 6553 6554 6453
f 6453 6554 6555 6454
f 6454 6555 6556 6455
f 6455 6556 6557 6456
f 6456 6557 6558 6457
f 6457 6558 6559 6458
f 6458 6559 6560 6459
f 6459 6560 6561 6460
f 6460 6561 6562 6461
f 6461 6562 6563 6462
f 6462 6563 6564 6463
f 6463 6564 6565 6464
f 6465 6566 6567 6466
f 6466 6567 6568 6467
f 6467 6568 6569 6468
f 6468 6569 6570 6469
f 6469 6570 6571 6470
f 6470 6571 6572 6471
f 6471 6572 6573 6472
f 6472 6573 6574 6473
f 6473 6574 6575 6474
f 6474 6575 6576 6475
f 6475 6576 6577 6476
f 6476 6577 6578 6477
f 6477 6578 6579 6478
usemtl terrain_sand
f 6478 6579 6580 6479
f 6479 6580 6581 6480
f 6480 6581 6582 6481
f 6481 6582 6583 6482
f 6482 6583 6584 6483
f 6483 6584 6585 6484
f 6484 6585 6586 6485
usemtl terrain_grass
f 6485 6586 6587 6486
f 6486 6587 6588 6487
f 6487 6588 6589 6488
f 6488 6589 6590 6489
f 6489 6590 6591 6490
f 6490 6591 6592 6491
f 6491 6592 6593 6492
f 6492 6593 6594 6493
f 6493 6594 6595 6494
f 6494 6595 6596 6495
f 6495 6596 6597 6496
f 6496 6597 6598 6497
usemtl terrain_rock_face
f 6497 6598 6599 6498
f 6498 6599 6600 6499
f 6499 6600 6601 6500
f 6500 6601 6602 6501
f 6501 6602 6603 6502
f 6502 6603 6604 6503
f 6503 6604 6605 6504
f 6504 6605 6606 6505
f 6505 6606 6607 6506
f 6506 6607 6608 6507
f 6507 6608 6609 6508
f 6508 6609 6610 6509
f 6509 6610 6611 6510
f 6510 6611 6612 6511
f 6511 6612 6613 6512
f 6512 6613 6614 6513
f 6513 6614 6615 6514
f 6514 6615 6616 6515
f 6515 6616 6617 6516
f 6516 6617 6618 6517
f 6517 6618 6619 6518
f 6518 6619 6620 6519
f 6519 6620 6621 6520
f 6520 6621 6622 6521
f 6521 6622 6623 6522
f 6522 6623 6624 6523
f 6523 6624 6625 6524
f 6524 6625 6626 6525
f 6525 6626 6627 6526
f 6526 6627 6628 6527
f 6527 6628 6629 6528
f 6528 6629 6630 6529
f 6529 6630 6631 6530
f 6530 6631 6632 6531
usemtl terrain_grass
f 6531 6632 6633 6532
f 6532 6633 6634 6533
f 6533 6634 6635 6534
f 6534 6635 6636 6535
f 6535 6636 6637 6536
f 6536 6637 6638 6537
f 6537 6638 6639 6538
f 6538 6639 6640 6539
f 6539 6640 6641 6540
f 6540 6641 6642 6541
f 6541 6642 6643 6542
f 6542 6643 6644 6543
usemtl terrain_seabed
f 6543 6644 6645 6544
f 6544 6645 6646 6545
f 6545 6646 6647 6546
f 6546 6647 6648 6547
f 6547 6648 6649 6548
f 6548 6649 6650 6549
f 6549 6650 6651 6550
f 6550 6651 6652 6551
f 6551 6652 6653 6552
f 6552 6653 6654 6553
f 6553 6654 6655 6554
f 6554 6655 6656 6555
f 6555 6656 6657 6556
f 6556 6657 6658 6557
f 6557 6658 6659 6558
f 6558 6659 6660 6559
f 6559 6660 6661 6560
f 6560 6661 6662 6561
f 6561 6662 6663 6562
f 6562 6663 6664 6563
f 6563 6664 6665 6564
f 6564 6665 6666 6565
f 6566 6667 6668 6567
f 6567 6668 6669 6568
f 6568 6669 6670 6569
f 6569 6670 6671 6570
f 6570 6671 6672 6571
f 6571 6672 6673 6572
f 6572 6673 6674 6573
f 6573 6674 6675 6574
f 6574 6675 6676 6575
f 6575 6676 6677 6576
f 6576 6677 6678 6577
f 6577 6678 6679 6578
f 6578 6679 6680 6579
f 6579 6680 6681 6580
usemtl terrain_sand
f 6580 6681 6682 6581
f 6581 6682 6683 6582
f 6582 6683 6684 6583
f 6583 6684 6685 6584
f 6584 6685 6686 6585
f 6585 6686 6687 6586
f 6586 6687 6688 6587
usemtl terrain_grass
f 6587 6688 6689 6588
f 6588 6689 6690 6589
f 6589 6690 6691 6590
f 6590 6691 6692 6591
f 6591 6692 6693 6592
f 6592 6693 6694 6593
f 6593 6694 6695 6594
f 6594 6695 6696 6595
f 6595 6696 6697 6596
f 6596 6697 6698 6597
f 6597 6698 6699 6598
f 6598 6699 6700 6599
usemtl terrain_rock_face
f 6599 6700 6701 6600
f 6600 6701 6702 6601
f 6601 6702 6703 6602
f 6602 6703 6704 6603
f 6603 6704 6705 6604
f 6604 6705 6706 6605
f 6605 6706 6707 6606
f 6606 6707 6708 6607
f 6607 6708 6709 6608
f 6608 6709 6710 6609
f 6609 6710 6711 6610
f 6610 6711 6712 6611
f 6611 6712 6713 6612
f 6612 6713 6714 6613
f 6613 6714 6715 6614
f 6614 6715 6716 6615
f 6615 6716 6717 6616
f 6616 6717 6718 6617
f 6617 6718 6719 6618
f 6618 6719 6720 6619
f 6619 6720 6721 6620
f 6620 6721 6722 6621
f 6621 6722 6723 6622
f 6622 6723 6724 6623
f 6623 6724 6725 6624
f 6624 6725 6726 6625
f 6625 6726 6727 6626
f 6626 6727 6728 6627
f 6627 6728 6729 6628
f 6628 6729 6730 6629
f 6629 6730 6731 6630
f 6630 6731 6732 6631
f 6631 6732 6733 6632
f 6632 6733 6734 6633
usemtl terrain_grass
f 6633 6734 6735 6634
f 6634 6735 6736 6635
f 6635 6736 6737 6636
f 6636 6737 6738 6637
f 6637 6738 6739 6638
f 6638 6739 6740 6639
f 6639 6740 6741 6640
f 6640 6741 6742 6641
f 6641 6742 6743 6642
f 6642 6743 6744 6643
f 6643 6744 6745 6644
usemtl terrain_seabed
f 6644 6745 6746 6645
f 6645 6746 6747 6646
f 6646 6747 6748 6647
f 6647 6748 6749 6648
f 6648 6749 6750 6649
f 6649 6750 6751 6650
f 6650 6751 6752 6651
f 6651 6752 6753 6652
f 6652 6753 6754 6653
f 6653 6754 6755 6654
f 6654 6755 6756 6655
f 6655 6756 6757 6656
f 6656 6757 6758 6657
f 6657 6758 6759 6658
f 6658 6759 6760 6659
f 6659 6760 6761 6660
f 6660 6761 6762 6661
f 6661 6762 6763 6662
f 6662 6763 6764 6663
f 6663 6764 6765 6664
f 6664 6765 6766 6665
f 6665 6766 6767 6666
f 6667 6768 6769 6668
f 6668 6769 6770 6669
f 6669 6770 6771 6670
f 6670 6771 6772 6671
f 6671 6772 6773 6672
f 6672 6773 6774 6673
f 6673 6774 6775 6674
f 6674 6775 6776 6675
f 6675 6776 6777 6676
f 6676 6777 6778 6677
f 6677 6778 6779 6678
f 6678 6779 6780 6679
f 6679 6780 6781 6680
f 6680 6781 6782 6681
f 6681 6782 6783 6682
usemtl terrain_sand
f 6682 6783 6784 6683
f 6683 6784 6785 6684
f 6684 6785 6786 6685
f 6685 6786 6787 6686
f 6686 6787 6788 6687
f 6687 6788 6789 6688
f 6688 6789 6790 6689
usemtl terrain_grass
f 6689 6790 6791 6690
f 6690 6791 6792 6691
f 6691 6792 6793 6692
f 6692 6793 6794 6693
f 6693 6794 6795 6694
f 6694 6795 6796 6695
f 6695 6796 6797 6696
f 6696 6797 6798 6697
f 6697 6798 6799 6698
f 6698 6799 6800 6699
f 6699 6800 6801 6700
f 6700 6801 6802 6701
usemtl terrain_rock_face
f 6701 6802 6803 6702
f 6702 6803 6804 6703
f 6703 6804 6805 6704
f 6704 6805 6806 6705
f 6705 6806 6807 6706
f 6706 6807 6808 6707
f 6707 6808 6809 6708
f 6708 6809 6810 6709
f 6709 6810 6811 6710
f 6710 6811 6812 6711
f 6711 6812 6813 6712
f 6712 6813 6814 6713
f 6713 6814 6815 6714
f 6714 6815 6816 6715
f 6715 6816 6817 6716
f 6716 6817 6818 6717
f 6717 6818 6819 6718
f 6718 6819 6820 6719
f 6719 6820 6821 6720
f 6720 6821 6822 6721
f 6721 6822 6823 6722
f 6722 6823 6824 6723
f 6723 6824 6825 6724
f 6724 6825 6826 6725
f 6725 6826 6827 6726
f 6726 6827 6828 6727
f 6727 6828 6829 6728
f 6728 6829 6830 6729
f 6729 6830 6831 6730
f 6730 6831 6832 6731
f 6731 6832 6833 6732
f 6732 6833 6834 6733
f 6733 6834 6835 6734
usemtl terrain_grass
f 6734 6835 6836 6735
f 6735 6836 6837 6736
f 6736 6837 6838 6737
f 6737 6838 6839 6738
f 6738 6839 6840 6739
f 6739 6840 6841 6740
f 6740 6841 6842 6741
f 6741 6842 6843 6742
f 6742 6843 6844 6743
f 6743 6844 6845 6744
f 6744 6845 6846 6745
f 6745 6846 6847 6746
usemtl terrain_seabed
f 6746 6847 6848 6747
f 6747 6848 6849 6748
f 6748 6849 6850 6749
f 6749 6850 6851 6750
f 6750 6851 6852 6751
f 6751 6852 6853 6752
f 6752 6853 6854 6753
f 6753 6854 6855 6754
f 6754 6855 6856 6755
f 6755 6856 6857 6756
f 6756 6857 6858 6757
f 6757 6858 6859 6758
f 6758 6859 6860 6759
f 6759 6860 6861 6760
f 6760 6861 6862 6761
f 6761 6862 6863 6762
f 6762 6863 6864 6763
f 6763 6864 6865 6764
f 6764 6865 6866 6765
f 6765 6866 6867 6766
f 6766 6867 6868 6767
f 6768 6869 6870 6769
f 6769 6870 6871 6770
f 6770 6871 6872 6771
f 6771 6872 6873 6772
f 6772 6873 6874 6773
f 6773 6874 6875 6774
f 6774 6875 6876 6775
f 6775 6876 6877 6776
f 6776 6877 6878 6777
f 6777 6878 6879 6778
f 6778 6879 6880 6779
f 6779 6880 6881 6780
f 6780 6881 6882 6781
f 6781 6882 6883 6782
f 6782 6883 6884 6783
f 6783 6884 6885 6784
usemtl terrain_sand
f 6784 6885 6886 6785
f 6785 6886 6887 6786
f 6786 6887 6888 6787
f 6787 6888 6889 6788
f 6788 6889 6890 6789
f 6789 6890 6891 6790
f 6790 6891 6892 6791
usemtl terrain_grass
f 6791 6892 6893 6792
f 6792 6893 6894 6793
f 6793 6894 6895 6794
f 6794 6895 6896 6795
f 6795 6896 6897 6796
f 6796 6897 6898 6797
f 6797 6898 6899 6798
f 6798 6899 6900 6799
f 6799 6900 6901 6800
f 6800 6901 6902 6801
f 6801 6902 6903 6802
f 6802 6903 6904 6803
usemtl terrain_rock_face
f 6803 6904 6905 6804
f 6804 6905 6906 6805
f 6805 6906 6907 6806
f 6806 6907 6908 6807
f 6807 6908 6909 6808
f 6808 6909 6910 6809
f 6809 6910 6911 6810
f 6810 6911 6912 6811
f 6811 6912 6913 6812
f 6812 6913 6914 6813
f 6813 6914 6915 6814
f 6814 6915 6916 6815
f 6815 6916 6917 6816
f 6816 6917 6918 6817
f 6817 6918 6919 6818
f 6818 6919 6920 6819
f 6819 6920 6921 6820
f 6820 6921 6922 6821
f 6821 6922 6923 6822
f 6822 6923 6924 6823
f 6823 6924 6925 6824
f 6824 6925 6926 6825
f 6825 6926 6927 6826
f 6826 6927 6928 6827
f 6827 6928 6929 6828
f 6828 6929 6930 6829
f 6829 6930 6931 6830
f 6830 6931 6932 6831
f 6831 6932 6933 6832
f 6832 6933 6934 6833
f 6833 6934 6935 6834
usemtl terrain_grass
f 6834 6935 6936 6835
f 6835 6936 6937 6836
f 6836 6937 6938 6837
f 6837 6938 6939 6838
f 6838 6939 6940 6839
f 6839 6940 6941 6840
f 6840 6941 6942 6841
f 6841 6942 6943 6842
f 6842 6943 6944 6843
f 6843 6944 6945 6844
f 6844 6945 6946 6845
f 6845 6946 6947 6846
f 6846 6947 6948 6847
f 6847 6948 6949 6848
usemtl terrain_seabed
f 6848 6949 6950 6849
f 6849 6950 6951 6850
f 6850 6951 6952 6851
f 6851 6952 6953 6852
f 6852 6953 6954 6853
f 6853 6954 6955 6854
f 6854 6955 6956 6855
f 6855 6956 6957 6856
f 6856 6957 6958 6857
f 6857 6958 6959 6858
f 6858 6959 6960 6859
f 6859 6960 6961 6860
f 6860 6961 6962 6861
f 6861 6962 6963 6862
f 6862 6963 6964 6863
f 6863 6964 6965 6864
f 6864 6965 6966 6865
f 6865 6966 6967 6866
f 6866 6967 6968 6867
f 6867 6968 6969 6868
f 6869 6970 6971 6870
f 6870 6971 6972 6871
f 6871 6972 6973 6872
f 6872 6973 6974 6873
f 6873 6974 6975 6874
f 6874 6975 6976 6875
f 6875 6976 6977 6876
f 6876 6977 6978 6877
f 6877 6978 6979 6878
f 6878 6979 6980 6879
f 6879 6980 6981 6880
f 6880 6981 6982 6881
f 6881 6982 6983 6882
f 6882 6983 6984 6883
f 6883 6984 6985 6884
f 6884 6985 6986 6885
f 6885 6986 6987 6886
usemtl terrain_sand
f 6886 6987 6988 6887
f 6887 6988 6989 6888
f 6888 6989 6990 6889
f 6889 6990 6991 6890
f 6890 6991 6992 6891
f 6891 6992 6993 6892
f 6892 6993 6994 6893
usemtl terrain_grass
f 6893 6994 6995 6894
f 6894 6995 6996 6895
f 6895 6996 6997 6896
f 6896 6997 6998 6897
f 6897 6998 6999 6898
f 6898 6999 7000 6899
f 6899 7000 7001 6900
f 6900 7001 7002 6901
f 6901 7002 7003 6902
f 6902 7003 7004 6903
f 6903 7004 7005 6904
usemtl terrain_rock_face
f 6904 7005 7006 6905
f 6905 7006 7007 6906
f 6906 7007 7008 6907
f 6907 7008 7009 6908
f 6908 7009 7010 6909
f 6909 7010 7011 6910
f 6910 7011 7012 6911
f 6911 7012 7013 6912
f 6912 7013 7014 6913
f 6913 7014 7015 6914
f 6914 7015 7016 6915
f 6915 7016 7017 6916
f 6916 7017 7018 6917
f 6917 7018 7019 6918
f 6918 7019 7020 6919
f 6919 7020 7021 6920
f 6920 7021 7022 6921
f 6921 7022 7023 6922
f 6922 7023 7024 6923
f 6923 7024 7025 6924
f 6924 7025 7026 6925
f 6925 7026 7027 6926
f 6926 7027 7028 6927
f 6927 7028 7029 6928
f 6928 7029 7030 6929
f 6929 7030 7031 6930
f 6930 7031 7032 6931
f 6931 7032 7033 6932
f 6932 7033 7034 6933
f 6933 7034 7035 6934
f 6934 7035 7036 6935
usemtl terrain_grass
f 6935 7036 7037 6936
f 6936 7037 7038 6937
f 6937 7038 7039 6938
f 6938 7039 7040 6939
f 6939 7040 7041 6940
f 6940 7041 7042 6941
f 6941 7042 7043 6942
f 6942 7043 7044 6943
f 6943 7044 7045 6944
f 6944 7045 7046 6945
f 6945 7046 7047 6946
f 6946 7047 7048 6947
f 6947 7048 7049 6948
f 6948 7049 7050 6949
usemtl terrain_seabed
f 6949 7050 7051 6950
f 6950 7051 7052 6951
f 6951 7052 7053 6952
f 6952 7053 7054 6953
f 6953 7054 7055 6954
f 6954 7055 7056 6955
f 6955 7056 7057 6956
f 6956 7057 7058 6957
f 6957 7058 7059 6958
f 6958 7059 7060 6959
f 6959 7060 7061 6960
f 6960 7061 7062 6961
f 6961 7062 7063 6962
f 6962 7063 7064 6963
f 6963 7064 7065 6964
f 6964 7065 7066 6965
f 6965 7066 7067 6966
f 6966 7067 7068 6967
f 6967 7068 7069 6968
f 6968 7069 7070 6969
f 6970 7071 7072 6971
f 6971 7072 7073 6972
f 6972 7073 7074 6973
f 6973 7074 7075 6974
f 6974 7075 7076 6975
f 6975 7076 7077 6976
f 6976 7077 7078 6977
f 6977 7078 7079 6978
f 6978 7079 7080 6979
f 6979 7080 7081 6980
f 6980 7081 7082 6981
f 6981 7082 7083 6982
f 6982 7083 7084 6983
f 6983 7084 7085 6984
f 6984 7085 7086 6985
f 6985 7086 7087 6986
f 6986 7087 7088 6987
f 6987 7088 7089 6988
usemtl terrain_sand
f 6988 7089 7090 6989
f 6989 7090 7091 6990
f 6990 7091 7092 6991
f 6991 7092 7093 6992
f 6992 7093 7094 6993
f 6993 7094 7095 6994
f 6994 7095 7096 6995
usemtl terrain_grass
f 6995 7096 7097 6996
f 6996 7097 7098 6997
f 6997 7098 7099 6998
f 6998 7099 7100 6999
f 6999 7100 7101 7000
f 7000 7101 7102 7001
f 7001 7102 7103 7002
f 7002 7103 7104 7003
f 7003 7104 7105 7004
f 7004 7105 7106 7005
f 7005 7106 7107 7006
usemtl terrain_rock_face
f 7006 7107 7108 7007
f 7007 7108 7109 7008
f 7008 7109 7110 7009
f 7009 7110 7111 7010
f 7010 7111 7112 7011
f 7011 7112 7113 7012
f 7012 7113 7114 7013
f 7013 7114 7115 7014
f 7014 7115 7116 7015
f 7015 7116 7117 7016
f 7016 7117 7118 7017
f 7017 7118 7119 7018
f 7018 7119 7120 7019
f 7019 7120 7121 7020
f 7020 7121 7122 7021
f 7021 7122 7123 7022
f 7022 7123 7124 7023
f 7023 7124 7125 7024
f 7024 7125 7126 7025
f 7025 7126 7127 7026
f 7026 7127 7128 7027
f 7027 7128 7129 7028
f 7028 7129 7130 7029
f 7029 7130 7131 7030
f 7030 7131 7132 7031
f 7031 7132 7133 7032
f 7032 7133 7134 7033
f 7033 7134 7135 7034
f 7034 7135 7136 7035
usemtl terrain_grass
f 7035 7136 7137 7036
f 7036 7137 7138 7037
f 7037 7138 7139 7038
f 7038 7139 7140 7039
f 7039 7140 7141 7040
f 7040 7141 7142 7041
f 7041 7142 7143 7042
f 7042 7143 7144 7043
f 7043 7144 7145 7044
f 7044 7145 7146 7045
f 7045 7146 7147 7046
f 7046 7147 7148 7047
f 7047 7148 7149 7048
f 7048 7149 7150 7049
f 7049 7150 7151 7050
f 7050 7151 7152 7051
usemtl terrain_seabed
f 7051 7152 7153 7052
f 7052 7153 7154 7053
f 7053 7154 7155 7054
f 7054 7155 7156 7055
f 7055 7156 7157 7056
f 7056 7157 7158 7057
f 7057 7158 7159 7058
f 7058 7159 7160 7059
f 7059 7160 7161 7060
f 7060 7161 7162 7061
f 7061 7162 7163 7062
f 7062 7163 7164 7063
f 7063 7164 7165 7064
f 7064 7165 7166 7065
f 7065 7166 7167 7066
f 7066 7167 7168 7067
f 7067 7168 7169 7068
f 7068 7169 7170 7069
f 7069 7170 7171 7070
f 7071 7172 7173 7072
f 7072 7173 7174 7073
f 7073 7174 7175 7074
f 7074 7175 7176 7075
f 7075 7176 7177 7076
f 7076 7177 7178 7077
f 7077 7178 7179 7078
f 7078 7179 7180 7079
f 7079 7180 7181 7080
f 7080 7181 7182 7081
f 7081 7182 7183 7082
f 7082 7183 7184 7083
f 7083 7184 7185 7084
f 7084 7185 7186 7085
f 7085 7186 7187 7086
f 7086 7187 7188 7087
f 7087 7188 7189 7088
f 7088 7189 7190 7089
f 7089 7190 7191 7090
usemtl terrain_sand
f 7090 7191 7192 7091
f 7091 7192 7193 7092
f 7092 7193 7194 7093
f 7093 7194 7195 7094
f 7094 7195 7196 7095
f 7095 7196 7197 7096
f 7096 7197 7198 7097
usemtl terrain_grass
f 7097 7198 7199 7098
f 7098 7199 7200 7099
f 7099 7200 7201 7100
f 7100 7201 7202 7101
f 7101 7202 7203 7102
f 7102 7203 7204 7103
f 7103 7204 7205 7104
f 7104 7205 7206 7105
f 7105 7206 7207 7106
f 7106 7207 7208 7107
f 7107 7208 7209 7108
usemtl terrain_rock_face
f 7108 7209 7210 7109
f 7109 7210 7211 7110
f 7110 7211 7212 7111
f 7111 7212 7213 7112
f 7112 7213 7214 7113
f 7113 7214 7215 7114
f 7114 7215 7216 7115
f 7115 7216 7217 7116
f 7116 7217 7218 7117
f 7117 7218 7219 7118
f 7118 7219 7220 7119
f 7119 7220 7221 7120
f 7120 7221 7222 7121
f 7121 7222 7223 7122
f 7122 7223 7224 7123
f 7123 7224 7225 7124
f 7124 7225 7226 7125
f 7125 7226 7227 7126
f 7126 7227 7228 7127
f 7127 7228 7229 7128
f 7128 7229 7230 7129
f 7129 7230 7231 7130
f 7130 7231 7232 7131
f 7131 7232 7233 7132
f 7132 7233 7234 7133
f 7133 7234 7235 7134
f 7134 7235 7236 7135
usemtl terrain_grass
f 7135 7236 7237 7136
f 7136 7237 7238 7137
f 7137 7238 7239 7138
f 7138 7239 7240 7139
f 7139 7240 7241 7140
f 7140 7241 7242 7141
f 7141 7242 7243 7142
f 7142 7243 7244 7143
f 7143 7244 7245 7144
f 7144 7245 7246 7145
f 7145 7246 7247 7146
f 7146 7247 7248 7147
f 7147 7248 7249 7148
f 7148 7249 7250 7149
f 7149 7250 7251 7150
f 7150 7251 7252 7151
f 7151 7252 7253 7152
usemtl terrain_seabed
f 7152 7253 7254 7153
f 7153 7254 7255 7154
f 7154 7255 7256 7155
f 7155 7256 7257 7156
f 7156 7257 7258 7157
f 7157 7258 7259 7158
f 7158 7259 7260 7159
f 7159 7260 7261 7160
f 7160 7261 7262 7161
f 7161 7262 7263 7162
f 7162 7263 7264 7163
f 7163 7264 7265 7164
f 7164 7265 7266 7165
f 7165 7266 7267 7166
f 7166 7267 7268 7167
f 7167 7268 7269 7168
f 7168 7269 7270 7169
f 7169 7270 7271 7170
f 7170 7271 7272 7171
f 7172 7273 7274 7173
f 7173 7274 7275 7174
f 7174 7275 7276 7175
f 7175 7276 7277 7176
f 7176 7277 7278 7177
f 7177 7278 7279 7178
f 7178 7279 7280 7179
f 7179 7280 7281 7180
f 7180 7281 7282 7181
f 7181 7282 7283 7182
f 7182 7283 7284 7183
f 7183 7284 7285 7184
f 7184 7285 7286 7185
f 7185 7286 7287 7186
f 7186 7287 7288 7187
f 7187 7288 7289 7188
f 7188 7289 7290 7189
f 7189 7290 7291 7190
f 7190 7291 7292 7191
f 7191 7292 7293 7192
usemtl terrain_sand
f 7192 7293 7294 7193
f 7193 7294 7295 7194
f 7194 7295 7296 7195
f 7195 7296 7297 7196
f 7196 7297 7298 7197
f 7197 7298 7299 7198
f 7198 7299 7300 7199
usemtl terrain_grass
f 7199 7300 7301 7200
f 7200 7301 7302 7201
f 7201 7302 7303 7202
f 7202 7303 7304 7203
f 7203 7304 7305 7204
f 7204 7305 7306 7205
f 7205 7306 7307 7206
f 7206 7307 7308 7207
f 7207 7308 7309 7208
f 7208 7309 7310 7209
f 7209 7310 7311 7210
f 7210 7311 7312 7211
usemtl terrain_rock_face
f 7211 7312 7313 7212
f 7212 7313 7314 7213
f 7213 7314 7315 7214
f 7214 7315 7316 7215
f 7215 7316 7317 7216
f 7216 7317 7318 7217
f 7217 7318 7319 7218
f 7218 7319 7320 7219
f 7219 7320 7321 7220
f 7220 7321 7322 7221
f 7221 7322 7323 7222
f 7222 7323 7324 7223
f 7223 7324 7325 7224
f 7224 7325 7326 7225
f 7225 7326 7327 7226
f 7226 7327 7328 7227
f 7227 7328 7329 7228
f 7228 7329 7330 7229
f 7229 7330 7331 7230
f 7230 7331 7332 7231
f 7231 7332 7333 7232
f 7232 7333 7334 7233
f 7233 7334 7335 7234
f 7234 7335 7336 7235
f 7235 7336 7337 7236
usemtl terrain_grass
f 7236 7337 7338 7237
f 7237 7338 7339 7238
f 7238 7339 7340 7239
f 7239 7340 7341 7240
f 7240 7341 7342 7241
f 7241 7342 7343 7242
f 7242 7343 7344 7243
f 7243 7344 7345 7244
f 7244 7345 7346 7245
f 7245 7346 7347 7246
f 7246 7347 7348 7247
f 7247 7348 7349 7248
f 7248 7349 7350 7249
f 7249 7350 7351 7250
f 7250 7351 7352 7251
f 7251 7352 7353 7252
f 7252 7353 7354 7253
usemtl terrain_seabed
f 7253 7354 7355 7254
f 7254 7355 7356 7255
f 7255 7356 7357 7256
f 7256 7357 7358 7257
f 7257 7358 7359 7258
f 7258 7359 7360 7259
f 7259 7360 7361 7260
f 7260 7361 7362 7261
f 7261 7362 7363 7262
f 7262 7363 7364 7263
f 7263 7364 7365 7264
f 7264 7365 7366 7265
f 7265 7366 7367 7266
f 7266 7367 7368 7267
f 7267 7368 7369 7268
f 7268 7369 7370 7269
f 7269 7370 7371 7270
f 7270 7371 7372 7271
f 7271 7372 7373 7272
f 7273 7374 7375 7274
f 7274 7375 7376 7275
f 7275 7376 7377 7276
f 7276 7377 7378 7277
f 7277 7378 7379 7278
f 7278 7379 7380 7279
f 7279 7380 7381 7280
f 7280 7381 7382 7281
f 7281 7382 7383 7282
f 7282 7383 7384 7283
f 7283 7384 7385 7284
f 7284 7385 7386 7285
f 7285 7386 7387 7286
f 7286 7387 7388 7287
f 7287 7388 7389 7288
f 7288 7389 7390 7289
f 7289 7390 7391 7290
f 7290 7391 7392 7291
f 7291 7392 7393 7292
f 7292 7393 7394 7293
usemtl terrain_sand
f 7293 7394 7395 7294
f 7294 7395 7396 7295
f 7295 7396 7397 7296
f 7296 7397 7398 7297
f 7297 7398 7399 7298
f 7298 7399 7400 7299
f 7299 7400 7401 7300
usemtl terrain_grass
f 7300 7401 7402 7301
f 7301 7402 7403 7302
f 7302 7403 7404 7303
f 7303 7404 7405 7304
f 7304 7405 7406 7305
f 7305 7406 7407 7306
f 7306 7407 7408 7307
f 7307 7408 7409 7308
f 7308 7409 7410 7309
f 7309 7410 7411 7310
f 7310 7411 7412 7311
f 7311 7412 7413 7312
f 7312 7413 7414 7313
usemtl terrain_rock_face
f 7313 7414 7415 7314
f 7314 7415 7416 7315
f 7315 7416 7417 7316
f 7316 7417 7418 7317
f 7317 7418 7419 7318
f 7318 7419 7420 7319
f 7319 7420 7421 7320
f 7320 7421 7422 7321
f 7321 7422 7423 7322
f 7322 7423 7424 7323
f 7323 7424 7425 7324
f 7324 7425 7426 7325
f 7325 7426 7427 7326
f 7326 7427 7428 7327
f 7327 7428 7429 7328
f 7328 7429 7430 7329
f 7329 7430 7431 7330
f 7330 7431 7432 7331
f 7331 7432 7433 7332
f 7332 7433 7434 7333
f 7333 7434 7435 7334
f 7334 7435 7436 7335
f 7335 7436 7437 7336
usemtl terrain_grass
f 7336 7437 7438 7337
f 7337 7438 7439 7338
f 7338 7439 7440 7339
f 7339 7440 7441 7340
f 7340 7441 7442 7341
f 7341 7442 7443 7342
f 7342 7443 7444 7343
f 7343 7444 7445 7344
f 7344 7445 7446 7345
f 7345 7446 7447 7346
f 7346 7447 7448 7347
f 7347 7448 7449 7348
f 7348 7449 7450 7349
f 7349 7450 7451 7350
f 7350 7451 7452 7351
f 7351 7452 7453 7352
f 7352 7453 7454 7353
f 7353 7454 7455 7354
usemtl terrain_seabed
f 7354 7455 7456 7355
f 7355 7456 7457 7356
f 7356 7457 7458 7357
f 7357 7458 7459 7358
f 7358 7459 7460 7359
f 7359 7460 7461 7360
f 7360 7461 7462 7361
f 7361 7462 7463 7362
f 7362 7463 7464 7363
f 7363 7464 7465 7364
f 7364 7465 7466 7365
f 7365 7466 7467 7366
f 7366 7467 7468 7367
f 7367 7468 7469 7368
f 7368 7469 7470 7369
f 7369 7470 7471 7370
f 7370 7471 7472 7371
f 7371 7472 7473 7372
f 7372 7473 7474 7373
f 7374 7475 7476 7375
f 7375 7476 7477 7376
f 7376 7477 7478 7377
f 7377 7478 7479 7378
f 7378 7479 7480 7379
f 7379 7480 7481 7380
f 7380 7481 7482 7381
f 7381 7482 7483 7382
f 7382 7483 7484 7383
f 7383 7484 7485 7384
f 7384 7485 7486 7385
f 7385 7486 7487 7386
f 7386 7487 7488 7387
f 7387 7488 7489 7388
f 7388 7489 7490 7389
f 7389 7490 7491 7390
f 7390 7491 7492 7391
f 7391 7492 7493 7392
f 7392 7493 7494 7393
f 7393 7494 7495 7394
f 7394 7495 7496 7395
usemtl terrain_sand
f 7395 7496 7497 7396
f 7396 7497 7498 7397
f 7397 7498 7499 7398
f 7398 7499 7500 7399
f 7399 7500 7501 7400
f 7400 7501 7502 7401
f 7401 7502 7503 7402
usemtl terrain_grass
f 7402 7503 7504 7403
f 7403 7504 7505 7404
f 7404 7505 7506 7405
f 7405 7506 7507 7406
f 7406 7507 7508 7407
f 7407 7508 7509 7408
f 7408 7509 7510 7409
f 7409 7510 7511 7410
f 7410 7511 7512 7411
f 7411 7512 7513 7412
f 7412 7513 7514 7413
f 7413 7514 7515 7414
f 7414 7515 7516 7415
usemtl terrain_rock_face
f 7415 7516 7517 7416
f 7416 7517 7518 7417
f 7417 7518 7519 7418
f 7418 7519 7520 7419
f 7419 7520 7521 7420
f 7420 7521 7522 7421
f 7421 7522 7523 7422
f 7422 7523 7524 7423
f 7423 7524 7525 7424
f 7424 7525 7526 7425
f 7425 7526 7527 7426
f 7426 7527 7528 7427
f 7427 7528 7529 7428
f 7428 7529 7530 7429
f 7429 7530 7531 7430
f 7430 7531 7532 7431
f 7431 7532 7533 7432
f 7432 7533 7534 7433
f 7433 7534 7535 7434
f 7434 7535 7536 7435
f 7435 7536 7537 7436
f 7436 7537 7538 7437
usemtl terrain_grass
f 7437 7538 7539 7438
f 7438 7539 7540 7439
f 7439 7540 7541 7440
f 7440 7541 7542 7441
f 7441 7542 7543 7442
f 7442 7543 7544 7443
f 7443 7544 7545 7444
f 7444 7545 7546 7445
f 7445 7546 7547 7446
f 7446 7547 7548 7447
f 7447 7548 7549 7448
f 7448 7549 7550 7449
f 7449 7550 7551 7450
f 7450 7551 7552 7451
f 7451 7552 7553 7452
f 7452 7553 7554 7453
f 7453 7554 7555 7454
f 7454 7555 7556 7455
usemtl terrain_seabed
f 7455 7556 7557 7456
f 7456 7557 7558 7457
f 7457 7558 7559 7458
f 7458 7559 7560 7459
f 7459 7560 7561 7460
f 7460 7561 7562 7461
f 7461 7562 7563 7462
f 7462 7563 7564 7463
f 7463 7564 7565 7464
f 7464 7565 7566 7465
f 7465 7566 7567 7466
f 7466 7567 7568 7467
f 7467 7568 7569 7468
f 7468 7569 7570 7469
f 7469 7570 7571 7470
f 7470 7571 7572 7471
f 7471 7572 7573 7472
f 7472 7573 7574 7473
f 7473 7574 7575 7474
f 7475 7576 7577 7476
f 7476 7577 7578 7477
f 7477 7578 7579 7478
f 7478 7579 7580 7479
f 7479 7580 7581 7480
f 7480 7581 7582 7481
f 7481 7582 7583 7482
f 7482 7583 7584 7483
f 7483 7584 7585 7484
f 7484 7585 7586 7485
f 7485 7586 7587 7486
f 7486 7587 7588 7487
f 7487 7588 7589 7488
f 7488 7589 7590 7489
f 7489 7590 7591 7490
f 7490 7591 7592 7491
f 7491 7592 7593 7492
f 7492 7593 7594 7493
f 7493 7594 7595 7494
f 7494 7595 7596 7495
f 7495 7596 7597 7496
f 7496 7597 7598 7497
usemtl terrain_sand
f 7497 7598 7599 7498
f 7498 7599 7600 7499
f 7499 7600 7601 7500
f 7500 7601 7602 7501
usemtl terrain_grass
f 7501 7602 7603 7502
f 7502 7603 7604 7503
f 7503 7604 7605 7504
f 7504 7605 7606 7505
f 7505 7606 7607 7506
f 7506 7607 7608 7507
f 7507 7608 7609 7508
f 7508 7609 7610 7509
f 7509 7610 7611 7510
f 7510 7611 7612 7511
f 7511 7612 7613 7512
f 7512 7613 7614 7513
f 7513 7614 7615 7514
f 7514 7615 7616 7515
f 7515 7616 7617 7516
usemtl terrain_rock_face
f 7516 7617 7618 7517
f 7517 7618 7619 7518
f 7518 7619 7620 7519
f 7519 7620 7621 7520
f 7520 7621 7622 7521
f 7521 7622 7623 7522
f 7522 7623 7624 7523
f 7523 7624 7625 7524
f 7524 7625 7626 7525
f 7525 7626 7627 7526
f 7526 7627 7628 7527
f 7527 7628 7629 7528
f 7528 7629 7630 7529
f 7529 7630 7631 7530
f 7530 7631 7632 7531
f 7531 7632 7633 7532
f 7532 7633 7634 7533
f 7533 7634 7635 7534
f 7534 7635 7636 7535
f 7535 7636 7637 7536
f 7536 7637 7638 7537
usemtl terrain_grass
f 7537 7638 7639 7538
f 7538 7639 7640 7539
f 7539 7640 7641 7540
f 7540 7641 7642 7541
f 7541 7642 7643 7542
f 7542 7643 7644 7543
f 7543 7644 7645 7544
f 7544 7645 7646 7545
f 7545 7646 7647 7546
f 7546 7647 7648 7547
f 7547 7648 7649 7548
f 7548 7649 7650 7549
f 7549 7650 7651 7550
f 7550 7651 7652 7551
f 7551 7652 7653 7552
f 7552 7653 7654 7553
f 7553 7654 7655 7554
f 7554 7655 7656 7555
f 7555 7656 7657 7556
usemtl terrain_seabed
f 7556 7657 7658 7557
f 7557 7658 7659 7558
f 7558 7659 7660 7559
f 7559 7660 7661 7560
f 7560 7661 7662 7561
f 7561 7662 7663 7562
f 7562 7663 7664 7563
f 7563 7664 7665 7564
f 7564 7665 7666 7565
f 7565 7666 7667 7566
f 7566 7667 7668 7567
f 7567 7668 7669 7568
f 7568 7669 7670 7569
f 7569 7670 7671 7570
f 7570 7671 7672 7571
f 7571 7672 7673 7572
f 7572 7673 7674 7573
f 7573 7674 7675 7574
f 7574 7675 7676 7575
f 7576 7677 7678 7577
f 7577 7678 7679 7578
f 7578 7679 7680 7579
f 7579 7680 7681 7580
f 7580 7681 7682 7581
f 7581 7682 7683 7582
f 7582 7683 7684 7583
f 7583 7684 7685 7584
f 7584 7685 7686 7585
f 7585 7686 7687 7586
f 7586 7687 7688 7587
f 7587 7688 7689 7588
f 7588 7689 7690 7589
f 7589 7690 7691 7590
f 7590 7691 7692 7591
f 7591 7692 7693 7592
f 7592 7693 7694 7593
f 7593 7694 7695 7594
f 7594 7695 7696 7595
f 7595 7696 7697 7596
f 7596 7697 7698 7597
f 7597 7698 7699 7598
usemtl terrain_sand
f 7598 7699 7700 7599
f 7599 7700 7701 7600
usemtl terrain_grass
f 7600 7701 7702 7601
f 7601 7702 7703 7602
f 7602 7703 7704 7603
f 7603 7704 7705 7604
f 7604 7705 7706 7605
f 7605 7706 7707 7606
f 7606 7707 7708 7607
f 7607 7708 7709 7608
f 7608 7709 7710 7609
f 7609 7710 7711 7610
f 7610 7711 7712 7611
f 7611 7712 7713 7612
f 7612 7713 7714 7613
f 7613 7714 7715 7614
f 7614 7715 7716 7615
f 7615 7716 7717 7616
f 7616 7717 7718 7617
f 7617 7718 7719 7618
usemtl terrain_rock_face
f 7618 7719 7720 7619
f 7619 7720 7721 7620
f 7620 7721 7722 7621
f 7621 7722 7723 7622
f 7622 7723 7724 7623
f 7623 7724 7725 7624
f 7624 7725 7726 7625
f 7625 7726 7727 7626
f 7626 7727 7728 7627
f 7627 7728 7729 7628
f 7628 7729 7730 7629
f 7629 7730 7731 7630
f 7630 7731 7732 7631
f 7631 7732 7733 7632
f 7632 7733 7734 7633
f 7633 7734 7735 7634
f 7634 7735 7736 7635
f 7635 7736 7737 7636
f 7636 7737 7738 7637
usemtl terrain_grass
f 7637 7738 7739 7638
f 7638 7739 7740 7639
f 7639 7740 7741 7640
f 7640 7741 7742 7641
f 7641 7742 7743 7642
f 7642 7743 7744 7643
f 7643 7744 7745 7644
f 7644 7745 7746 7645
f 7645 7746 7747 7646
f 7646 7747 7748 7647
f 7647 7748 7749 7648
f 7648 7749 7750 7649
f 7649 7750 7751 7650
f 7650 7751 7752 7651
f 7651 7752 7753 7652
f 7652 7753 7754 7653
f 7653 7754 7755 7654
f 7654 7755 7756 7655
f 7655 7756 7757 7656
usemtl terrain_seabed
f 7656 7757 7758 7657
f 7657 7758 7759 7658
f 7658 7759 7760 7659
f 7659 7760 7761 7660
f 7660 7761 7762 7661
f 7661 7762 7763 7662
f 7662 7763 7764 7663
f 7663 7764 7765 7664
f 7664 7765 7766 7665
f 7665 7766 7767 7666
f 7666 7767 7768 7667
f 7667 7768 7769 7668
f 7668 7769 7770 7669
f 7669 7770 7771 7670
f 7670 7771 7772 7671
f 7671 7772 7773 7672
f 7672 7773 7774 7673
f 7673 7774 7775 7674
f 7674 7775 7776 7675
f 7675 7776 7777 7676
f 7677 7778 7779 7678
f 7678 7779 7780 7679
f 7679 7780 7781 7680
f 7680 7781 7782 7681
f 7681 7782 7783 7682
f 7682 7783 7784 7683
f 7683 7784 7785 7684
f 7684 7785 7786 7685
f 7685 7786 7787 7686
f 7686 7787 7788 7687
f 7687 7788 7789 7688
f 7688 7789 7790 7689
f 7689 7790 7791 7690
f 7690 7791 7792 7691
f 7691 7792 7793 7692
f 7692 7793 7794 7693
f 7693 7794 7795 7694
f 7694 7795 7796 7695
f 7695 7796 7797 7696
f 7696 7797 7798 7697
f 7697 7798 7799 7698
f 7698 7799 7800 7699
f 7699 7800 7801 7700
usemtl terrain_grass
f 7700 7801 7802 7701
f 7701 7802 7803 7702
f 7702 7803 7804 7703
f 7703 7804 7805 7704
f 7704 7805 7806 7705
f 7705 7806 7807 7706
f 7706 7807 7808 7707
f 7707 7808 7809 7708
f 7708 7809 7810 7709
f 7709 7810 7811 7710
f 7710 7811 7812 7711
f 7711 7812 7813 7712
f 7712 7813 7814 7713
f 7713 7814 7815 7714
f 7714 7815 7816 7715
f 7715 7816 7817 7716
f 7716 7817 7818 7717
f 7717 7818 7819 7718
f 7718 7819 7820 7719
usemtl terrain_rock_face
f 7719 7820 7821 7720
f 7720 7821 7822 7721
f 7721 7822 7823 7722
f 7722 7823 7824 7723
f 7723 7824 7825 7724
f 7724 7825 7826 7725
f 7725 7826 7827 7726
f 7726 7827 7828 7727
f 7727 7828 7829 7728
f 7728 7829 7830 7729
f 7729 7830 7831 7730
f 7730 7831 7832 7731
f 7731 7832 7833 7732
f 7732 7833 7834 7733
f 7733 7834 7835 7734
f 7734 7835 7836 7735
f 7735 7836 7837 7736
f 7736 7837 7838 7737
usemtl terrain_grass
f 7737 7838 7839 7738
f 7738 7839 7840 7739
f 7739 7840 7841 7740
f 7740 7841 7842 7741
f 7741 7842 7843 7742
f 7742 7843 7844 7743
f 7743 7844 7845 7744
f 7744 7845 7846 7745
f 7745 7846 7847 7746
f 7746 7847 7848 7747
f 7747 7848 7849 7748
f 7748 7849 7850 7749
f 7749 7850 7851 7750
f 7750 7851 7852 7751
f 7751 7852 7853 7752
f 7752 7853 7854 7753
f 7753 7854 7855 7754
f 7754 7855 7856 7755
f 7755 7856 7857 7756
f 7756 7857 7858 7757
usemtl terrain_seabed
f 7757 7858 7859 7758
f 7758 7859 7860 7759
f 7759 7860 7861 7760
f 7760 7861 7862 7761
f 7761 7862 7863 7762
f 7762 7863 7864 7763
f 7763 7864 7865 7764
f 7764 7865 7866 7765
f 7765 7866 7867 7766
f 7766 7867 7868 7767
f 7767 7868 7869 7768
f 7768 7869 7870 7769
f 7769 7870 7871 7770
f 7770 7871 7872 7771
f 7771 7872 7873 7772
f 7772 7873 7874 7773
f 7773 7874 7875 7774
f 7774 7875 7876 7775
f 7775 7876 7877 7776
f 7776 7877 7878 7777
f 7778 7879 7880 7779
f 7779 7880 7881 7780
f 7780 7881 7882 7781
f 7781 7882 7883 7782
f 7782 7883 7884 7783
f 7783 7884 7885 7784
f 7784 7885 7886 7785
f 7785 7886 7887 7786
f 7786 7887 7888 7787
f 7787 7888 7889 7788
f 7788 7889 7890 7789
f 7789 7890 7891 7790
f 7790 7891 7892 7791
f 7791 7892 7893 7792
f 7792 7893 7894 7793
f 7793 7894 7895 7794
f 7794 7895 7896 7795
f 7795 7896 7897 7796
f 7796 7897 7898 7797
f 7797 7898 7899 7798
f 7798 7899 7900 7799
f 7799 7900 7901 7800
f 7800 7901 7902 7801
usemtl terrain_grass
f 7801 7902 7903 7802
f 7802 7903 7904 7803
f 7803 7904 7905 7804
f 7804 7905 7906 7805
f 7805 7906 7907 7806
f 7806 7907 7908 7807
f 7807 7908 7909 7808
f 7808 7909 7910 7809
f 7809 7910 7911 7810
f 7810 7911 7912 7811
f 7811 7912 7913 7812
f 7812 7913 7914 7813
f 7813 7914 7915 7814
f 7814 7915 7916 7815
f 7815 7916 7917 7816
f 7816 7917 7918 7817
f 7817 7918 7919 7818
f 7818 7919 7920 7819
f 7819 7920 7921 7820
usemtl terrain_rock_face
f 7820 7921 7922 7821
f 7821 7922 7923 7822
f 7822 7923 7924 7823
f 7823 7924 7925 7824
f 7824 7925 7926 7825
f 7825 7926 7927 7826
f 7826 7927 7928 7827
f 7827 7928 7929 7828
f 7828 7929 7930 7829
f 7829 7930 7931 7830
f 7830 7931 7932 7831
f 7831 7932 7933 7832
f 7832 7933 7934 7833
f 7833 7934 7935 7834
f 7834 7935 7936 7835
f 7835 7936 7937 7836
f 7836 7937 7938 7837
f 7837 7938 7939 7838
usemtl terrain_grass
f 7838 7939 7940 7839
f 7839 7940 7941 7840
f 7840 7941 7942 7841
f 7841 7942 7943 7842
f 7842 7943 7944 7843
f 7843 7944 7945 7844
f 7844 7945 7946 7845
f 7845 7946 7947 7846
f 7846 7947 7948 7847
f 7847 7948 7949 7848
f 7848 7949 7950 7849
f 7849 7950 7951 7850
f 7850 7951 7952 7851
f 7851 7952 7953 7852
f 7852 7953 7954 7853
f 7853 7954 7955 7854
f 7854 7955 7956 7855
f 7855 7956 7957 7856
f 7856 7957 7958 7857
usemtl terrain_seabed
f 7857 7958 7959 7858
f 7858 7959 7960 7859
f 7859 7960 7961 7860
f 7860 7961 7962 7861
f 7861 7962 7963 7862
f 7862 7963 7964 7863
f 7863 7964 7965 7864
f 7864 7965 7966 7865
f 7865 7966 7967 7866
f 7866 7967 7968 7867
f 7867 7968 7969 7868
f 7868 7969 7970 7869
f 7869 7970 7971 7870
f 7870 7971 7972 7871
f 7871 7972 7973 7872
f 7872 7973 7974 7873
f 7873 7974 7975 7874
f 7874 7975 7976 7875
f 7875 7976 7977 7876
f 7876 7977 7978 7877
f 7877 7978 7979 7878
f 7879 7980 7981 7880
f 7880 7981 7982 7881
f 7881 7982 7983 7882
f 7882 7983 7984 7883
f 7883 7984 7985 7884
f 7884 7985 7986 7885
f 7885 7986 7987 7886
f 7886 7987 7988 7887
f 7887 7988 7989 7888
f 7888 7989 7990 7889
f 7889 7990 7991 7890
f 7890 7991 7992 7891
f 7891 7992 7993 7892
f 7892 7993 7994 7893
f 7893 7994 7995 7894
f 7894 7995 7996 7895
f 7895 7996 7997 7896
f 7896 7997 7998 7897
f 7897 7998 7999 7898
f 7898 7999 8000 7899
f 7899 8000 8001 7900
f 7900 8001 8002 7901
f 7901 8002 8003 7902
f 7902 8003 8004 7903
usemtl terrain_grass
f 7903 8004 8005 7904
f 7904 8005 8006 7905
f 7905 8006 8007 7906
f 7906 8007 8008 7907
f 7907 8008 8009 7908
f 7908 8009 8010 7909
f 7909 8010 8011 7910
f 7910 8011 8012 7911
f 7911 8012 8013 7912
f 7912 8013 8014 7913
f 7913 8014 8015 7914
f 7914 8015 8016 7915
f 7915 8016 8017 7916
f 7916 8017 8018 7917
f 7917 8018 8019 7918
f 7918 8019 8020 7919
f 7919 8020 8021 7920
f 7920 8021 8022 7921
f 7921 8022 8023 7922
usemtl terrain_rock_face
f 7922 8023 8024 7923
f 7923 8024 8025 7924
f 7924 8025 8026 7925
f 7925 8026 8027 7926
f 7926 8027 8028 7927
f 7927 8028 8029 7928
f 7928 8029 8030 7929
f 7929 8030 8031 7930
f 7930 8031 8032 7931
f 7931 8032 8033 7932
f 7932 8033 8034 7933
f 7933 8034 8035 7934
f 7934 8035 8036 7935
f 7935 8036 8037 7936
f 7936 8037 8038 7937
f 7937 8038 8039 7938
usemtl terrain_grass
f 7938 8039 8040 7939
f 7939 8040 8041 7940
f 7940 8041 8042 7941
f 7941 8042 8043 7942
f 7942 8043 8044 7943
f 7943 8044 8045 7944
f 7944 8045 8046 7945
f 7945 8046 8047 7946
f 7946 8047 8048 7947
f 7947 8048 8049 7948
f 7948 8049 8050 7949
f 7949 8050 8051 7950
f 7950 8051 8052 7951
f 7951 8052 8053 7952
f 7952 8053 8054 7953
f 7953 8054 8055 7954
f 7954 8055 8056 7955
f 7955 8056 8057 7956
f 7956 8057 8058 7957
usemtl terrain_seabed
f 7957 8058 8059 7958
f 7958 8059 8060 7959
f 7959 8060 8061 7960
f 7960 8061 8062 7961
f 7961 8062 8063 7962
f 7962 8063 8064 7963
f 7963 8064 8065 7964
f 7964 8065 8066 7965
f 7965 8066 8067 7966
f 7966 8067 8068 7967
f 7967 8068 8069 7968
f 7968 8069 8070 7969
f 7969 8070 8071 7970
f 7970 8071 8072 7971
f 7971 8072 8073 7972
f 7972 8073 8074 7973
f 7973 8074 8075 7974
f 7974 8075 8076 7975
f 7975 8076 8077 7976
f 7976 8077 8078 7977
f 7977 8078 8079 7978
f 7978 8079 8080 7979
f 7980 8081 8082 7981
f 7981 8082 8083 7982
f 7982 8083 8084 7983
f 7983 8084 8085 7984
f 7984 8085 8086 7985
f 7985 8086 8087 7986
f 7986 8087 8088 7987
f 7987 8088 8089 7988
f 7988 8089 8090 7989
f 7989 8090 8091 7990
f 7990 8091 8092 7991
f 7991 8092 8093 7992
f 7992 8093 8094 7993
f 7993 8094 8095 7994
f 7994 8095 8096 7995
f 7995 8096 8097 7996
f 7996 8097 8098 7997
f 7997 8098 8099 7998
f 7998 8099 8100 7999
f 7999 8100 8101 8000
f 8000 8101 8102 8001
f 8001 8102 8103 8002
f 8002 8103 8104 8003
f 8003 8104 8105 8004
f 8004 8105 8106 8005
usemtl terrain_grass
f 8005 8106 8107 8006
f 8006 8107 8108 8007
f 8007 8108 8109 8008
f 8008 8109 8110 8009
f 8009 8110 8111 8010
f 8010 8111 8112 8011
f 8011 8112 8113 8012
f 8012 8113 8114 8013
f 8013 8114 8115 8014
f 8014 8115 8116 8015
f 8015 8116 8117 8016
f 8016 8117 8118 8017
f 8017 8118 8119 8018
f 8018 8119 8120 8019
f 8019 8120 8121 8020
f 8020 8121 8122 8021
f 8021 8122 8123 8022
f 8022 8123 8124 8023
f 8023 8124 8125 8024
usemtl terrain_rock_face
f 8024 8125 8126 8025
f 8025 8126 8127 8026
f 8026 8127 8128 8027
f 8027 8128 8129 8028
f 8028 8129 8130 8029
f 8029 8130 8131 8030
f 8030 8131 8132 8031
f 8031 8132 8133 8032
f 8032 8133 8134 8033
f 8033 8134 8135 8034
f 8034 8135 8136 8035
f 8035 8136 8137 8036
f 8036 8137 8138 8037
f 8037 8138 8139 8038
f 8038 8139 8140 8039
usemtl terrain_grass
f 8039 8140 8141 8040
f 8040 8141 8142 8041
f 8041 8142 8143 8042
f 8042 8143 8144 8043
f 8043 8144 8145 8044
f 8044 8145 8146 8045
f 8045 8146 8147 8046
f 8046 8147 8148 8047
f 8047 8148 8149 8048
f 8048 8149 8150 8049
f 8049 8150 8151 8050
f 8050 8151 8152 8051
f 8051 8152 8153 8052
f 8052 8153 8154 8053
f 8053 8154 8155 8054
f 8054 8155 8156 8055
f 8055 8156 8157 8056
f 8056 8157 8158 8057
usemtl terrain_seabed
f 8057 8158 8159 8058
f 8058 8159 8160 8059
f 8059 8160 8161 8060
f 8060 8161 8162 8061
f 8061 8162 8163 8062
f 8062 8163 8164 8063
f 8063 8164 8165 8064
f 8064 8165 8166 8065
f 8065 8166 8167 8066
f 8066 8167 8168 8067
f 8067 8168 8169 8068
f 8068 8169 8170 8069
f 8069 8170 8171 8070
f 8070 8171 8172 8071
f 8071 8172 8173 8072
f 8072 8173 8174 8073
f 8073 8174 8175 8074
f 8074 8175 8176 8075
f 8075 8176 8177 8076
f 8076 8177 8178 8077
f 8077 8178 8179 8078
f 8078 8179 8180 8079
f 8079 8180 8181 8080
f 8081 8182 8183 8082
f 8082 8183 8184 8083
f 8083 8184 8185 8084
f 8084 8185 8186 8085
f 8085 8186 8187 8086
f 8086 8187 8188 8087
f 8087 8188 8189 8088
f 8088 8189 8190 8089
f 8089 8190 8191 8090
f 8090 8191 8192 8091
f 8091 8192 8193 8092
f 8092 8193 8194 8093
f 8093 8194 8195 8094
f 8094 8195 8196 8095
f 8095 8196 8197 8096
f 8096 8197 8198 8097
f 8097 8198 8199 8098
f 8098 8199 8200 8099
f 8099 8200 8201 8100
f 8100 8201 8202 8101
f 8101 8202 8203 8102
f 8102 8203 8204 8103
f 8103 8204 8205 8104
f 8104 8205 8206 8105
f 8105 8206 8207 8106
f 8106 8207 8208 8107
f 8107 8208 8209 8108
usemtl terrain_grass
f 8108 8209 8210 8109
f 8109 8210 8211 8110
f 8110 8211 8212 8111
f 8111 8212 8213 8112
f 8112 8213 8214 8113
f 8113 8214 8215 8114
f 8114 8215 8216 8115
f 8115 8216 8217 8116
f 8116 8217 8218 8117
f 8117 8218 8219 8118
f 8118 8219 8220 8119
f 8119 8220 8221 8120
f 8120 8221 8222 8121
f 8121 8222 8223 8122
f 8122 8223 8224 8123
f 8123 8224 8225 8124
f 8124 8225 8226 8125
f 8125 8226 8227 8126
usemtl terrain_rock_face
f 8126 8227 8228 8127
f 8127 8228 8229 8128
f 8128 8229 8230 8129
f 8129 8230 8231 8130
f 8130 8231 8232 8131
f 8131 8232 8233 8132
f 8132 8233 8234 8133
f 8133 8234 8235 8134
f 8134 8235 8236 8135
f 8135 8236 8237 8136
f 8136 8237 8238 8137
f 8137 8238 8239 8138
f 8138 8239 8240 8139
usemtl terrain_grass
f 8139 8240 8241 8140
f 8140 8241 8242 8141
f 8141 8242 8243 8142
f 8142 8243 8244 8143
f 8143 8244 8245 8144
f 8144 8245 8246 8145
f 8145 8246 8247 8146
f 8146 8247 8248 8147
f 8147 8248 8249 8148
f 8148 8249 8250 8149
f 8149 8250 8251 8150
f 8150 8251 8252 8151
f 8151 8252 8253 8152
f 8152 8253 8254 8153
f 8153 8254 8255 8154
f 8154 8255 8256 8155
f 8155 8256 8257 8156
f 8156 8257 8258 8157
f 8157 8258 8259 8158
usemtl terrain_seabed
f 8158 8259 8260 8159
f 8159 8260 8261 8160
f 8160 8261 8262 8161
f 8161 8262 8263 8162
f 8162 8263 8264 8163
f 8163 8264 8265 8164
f 8164 8265 8266 8165
f 8165 8266 8267 8166
f 8166 8267 8268 8167
f 8167 8268 8269 8168
f 8168 8269 8270 8169
f 8169 8270 8271 8170
f 8170 8271 8272 8171
f 8171 8272 8273 8172
f 8172 8273 8274 8173
f 8173 8274 8275 8174
f 8174 8275 8276 8175
f 8175 8276 8277 8176
f 8176 8277 8278 8177
f 8177 8278 8279 8178
f 8178 8279 8280 8179
f 8179 8280 8281 8180
f 8180 8281 8282 8181
f 8182 8283 8284 8183
f 8183 8284 8285 8184
f 8184 8285 8286 8185
f 8185 8286 8287 8186
f 8186 8287 8288 8187
f 8187 8288 8289 8188
f 8188 8289 8290 8189
f 8189 8290 8291 8190
f 8190 8291 8292 8191
f 8191 8292 8293 8192
f 8192 8293 8294 8193
f 8193 8294 8295 8194
f 8194 8295 8296 8195
f 8195 8296 8297 8196
f 8196 8297 8298 8197
f 8197 8298 8299 8198
f 8198 8299 8300 8199
f 8199 8300 8301 8200
f 8200 8301 8302 8201
f 8201 8302 8303 8202
f 8202 8303 8304 8203
f 8203 8304 8305 8204
f 8204 8305 8306 8205
f 8205 8306 8307 8206
f 8206 8307 8308 8207
f 8207 8308 8309 8208
f 8208 8309 8310 8209
f 8209 8310 8311 8210
f 8210 8311 8312 8211
usemtl terrain_grass
f 8211 8312 8313 8212
f 8212 8313 8314 8213
f 8213 8314 8315 8214
f 8214 8315 8316 8215
f 8215 8316 8317 8216
f 8216 8317 8318 8217
f 8217 8318 8319 8218
f 8218 8319 8320 8219
f 8219 8320 8321 8220
f 8220 8321 8322 8221
f 8221 8322 8323 8222
f 8222 8323 8324 8223
f 8223 8324 8325 8224
f 8224 8325 8326 8225
f 8225 8326 8327 8226
f 8226 8327 8328 8227
f 8227 8328 8329 8228
usemtl terrain_rock_face
f 8228 8329 8330 8229
f 8229 8330 8331 8230
f 8230 8331 8332 8231
f 8231 8332 8333 8232
f 8232 8333 8334 8233
f 8233 8334 8335 8234
f 8234 8335 8336 8235
f 8235 8336 8337 8236
f 8236 8337 8338 8237
f 8237 8338 8339 8238
f 8238 8339 8340 8239
f 8239 8340 8341 8240
usemtl terrain_grass
f 8240 8341 8342 8241
f 8241 8342 8343 8242
f 8242 8343 8344 8243
f 8243 8344 8345 8244
f 8244 8345 8346 8245
f 8245 8346 8347 8246
f 8246 8347 8348 8247
f 8247 8348 8349 8248
f 8248 8349 8350 8249
f 8249 8350 8351 8250
f 8250 8351 8352 8251
f 8251 8352 8353 8252
f 8252 8353 8354 8253
f 8253 8354 8355 8254
f 8254 8355 8356 8255
f 8255 8356 8357 8256
f 8256 8357 8358 8257
f 8257 8358 8359 8258
usemtl terrain_seabed
f 8258 8359 8360 8259
f 8259 8360 8361 8260
f 8260 8361 8362 8261
f 8261 8362 8363 8262
f 8262 8363 8364 8263
f 8263 8364 8365 8264
f 8264 8365 8366 8265
f 8265 8366 8367 8266
f 8266 8367 8368 8267
f 8267 8368 8369 8268
f 8268 8369 8370 8269
f 8269 8370 8371 8270
f 8270 8371 8372 8271
f 8271 8372 8373 8272
f 8272 8373 8374 8273
f 8273 8374 8375 8274
f 8274 8375 8376 8275
f 8275 8376 8377 8276
f 8276 8377 8378 8277
f 8277 8378 8379 8278
f 8278 8379 8380 8279
f 8279 8380 8381 8280
f 8280 8381 8382 8281
f 8281 8382 8383 8282
f 8283 8384 8385 8284
f 8284 8385 8386 8285
f 8285 8386 8387 8286
f 8286 8387 8388 8287
f 8287 8388 8389 8288
f 8288 8389 8390 8289
f 8289 8390 8391 8290
f 8290 8391 8392 8291
f 8291 8392 8393 8292
f 8292 8393 8394 8293
f 8293 8394 8395 8294
f 8294 8395 8396 8295
f 8295 8396 8397 8296
f 8296 8397 8398 8297
f 8297 8398 8399 8298
f 8298 8399 8400 8299
f 8299 8400 8401 8300
f 8300 8401 8402 8301
f 8301 8402 8403 8302
f 8302 8403 8404 8303
f 8303 8404 8405 8304
f 8304 8405 8406 8305
f 8305 8406 8407 8306
f 8306 8407 8408 8307
f 8307 8408 8409 8308
f 8308 8409 8410 8309
f 8309 8410 8411 8310
f 8310 8411 8412 8311
f 8311 8412 8413 8312
f 8312 8413 8414 8313
f 8313 8414 8415 8314
usemtl terrain_grass
f 8314 8415 8416 8315
f 8315 8416 8417 8316
f 8316 8417 8418 8317
f 8317 8418 8419 8318
f 8318 8419 8420 8319
f 8319 8420 8421 8320
f 8320 8421 8422 8321
f 8321 8422 8423 8322
f 8322 8423 8424 8323
f 8323 8424 8425 8324
f 8324 8425 8426 8325
f 8325 8426 8427 8326
f 8326 8427 8428 8327
f 8327 8428 8429 8328
f 8328 8429 8430 8329
f 8329 8430 8431 8330
usemtl terrain_rock_face
f 8330 8431 8432 8331
f 8331 8432 8433 8332
f 8332 8433 8434 8333
f 8333 8434 8435 8334
f 8334 8435 8436 8335
f 8335 8436 8437 8336
f 8336 8437 8438 8337
f 8337 8438 8439 8338
f 8338 8439 8440 8339
f 8339 8440 8441 8340
f 8340 8441 8442 8341
usemtl terrain_grass
f 8341 8442 8443 8342
f 8342 8443 8444 8343
f 8343 8444 8445 8344
f 8344 8445 8446 8345
f 8345 8446 8447 8346
f 8346 8447 8448 8347
f 8347 8448 8449 8348
f 8348 8449 8450 8349
f 8349 8450 8451 8350
f 8350 8451 8452 8351
f 8351 8452 8453 8352
f 8352 8453 8454 8353
f 8353 8454 8455 8354
f 8354 8455 8456 8355
f 8355 8456 8457 8356
f 8356 8457 8458 8357
f 8357 8458 8459 8358
usemtl terrain_seabed
f 8358 8459 8460 8359
f 8359 8460 8461 8360
f 8360 8461 8462 8361
f 8361 8462 8463 8362
f 8362 8463 8464 8363
f 8363 8464 8465 8364
f 8364 8465 8466 8365
f 8365 8466 8467 8366
f 8366 8467 8468 8367
f 8367 8468 8469 8368
f 8368 8469 8470 8369
f 8369 8470 8471 8370
f 8370 8471 8472 8371
f 8371 8472 8473 8372
f 8372 8473 8474 8373
f 8373 8474 8475 8374
f 8374 8475 8476 8375
f 8375 8476 8477 8376
f 8376 8477 8478 8377
f 8377 8478 8479 8378
f 8378 8479 8480 8379
f 8379 8480 8481 8380
f 8380 8481 8482 8381
f 8381 8482 8483 8382
f 8382 8483 8484 8383
f 8384 8485 8486 8385
f 8385 8486 8487 8386
f 8386 8487 8488 8387
f 8387 8488 8489 8388
f 8388 8489 8490 8389
f 8389 8490 8491 8390
f 8390 8491 8492 8391
f 8391 8492 8493 8392
f 8392 8493 8494 8393
f 8393 8494 8495 8394
f 8394 8495 8496 8395
f 8395 8496 8497 8396
f 8396 8497 8498 8397
f 8397 8498 8499 8398
f 8398 8499 8500 8399
f 8399 8500 8501 8400
f 8400 8501 8502 8401
f 8401 8502 8503 8402
f 8402 8503 8504 8403
f 8403 8504 8505 8404
f 8404 8505 8506 8405
f 8405 8506 8507 8406
f 8406 8507 8508 8407
f 8407 8508 8509 8408
f 8408 8509 8510 8409
f 8409 8510 8511 8410
f 8410 8511 8512 8411
f 8411 8512 8513 8412
f 8412 8513 8514 8413
f 8413 8514 8515 8414
f 8414 8515 8516 8415
f 8415 8516 8517 8416
usemtl terrain_grass
f 8416 8517 8518 8417
f 8417 8518 8519 8418
f 8418 8519 8520 8419
f 8419 8520 8521 8420
f 8420 8521 8522 8421
f 8421 8522 8523 8422
f 8422 8523 8524 8423
f 8423 8524 8525 8424
f 8424 8525 8526 8425
f 8425 8526 8527 8426
f 8426 8527 8528 8427
f 8427 8528 8529 8428
f 8428 8529 8530 8429
f 8429 8530 8531 8430
f 8430 8531 8532 8431
f 8431 8532 8533 8432
usemtl terrain_rock_face
f 8432 8533 8534 8433
f 8433 8534 8535 8434
f 8434 8535 8536 8435
f 8435 8536 8537 8436
f 8436 8537 8538 8437
f 8437 8538 8539 8438
f 8438 8539 8540 8439
f 8439 8540 8541 8440
f 8440 8541 8542 8441
usemtl terrain_grass
f 8441 8542 8543 8442
f 8442 8543 8544 8443
f 8443 8544 8545 8444
f 8444 8545 8546 8445
f 8445 8546 8547 8446
f 8446 8547 8548 8447
f 8447 8548 8549 8448
f 8448 8549 8550 8449
f 8449 8550 8551 8450
f 8450 8551 8552 8451
f 8451 8552 8553 8452
f 8452 8553 8554 8453
f 8453 8554 8555 8454
f 8454 8555 8556 8455
f 8455 8556 8557 8456
f 8456 8557 8558 8457
f 8457 8558 8559 8458
f 8458 8559 8560 8459
usemtl terrain_seabed
f 8459 8560 8561 8460
f 8460 8561 8562 8461
f 8461 8562 8563 8462
f 8462 8563 8564 8463
f 8463 8564 8565 8464
f 8464 8565 8566 8465
f 8465 8566 8567 8466
f 8466 8567 8568 8467
f 8467 8568 8569 8468
f 8468 8569 8570 8469
f 8469 8570 8571 8470
f 8470 8571 8572 8471
f 8471 8572 8573 8472
f 8472 8573 8574 8473
f 8473 8574 8575 8474
f 8474 8575 8576 8475
f 8475 8576 8577 8476
f 8476 8577 8578 8477
f 8477 8578 8579 8478
f 8478 8579 8580 8479
f 8479 8580 8581 8480
f 8480 8581 8582 8481
f 8481 8582 8583 8482
f 8482 8583 8584 8483
f 8483 8584 8585 8484
f 8485 8586 8587 8486
f 8486 8587 8588 8487
f 8487 8588 8589 8488
f 8488 8589 8590 8489
f 8489 8590 8591 8490
f 8490 8591 8592 8491
f 8491 8592 8593 8492
f 8492 8593 8594 8493
f 8493 8594 8595 8494
f 8494 8595 8596 8495
f 8495 8596 8597 8496
f 8496 8597 8598 8497
f 8497 8598 8599 8498
f 8498 8599 8600 8499
f 8499 8600 8601 8500
f 8500 8601 8602 8501
f 8501 8602 8603 8502
f 8502 8603 8604 8503
f 8503 8604 8605 8504
f 8504 8605 8606 8505
f 8505 8606 8607 8506
f 8506 8607 8608 8507
f 8507 8608 8609 8508
f 8508 8609 8610 8509
f 8509 8610 8611 8510
f 8510 8611 8612 8511
f 8511 8612 8613 8512
f 8512 8613 8614 8513
f 8513 8614 8615 8514
f 8514 8615 8616 8515
f 8515 8616 8617 8516
f 8516 8617 8618 8517
usemtl terrain_grass
f 8517 8618 8619 8518
f 8518 8619 8620 8519
f 8519 8620 8621 8520
f 8520 8621 8622 8521
f 8521 8622 8623 8522
f 8522 8623 8624 8523
f 8523 8624 8625 8524
f 8524 8625 8626 8525
f 8525 8626 8627 8526
f 8526 8627 8628 8527
f 8527 8628 8629 8528
f 8528 8629 8630 8529
f 8529 8630 8631 8530
f 8530 8631 8632 8531
f 8531 8632 8633 8532
f 8532 8633 8634 8533
usemtl terrain_rock_face
f 8533 8634 8635 8534
f 8534 8635 8636 8535
f 8535 8636 8637 8536
f 8536 8637 8638 8537
f 8537 8638 8639 8538
f 8538 8639 8640 8539
f 8539 8640 8641 8540
f 8540 8641 8642 8541
f 8541 8642 8643 8542
usemtl terrain_grass
f 8542 8643 8644 8543
f 8543 8644 8645 8544
f 8544 8645 8646 8545
f 8545 8646 8647 8546
f 8546 8647 8648 8547
f 8547 8648 8649 8548
f 8548 8649 8650 8549
f 8549 8650 8651 8550
f 8550 8651 8652 8551
f 8551 8652 8653 8552
f 8552 8653 8654 8553
f 8553 8654 8655 8554
f 8554 8655 8656 8555
f 8555 8656 8657 8556
f 8556 8657 8658 8557
f 8557 8658 8659 8558
f 8558 8659 8660 8559
usemtl terrain_seabed
f 8559 8660 8661 8560
f 8560 8661 8662 8561
f 8561 8662 8663 8562
f 8562 8663 8664 8563
f 8563 8664 8665 8564
f 8564 8665 8666 8565
f 8565 8666 8667 8566
f 8566 8667 8668 8567
f 8567 8668 8669 8568
f 8568 8669 8670 8569
f 8569 8670 8671 8570
f 8570 8671 8672 8571
f 8571 8672 8673 8572
f 8572 8673 8674 8573
f 8573 8674 8675 8574
f 8574 8675 8676 8575
f 8575 8676 8677 8576
f 8576 8677 8678 8577
f 8577 8678 8679 8578
f 8578 8679 8680 8579
f 8579 8680 8681 8580
f 8580 8681 8682 8581
f 8581 8682 8683 8582
f 8582 8683 8684 8583
f 8583 8684 8685 8584
f 8584 8685 8686 8585
f 8586 8687 8688 8587
f 8587 8688 8689 8588
f 8588 8689 8690 8589
f 8589 8690 8691 8590
f 8590 8691 8692 8591
f 8591 8692 8693 8592
f 8592 8693 8694 8593
f 8593 8694 8695 8594
f 8594 8695 8696 8595
f 8595 8696 8697 8596
f 8596 8697 8698 8597
f 8597 8698 8699 8598
f 8598 8699 8700 8599
f 8599 8700 8701 8600
f 8600 8701 8702 8601
f 8601 8702 8703 8602
f 8602 8703 8704 8603
f 8603 8704 8705 8604
f 8604 8705 8706 8605
f 8605 8706 8707 8606
f 8606 8707 8708 8607
f 8607 8708 8709 8608
f 8608 8709 8710 8609
f 8609 8710 8711 8610
f 8610 8711 8712 8611
f 8611 8712 8713 8612
f 8612 8713 8714 8613
f 8613 8714 8715 8614
f 8614 8715 8716 8615
f 8615 8716 8717 8616
f 8616 8717 8718 8617
f 8617 8718 8719 8618
f 8618 8719 8720 8619
usemtl terrain_grass
f 8619 8720 8721 8620
f 8620 8721 8722 8621
f 8621 8722 8723 8622
f 8622 8723 8724 8623
f 8623 8724 8725 8624
f 8624 8725 8726 8625
f 8625 8726 8727 8626
f 8626 8727 8728 8627
f 8627 8728 8729 8628
f 8628 8729 8730 8629
f 8629 8730 8731 8630
f 8630 8731 8732 8631
f 8631 8732 8733 8632
f 8632 8733 8734 8633
f 8633 8734 8735 8634
f 8634 8735 8736 8635
usemtl terrain_rock_face
f 8635 8736 8737 8636
f 8636 8737 8738 8637
f 8637 8738 8739 8638
f 8638 8739 8740 8639
f 8639 8740 8741 8640
f 8640 8741 8742 8641
f 8641 8742 8743 8642
f 8642 8743 8744 8643
usemtl terrain_grass
f 8643 8744 8745 8644
f 8644 8745 8746 8645
f 8645 8746 8747 8646
f 8646 8747 8748 8647
f 8647 8748 8749 8648
f 8648 8749 8750 8649
f 8649 8750 8751 8650
f 8650 8751 8752 8651
f 8651 8752 8753 8652
f 8652 8753 8754 8653
f 8653 8754 8755 8654
f 8654 8755 8756 8655
f 8655 8756 8757 8656
f 8656 8757 8758 8657
f 8657 8758 8759 8658
f 8658 8759 8760 8659
f 8659 8760 8761 8660
usemtl terrain_seabed
f 8660 8761 8762 8661
f 8661 8762 8763 8662
f 8662 8763 8764 8663
f 8663 8764 8765 8664
f 8664 8765 8766 8665
f 8665 8766 8767 8666
f 8666 8767 8768 8667
f 8667 8768 8769 8668
f 8668 8769 8770 8669
f 8669 8770 8771 8670
f 8670 8771 8772 8671
f 8671 8772 8773 8672
f 8672 8773 8774 8673
f 8673 8774 8775 8674
f 8674 8775 8776 8675
f 8675 8776 8777 8676
f 8676 8777 8778 8677
f 8677 8778 8779 8678
f 8678 8779 8780 8679
f 8679 8780 8781 8680
f 8680 8781 8782 8681
f 8681 8782 8783 8682
f 8682 8783 8784 8683
f 8683 8784 8785 8684
f 8684 8785 8786 8685
f 8685 8786 8787 8686
f 8687 8788 8789 8688
f 8688 8789 8790 8689
f 8689 8790 8791 8690
f 8690 8791 8792 8691
f 8691 8792 8793 8692
f 8692 8793 8794 8693
f 8693 8794 8795 8694
f 8694 8795 8796 8695
f 8695 8796 8797 8696
f 8696 8797 8798 8697
f 8697 8798 8799 8698
f 8698 8799 8800 8699
f 8699 8800 8801 8700
f 8700 8801 8802 8701
f 8701 8802 8803 8702
f 8702 8803 8804 8703
f 8703 8804 8805 8704
f 8704 8805 8806 8705
f 8705 8806 8807 8706
f 8706 8807 8808 8707
f 8707 8808 8809 8708
f 8708 8809 8810 8709
f 8709 8810 8811 8710
f 8710 8811 8812 8711
f 8711 8812 8813 8712
f 8712 8813 8814 8713
f 8713 8814 8815 8714
f 8714 8815 8816 8715
f 8715 8816 8817 8716
f 8716 8817 8818 8717
f 8717 8818 8819 8718
f 8718 8819 8820 8719
f 8719 8820 8821 8720
usemtl terrain_grass
f 8720 8821 8822 8721
f 8721 8822 8823 8722
f 8722 8823 8824 8723
f 8723 8824 8825 8724
f 8724 8825 8826 8725
f 8725 8826 8827 8726
f 8726 8827 8828 8727
f 8727 8828 8829 8728
f 8728 8829 8830 8729
f 8729 8830 8831 8730
f 8730 8831 8832 8731
f 8731 8832 8833 8732
f 8732 8833 8834 8733
f 8733 8834 8835 8734
f 8734 8835 8836 8735
f 8735 8836 8837 8736
f 8736 8837 8838 8737
usemtl terrain_rock_face
f 8737 8838 8839 8738
f 8738 8839 8840 8739
f 8739 8840 8841 8740
f 8740 8841 8842 8741
f 8741 8842 8843 8742
f 8742 8843 8844 8743
usemtl terrain_grass
f 8743 8844 8845 8744
f 8744 8845 8846 8745
f 8745 8846 8847 8746
f 8746 8847 8848 8747
f 8747 8848 8849 8748
f 8748 8849 8850 8749
f 8749 8850 8851 8750
f 8750 8851 8852 8751
f 8751 8852 8853 8752
f 8752 8853 8854 8753
f 8753 8854 8855 8754
f 8754 8855 8856 8755
f 8755 8856 8857 8756
f 8756 8857 8858 8757
f 8757 8858 8859 8758
f 8758 8859 8860 8759
f 8759 8860 8861 8760
usemtl terrain_seabed
f 8760 8861 8862 8761
f 8761 8862 8863 8762
f 8762 8863 8864 8763
f 8763 8864 8865 8764
f 8764 8865 8866 8765
f 8765 8866 8867 8766
f 8766 8867 8868 8767
f 8767 8868 8869 8768
f 8768 8869 8870 8769
f 8769 8870 8871 8770
f 8770 8871 8872 8771
f 8771 8872 8873 8772
f 8772 8873 8874 8773
f 8773 8874 8875 8774
f 8774 8875 8876 8775
f 8775 8876 8877 8776
f 8776 8877 8878 8777
f 8777 8878 8879 8778
f 8778 8879 8880 8779
f 8779 8880 8881 8780
f 8780 8881 8882 8781
f 8781 8882 8883 8782
f 8782 8883 8884 8783
f 8783 8884 8885 8784
f 8784 8885 8886 8785
f 8785 8886 8887 8786
f 8786 8887 8888 8787
f 8788 8889 8890 8789
f 8789 8890 8891 8790
f 8790 8891 8892 8791
f 8791 8892 8893 8792
f 8792 8893 8894 8793
f 8793 8894 8895 8794
f 8794 8895 8896 8795
f 8795 8896 8897 8796
f 8796 8897 8898 8797
f 8797 8898 8899 8798
f 8798 8899 8900 8799
f 8799 8900 8901 8800
f 8800 8901 8902 8801
f 8801 8902 8903 8802
f 8802 8903 8904 8803
f 8803 8904 8905 8804
f 8804 8905 8906 8805
f 8805 8906 8907 8806
f 8806 8907 8908 8807
f 8807 8908 8909 8808
f 8808 8909 8910 8809
f 8809 8910 8911 8810
f 8810 8911 8912 8811
f 8811 8912 8913 8812
f 8812 8913 8914 8813
f 8813 8914 8915 8814
f 8814 8915 8916 8815
f 8815 8916 8917 8816
f 8816 8917 8918 8817
f 8817 8918 8919 8818
f 8818 8919 8920 8819
f 8819 8920 8921 8820
f 8820 8921 8922 8821
usemtl terrain_grass
f 8821 8922 8923 8822
f 8822 8923 8924 8823
f 8823 8924 8925 8824
f 8824 8925 8926 8825
f 8825 8926 8927 8826
f 8826 8927 8928 8827
f 8827 8928 8929 8828
f 8828 8929 8930 8829
f 8829 8930 8931 8830
f 8830 8931 8932 8831
f 8831 8932 8933 8832
f 8832 8933 8934 8833
f 8833 8934 8935 8834
f 8834 8935 8936 8835
f 8835 8936 8937 8836
f 8836 8937 8938 8837
f 8837 8938 8939 8838
f 8838 8939 8940 8839
usemtl terrain_rock_face
f 8839 8940 8941 8840
f 8840 8941 8942 8841
f 8841 8942 8943 8842
f 8842 8943 8944 8843
usemtl terrain_grass
f 8843 8944 8945 8844
f 8844 8945 8946 8845
f 8845 8946 8947 8846
f 8846 8947 8948 8847
f 8847 8948 8949 8848
f 8848 8949 8950 8849
f 8849 8950 8951 8850
f 8850 8951 8952 8851
f 8851 8952 8953 8852
f 8852 8953 8954 8853
f 8853 8954 8955 8854
f 8854 8955 8956 8855
f 8855 8956 8957 8856
f 8856 8957 8958 8857
f 8857 8958 8959 8858
f 8858 8959 8960 8859
f 8859 8960 8961 8860
usemtl terrain_seabed
f 8860 8961 8962 8861
f 8861 8962 8963 8862
f 8862 8963 8964 8863
f 8863 8964 8965 8864
f 8864 8965 8966 8865
f 8865 8966 8967 8866
f 8866 8967 8968 8867
f 8867 8968 8969 8868
f 8868 8969 8970 8869
f 8869 8970 8971 8870
f 8870 8971 8972 8871
f 8871 8972 8973 8872
f 8872 8973 8974 8873
f 8873 8974 8975 8874
f 8874 8975 8976 8875
f 8875 8976 8977 8876
f 8876 8977 8978 8877
f 8877 8978 8979 8878
f 8878 8979 8980 8879
f 8879 8980 8981 8880
f 8880 8981 8982 8881
f 8881 8982 8983 8882
f 8882 8983 8984 8883
f 8883 8984 8985 8884
f 8884 8985 8986 8885
f 8885 8986 8987 8886
f 8886 8987 8988 8887
f 8887 8988 8989 8888
f 8889 8990 8991 8890
f 8890 8991 8992 8891
f 8891 8992 8993 8892
f 8892 8993 8994 8893
f 8893 8994 8995 8894
f 8894 8995 8996 8895
f 8895 8996 8997 8896
f 8896 8997 8998 8897
f 8897 8998 8999 8898
f 8898 8999 9000 8899
f 8899 9000 9001 8900
f 8900 9001 9002 8901
f 8901 9002 9003 8902
f 8902 9003 9004 8903
f 8903 9004 9005 8904
f 8904 9005 9006 8905
f 8905 9006 9007 8906
f 8906 9007 9008 8907
f 8907 9008 9009 8908
f 8908 9009 9010 8909
f 8909 9010 9011 8910
f 8910 9011 9012 8911
f 8911 9012 9013 8912
f 8912 9013 9014 8913
f 8913 9014 9015 8914
f 8914 9015 9016 8915
f 8915 9016 9017 8916
f 8916 9017 9018 8917
f 8917 9018 9019 8918
f 8918 9019 9020 8919
f 8919 9020 9021 8920
usemtl terrain_grass
f 8920 9021 9022 8921
f 8921 9022 9023 8922
f 8922 9023 9024 8923
f 8923 9024 9025 8924
f 8924 9025 9026 8925
f 8925 9026 9027 8926
f 8926 9027 9028 8927
f 8927 9028 9029 8928
f 8928 9029 9030 8929
f 8929 9030 9031 8930
f 8930 9031 9032 8931
f 8931 9032 9033 8932
f 8932 9033 9034 8933
f 8933 9034 9035 8934
f 8934 9035 9036 8935
f 8935 9036 9037 8936
f 8936 9037 9038 8937
f 8937 9038 9039 8938
f 8938 9039 9040 8939
f 8939 9040 9041 8940
f 8940 9041 9042 8941
f 8941 9042 9043 8942
f 8942 9043 9044 8943
f 8943 9044 9045 8944
f 8944 9045 9046 8945
f 8945 9046 9047 8946
f 8946 9047 9048 8947
f 8947 9048 9049 8948
f 8948 9049 9050 8949
f 8949 9050 9051 8950
f 8950 9051 9052 8951
f 8951 9052 9053 8952
f 8952 9053 9054 8953
f 8953 9054 9055 8954
f 8954 9055 9056 8955
f 8955 9056 9057 8956
f 8956 9057 9058 8957
f 8957 9058 9059 8958
f 8958 9059 9060 8959
f 8959 9060 9061 8960
f 8960 9061 9062 8961
usemtl terrain_seabed
f 8961 9062 9063 8962
f 8962 9063 9064 8963
f 8963 9064 9065 8964
f 8964 9065 9066 8965
f 8965 9066 9067 8966
f 8966 9067 9068 8967
f 8967 9068 9069 8968
f 8968 9069 9070 8969
f 8969 9070 9071 8970
f 8970 9071 9072 8971
f 8971 9072 9073 8972
f 8972 9073 9074 8973
f 8973 9074 9075 8974
f 8974 9075 9076 8975
f 8975 9076 9077 8976
f 8976 9077 9078 8977
f 8977 9078 9079 8978
f 8978 9079 9080 8979
f 8979 9080 9081 8980
f 8980 9081 9082 8981
f 8981 9082 9083 8982
f 8982 9083 9084 8983
f 8983 9084 9085 8984
f 8984 9085 9086 8985
f 8985 9086 9087 8986
f 8986 9087 9088 8987
f 8987 9088 9089 8988
f 8988 9089 9090 8989
f 8990 9091 9092 8991
f 8991 9092 9093 8992
f 8992 9093 9094 8993
f 8993 9094 9095 8994
f 8994 9095 9096 8995
f 8995 9096 9097 8996
f 8996 9097 9098 8997
f 8997 9098 9099 8998
f 8998 9099 9100 8999
f 8999 9100 9101 9000
f 9000 9101 9102 9001
f 9001 9102 9103 9002
f 9002 9103 9104 9003
f 9003 9104 9105 9004
f 9004 9105 9106 9005
f 9005 9106 9107 9006
f 9006 9107 9108 9007
f 9007 9108 9109 9008
f 9008 9109 9110 9009
f 9009 9110 9111 9010
f 9010 9111 9112 9011
f 9011 9112 9113 9012
f 9012 9113 9114 9013
f 9013 9114 9115 9014
f 9014 9115 9116 9015
f 9015 9116 9117 9016
f 9016 9117 9118 9017
f 9017 9118 9119 9018
f 9018 9119 9120 9019
usemtl terrain_grass
f 9019 9120 9121 9020
f 9020 9121 9122 9021
f 9021 9122 9123 9022
f 9022 9123 9124 9023
f 9023 9124 9125 9024
f 9024 9125 9126 9025
f 9025 9126 9127 9026
f 9026 9127 9128 9027
f 9027 9128 9129 9028
f 9028 9129 9130 9029
f 9029 9130 9131 9030
f 9030 9131 9132 9031
f 9031 9132 9133 9032
f 9032 9133 9134 9033
f 9033 9134 9135 9034
f 9034 9135 9136 9035
f 9035 9136 9137 9036
f 9036 9137 9138 9037
f 9037 9138 9139 9038
f 9038 9139 9140 9039
f 9039 9140 9141 9040
f 9040 9141 9142 9041
f 9041 9142 9143 9042
f 9042 9143 9144 9043
f 9043 9144 9145 9044
f 9044 9145 9146 9045
f 9045 9146 9147 9046
f 9046 9147 9148 9047
f 9047 9148 9149 9048
f 9048 9149 9150 9049
f 9049 9150 9151 9050
f 9050 9151 9152 9051
f 9051 9152 9153 9052
f 9052 9153 9154 9053
f 9053 9154 9155 9054
f 9054 9155 9156 9055
f 9055 9156 9157 9056
f 9056 9157 9158 9057
f 9057 9158 9159 9058
f 9058 9159 9160 9059
f 9059 9160 9161 9060
f 9060 9161 9162 9061
usemtl terrain_seabed
f 9061 9162 9163 9062
f 9062 9163 9164 9063
f 9063 9164 9165 9064
f 9064 9165 9166 9065
f 9065 9166 9167 9066
f 9066 9167 9168 9067
f 9067 9168 9169 9068
f 9068 9169 9170 9069
f 9069 9170 9171 9070
f 9070 9171 9172 9071
f 9071 9172 9173 9072
f 9072 9173 9174 9073
f 9073 9174 9175 9074
f 9074 9175 9176 9075
f 9075 9176 9177 9076
f 9076 9177 9178 9077
f 9077 9178 9179 9078
f 9078 9179 9180 9079
f 9079 9180 9181 9080
f 9080 9181 9182 9081
f 9081 9182 9183 9082
f 9082 9183 9184 9083
f 9083 9184 9185 9084
f 9084 9185 9186 9085
f 9085 9186 9187 9086
f 9086 9187 9188 9087
f 9087 9188 9189 9088
f 9088 9189 9190 9089
f 9089 9190 9191 9090
f 9091 9192 9193 9092
f 9092 9193 9194 9093
f 9093 9194 9195 9094
f 9094 9195 9196 9095
f 9095 9196 9197 9096
f 9096 9197 9198 9097
f 9097 9198 9199 9098
f 9098 9199 9200 9099
f 9099 9200 9201 9100
f 9100 9201 9202 9101
f 9101 9202 9203 9102
f 9102 9203 9204 9103
f 9103 9204 9205 9104
f 9104 9205 9206 9105
f 9105 9206 9207 9106
f 9106 9207 9208 9107
f 9107 9208 9209 9108
f 9108 9209 9210 9109
f 9109 9210 9211 9110
f 9110 9211 9212 9111
f 9111 9212 9213 9112
f 9112 9213 9214 9113
f 9113 9214 9215 9114
f 9114 9215 9216 9115
f 9115 9216 9217 9116
f 9116 9217 9218 9117
f 9117 9218 9219 9118
f 9118 9219 9220 9119
usemtl terrain_grass
f 9119 9220 9221 9120
f 9120 9221 9222 9121
f 9121 9222 9223 9122
f 9122 9223 9224 9123
f 9123 9224 9225 9124
f 9124 9225 9226 9125
f 9125 9226 9227 9126
f 9126 9227 9228 9127
f 9127 9228 9229 9128
f 9128 9229 9230 9129
f 9129 9230 9231 9130
f 9130 9231 9232 9131
f 9131 9232 9233 9132
f 9132 9233 9234 9133
f 9133 9234 9235 9134
f 9134 9235 9236 9135
f 9135 9236 9237 9136
f 9136 9237 9238 9137
f 9137 9238 9239 9138
f 9138 9239 9240 9139
f 9139 9240 9241 9140
f 9140 9241 9242 9141
f 9141 9242 9243 9142
f 9142 9243 9244 9143
f 9143 9244 9245 9144
f 9144 9245 9246 9145
f 9145 9246 9247 9146
f 9146 9247 9248 9147
f 9147 9248 9249 9148
f 9148 9249 9250 9149
f 9149 9250 9251 9150
f 9150 9251 9252 9151
f 9151 9252 9253 9152
f 9152 9253 9254 9153
f 9153 9254 9255 9154
f 9154 9255 9256 9155
f 9155 9256 9257 9156
f 9156 9257 9258 9157
f 9157 9258 9259 9158
f 9158 9259 9260 9159
f 9159 9260 9261 9160
f 9160 9261 9262 9161
usemtl terrain_seabed
f 9161 9262 9263 9162
f 9162 9263 9264 9163
f 9163 9264 9265 9164
f 9164 9265 9266 9165
f 9165 9266 9267 9166
f 9166 9267 9268 9167
f 9167 9268 9269 9168
f 9168 9269 9270 9169
f 9169 9270 9271 9170
f 9170 9271 9272 9171
f 9171 9272 9273 9172
f 9172 9273 9274 9173
f 9173 9274 9275 9174
f 9174 9275 9276 9175
f 9175 9276 9277 9176
f 9176 9277 9278 9177
f 9177 9278 9279 9178
f 9178 9279 9280 9179
f 9179 9280 9281 9180
f 9180 9281 9282 9181
f 9181 9282 9283 9182
f 9182 9283 9284 9183
f 9183 9284 9285 9184
f 9184 9285 9286 9185
f 9185 9286 9287 9186
f 9186 9287 9288 9187
f 9187 9288 9289 9188
f 9188 9289 9290 9189
f 9189 9290 9291 9190
f 9190 9291 9292 9191
f 9192 9293 9294 9193
f 9193 9294 9295 9194
f 9194 9295 9296 9195
f 9195 9296 9297 9196
f 9196 9297 9298 9197
f 9197 9298 9299 9198
f 9198 9299 9300 9199
f 9199 9300 9301 9200
f 9200 9301 9302 9201
f 9201 9302 9303 9202
f 9202 9303 9304 9203
f 9203 9304 9305 9204
f 9204 9305 9306 9205
f 9205 9306 9307 9206
f 9206 9307 9308 9207
f 9207 9308 9309 9208
f 9208 9309 9310 9209
f 9209 9310 9311 9210
f 9210 9311 9312 9211
f 9211 9312 9313 9212
f 9212 9313 9314 9213
f 9213 9314 9315 9214
f 9214 9315 9316 9215
f 9215 9316 9317 9216
f 9216 9317 9318 9217
f 9217 9318 9319 9218
f 9218 9319 9320 9219
usemtl terrain_grass
f 9219 9320 9321 9220
f 9220 9321 9322 9221
f 9221 9322 9323 9222
f 9222 9323 9324 9223
f 9223 9324 9325 9224
f 9224 9325 9326 9225
f 9225 9326 9327 9226
f 9226 9327 9328 9227
f 9227 9328 9329 9228
f 9228 9329 9330 9229
f 9229 9330 9331 9230
f 9230 9331 9332 9231
f 9231 9332 9333 9232
f 9232 9333 9334 9233
f 9233 9334 9335 9234
f 9234 9335 9336 9235
f 9235 9336 9337 9236
f 9236 9337 9338 9237
f 9237 9338 9339 9238
f 9238 9339 9340 9239
f 9239 9340 9341 9240
f 9240 9341 9342 9241
f 9241 9342 9343 9242
f 9242 9343 9344 9243
f 9243 9344 9345 9244
f 9244 9345 9346 9245
f 9245 9346 9347 9246
f 9246 9347 9348 9247
f 9247 9348 9349 9248
f 9248 9349 9350 9249
f 9249 9350 9351 9250
f 9250 9351 9352 9251
f 9251 9352 9353 9252
f 9252 9353 9354 9253
f 9253 9354 9355 9254
f 9254 9355 9356 9255
f 9255 9356 9357 9256
f 9256 9357 9358 9257
f 9257 9358 9359 9258
f 9258 9359 9360 9259
f 9259 9360 9361 9260
f 9260 9361 9362 9261
usemtl terrain_seabed
f 9261 9362 9363 9262
f 9262 9363 9364 9263
f 9263 9364 9365 9264
f 9264 9365 9366 9265
f 9265 9366 9367 9266
f 9266 9367 9368 9267
f 9267 9368 9369 9268
f 9268 9369 9370 9269
f 9269 9370 9371 9270
f 9270 9371 9372 9271
f 9271 9372 9373 9272
f 9272 9373 9374 9273
f 9273 9374 9375 9274
f 9274 9375 9376 9275
f 9275 9376 9377 9276
f 9276 9377 9378 9277
f 9277 9378 9379 9278
f 9278 9379 9380 9279
f 9279 9380 9381 9280
f 9280 9381 9382 9281
f 9281 9382 9383 9282
f 9282 9383 9384 9283
f 9283 9384 9385 9284
f 9284 9385 9386 9285
f 9285 9386 9387 9286
f 9286 9387 9388 9287
f 9287 9388 9389 9288
f 9288 9389 9390 9289
f 9289 9390 9391 9290
f 9290 9391 9392 9291
f 9291 9392 9393 9292
f 9293 9394 9395 9294
f 9294 9395 9396 9295
f 9295 9396 9397 9296
f 9296 9397 9398 9297
f 9297 9398 9399 9298
f 9298 9399 9400 9299
f 9299 9400 9401 9300
f 9300 9401 9402 9301
f 9301 9402 9403 9302
f 9302 9403 9404 9303
f 9303 9404 9405 9304
f 9304 9405 9406 9305
f 9305 9406 9407 9306
f 9306 9407 9408 9307
f 9307 9408 9409 9308
f 9308 9409 9410 9309
f 9309 9410 9411 9310
f 9310 9411 9412 9311
f 9311 9412 9413 9312
f 9312 9413 9414 9313
f 9313 9414 9415 9314
f 9314 9415 9416 9315
f 9315 9416 9417 9316
f 9316 9417 9418 9317
f 9317 9418 9419 9318
f 9318 9419 9420 9319
usemtl terrain_grass
f 9319 9420 9421 9320
f 9320 9421 9422 9321
f 9321 9422 9423 9322
f 9322 9423 9424 9323
f 9323 9424 9425 9324
usemtl terrain_rock_face
f 9324 9425 9426 9325
f 9325 9426 9427 9326
f 9326 9427 9428 9327
usemtl terrain_grass
f 9327 9428 9429 9328
f 9328 9429 9430 9329
f 9329 9430 9431 9330
f 9330 9431 9432 9331
f 9331 9432 9433 9332
f 9332 9433 9434 9333
f 9333 9434 9435 9334
f 9334 9435 9436 9335
f 9335 9436 9437 9336
f 9336 9437 9438 9337
f 9337 9438 9439 9338
f 9338 9439 9440 9339
f 9339 9440 9441 9340
f 9340 9441 9442 9341
f 9341 9442 9443 9342
f 9342 9443 9444 9343
f 9343 9444 9445 9344
f 9344 9445 9446 9345
f 9345 9446 9447 9346
f 9346 9447 9448 9347
f 9347 9448 9449 9348
f 9348 9449 9450 9349
f 9349 9450 9451 9350
f 9350 9451 9452 9351
f 9351 9452 9453 9352
f 9352 9453 9454 9353
f 9353 9454 9455 9354
f 9354 9455 9456 9355
f 9355 9456 9457 9356
f 9356 9457 9458 9357
f 9357 9458 9459 9358
f 9358 9459 9460 9359
f 9359 9460 9461 9360
f 9360 9461 9462 9361
usemtl terrain_seabed
f 9361 9462 9463 9362
f 9362 9463 9464 9363
f 9363 9464 9465 9364
f 9364 9465 9466 9365
f 9365 9466 9467 9366
f 9366 9467 9468 9367
f 9367 9468 9469 9368
f 9368 9469 9470 9369
f 9369 9470 9471 9370
f 9370 9471 9472 9371
f 9371 9472 9473 9372
f 9372 9473 9474 9373
f 9373 9474 9475 9374
f 9374 9475 9476 9375
f 9375 9476 9477 9376
f 9376 9477 9478 9377
f 9377 9478 9479 9378
f 9378 9479 9480 9379
f 9379 9480 9481 9380
f 9380 9481 9482 9381
f 9381 9482 9483 9382
f 9382 9483 9484 9383
f 9383 9484 9485 9384
f 9384 9485 9486 9385
f 9385 9486 9487 9386
f 9386 9487 9488 9387
f 9387 9488 9489 9388
f 9388 9489 9490 9389
f 9389 9490 9491 9390
f 9390 9491 9492 9391
f 9391 9492 9493 9392
f 9392 9493 9494 9393
f 9394 9495 9496 9395
f 9395 9496 9497 9396
f 9396 9497 9498 9397
f 9397 9498 9499 9398
f 9398 9499 9500 9399
f 9399 9500 9501 9400
f 9400 9501 9502 9401
f 9401 9502 9503 9402
f 9402 9503 9504 9403
f 9403 9504 9505 9404
f 9404 9505 9506 9405
f 9405 9506 9507 9406
f 9406 9507 9508 9407
f 9407 9508 9509 9408
f 9408 9509 9510 9409
f 9409 9510 9511 9410
f 9410 9511 9512 9411
f 9411 9512 9513 9412
f 9412 9513 9514 9413
f 9413 9514 9515 9414
f 9414 9515 9516 9415
f 9415 9516 9517 9416
f 9416 9517 9518 9417
f 9417 9518 9519 9418
f 9418 9519 9520 9419
f 9419 9520 9521 9420
usemtl terrain_grass
f 9420 9521 9522 9421
f 9421 9522 9523 9422
f 9422 9523 9524 9423
f 9423 9524 9525 9424
usemtl terrain_rock_face
f 9424 9525 9526 9425
f 9425 9526 9527 9426
f 9426 9527 9528 9427
f 9427 9528 9529 9428
f 9428 9529 9530 9429
usemtl terrain_grass
f 9429 9530 9531 9430
f 9430 9531 9532 9431
f 9431 9532 9533 9432
f 9432 9533 9534 9433
f 9433 9534 9535 9434
f 9434 9535 9536 9435
f 9435 9536 9537 9436
f 9436 9537 9538 9437
f 9437 9538 9539 9438
f 9438 9539 9540 9439
f 9439 9540 9541 9440
f 9440 9541 9542 9441
f 9441 9542 9543 9442
f 9442 9543 9544 9443
f 9443 9544 9545 9444
f 9444 9545 9546 9445
f 9445 9546 9547 9446
f 9446 9547 9548 9447
f 9447 9548 9549 9448
f 9448 9549 9550 9449
f 9449 9550 9551 9450
f 9450 9551 9552 9451
f 9451 9552 9553 9452
f 9452 9553 9554 9453
f 9453 9554 9555 9454
f 9454 9555 9556 9455
f 9455 9556 9557 9456
f 9456 9557 9558 9457
f 9457 9558 9559 9458
f 9458 9559 9560 9459
f 9459 9560 9561 9460
f 9460 9561 9562 9461
f 9461 9562 9563 9462
usemtl terrain_seabed
f 9462 9563 9564 9463
f 9463 9564 9565 9464
f 9464 9565 9566 9465
f 9465 9566 9567 9466
f 9466 9567 9568 9467
f 9467 9568 9569 9468
f 9468 9569 9570 9469
f 9469 9570 9571 9470
f 9470 9571 9572 9471
f 9471 9572 9573 9472
f 9472 9573 9574 9473
f 9473 9574 9575 9474
f 9474 9575 9576 9475
f 9475 9576 9577 9476
f 9476 9577 9578 9477
f 9477 9578 9579 9478
f 9478 9579 9580 9479
f 9479 9580 9581 9480
f 9480 9581 9582 9481
f 9481 9582 9583 9482
f 9482 9583 9584 9483
f 9483 9584 9585 9484
f 9484 9585 9586 9485
f 9485 9586 9587 9486
f 9486 9587 9588 9487
f 9487 9588 9589 9488
f 9488 9589 9590 9489
f 9489 9590 9591 9490
f 9490 9591 9592 9491
f 9491 9592 9593 9492
f 9492 9593 9594 9493
f 9493 9594 9595 9494
f 9495 9596 9597 9496
f 9496 9597 9598 9497
f 9497 9598 9599 9498
f 9498 9599 9600 9499
f 9499 9600 9601 9500
f 9500 9601 9602 9501
f 9501 9602 9603 9502
f 9502 9603 9604 9503
f 9503 9604 9605 9504
f 9504 9605 9606 9505
f 9505 9606 9607 9506
f 9506 9607 9608 9507
f 9507 9608 9609 9508
f 9508 9609 9610 9509
f 9509 9610 9611 9510
f 9510 9611 9612 9511
f 9511 9612 9613 9512
f 9512 9613 9614 9513
f 9513 9614 9615 9514
f 9514 9615 9616 9515
f 9515 9616 9617 9516
f 9516 9617 9618 9517
f 9517 9618 9619 9518
f 9518 9619 9620 9519
f 9519 9620 9621 9520
f 9520 9621 9622 9521
usemtl terrain_grass
f 9521 9622 9623 9522
f 9522 9623 9624 9523
f 9523 9624 9625 9524
usemtl terrain_rock_face
f 9524 9625 9626 9525
f 9525 9626 9627 9526
f 9526 9627 9628 9527
f 9527 9628 9629 9528
f 9528 9629 9630 9529
f 9529 9630 9631 9530
f 9530 9631 9632 9531
usemtl terrain_grass
f 9531 9632 9633 9532
f 9532 9633 9634 9533
f 9533 9634 9635 9534
f 9534 9635 9636 9535
f 9535 9636 9637 9536
f 9536 9637 9638 9537
f 9537 9638 9639 9538
f 9538 9639 9640 9539
f 9539 9640 9641 9540
f 9540 9641 9642 9541
f 9541 9642 9643 9542
f 9542 9643 9644 9543
f 9543 9644 9645 9544
f 9544 9645 9646 9545
f 9545 9646 9647 9546
f 9546 9647 9648 9547
f 9547 9648 9649 9548
f 9548 9649 9650 9549
f 9549 9650 9651 9550
f 9550 9651 9652 9551
f 9551 9652 9653 9552
f 9552 9653 9654 9553
f 9553 9654 9655 9554
f 9554 9655 9656 9555
f 9555 9656 9657 9556
f 9556 9657 9658 9557
f 9557 9658 9659 9558
f 9558 9659 9660 9559
f 9559 9660 9661 9560
f 9560 9661 9662 9561
f 9561 9662 9663 9562
usemtl terrain_seabed
f 9562 9663 9664 9563
f 9563 9664 9665 9564
f 9564 9665 9666 9565
f 9565 9666 9667 9566
f 9566 9667 9668 9567
f 9567 9668 9669 9568
f 9568 9669 9670 9569
f 9569 9670 9671 9570
f 9570 9671 9672 9571
f 9571 9672 9673 9572
f 9572 9673 9674 9573
f 9573 9674 9675 9574
f 9574 9675 9676 9575
f 9575 9676 9677 9576
f 9576 9677 9678 9577
f 9577 9678 9679 9578
f 9578 9679 9680 9579
f 9579 9680 9681 9580
f 9580 9681 9682 9581
f 9581 9682 9683 9582
f 9582 9683 9684 9583
f 9583 9684 9685 9584
f 9584 9685 9686 9585
f 9585 9686 9687 9586
f 9586 9687 9688 9587
f 9587 9688 9689 9588
f 9588 9689 9690 9589
f 9589 9690 9691 9590
f 9590 9691 9692 9591
f 9591 9692 9693 9592
f 9592 9693 9694 9593
f 9593 9694 9695 9594
f 9594 9695 9696 9595
f 9596 9697 9698 9597
f 9597 9698 9699 9598
f 9598 9699 9700 9599
f 9599 9700 9701 9600
f 9600 9701 9702 9601
f 9601 9702 9703 9602
f 9602 9703 9704 9603
f 9603 9704 9705 9604
f 9604 9705 9706 9605
f 9605 9706 9707 9606
f 9606 9707 9708 9607
f 9607 9708 9709 9608
f 9608 9709 9710 9609
f 9609 9710 9711 9610
f 9610 9711 9712 9611
f 9611 9712 9713 9612
f 9612 9713 9714 9613
f 9613 9714 9715 9614
f 9614 9715 9716 9615
f 9615 9716 9717 9616
f 9616 9717 9718 9617
f 9617 9718 9719 9618
f 9618 9719 9720 9619
f 9619 9720 9721 9620
f 9620 9721 9722 9621
f 9621 9722 9723 9622
usemtl terrain_grass
f 9622 9723 9724 9623
f 9623 9724 9725 9624
f 9624 9725 9726 9625
usemtl terrain_rock_face
f 9625 9726 9727 9626
f 9626 9727 9728 9627
f 9627 9728 9729 9628
f 9628 9729 9730 9629
f 9629 9730 9731 9630
f 9630 9731 9732 9631
f 9631 9732 9733 9632
usemtl terrain_grass
f 9632 9733 9734 9633
f 9633 9734 9735 9634
f 9634 9735 9736 9635
f 9635 9736 9737 9636
f 9636 9737 9738 9637
f 9637 9738 9739 9638
f 9638 9739 9740 9639
f 9639 9740 9741 9640
f 9640 9741 9742 9641
f 9641 9742 9743 9642
f 9642 9743 9744 9643
f 9643 9744 9745 9644
f 9644 9745 9746 9645
f 9645 9746 9747 9646
f 9646 9747 9748 9647
f 9647 9748 9749 9648
f 9648 9749 9750 9649
f 9649 9750 9751 9650
f 9650 9751 9752 9651
f 9651 9752 9753 9652
f 9652 9753 9754 9653
f 9653 9754 9755 9654
f 9654 9755 9756 9655
f 9655 9756 9757 9656
f 9656 9757 9758 9657
f 9657 9758 9759 9658
f 9658 9759 9760 9659
f 9659 9760 9761 9660
f 9660 9761 9762 9661
f 9661 9762 9763 9662
f 9662 9763 9764 9663
usemtl terrain_seabed
f 9663 9764 9765 9664
f 9664 9765 9766 9665
f 9665 9766 9767 9666
f 9666 9767 9768 9667
f 9667 9768 9769 9668
f 9668 9769 9770 9669
f 9669 9770 9771 9670
f 9670 9771 9772 9671
f 9671 9772 9773 9672
f 9672 9773 9774 9673
f 9673 9774 9775 9674
f 9674 9775 9776 9675
f 9675 9776 9777 9676
f 9676 9777 9778 9677
f 9677 9778 9779 9678
f 9678 9779 9780 9679
f 9679 9780 9781 9680
f 9680 9781 9782 9681
f 9681 9782 9783 9682
f 9682 9783 9784 9683
f 9683 9784 9785 9684
f 9684 9785 9786 9685
f 9685 9786 9787 9686
f 9686 9787 9788 9687
f 9687 9788 9789 9688
f 9688 9789 9790 9689
f 9689 9790 9791 9690
f 9690 9791 9792 9691
f 9691 9792 9793 9692
f 9692 9793 9794 9693
f 9693 9794 9795 9694
f 9694 9795 9796 9695
f 9695 9796 9797 9696
f 9697 9798 9799 9698
f 9698 9799 9800 9699
f 9699 9800 9801 9700
f 9700 9801 9802 9701
f 9701 9802 9803 9702
f 9702 9803 9804 9703
f 9703 9804 9805 9704
f 9704 9805 9806 9705
f 9705 9806 9807 9706
f 9706 9807 9808 9707
f 9707 9808 9809 9708
f 9708 9809 9810 9709
f 9709 9810 9811 9710
f 9710 9811 9812 9711
f 9711 9812 9813 9712
f 9712 9813 9814 9713
f 9713 9814 9815 9714
f 9714 9815 9816 9715
f 9715 9816 9817 9716
f 9716 9817 9818 9717
f 9717 9818 9819 9718
f 9718 9819 9820 9719
f 9719 9820 9821 9720
f 9720 9821 9822 9721
f 9721 9822 9823 9722
f 9722 9823 9824 9723
usemtl terrain_grass
f 9723 9824 9825 9724
f 9724 9825 9826 9725
f 9725 9826 9827 9726
usemtl terrain_rock_face
f 9726 9827 9828 9727
f 9727 9828 9829 9728
f 9728 9829 9830 9729
f 9729 9830 9831 9730
f 9730 9831 9832 9731
f 9731 9832 9833 9732
f 9732 9833 9834 9733
usemtl terrain_grass
f 9733 9834 9835 9734
f 9734 9835 9836 9735
f 9735 9836 9837 9736
f 9736 9837 9838 9737
f 9737 9838 9839 9738
f 9738 9839 9840 9739
f 9739 9840 9841 9740
f 9740 9841 9842 9741
f 9741 9842 9843 9742
f 9742 9843 9844 9743
f 9743 9844 9845 9744
f 9744 9845 9846 9745
f 9745 9846 9847 9746
f 9746 9847 9848 9747
f 9747 9848 9849 9748
f 9748 9849 9850 9749
f 9749 9850 9851 9750
f 9750 9851 9852 9751
f 9751 9852 9853 9752
f 9752 9853 9854 9753
f 9753 9854 9855 9754
f 9754 9855 9856 9755
f 9755 9856 9857 9756
f 9756 9857 9858 9757
f 9757 9858 9859 9758
f 9758 9859 9860 9759
f 9759 9860 9861 9760
f 9760 9861 9862 9761
f 9761 9862 9863 9762
f 9762 9863 9864 9763
usemtl terrain_seabed
f 9763 9864 9865 9764
f 9764 9865 9866 9765
f 9765 9866 9867 9766
f 9766 9867 9868 9767
f 9767 9868 9869 9768
f 9768 9869 9870 9769
f 9769 9870 9871 9770
f 9770 9871 9872 9771
f 9771 9872 9873 9772
f 9772 9873 9874 9773
f 9773 9874 9875 9774
f 9774 9875 9876 9775
f 9775 9876 9877 9776
f 9776 9877 9878 9777
f 9777 9878 9879 9778
f 9778 9879 9880 9779
f 9779 9880 9881 9780
f 9780 9881 9882 9781
f 9781 9882 9883 9782
f 9782 9883 9884 9783
f 9783 9884 9885 9784
f 9784 9885 9886 9785
f 9785 9886 9887 9786
f 9786 9887 9888 9787
f 9787 9888 9889 9788
f 9788 9889 9890 9789
f 9789 9890 9891 9790
f 9790 9891 9892 9791
f 9791 9892 9893 9792
f 9792 9893 9894 9793
f 9793 9894 9895 9794
f 9794 9895 9896 9795
f 9795 9896 9897 9796
f 9796 9897 9898 9797
f 9798 9899 9900 9799
f 9799 9900 9901 9800
f 9800 9901 9902 9801
f 9801 9902 9903 9802
f 9802 9903 9904 9803
f 9803 9904 9905 9804
f 9804 9905 9906 9805
f 9805 9906 9907 9806
f 9806 9907 9908 9807
f 9807 9908 9909 9808
f 9808 9909 9910 9809
f 9809 9910 9911 9810
f 9810 9911 9912 9811
f 9811 9912 9913 9812
f 9812 9913 9914 9813
f 9813 9914 9915 9814
f 9814 9915 9916 9815
f 9815 9916 9917 9816
f 9816 9917 9918 9817
f 9817 9918 9919 9818
f 9818 9919 9920 9819
f 9819 9920 9921 9820
f 9820 9921 9922 9821
f 9821 9922 9923 9822
f 9822 9923 9924 9823
f 9823 9924 9925 9824
usemtl terrain_grass
f 9824 9925 9926 9825
f 9825 9926 9927 9826
f 9826 9927 9928 9827
usemtl terrain_rock_face
f 9827 9928 9929 9828
f 9828 9929 9930 9829
f 9829 9930 9931 9830
f 9830 9931 9932 9831
f 9831 9932 9933 9832
f 9832 9933 9934 9833
f 9833 9934 9935 9834
usemtl terrain_grass
f 9834 9935 9936 9835
f 9835 9936 9937 9836
f 9836 9937 9938 9837
f 9837 9938 9939 9838
f 9838 9939 9940 9839
f 9839 9940 9941 9840
f 9840 9941 9942 9841
f 9841 9942 9943 9842
f 9842 9943 9944 9843
f 9843 9944 9945 9844
f 9844 9945 9946 9845
f 9845 9946 9947 9846
f 9846 9947 9948 9847
f 9847 9948 9949 9848
f 9848 9949 9950 9849
f 9849 9950 9951 9850
f 9850 9951 9952 9851
f 9851 9952 9953 9852
f 9852 9953 9954 9853
f 9853 9954 9955 9854
f 9854 9955 9956 9855
f 9855 9956 9957 9856
f 9856 9957 9958 9857
f 9857 9958 9959 9858
f 9858 9959 9960 9859
f 9859 9960 9961 9860
f 9860 9961 9962 9861
f 9861 9962 9963 9862
f 9862 9963 9964 9863
f 9863 9964 9965 9864
usemtl terrain_seabed
f 9864 9965 9966 9865
f 9865 9966 9967 9866
f 9866 9967 9968 9867
f 9867 9968 9969 9868
f 9868 9969 9970 9869
f 9869 9970 9971 9870
f 9870 9971 9972 9871
f 9871 9972 9973 9872
f 9872 9973 9974 9873
f 9873 9974 9975 9874
f 9874 9975 9976 9875
f 9875 9976 9977 9876
f 9876 9977 9978 9877
f 9877 9978 9979 9878
f 9878 9979 9980 9879
f 9879 9980 9981 9880
f 9880 9981 9982 9881
f 9881 9982 9983 9882
f 9882 9983 9984 9883
f 9883 9984 9985 9884
f 9884 9985 9986 9885
f 9885 9986 9987 9886
f 9886 9987 9988 9887
f 9887 9988 9989 9888
f 9888 9989 9990 9889
f 9889 9990 9991 9890
f 9890 9991 9992 9891
f 9891 9992 9993 9892
f 9892 9993 9994 9893
f 9893 9994 9995 9894
f 9894 9995 9996 9895
f 9895 9996 9997 9896
f 9896 9997 9998 9897
f 9897 9998 9999 9898
f 9899 10000 10001 9900
f 9900 10001 10002 9901
f 9901 10002 10003 9902
f 9902 10003 10004 9903
f 9903 10004 10005 9904
f 9904 10005 10006 9905
f 9905 10006 10007 9906
f 9906 10007 10008 9907
f 9907 10008 10009 9908
f 9908 10009 10010 9909
f 9909 10010 10011 9910
f 9910 10011 10012 9911
f 9911 10012 10013 9912
f 9912 10013 10014 9913
f 9913 10014 10015 9914
f 9914 10015 10016 9915
f 9915 10016 10017 9916
f 9916 10017 10018 9917
f 9917 10018 10019 9918
f 9918 10019 10020 9919
f 9919 10020 10021 9920
f 9920 10021 10022 9921
f 9921 10022 10023 9922
f 9922 10023 10024 9923
f 9923 10024 10025 9924
f 9924 10025 10026 9925
usemtl terrain_grass
f 9925 10026 10027 9926
f 9926 10027 10028 9927
f 9927 10028 10029 9928
f 9928 10029 10030 9929
usemtl terrain_rock_face
f 9929 10030 10031 9930
f 9930 10031 10032 9931
f 9931 10032 10033 9932
f 9932 10033 10034 9933
f 9933 10034 10035 9934
usemtl terrain_grass
f 9934 10035 10036 9935
f 9935 10036 10037 9936
f 9936 10037 10038 9937
f 9937 10038 10039 9938
usemtl terrain_seabed
f 9938 10039 10040 9939
f 9939 10040 10041 9940
usemtl terrain_grass
f 9940 10041 10042 9941
f 9941 10042 10043 9942
f 9942 10043 10044 9943
f 9943 10044 10045 9944
f 9944 10045 10046 9945
f 9945 10046 10047 9946
f 9946 10047 10048 9947
f 9947 10048 10049 9948
f 9948 10049 10050 9949
f 9949 10050 10051 9950
f 9950 10051 10052 9951
f 9951 10052 10053 9952
f 9952 10053 10054 9953
f 9953 10054 10055 9954
f 9954 10055 10056 9955
f 9955 10056 10057 9956
f 9956 10057 10058 9957
f 9957 10058 10059 9958
f 9958 10059 10060 9959
f 9959 10060 10061 9960
f 9960 10061 10062 9961
f 9961 10062 10063 9962
f 9962 10063 10064 9963
f 9963 10064 10065 9964
f 9964 10065 10066 9965
usemtl terrain_seabed
f 9965 10066 10067 9966
f 9966 10067 10068 9967
f 9967 10068 10069 9968
f 9968 10069 10070 9969
f 9969 10070 10071 9970
f 9970 10071 10072 9971
f 9971 10072 10073 9972
f 9972 10073 10074 9973
f 9973 10074 10075 9974
f 9974 10075 10076 9975
f 9975 10076 10077 9976
f 9976 10077 10078 9977
f 9977 10078 10079 9978
f 9978 10079 10080 9979
f 9979 10080 10081 9980
f 9980 10081 10082 9981
f 9981 10082 10083 9982
f 9982 10083 10084 9983
f 9983 10084 10085 9984
f 9984 10085 10086 9985
f 9985 10086 10087 9986
f 9986 10087 10088 9987
f 9987 10088 10089 9988
f 9988 10089 10090 9989
f 9989 10090 10091 9990
f 9990 10091 10092 9991
f 9991 10092 10093 9992
f 9992 10093 10094 9993
f 9993 10094 10095 9994
f 9994 10095 10096 9995
f 9995 10096 10097 9996
f 9996 10097 10098 9997
f 9997 10098 10099 9998
f 9998 10099 10100 9999
f 10000 10101 10102 10001
f 10001 10102 10103 10002
f 10002 10103 10104 10003
f 10003 10104 10105 10004
f 10004 10105 10106 10005
f 10005 10106 10107 10006
f 10006 10107 10108 10007
f 10007 10108 10109 10008
f 10008 10109 10110 10009
f 10009 10110 10111 10010
f 10010 10111 10112 10011
f 10011 10112 10113 10012
f 10012 10113 10114 10013
f 10013 10114 10115 10014
f 10014 10115 10116 10015
f 10015 10116 10117 10016
f 10016 10117 10118 10017
f 10017 10118 10119 10018
f 10018 10119 10120 10019
f 10019 10120 10121 10020
f 10020 10121 10122 10021
f 10021 10122 10123 10022
f 10022 10123 10124 10023
f 10023 10124 10125 10024
f 10024 10125 10126 10025
f 10025 10126 10127 10026
usemtl terrain_grass
f 10026 10127 10128 10027
f 10027 10128 10129 10028
f 10028 10129 10130 10029
f 10029 10130 10131 10030
f 10030 10131 10132 10031
usemtl terrain_rock_face
f 10031 10132 10133 10032
f 10032 10133 10134 10033
f 10033 10134 10135 10034
usemtl terrain_grass
f 10034 10135 10136 10035
f 10035 10136 10137 10036
f 10036 10137 10138 10037
f 10037 10138 10139 10038
f 10038 10139 10140 10039
usemtl terrain_seabed
f 10039 10140 10141 10040
f 10040 10141 10142 10041
f 10041 10142 10143 10042
usemtl terrain_grass
f 10042 10143 10144 10043
f 10043 10144 10145 10044
f 10044 10145 10146 10045
f 10045 10146 10147 10046
f 10046 10147 10148 10047
f 10047 10148 10149 10048
f 10048 10149 10150 10049
f 10049 10150 10151 10050
f 10050 10151 10152 10051
f 10051 10152 10153 10052
f 10052 10153 10154 10053
f 10053 10154 10155 10054
f 10054 10155 10156 10055
f 10055 10156 10157 10056
f 10056 10157 10158 10057
f 10057 10158 10159 10058
f 10058 10159 10160 10059
f 10059 10160 10161 10060
f 10060 10161 10162 10061
f 10061 10162 10163 10062
f 10062 10163 10164 10063
f 10063 10164 10165 10064
f 10064 10165 10166 10065
usemtl terrain_seabed
f 10065 10166 10167 10066
f 10066 10167 10168 10067
f 10067 10168 10169 10068
f 10068 10169 10170 10069
f 10069 10170 10171 10070
f 10070 10171 10172 10071
f 10071 10172 10173 10072
f 10072 10173 10174 10073
f 10073 10174 10175 10074
f 10074 10175 10176 10075
f 10075 10176 10177 10076
f 10076 10177 10178 10077
f 10077 10178 10179 10078
f 10078 10179 10180 10079
f 10079 10180 10181 10080
f 10080 10181 10182 10081
f 10081 10182 10183 10082
f 10082 10183 10184 10083
f 10083 10184 10185 10084
f 10084 10185 10186 10085
f 10085 10186 10187 10086
f 10086 10187 10188 10087
f 10087 10188 10189 10088
f 10088 10189 10190 10089
f 10089 10190 10191 10090
f 10090 10191 10192 10091
f 10091 10192 10193 10092
f 10092 10193 10194 10093
f 10093 10194 10195 10094
f 10094 10195 10196 10095
f 10095 10196 10197 10096
f 10096 10197 10198 10097
f 10097 10198 10199 10098
f 10098 10199 10200 10099
f 10099 10200 10201 10100
f 10101 10202 10203 10102
f 10102 10203 10204 10103
f 10103 10204 10205 10104
f 10104 10205 10206 10105
f 10105 10206 10207 10106
f 10106 10207 10208 10107
f 10107 10208 10209 10108
f 10108 10209 10210 10109
f 10109 10210 10211 10110
f 10110 10211 10212 10111
f 10111 10212 10213 10112
f 10112 10213 10214 10113
f 10113 10214 10215 10114
f 10114 10215 10216 10115
f 10115 10216 10217 10116
f 10116 10217 10218 10117
f 10117 10218 10219 10118
f 10118 10219 10220 10119
f 10119 10220 10221 10120
f 10120 10221 10222 10121
f 10121 10222 10223 10122
f 10122 10223 10224 10123
f 10123 10224 10225 10124
f 10124 10225 10226 10125
f 10125 10226 10227 10126
f 10126 10227 10228 10127
f 10127 10228 10229 10128
usemtl terrain_grass
f 10128 10229 10230 10129
f 10129 10230 10231 10130
f 10130 10231 10232 10131
f 10131 10232 10233 10132
f 10132 10233 10234 10133
f 10133 10234 10235 10134
f 10134 10235 10236 10135
f 10135 10236 10237 10136
f 10136 10237 10238 10137
f 10137 10238 10239 10138
f 10138 10239 10240 10139
usemtl terrain_seabed
f 10139 10240 10241 10140
f 10140 10241 10242 10141
f 10141 10242 10243 10142
f 10142 10243 10244 10143
f 10143 10244 10245 10144
usemtl terrain_grass
f 10144 10245 10246 10145
f 10145 10246 10247 10146
f 10146 10247 10248 10147
f 10147 10248 10249 10148
f 10148 10249 10250 10149
f 10149 10250 10251 10150
f 10150 10251 10252 10151
f 10151 10252 10253 10152
f 10152 10253 10254 10153
f 10153 10254 10255 10154
f 10154 10255 10256 10155
f 10155 10256 10257 10156
f 10156 10257 10258 10157
f 10157 10258 10259 10158
f 10158 10259 10260 10159
f 10159 10260 10261 10160
f 10160 10261 10262 10161
f 10161 10262 10263 10162
f 10162 10263 10264 10163
f 10163 10264 10265 10164
f 10164 10265 10266 10165
f 10165 10266 10267 10166
usemtl terrain_seabed
f 10166 10267 10268 10167
f 10167 10268 10269 10168
f 10168 10269 10270 10169
f 10169 10270 10271 10170
f 10170 10271 10272 10171
f 10171 10272 10273 10172
f 10172 10273 10274 10173
f 10173 10274 10275 10174
f 10174 10275 10276 10175
f 10175 10276 10277 10176
f 10176 10277 10278 10177
f 10177 10278 10279 10178
f 10178 10279 10280 10179
f 10179 10280 10281 10180
f 10180 10281 10282 10181
f 10181 10282 10283 10182
f 10182 10283 10284 10183
f 10183 10284 10285 10184
f 10184 10285 10286 10185
f 10185 10286 10287 10186
f 10186 10287 10288 10187
f 10187 10288 10289 10188
f 10188 10289 10290 10189
f 10189 10290 10291 10190
f 10190 10291 10292 10191
f 10191 10292 10293 10192
f 10192 10293 10294 10193
f 10193 10294 10295 10194
f 10194 10295 10296 10195
f 10195 10296 10297 10196
f 10196 10297 10298 10197
f 10197 10298 10299 10198
f 10198 10299 10300 10199
f 10199 10300 10301 10200
f 10200 10301 10302 10201
f 10202 10303 10304 10203
f 10203 10304 10305 10204
f 10204 10305 10306 10205
f 10205 10306 10307 10206
f 10206 10307 10308 10207
f 10207 10308 10309 10208
f 10208 10309 10310 10209
f 10209 10310 10311 10210
f 10210 10311 10312 10211
f 10211 10312 10313 10212
f 10212 10313 10314 10213
f 10213 10314 10315 10214
f 10214 10315 10316 10215
f 10215 10316 10317 10216
f 10216 10317 10318 10217
f 10217 10318 10319 10218
f 10218 10319 10320 10219
f 10219 10320 10321 10220
f 10220 10321 10322 10221
f 10221 10322 10323 10222
f 10222 10323 10324 10223
f 10223 10324 10325 10224
f 10224 10325 10326 10225
f 10225 10326 10327 10226
f 10226 10327 10328 10227
f 10227 10328 10329 10228
f 10228 10329 10330 10229
f 10229 10330 10331 10230
usemtl terrain_grass
f 10230 10331 10332 10231
f 10231 10332 10333 10232
f 10232 10333 10334 10233
f 10233 10334 10335 10234
f 10234 10335 10336 10235
f 10235 10336 10337 10236
f 10236 10337 10338 10237
f 10237 10338 10339 10238
f 10238 10339 10340 10239
f 10239 10340 10341 10240
usemtl terrain_seabed
f 10240 10341 10342 10241
f 10241 10342 10343 10242
f 10242 10343 10344 10243
f 10243 10344 10345 10244
f 10244 10345 10346 10245
f 10245 10346 10347 10246
usemtl terrain_grass
f 10246 10347 10348 10247
f 10247 10348 10349 10248
f 10248 10349 10350 10249
f 10249 10350 10351 10250
f 10250 10351 10352 10251
f 10251 10352 10353 10252
f 10252 10353 10354 10253
f 10253 10354 10355 10254
f 10254 10355 10356 10255
f 10255 10356 10357 10256
f 10256 10357 10358 10257
f 10257 10358 10359 10258
f 10258 10359 10360 10259
f 10259 10360 10361 10260
f 10260 10361 10362 10261
f 10261 10362 10363 10262
f 10262 10363 10364 10263
f 10263 10364 10365 10264
f 10264 10365 10366 10265
f 10265 10366 10367 10266
f 10266 10367 10368 10267
usemtl terrain_seabed
f 10267 10368 10369 10268
f 10268 10369 10370 10269
f 10269 10370 10371 10270
f 10270 10371 10372 10271
f 10271 10372 10373 10272
f 10272 10373 10374 10273
f 10273 10374 10375 10274
f 10274 10375 10376 10275
f 10275 10376 10377 10276
f 10276 10377 10378 10277
f 10277 10378 10379 10278
f 10278 10379 10380 10279
f 10279 10380 10381 10280
f 10280 10381 10382 10281
f 10281 10382 10383 10282
f 10282 10383 10384 10283
f 10283 10384 10385 10284
f 10284 10385 10386 10285
f 10285 10386 10387 10286
f 10286 10387 10388 10287
f 10287 10388 10389 10288
f 10288 10389 10390 10289
f 10289 10390 10391 10290
f 10290 10391 10392 10291
f 10291 10392 10393 10292
f 10292 10393 10394 10293
f 10293 10394 10395 10294
f 10294 10395 10396 10295
f 10295 10396 10397 10296
f 10296 10397 10398 10297
f 10297 10398 10399 10298
f 10298 10399 10400 10299
f 10299 10400 10401 10300
f 10300 10401 10402 10301
f 10301 10402 10403 10302
f 10303 10404 10405 10304
f 10304 10405 10406 10305
f 10305 10406 10407 10306
f 10306 10407 10408 10307
f 10307 10408 10409 10308
f 10308 10409 10410 10309
f 10309 10410 10411 10310
f 10310 10411 10412 10311
f 10311 10412 10413 10312
f 10312 10413 10414 10313
f 10313 10414 10415 10314
f 10314 10415 10416 10315
f 10315 10416 10417 10316
f 10316 10417 10418 10317
f 10317 10418 10419 10318
f 10318 10419 10420 10319
f 10319 10420 10421 10320
f 10320 10421 10422 10321
f 10321 10422 10423 10322
f 10322 10423 10424 10323
f 10323 10424 10425 10324
f 10324 10425 10426 10325
f 10325 10426 10427 10326
f 10326 10427 10428 10327
f 10327 10428 10429 10328
f 10328 10429 10430 10329
f 10329 10430 10431 10330
f 10330 10431 10432 10331
f 10331 10432 10433 10332
usemtl terrain_grass
f 10332 10433 10434 10333
f 10333 10434 10435 10334
f 10334 10435 10436 10335
f 10335 10436 10437 10336
f 10336 10437 10438 10337
f 10337 10438 10439 10338
f 10338 10439 10440 10339
f 10339 10440 10441 10340
usemtl terrain_seabed
f 10340 10441 10442 10341
f 10341 10442 10443 10342
f 10342 10443 10444 10343
f 10343 10444 10445 10344
f 10344 10445 10446 10345
f 10345 10446 10447 10346
f 10346 10447 10448 10347
usemtl terrain_grass
f 10347 10448 10449 10348
f 10348 10449 10450 10349
f 10349 10450 10451 10350
f 10350 10451 10452 10351
f 10351 10452 10453 10352
f 10352 10453 10454 10353
f 10353 10454 10455 10354
f 10354 10455 10456 10355
f 10355 10456 10457 10356
f 10356 10457 10458 10357
f 10357 10458 10459 10358
f 10358 10459 10460 10359
f 10359 10460 10461 10360
f 10360 10461 10462 10361
f 10361 10462 10463 10362
f 10362 10463 10464 10363
f 10363 10464 10465 10364
f 10364 10465 10466 10365
f 10365 10466 10467 10366
f 10366 10467 10468 10367
usemtl terrain_seabed
f 10367 10468 10469 10368
f 10368 10469 10470 10369
f 10369 10470 10471 10370
f 10370 10471 10472 10371
f 10371 10472 10473 10372
f 10372 10473 10474 10373
f 10373 10474 10475 10374
f 10374 10475 10476 10375
f 10375 10476 10477 10376
f 10376 10477 10478 10377
f 10377 10478 10479 10378
f 10378 10479 10480 10379
f 10379 10480 10481 10380
f 10380 10481 10482 10381
f 10381 10482 10483 10382
f 10382 10483 10484 10383
f 10383 10484 10485 10384
f 10384 10485 10486 10385
f 10385 10486 10487 10386
f 10386 10487 10488 10387
f 10387 10488 10489 10388
f 10388 10489 10490 10389
f 10389 10490 10491 10390
f 10390 10491 10492 10391
f 10391 10492 10493 10392
f 10392 10493 10494 10393
f 10393 10494 10495 10394
f 10394 10495 10496 10395
f 10395 10496 10497 10396
f 10396 10497 10498 10397
f 10397 10498 10499 10398
f 10398 10499 10500 10399
f 10399 10500 10501 10400
f 10400 10501 10502 10401
f 10401 10502 10503 10402
f 10402 10503 10504 10403
f 10404 10505 10506 10405
f 10405 10506 10507 10406
f 10406 10507 10508 10407
f 10407 10508 10509 10408
f 10408 10509 10510 10409
f 10409 10510 10511 10410
f 10410 10511 10512 10411
f 10411 10512 10513 10412
f 10412 10513 10514 10413
f 10413 10514 10515 10414
f 10414 10515 10516 10415
f 10415 10516 10517 10416
f 10416 10517 10518 10417
f 10417 10518 10519 10418
f 10418 10519 10520 10419
f 10419 10520 10521 10420
f 10420 10521 10522 10421
f 10421 10522 10523 10422
f 10422 10523 10524 10423
f 10423 10524 10525 10424
f 10424 10525 10526 10425
f 10425 10526 10527 10426
f 10426 10527 10528 10427
f 10427 10528 10529 10428
f 10428 10529 10530 10429
f 10429 10530 10531 10430
f 10430 10531 10532 10431
f 10431 10532 10533 10432
f 10432 10533 10534 10433
f 10433 10534 10535 10434
f 10434 10535 10536 10435
usemtl terrain_grass
f 10435 10536 10537 10436
f 10436 10537 10538 10437
f 10437 10538 10539 10438
f 10438 10539 10540 10439
usemtl terrain_seabed
f 10439 10540 10541 10440
f 10440 10541 10542 10441
f 10441 10542 10543 10442
f 10442 10543 10544 10443
f 10443 10544 10545 10444
f 10444 10545 10546 10445
f 10445 10546 10547 10446
f 10446 10547 10548 10447
f 10447 10548 10549 10448
f 10448 10549 10550 10449
usemtl terrain_grass
f 10449 10550 10551 10450
f 10450 10551 10552 10451
f 10451 10552 10553 10452
f 10452 10553 10554 10453
f 10453 10554 10555 10454
f 10454 10555 10556 10455
f 10455 10556 10557 10456
f 10456 10557 10558 10457
f 10457 10558 10559 10458
f 10458 10559 10560 10459
f 10459 10560 10561 10460
f 10460 10561 10562 10461
f 10461 10562 10563 10462
f 10462 10563 10564 10463
f 10463 10564 10565 10464
f 10464 10565 10566 10465
f 10465 10566 10567 10466
f 10466 10567 10568 10467
f 10467 10568 10569 10468
usemtl terrain_seabed
f 10468 10569 10570 10469
f 10469 10570 10571 10470
f 10470 10571 10572 10471
f 10471 10572 10573 10472
f 10472 10573 10574 10473
f 10473 10574 10575 10474
f 10474 10575 10576 10475
f 10475 10576 10577 10476
f 10476 10577 10578 10477
f 10477 10578 10579 10478
f 10478 10579 10580 10479
f 10479 10580 10581 10480
f 10480 10581 10582 10481
f 10481 10582 10583 10482
f 10482 10583 10584 10483
f 10483 10584 10585 10484
f 10484 10585 10586 10485
f 10485 10586 10587 10486
f 10486 10587 10588 10487
f 10487 10588 10589 10488
f 10488 10589 10590 10489
f 10489 10590 10591 10490
f 10490 10591 10592 10491
f 10491 10592 10593 10492
f 10492 10593 10594 10493
f 10493 10594 10595 10494
f 10494 10595 10596 10495
f 10495 10596 10597 10496
f 10496 10597 10598 10497
f 10497 10598 10599 10498
f 10498 10599 10600 10499
f 10499 10600 10601 10500
f 10500 10601 10602 10501
f 10501 10602 10603 10502
f 10502 10603 10604 10503
f 10503 10604 10605 10504
f 10505 10606 10607 10506
f 10506 10607 10608 10507
f 10507 10608 10609 10508
f 10508 10609 10610 10509
f 10509 10610 10611 10510
f 10510 10611 10612 10511
f 10511 10612 10613 10512
f 10512 10613 10614 10513
f 10513 10614 10615 10514
f 10514 10615 10616 10515
f 10515 10616 10617 10516
f 10516 10617 10618 10517
f 10517 10618 10619 10518
f 10518 10619 10620 10519
f 10519 10620 10621 10520
f 10520 10621 10622 10521
f 10521 10622 10623 10522
f 10522 10623 10624 10523
f 10523 10624 10625 10524
f 10524 10625 10626 10525
f 10525 10626 10627 10526
f 10526 10627 10628 10527
f 10527 10628 10629 10528
f 10528 10629 10630 10529
f 10529 10630 10631 10530
f 10530 10631 10632 10531
f 10531 10632 10633 10532
f 10532 10633 10634 10533
f 10533 10634 10635 10534
f 10534 10635 10636 10535
f 10535 10636 10637 10536
f 10536 10637 10638 10537
f 10537 10638 10639 10538
f 10538 10639 10640 10539
f 10539 10640 10641 10540
f 10540 10641 10642 10541
f 10541 10642 10643 10542
f 10542 10643 10644 10543
f 10543 10644 10645 10544
f 10544 10645 10646 10545
f 10545 10646 10647 10546
f 10546 10647 10648 10547
f 10547 10648 10649 10548
f 10548 10649 10650 10549
f 10549 10650 10651 10550
f 10550 10651 10652 10551
usemtl terrain_grass
f 10551 10652 10653 10552
f 10552 10653 10654 10553
f 10553 10654 10655 10554
f 10554 10655 10656 10555
f 10555 10656 10657 10556
f 10556 10657 10658 10557
f 10557 10658 10659 10558
f 10558 10659 10660 10559
f 10559 10660 10661 10560
f 10560 10661 10662 10561
f 10561 10662 10663 10562
f 10562 10663 10664 10563
f 10563 10664 10665 10564
f 10564 10665 10666 10565
f 10565 10666 10667 10566
f 10566 10667 10668 10567
f 10567 10668 10669 10568
f 10568 10669 10670 10569
usemtl terrain_seabed
f 10569 10670 10671 10570
f 10570 10671 10672 10571
f 10571 10672 10673 10572
f 10572 10673 10674 10573
f 10573 10674 10675 10574
f 10574 10675 10676 10575
f 10575 10676 10677 10576
f 10576 10677 10678 10577
f 10577 10678 10679 10578
f 10578 10679 10680 10579
f 10579 10680 10681 10580
f 10580 10681 10682 10581
f 10581 10682 10683 10582
f 10582 10683 10684 10583
f 10583 10684 10685 10584
f 10584 10685 10686 10585
f 10585 10686 10687 10586
f 10586 10687 10688 10587
f 10587 10688 10689 10588
f 10588 10689 10690 10589
f 10589 10690 10691 10590
f 10590 10691 10692 10591
f 10591 10692 10693 10592
f 10592 10693 10694 10593
f 10593 10694 10695 10594
f 10594 10695 10696 10595
f 10595 10696 10697 10596
f 10596 10697 10698 10597
f 10597 10698 10699 10598
f 10598 10699 10700 10599
f 10599 10700 10701 10600
f 10600 10701 10702 10601
f 10601 10702 10703 10602
f 10602 10703 10704 10603
f 10603 10704 10705 10604
f 10604 10705 10706 10605
f 10606 10707 10708 10607
f 10607 10708 10709 10608
f 10608 10709 10710 10609
f 10609 10710 10711 10610
f 10610 10711 10712 10611
f 10611 10712 10713 10612
f 10612 10713 10714 10613
f 10613 10714 10715 10614
f 10614 10715 10716 10615
f 10615 10716 10717 10616
f 10616 10717 10718 10617
f 10617 10718 10719 10618
f 10618 10719 10720 10619
f 10619 10720 10721 10620
f 10620 10721 10722 10621
f 10621 10722 10723 10622
f 10622 10723 10724 10623
f 10623 10724 10725 10624
f 10624 10725 10726 10625
f 10625 10726 10727 10626
f 10626 10727 10728 10627
f 10627 10728 10729 10628
f 10628 10729 10730 10629
f 10629 10730 10731 10630
f 10630 10731 10732 10631
f 10631 10732 10733 10632
f 10632 10733 10734 10633
f 10633 10734 10735 10634
f 10634 10735 10736 10635
f 10635 10736 10737 10636
f 10636 10737 10738 10637
f 10637 10738 10739 10638
f 10638 10739 10740 10639
f 10639 10740 10741 10640
f 10640 10741 10742 10641
f 10641 10742 10743 10642
f 10642 10743 10744 10643
f 10643 10744 10745 10644
f 10644 10745 10746 10645
f 10645 10746 10747 10646
f 10646 10747 10748 10647
f 10647 10748 10749 10648
f 10648 10749 10750 10649
f 10649 10750 10751 10650
f 10650 10751 10752 10651
f 10651 10752 10753 10652
usemtl terrain_grass
f 10652 10753 10754 10653
f 10653 10754 10755 10654
f 10654 10755 10756 10655
f 10655 10756 10757 10656
f 10656 10757 10758 10657
f 10657 10758 10759 10658
f 10658 10759 10760 10659
f 10659 10760 10761 10660
f 10660 10761 10762 10661
f 10661 10762 10763 10662
f 10662 10763 10764 10663
f 10663 10764 10765 10664
f 10664 10765 10766 10665
f 10665 10766 10767 10666
f 10666 10767 10768 10667
f 10667 10768 10769 10668
f 10668 10769 10770 10669
usemtl terrain_seabed
f 10669 10770 10771 10670
f 10670 10771 10772 10671
f 10671 10772 10773 10672
f 10672 10773 10774 10673
f 10673 10774 10775 10674
f 10674 10775 10776 10675
f 10675 10776 10777 10676
f 10676 10777 10778 10677
f 10677 10778 10779 10678
f 10678 10779 10780 10679
f 10679 10780 10781 10680
f 10680 10781 10782 10681
f 10681 10782 10783 10682
f 10682 10783 10784 10683
f 10683 10784 10785 10684
f 10684 10785 10786 10685
f 10685 10786 10787 10686
f 10686 10787 10788 10687
f 10687 10788 10789 10688
f 10688 10789 10790 10689
f 10689 10790 10791 10690
f 10690 10791 10792 10691
f 10691 10792 10793 10692
f 10692 10793 10794 10693
f 10693 10794 10795 10694
f 10694 10795 10796 10695
f 10695 10796 10797 10696
f 10696 10797 10798 10697
f 10697 10798 10799 10698
f 10698 10799 10800 10699
f 10699 10800 10801 10700
f 10700 10801 10802 10701
f 10701 10802 10803 10702
f 10702 10803 10804 10703
f 10703 10804 10805 10704
f 10704 10805 10806 10705
f 10705 10806 10807 10706
f 10707 10808 10809 10708
f 10708 10809 10810 10709
f 10709 10810 10811 10710
f 10710 10811 10812 10711
f 10711 10812 10813 10712
f 10712 10813 10814 10713
f 10713 10814 10815 10714
f 10714 10815 10816 10715
f 10715 10816 10817 10716
f 10716 10817 10818 10717
f 10717 10818 10819 10718
f 10718 10819 10820 10719
f 10719 10820 10821 10720
f 10720 10821 10822 10721
f 10721 10822 10823 10722
f 10722 10823 10824 10723
f 10723 10824 10825 10724
f 10724 10825 10826 10725
f 10725 10826 10827 10726
f 10726 10827 10828 10727
f 10727 10828 10829 10728
f 10728 10829 10830 10729
f 10729 10830 10831 10730
f 10730 10831 10832 10731
f 10731 10832 10833 10732
f 10732 10833 10834 10733
f 10733 10834 10835 10734
f 10734 10835 10836 10735
f 10735 10836 10837 10736
f 10736 10837 10838 10737
f 10737 10838 10839 10738
f 10738 10839 10840 10739
f 10739 10840 10841 10740
f 10740 10841 10842 10741
f 10741 10842 10843 10742
f 10742 10843 10844 10743
f 10743 10844 10845 10744
f 10744 10845 10846 10745
f 10745 10846 10847 10746
f 10746 10847 10848 10747
f 10747 10848 10849 10748
f 10748 10849 10850 10749
f 10749 10850 10851 10750
f 10750 10851 10852 10751
f 10751 10852 10853 10752
f 10752 10853 10854 10753
f 10753 10854 10855 10754
usemtl terrain_grass
f 10754 10855 10856 10755
f 10755 10856 10857 10756
f 10756 10857 10858 10757
f 10757 10858 10859 10758
f 10758 10859 10860 10759
f 10759 10860 10861 10760
f 10760 10861 10862 10761
f 10761 10862 10863 10762
f 10762 10863 10864 10763
f 10763 10864 10865 10764
f 10764 10865 10866 10765
f 10765 10866 10867 10766
f 10766 10867 10868 10767
f 10767 10868 10869 10768
f 10768 10869 10870 10769
f 10769 10870 10871 10770
usemtl terrain_seabed
f 10770 10871 10872 10771
f 10771 10872 10873 10772
f 10772 10873 10874 10773
f 10773 10874 10875 10774
f 10774 10875 10876 10775
f 10775 10876 10877 10776
f 10776 10877 10878 10777
f 10777 10878 10879 10778
f 10778 10879 10880 10779
f 10779 10880 10881 10780
f 10780 10881 10882 10781
f 10781 10882 10883 10782
f 10782 10883 10884 10783
f 10783 10884 10885 10784
f 10784 10885 10886 10785
f 10785 10886 10887 10786
f 10786 10887 10888 10787
f 10787 10888 10889 10788
f 10788 10889 10890 10789
f 10789 10890 10891 10790
f 10790 10891 10892 10791
f 10791 10892 10893 10792
f 10792 10893 10894 10793
f 10793 10894 10895 10794
f 10794 10895 10896 10795
f 10795 10896 10897 10796
f 10796 10897 10898 10797
f 10797 10898 10899 10798
f 10798 10899 10900 10799
f 10799 10900 10901 10800
f 10800 10901 10902 10801
f 10801 10902 10903 10802
f 10802 10903 10904 10803
f 10803 10904 10905 10804
f 10804 10905 10906 10805
f 10805 10906 10907 10806
f 10806 10907 10908 10807
f 10808 10909 10910 10809
f 10809 10910 10911 10810
f 10810 10911 10912 10811
f 10811 10912 10913 10812
f 10812 10913 10914 10813
f 10813 10914 10915 10814
f 10814 10915 10916 10815
f 10815 10916 10917 10816
f 10816 10917 10918 10817
f 10817 10918 10919 10818
f 10818 10919 10920 10819
f 10819 10920 10921 10820
f 10820 10921 10922 10821
f 10821 10922 10923 10822
f 10822 10923 10924 10823
f 10823 10924 10925 10824
f 10824 10925 10926 10825
f 10825 10926 10927 10826
f 10826 10927 10928 10827
f 10827 10928 10929 10828
f 10828 10929 10930 10829
f 10829 10930 10931 10830
f 10830 10931 10932 10831
f 10831 10932 10933 10832
f 10832 10933 10934 10833
f 10833 10934 10935 10834
f 10834 10935 10936 10835
f 10835 10936 10937 10836
f 10836 10937 10938 10837
f 10837 10938 10939 10838
f 10838 10939 10940 10839
f 10839 10940 10941 10840
f 10840 10941 10942 10841
f 10841 10942 10943 10842
f 10842 10943 10944 10843
f 10843 10944 10945 10844
f 10844 10945 10946 10845
f 10845 10946 10947 10846
f 10846 10947 10948 10847
f 10847 10948 10949 10848
f 10848 10949 10950 10849
f 10849 10950 10951 10850
f 10850 10951 10952 10851
f 10851 10952 10953 10852
f 10852 10953 10954 10853
f 10853 10954 10955 10854
f 10854 10955 10956 10855
f 10855 10956 10957 10856
usemtl terrain_grass
f 10856 10957 10958 10857
f 10857 10958 10959 10858
f 10858 10959 10960 10859
f 10859 10960 10961 10860
f 10860 10961 10962 10861
f 10861 10962 10963 10862
f 10862 10963 10964 10863
f 10863 10964 10965 10864
f 10864 10965 10966 10865
f 10865 10966 10967 10866
f 10866 10967 10968 10867
f 10867 10968 10969 10868
f 10868 10969 10970 10869
f 10869 10970 10971 10870
f 10870 10971 10972 10871
usemtl terrain_seabed
f 10871 10972 10973 10872
f 10872 10973 10974 10873
f 10873 10974 10975 10874
f 10874 10975 10976 10875
f 10875 10976 10977 10876
f 10876 10977 10978 10877
f 10877 10978 10979 10878
f 10878 10979 10980 10879
f 10879 10980 10981 10880
f 10880 10981 10982 10881
f 10881 10982 10983 10882
f 10882 10983 10984 10883
f 10883 10984 10985 10884
f 10884 10985 10986 10885
f 10885 10986 10987 10886
f 10886 10987 10988 10887
f 10887 10988 10989 10888
f 10888 10989 10990 10889
f 10889 10990 10991 10890
f 10890 10991 10992 10891
f 10891 10992 10993 10892
f 10892 10993 10994 10893
f 10893 10994 10995 10894
f 10894 10995 10996 10895
f 10895 10996 10997 10896
f 10896 10997 10998 10897
f 10897 10998 10999 10898
f 10898 10999 11000 10899
f 10899 11000 11001 10900
f 10900 11001 11002 10901
f 10901 11002 11003 10902
f 10902 11003 11004 10903
f 10903 11004 11005 10904
f 10904 11005 11006 10905
f 10905 11006 11007 10906
f 10906 11007 11008 10907
f 10907 11008 11009 10908
f 10909 11010 11011 10910
f 10910 11011 11012 10911
f 10911 11012 11013 10912
f 10912 11013 11014 10913
f 10913 11014 11015 10914
f 10914 11015 11016 10915
f 10915 11016 11017 10916
f 10916 11017 11018 10917
f 10917 11018 11019 10918
f 10918 11019 11020 10919
f 10919 11020 11021 10920
f 10920 11021 11022 10921
f 10921 11022 11023 10922
f 10922 11023 11024 10923
f 10923 11024 11025 10924
f 10924 11025 11026 10925
f 10925 11026 11027 10926
f 10926 11027 11028 10927
f 10927 11028 11029 10928
f 10928 11029 11030 10929
f 10929 11030 11031 10930
f 10930 11031 11032 10931
f 10931 11032 11033 10932
f 10932 11033 11034 10933
f 10933 11034 11035 10934
f 10934 11035 11036 10935
f 10935 11036 11037 10936
f 10936 11037 11038 10937
f 10937 11038 11039 10938
f 10938 11039 11040 10939
f 10939 11040 11041 10940
f 10940 11041 11042 10941
f 10941 11042 11043 10942
f 10942 11043 11044 10943
f 10943 11044 11045 10944
f 10944 11045 11046 10945
f 10945 11046 11047 10946
f 10946 11047 11048 10947
f 10947 11048 11049 10948
f 10948 11049 11050 10949
f 10949 11050 11051 10950
f 10950 11051 11052 10951
f 10951 11052 11053 10952
f 10952 11053 11054 10953
f 10953 11054 11055 10954
f 10954 11055 11056 10955
f 10955 11056 11057 10956
f 10956 11057 11058 10957
f 10957 11058 11059 10958
usemtl terrain_grass
f 10958 11059 11060 10959
f 10959 11060 11061 10960
f 10960 11061 11062 10961
f 10961 11062 11063 10962
f 10962 11063 11064 10963
f 10963 11064 11065 10964
f 10964 11065 11066 10965
f 10965 11066 11067 10966
f 10966 11067 11068 10967
f 10967 11068 11069 10968
f 10968 11069 11070 10969
f 10969 11070 11071 10970
f 10970 11071 11072 10971
usemtl terrain_seabed
f 10971 11072 11073 10972
f 10972 11073 11074 10973
f 10973 11074 11075 10974
f 10974 11075 11076 10975
f 10975 11076 11077 10976
f 10976 11077 11078 10977
f 10977 11078 11079 10978
f 10978 11079 11080 10979
f 10979 11080 11081 10980
f 10980 11081 11082 10981
f 10981 11082 11083 10982
f 10982 11083 11084 10983
f 10983 11084 11085 10984
f 10984 11085 11086 10985
f 10985 11086 11087 10986
f 10986 11087 11088 10987
f 10987 11088 11089 10988
f 10988 11089 11090 10989
f 10989 11090 11091 10990
f 10990 11091 11092 10991
f 10991 11092 11093 10992
f 10992 11093 11094 10993
f 10993 11094 11095 10994
f 10994 11095 11096 10995
f 10995 11096 11097 10996
f 10996 11097 11098 10997
f 10997 11098 11099 10998
f 10998 11099 11100 10999
f 10999 11100 11101 11000
f 11000 11101 11102 11001
f 11001 11102 11103 11002
f 11002 11103 11104 11003
f 11003 11104 11105 11004
f 11004 11105 11106 11005
f 11005 11106 11107 11006
f 11006 11107 11108 11007
f 11007 11108 11109 11008
f 11008 11109 11110 11009
f 11010 11111 11112 11011
f 11011 11112 11113 11012
f 11012 11113 11114 11013
f 11013 11114 11115 11014
f 11014 11115 11116 11015
f 11015 11116 11117 11016
f 11016 11117 11118 11017
f 11017 11118 11119 11018
f 11018 11119 11120 11019
f 11019 11120 11121 11020
f 11020 11121 11122 11021
f 11021 11122 11123 11022
f 11022 11123 11124 11023
f 11023 11124 11125 11024
f 11024 11125 11126 11025
f 11025 11126 11127 11026
f 11026 11127 11128 11027
f 11027 11128 11129 11028
f 11028 11129 11130 11029
f 11029 11130 11131 11030
f 11030 11131 11132 11031
f 11031 11132 11133 11032
f 11032 11133 11134 11033
f 11033 11134 11135 11034
f 11034 11135 11136 11035
f 11035 11136 11137 11036
f 11036 11137 11138 11037
f 11037 11138 11139 11038
f 11038 11139 11140 11039
f 11039 11140 11141 11040
f 11040 11141 11142 11041
f 11041 11142 11143 11042
f 11042 11143 11144 11043
f 11043 11144 11145 11044
f 11044 11145 11146 11045
f 11045 11146 11147 11046
f 11046 11147 11148 11047
f 11047 11148 11149 11048
f 11048 11149 11150 11049
f 11049 11150 11151 11050
f 11050 11151 11152 11051
f 11051 11152 11153 11052
f 11052 11153 11154 11053
f 11053 11154 11155 11054
f 11054 11155 11156 11055
f 11055 11156 11157 11056
f 11056 11157 11158 11057
f 11057 11158 11159 11058
f 11058 11159 11160 11059
usemtl terrain_grass
f 11059 11160 11161 11060
f 11060 11161 11162 11061
f 11061 11162 11163 11062
f 11062 11163 11164 11063
f 11063 11164 11165 11064
f 11064 11165 11166 11065
f 11065 11166 11167 11066
f 11066 11167 11168 11067
f 11067 11168 11169 11068
f 11068 11169 11170 11069
f 11069 11170 11171 11070
f 11070 11171 11172 11071
usemtl terrain_seabed
f 11071 11172 11173 11072
f 11072 11173 11174 11073
f 11073 11174 11175 11074
f 11074 11175 11176 11075
f 11075 11176 11177 11076
f 11076 11177 11178 11077
f 11077 11178 11179 11078
f 11078 11179 11180 11079
f 11079 11180 11181 11080
f 11080 11181 11182 11081
f 11081 11182 11183 11082
f 11082 11183 11184 11083
f 11083 11184 11185 11084
f 11084 11185 11186 11085
f 11085 11186 11187 11086
f 11086 11187 11188 11087
f 11087 11188 11189 11088
f 11088 11189 11190 11089
f 11089 11190 11191 11090
f 11090 11191 11192 11091
f 11091 11192 11193 11092
f 11092 11193 11194 11093
f 11093 11194 11195 11094
f 11094 11195 11196 11095
f 11095 11196 11197 11096
f 11096 11197 11198 11097
f 11097 11198 11199 11098
f 11098 11199 11200 11099
f 11099 11200 11201 11100
f 11100 11201 11202 11101
f 11101 11202 11203 11102
f 11102 11203 11204 11103
f 11103 11204 11205 11104
f 11104 11205 11206 11105
f 11105 11206 11207 11106
f 11106 11207 11208 11107
f 11107 11208 11209 11108
f 11108 11209 11210 11109
f 11109 11210 11211 11110
f 11111 11212 11213 11112
f 11112 11213 11214 11113
f 11113 11214 11215 11114
f 11114 11215 11216 11115
f 11115 11216 11217 11116
f 11116 11217 11218 11117
f 11117 11218 11219 11118
f 11118 11219 11220 11119
f 11119 11220 11221 11120
f 11120 11221 11222 11121
f 11121 11222 11223 11122
f 11122 11223 11224 11123
f 11123 11224 11225 11124
f 11124 11225 11226 11125
f 11125 11226 11227 11126
f 11126 11227 11228 11127
f 11127 11228 11229 11128
f 11128 11229 11230 11129
f 11129 11230 11231 11130
f 11130 11231 11232 11131
f 11131 11232 11233 11132
f 11132 11233 11234 11133
f 11133 11234 11235 11134
f 11134 11235 11236 11135
f 11135 11236 11237 11136
f 11136 11237 11238 11137
f 11137 11238 11239 11138
f 11138 11239 11240 11139
f 11139 11240 11241 11140
f 11140 11241 11242 11141
f 11141 11242 11243 11142
f 11142 11243 11244 11143
f 11143 11244 11245 11144
f 11144 11245 11246 11145
f 11145 11246 11247 11146
f 11146 11247 11248 11147
f 11147 11248 11249 11148
f 11148 11249 11250 11149
f 11149 11250 11251 11150
f 11150 11251 11252 11151
f 11151 11252 11253 11152
f 11152 11253 11254 11153
f 11153 11254 11255 11154
f 11154 11255 11256 11155
f 11155 11256 11257 11156
f 11156 11257 11258 11157
f 11157 11258 11259 11158
f 11158 11259 11260 11159
f 11159 11260 11261 11160
f 11160 11261 11262 11161
usemtl terrain_grass
f 11161 11262 11263 11162
f 11162 11263 11264 11163
f 11163 11264 11265 11164
f 11164 11265 11266 11165
f 11165 11266 11267 11166
f 11166 11267 11268 11167
f 11167 11268 11269 11168
f 11168 11269 11270 11169
f 11169 11270 11271 11170
f 11170 11271 11272 11171
f 11171 11272 11273 11172
usemtl terrain_seabed
f 11172 11273 11274 11173
f 11173 11274 11275 11174
f 11174 11275 11276 11175
f 11175 11276 11277 11176
f 11176 11277 11278 11177
f 11177 11278 11279 11178
f 11178 11279 11280 11179
f 11179 11280 11281 11180
f 11180 11281 11282 11181
f 11181 11282 11283 11182
f 11182 11283 11284 11183
f 11183 11284 11285 11184
f 11184 11285 11286 11185
f 11185 11286 11287 11186
f 11186 11287 11288 11187
f 11187 11288 11289 11188
f 11188 11289 11290 11189
f 11189 11290 11291 11190
f 11190 11291 11292 11191
f 11191 11292 11293 11192
f 11192 11293 11294 11193
f 11193 11294 11295 11194
f 11194 11295 11296 11195
f 11195 11296 11297 11196
f 11196 11297 11298 11197
f 11197 11298 11299 11198
f 11198 11299 11300 11199
f 11199 11300 11301 11200
f 11200 11301 11302 11201
f 11201 11302 11303 11202
f 11202 11303 11304 11203
f 11203 11304 11305 11204
f 11204 11305 11306 11205
f 11205 11306 11307 11206
f 11206 11307 11308 11207
f 11207 11308 11309 11208
f 11208 11309 11310 11209
f 11209 11310 11311 11210
f 11210 11311 11312 11211
f 11212 11313 11314 11213
f 11213 11314 11315 11214
f 11214 11315 11316 11215
f 11215 11316 11317 11216
f 11216 11317 11318 11217
f 11217 11318 11319 11218
f 11218 11319 11320 11219
f 11219 11320 11321 11220
f 11220 11321 11322 11221
f 11221 11322 11323 11222
f 11222 11323 11324 11223
f 11223 11324 11325 11224
f 11224 11325 11326 11225
f 11225 11326 11327 11226
f 11226 11327 11328 11227
f 11227 11328 11329 11228
f 11228 11329 11330 11229
f 11229 11330 11331 11230
f 11230 11331 11332 11231
f 11231 11332 11333 11232
f 11232 11333 11334 11233
f 11233 11334 11335 11234
f 11234 11335 11336 11235
f 11235 11336 11337 11236
f 11236 11337 11338 11237
f 11237 11338 11339 11238
f 11238 11339 11340 11239
f 11239 11340 11341 11240
f 11240 11341 11342 11241
f 11241 11342 11343 11242
f 11242 11343 11344 11243
f 11243 11344 11345 11244
f 11244 11345 11346 11245
f 11245 11346 11347 11246
f 11246 11347 11348 11247
f 11247 11348 11349 11248
f 11248 11349 11350 11249
f 11249 11350 11351 11250
f 11250 11351 11352 11251
f 11251 11352 11353 11252
f 11252 11353 11354 11253
f 11253 11354 11355 11254
f 11254 11355 11356 11255
f 11255 11356 11357 11256
f 11256 11357 11358 11257
f 11257 11358 11359 11258
f 11258 11359 11360 11259
f 11259 11360 11361 11260
f 11260 11361 11362 11261
f 11261 11362 11363 11262
f 11262 11363 11364 11263
usemtl terrain_grass
f 11263 11364 11365 11264
f 11264 11365 11366 11265
f 11265 11366 11367 11266
f 11266 11367 11368 11267
f 11267 11368 11369 11268
f 11268 11369 11370 11269
f 11269 11370 11371 11270
f 11270 11371 11372 11271
f 11271 11372 11373 11272
usemtl terrain_seabed
f 11272 11373 11374 11273
f 11273 11374 11375 11274
f 11274 11375 11376 11275
f 11275 11376 11377 11276
f 11276 11377 11378 11277
f 11277 11378 11379 11278
f 11278 11379 11380 11279
f 11279 11380 11381 11280
f 11280 11381 11382 11281
f 11281 11382 11383 11282
f 11282 11383 11384 11283
f 11283 11384 11385 11284
f 11284 11385 11386 11285
f 11285 11386 11387 11286
f 11286 11387 11388 11287
f 11287 11388 11389 11288
f 11288 11389 11390 11289
f 11289 11390 11391 11290
f 11290 11391 11392 11291
f 11291 11392 11393 11292
f 11292 11393 11394 11293
f 11293 11394 11395 11294
f 11294 11395 11396 11295
f 11295 11396 11397 11296
f 11296 11397 11398 11297
f 11297 11398 11399 11298
f 11298 11399 11400 11299
f 11299 11400 11401 11300
f 11300 11401 11402 11301
f 11301 11402 11403 11302
f 11302 11403 11404 11303
f 11303 11404 11405 11304
f 11304 11405 11406 11305
f 11305 11406 11407 11306
f 11306 11407 11408 11307
f 11307 11408 11409 11308
f 11308 11409 11410 11309
f 11309 11410 11411 11310
f 11310 11411 11412 11311
f 11311 11412 11413 11312
f 11313 11414 11415 11314
f 11314 11415 11416 11315
f 11315 11416 11417 11316
f 11316 11417 11418 11317
f 11317 11418 11419 11318
f 11318 11419 11420 11319
f 11319 11420 11421 11320
f 11320 11421 11422 11321
f 11321 11422 11423 11322
f 11322 11423 11424 11323
f 11323 11424 11425 11324
f 11324 11425 11426 11325
f 11325 11426 11427 11326
f 11326 11427 11428 11327
f 11327 11428 11429 11328
f 11328 11429 11430 11329
f 11329 11430 11431 11330
f 11330 11431 11432 11331
f 11331 11432 11433 11332
f 11332 11433 11434 11333
f 11333 11434 11435 11334
f 11334 11435 11436 11335
f 11335 11436 11437 11336
f 11336 11437 11438 11337
f 11337 11438 11439 11338
f 11338 11439 11440 11339
f 11339 11440 11441 11340
f 11340 11441 11442 11341
f 11341 11442 11443 11342
f 11342 11443 11444 11343
f 11343 11444 11445 11344
f 11344 11445 11446 11345
f 11345 11446 11447 11346
f 11346 11447 11448 11347
f 11347 11448 11449 11348
f 11348 11449 11450 11349
f 11349 11450 11451 11350
f 11350 11451 11452 11351
f 11351 11452 11453 11352
f 11352 11453 11454 11353
f 11353 11454 11455 11354
f 11354 11455 11456 11355
f 11355 11456 11457 11356
f 11356 11457 11458 11357
f 11357 11458 11459 11358
f 11358 11459 11460 11359
f 11359 11460 11461 11360
f 11360 11461 11462 11361
f 11361 11462 11463 11362
f 11362 11463 11464 11363
f 11363 11464 11465 11364
f 11364 11465 11466 11365
f 11365 11466 11467 11366
usemtl terrain_grass
f 11366 11467 11468 11367
f 11367 11468 11469 11368
f 11368 11469 11470 11369
f 11369 11470 11471 11370
f 11370 11471 11472 11371
f 11371 11472 11473 11372
usemtl terrain_seabed
f 11372 11473 11474 11373
f 11373 11474 11475 11374
f 11374 11475 11476 11375
f 11375 11476 11477 11376
f 11376 11477 11478 11377
f 11377 11478 11479 11378
f 11378 11479 11480 11379
f 11379 11480 11481 11380
f 11380 11481 11482 11381
f 11381 11482 11483 11382
f 11382 11483 11484 11383
f 11383 11484 11485 11384
f 11384 11485 11486 11385
f 11385 11486 11487 11386
f 11386 11487 11488 11387
f 11387 11488 11489 11388
f 11388 11489 11490 11389
f 11389 11490 11491 11390
f 11390 11491 11492 11391
f 11391 11492 11493 11392
f 11392 11493 11494 11393
f 11393 11494 11495 11394
f 11394 11495 11496 11395
f 11395 11496 11497 11396
f 11396 11497 11498 11397
f 11397 11498 11499 11398
f 11398 11499 11500 11399
f 11399 11500 11501 11400
f 11400 11501 11502 11401
f 11401 11502 11503 11402
f 11402 11503 11504 11403
f 11403 11504 11505 11404
f 11404 11505 11506 11405
f 11405 11506 11507 11406
f 11406 11507 11508 11407
f 11407 11508 11509 11408
f 11408 11509 11510 11409
f 11409 11510 11511 11410
f 11410 11511 11512 11411
f 11411 11512 11513 11412
f 11412 11513 11514 11413
f 11414 11515 11516 11415
f 11415 11516 11517 11416
f 11416 11517 11518 11417
f 11417 11518 11519 11418
f 11418 11519 11520 11419
f 11419 11520 11521 11420
f 11420 11521 11522 11421
f 11421 11522 11523 11422
f 11422 11523 11524 11423
f 11423 11524 11525 11424
f 11424 11525 11526 11425
f 11425 11526 11527 11426
f 11426 11527 11528 11427
f 11427 11528 11529 11428
f 11428 11529 11530 11429
f 11429 11530 11531 11430
f 11430 11531 11532 11431
f 11431 11532 11533 11432
f 11432 11533 11534 11433
f 11433 11534 11535 11434
f 11434 11535 11536 11435
f 11435 11536 11537 11436
f 11436 11537 11538 11437
f 11437 11538 11539 11438
f 11438 11539 11540 11439
f 11439 11540 11541 11440
f 11440 11541 11542 11441
f 11441 11542 11543 11442
f 11442 11543 11544 11443
f 11443 11544 11545 11444
f 11444 11545 11546 11445
f 11445 11546 11547 11446
f 11446 11547 11548 11447
f 11447 11548 11549 11448
f 11448 11549 11550 11449
f 11449 11550 11551 11450
f 11450 11551 11552 11451
f 11451 11552 11553 11452
f 11452 11553 11554 11453
f 11453 11554 11555 11454
f 11454 11555 11556 11455
f 11455 11556 11557 11456
f 11456 11557 11558 11457
f 11457 11558 11559 11458
f 11458 11559 11560 11459
f 11459 11560 11561 11460
f 11460 11561 11562 11461
f 11461 11562 11563 11462
f 11462 11563 11564 11463
f 11463 11564 11565 11464
f 11464 11565 11566 11465
f 11465 11566 11567 11466
f 11466 11567 11568 11467
f 11467 11568 11569 11468
f 11468 11569 11570 11469
f 11469 11570 11571 11470
f 11470 11571 11572 11471
f 11471 11572 11573 11472
f 11472 11573 11574 11473
f 11473 11574 11575 11474
f 11474 11575 11576 11475
f 11475 11576 11577 11476
f 11476 11577 11578 11477
f 11477 11578 11579 11478
f 11478 11579 11580 11479
f 11479 11580 11581 11480
f 11480 11581 11582 11481
f 11481 11582 11583 11482
f 11482 11583 11584 11483
f 11483 11584 11585 11484
f 11484 11585 11586 11485
f 11485 11586 11587 11486
f 11486 11587 11588 11487
f 11487 11588 11589 11488
f 11488 11589 11590 11489
f 11489 11590 11591 11490
f 11490 11591 11592 11491
f 11491 11592 11593 11492
f 11492 11593 11594 11493
f 11493 11594 11595 11494
f 11494 11595 11596 11495
f 11495 11596 11597 11496
f 11496 11597 11598 11497
f 11497 11598 11599 11498
f 11498 11599 11600 11499
f 11499 11600 11601 11500
f 11500 11601 11602 11501
f 11501 11602 11603 11502
f 11502 11603 11604 11503
f 11503 11604 11605 11504
f 11504 11605 11606 11505
f 11505 11606 11607 11506
f 11506 11607 11608 11507
f 11507 11608 11609 11508
f 11508 11609 11610 11509
f 11509 11610 11611 11510
f 11510 11611 11612 11511
f 11511 11612 11613 11512
f 11512 11613 11614 11513
f 11513 11614 11615 11514
f 11515 11616 11617 11516
f 11516 11617 11618 11517
f 11517 11618 11619 11518
f 11518 11619 11620 11519
f 11519 11620 11621 11520
f 11520 11621 11622 11521
f 11521 11622 11623 11522
f 11522 11623 11624 11523
f 11523 11624 11625 11524
f 11524 11625 11626 11525
f 11525 11626 11627 11526
f 11526 11627 11628 11527
f 11527 11628 11629 11528
f 11528 11629 11630 11529
f 11529 11630 11631 11530
f 11530 11631 11632 11531
f 11531 11632 11633 11532
f 11532 11633 11634 11533
f 11533 11634 11635 11534
f 11534 11635 11636 11535
f 11535 11636 11637 11536
f 11536 11637 11638 11537
f 11537 11638 11639 11538
f 11538 11639 11640 11539
f 11539 11640 11641 11540
f 11540 11641 11642 11541
f 11541 11642 11643 11542
f 11542 11643 11644 11543
f 11543 11644 11645 11544
f 11544 11645 11646 11545
f 11545 11646 11647 11546
f 11546 11647 11648 11547
f 11547 11648 11649 11548
f 11548 11649 11650 11549
f 11549 11650 11651 11550
f 11550 11651 11652 11551
f 11551 11652 11653 11552
f 11552 11653 11654 11553
f 11553 11654 11655 11554
f 11554 11655 11656 11555
f 11555 11656 11657 11556
f 11556 11657 11658 11557
f 11557 11658 11659 11558
f 11558 11659 11660 11559
f 11559 11660 11661 11560
f 11560 11661 11662 11561
f 11561 11662 11663 11562
f 11562 11663 11664 11563
f 11563 11664 11665 11564
f 11564 11665 11666 11565
f 11565 11666 11667 11566
f 11566 11667 11668 11567
f 11567 11668 11669 11568
f 11568 11669 11670 11569
f 11569 11670 11671 11570
f 11570 11671 11672 11571
f 11571 11672 11673 11572
f 11572 11673 11674 11573
f 11573 11674 11675 11574
f 11574 11675 11676 11575
f 11575 11676 11677 11576
f 11576 11677 11678 11577
f 11577 11678 11679 11578
f 11578 11679 11680 11579
f 11579 11680 11681 11580
f 11580 11681 11682 11581
f 11581 11682 11683 11582
f 11582 11683 11684 11583
f 11583 11684 11685 11584
f 11584 11685 11686 11585
f 11585 11686 11687 11586
f 11586 11687 11688 11587
f 11587 11688 11689 11588
f 11588 11689 11690 11589
f 11589 11690 11691 11590
f 11590 11691 11692 11591
f 11591 11692 11693 11592
f 11592 11693 11694 11593
f 11593 11694 11695 11594
f 11594 11695 11696 11595
f 11595 11696 11697 11596
f 11596 11697 11698 11597
f 11597 11698 11699 11598
f 11598 11699 11700 11599
f 11599 11700 11701 11600
f 11600 11701 11702 11601
f 11601 11702 11703 11602
f 11602 11703 11704 11603
f 11603 11704 11705 11604
f 11604 11705 11706 11605
f 11605 11706 11707 11606
f 11606 11707 11708 11607
f 11607 11708 11709 11608
f 11608 11709 11710 11609
f 11609 11710 11711 11610
f 11610 11711 11712 11611
f 11611 11712 11713 11612
f 11612 11713 11714 11613
f 11613 11714 11715 11614
f 11614 11715 11716 11615
f 11616 11717 11718 11617
f 11617 11718 11719 11618
f 11618 11719 11720 11619
f 11619 11720 11721 11620
f 11620 11721 11722 11621
f 11621 11722 11723 11622
f 11622 11723 11724 11623
f 11623 11724 11725 11624
f 11624 11725 11726 11625
f 11625 11726 11727 11626
f 11626 11727 11728 11627
f 11627 11728 11729 11628
f 11628 11729 11730 11629
f 11629 11730 11731 11630
f 11630 11731 11732 11631
f 11631 11732 11733 11632
f 11632 11733 11734 11633
f 11633 11734 11735 11634
f 11634 11735 11736 11635
f 11635 11736 11737 11636
f 11636 11737 11738 11637
f 11637 11738 11739 11638
f 11638 11739 11740 11639
f 11639 11740 11741 11640
f 11640 11741 11742 11641
f 11641 11742 11743 11642
f 11642 11743 11744 11643
f 11643 11744 11745 11644
f 11644 11745 11746 11645
f 11645 11746 11747 11646
f 11646 11747 11748 11647
f 11647 11748 11749 11648
f 11648 11749 11750 11649
f 11649 11750 11751 11650
f 11650 11751 11752 11651
f 11651 11752 11753 11652
f 11652 11753 11754 11653
f 11653 11754 11755 11654
f 11654 11755 11756 11655
f 11655 11756 11757 11656
f 11656 11757 11758 11657
f 11657 11758 11759 11658
f 11658 11759 11760 11659
f 11659 11760 11761 11660
f 11660 11761 11762 11661
f 11661 11762 11763 11662
f 11662 11763 11764 11663
f 11663 11764 11765 11664
f 11664 11765 11766 11665
f 11665 11766 11767 11666
f 11666 11767 11768 11667
f 11667 11768 11769 11668
f 11668 11769 11770 11669
f 11669 11770 11771 11670
f 11670 11771 11772 11671
f 11671 11772 11773 11672
f 11672 11773 11774 11673
f 11673 11774 11775 11674
f 11674 11775 11776 11675
f 11675 11776 11777 11676
f 11676 11777 11778 11677
f 11677 11778 11779 11678
f 11678 11779 11780 11679
f 11679 11780 11781 11680
f 11680 11781 11782 11681
f 11681 11782 11783 11682
f 11682 11783 11784 11683
f 11683 11784 11785 11684
f 11684 11785 11786 11685
f 11685 11786 11787 11686
f 11686 11787 11788 11687
f 11687 11788 11789 11688
f 11688 11789 11790 11689
f 11689 11790 11791 11690
f 11690 11791 11792 11691
f 11691 11792 11793 11692
f 11692 11793 11794 11693
f 11693 11794 11795 11694
f 11694 11795 11796 11695
f 11695 11796 11797 11696
f 11696 11797 11798 11697
f 11697 11798 11799 11698
f 11698 11799 11800 11699
f 11699 11800 11801 11700
f 11700 11801 11802 11701
f 11701 11802 11803 11702
f 11702 11803 11804 11703
f 11703 11804 11805 11704
f 11704 11805 11806 11705
f 11705 11806 11807 11706
f 11706 11807 11808 11707
f 11707 11808 11809 11708
f 11708 11809 11810 11709
f 11709 11810 11811 11710
f 11710 11811 11812 11711
f 11711 11812 11813 11712
f 11712 11813 11814 11713
f 11713 11814 11815 11714
f 11714 11815 11816 11715
f 11715 11816 11817 11716
f 11717 11818 11819 11718
f 11718 11819 11820 11719
f 11719 11820 11821 11720
f 11720 11821 11822 11721
f 11721 11822 11823 11722
f 11722 11823 11824 11723
f 11723 11824 11825 11724
f 11724 11825 11826 11725
f 11725 11826 11827 11726
f 11726 11827 11828 11727
f 11727 11828 11829 11728
f 11728 11829 11830 11729
f 11729 11830 11831 11730
f 11730 11831 11832 11731
f 11731 11832 11833 11732
f 11732 11833 11834 11733
f 11733 11834 11835 11734
f 11734 11835 11836 11735
f 11735 11836 11837 11736
f 11736 11837 11838 11737
f 11737 11838 11839 11738
f 11738 11839 11840 11739
f 11739 11840 11841 11740
f 11740 11841 11842 11741
f 11741 11842 11843 11742
f 11742 11843 11844 11743
f 11743 11844 11845 11744
f 11744 11845 11846 11745
f 11745 11846 11847 11746
f 11746 11847 11848 11747
f 11747 11848 11849 11748
f 11748 11849 11850 11749
f 11749 11850 11851 11750
f 11750 11851 11852 11751
f 11751 11852 11853 11752
f 11752 11853 11854 11753
f 11753 11854 11855 11754
f 11754 11855 11856 11755
f 11755 11856 11857 11756
f 11756 11857 11858 11757
f 11757 11858 11859 11758
f 11758 11859 11860 11759
f 11759 11860 11861 11760
f 11760 11861 11862 11761
f 11761 11862 11863 11762
f 11762 11863 11864 11763
f 11763 11864 11865 11764
f 11764 11865 11866 11765
f 11765 11866 11867 11766
f 11766 11867 11868 11767
f 11767 11868 11869 11768
f 11768 11869 11870 11769
f 11769 11870 11871 11770
f 11770 11871 11872 11771
f 11771 11872 11873 11772
f 11772 11873 11874 11773
f 11773 11874 11875 11774
f 11774 11875 11876 11775
f 11775 11876 11877 11776
f 11776 11877 11878 11777
f 11777 11878 11879 11778
f 11778 11879 11880 11779
f 11779 11880 11881 11780
f 11780 11881 11882 11781
f 11781 11882 11883 11782
f 11782 11883 11884 11783
f 11783 11884 11885 11784
f 11784 11885 11886 11785
f 11785 11886 11887 11786
f 11786 11887 11888 11787
f 11787 11888 11889 11788
f 11788 11889 11890 11789
f 11789 11890 11891 11790
f 11790 11891 11892 11791
f 11791 11892 11893 11792
f 11792 11893 11894 11793
f 11793 11894 11895 11794
f 11794 11895 11896 11795
f 11795 11896 11897 11796
f 11796 11897 11898 11797
f 11797 11898 11899 11798
f 11798 11899 11900 11799
f 11799 11900 11901 11800
f 11800 11901 11902 11801
f 11801 11902 11903 11802
f 11802 11903 11904 11803
f 11803 11904 11905 11804
f 11804 11905 11906 11805
f 11805 11906 11907 11806
f 11806 11907 11908 11807
f 11807 11908 11909 11808
f 11808 11909 11910 11809
f 11809 11910 11911 11810
f 11810 11911 11912 11811
f 11811 11912 11913 11812
f 11812 11913 11914 11813
f 11813 11914 11915 11814
f 11814 11915 11916 11815
f 11815 11916 11917 11816
f 11816 11917 11918 11817
f 11818 11919 11920 11819
f 11819 11920 11921 11820
f 11820 11921 11922 11821
f 11821 11922 11923 11822
f 11822 11923 11924 11823
f 11823 11924 11925 11824
f 11824 11925 11926 11825
f 11825 11926 11927 11826
f 11826 11927 11928 11827
f 11827 11928 11929 11828
f 11828 11929 11930 11829
f 11829 11930 11931 11830
f 11830 11931 11932 11831
f 11831 11932 11933 11832
f 11832 11933 11934 11833
f 11833 11934 11935 11834
f 11834 11935 11936 11835
f 11835 11936 11937 11836
f 11836 11937 11938 11837
f 11837 11938 11939 11838
f 11838 11939 11940 11839
f 11839 11940 11941 11840
f 11840 11941 11942 11841
f 11841 11942 11943 11842
f 11842 11943 11944 11843
f 11843 11944 11945 11844
f 11844 11945 11946 11845
f 11845 11946 11947 11846
f 11846 11947 11948 11847
f 11847 11948 11949 11848
f 11848 11949 11950 11849
f 11849 11950 11951 11850
f 11850 11951 11952 11851
f 11851 11952 11953 11852
f 11852 11953 11954 11853
f 11853 11954 11955 11854
f 11854 11955 11956 11855
f 11855 11956 11957 11856
f 11856 11957 11958 11857
f 11857 11958 11959 11858
f 11858 11959 11960 11859
f 11859 11960 11961 11860
f 11860 11961 11962 11861
f 11861 11962 11963 11862
f 11862 11963 11964 11863
f 11863 11964 11965 11864
f 11864 11965 11966 11865
f 11865 11966 11967 11866
f 11866 11967 11968 11867
f 11867 11968 11969 11868
f 11868 11969 11970 11869
f 11869 11970 11971 11870
f 11870 11971 11972 11871
f 11871 11972 11973 11872
f 11872 11973 11974 11873
f 11873 11974 11975 11874
f 11874 11975 11976 11875
f 11875 11976 11977 11876
f 11876 11977 11978 11877
f 11877 11978 11979 11878
f 11878 11979 11980 11879
f 11879 11980 11981 11880
f 11880 11981 11982 11881
f 11881 11982 11983 11882
f 11882 11983 11984 11883
f 11883 11984 11985 11884
f 11884 11985 11986 11885
f 11885 11986 11987 11886
f 11886 11987 11988 11887
f 11887 11988 11989 11888
f 11888 11989 11990 11889
f 11889 11990 11991 11890
f 11890 11991 11992 11891
f 11891 11992 11993 11892
f 11892 11993 11994 11893
f 11893 11994 11995 11894
f 11894 11995 11996 11895
f 11895 11996 11997 11896
f 11896 11997 11998 11897
f 11897 11998 11999 11898
f 11898 11999 12000 11899
f 11899 12000 12001 11900
f 11900 12001 12002 11901
f 11901 12002 12003 11902
f 11902 12003 12004 11903
f 11903 12004 12005 11904
f 11904 12005 12006 11905
f 11905 12006 12007 11906
f 11906 12007 12008 11907
f 11907 12008 12009 11908
f 11908 12009 12010 11909
f 11909 12010 12011 11910
f 11910 12011 12012 11911
f 11911 12012 12013 11912
f 11912 12013 12014 11913
f 11913 12014 12015 11914
f 11914 12015 12016 11915
f 11915 12016 12017 11916
f 11916 12017 12018 11917
f 11917 12018 12019 11918
f 11919 12020 12021 11920
f 11920 12021 12022 11921
f 11921 12022 12023 11922
f 11922 12023 12024 11923
f 11923 12024 12025 11924
f 11924 12025 12026 11925
f 11925 12026 12027 11926
f 11926 12027 12028 11927
f 11927 12028 12029 11928
f 11928 12029 12030 11929
f 11929 12030 12031 11930
f 11930 12031 12032 11931
f 11931 12032 12033 11932
f 11932 12033 12034 11933
f 11933 12034 12035 11934
f 11934 12035 12036 11935
f 11935 12036 12037 11936
f 11936 12037 12038 11937
f 11937 12038 12039 11938
f 11938 12039 12040 11939
f 11939 12040 12041 11940
f 11940 12041 12042 11941
f 11941 12042 12043 11942
f 11942 12043 12044 11943
f 11943 12044 12045 11944
f 11944 12045 12046 11945
f 11945 12046 12047 11946
f 11946 12047 12048 11947
f 11947 12048 12049 11948
f 11948 12049 12050 11949
f 11949 12050 12051 11950
f 11950 12051 12052 11951
f 11951 12052 12053 11952
f 11952 12053 12054 11953
f 11953 12054 12055 11954
f 11954 12055 12056 11955
f 11955 12056 12057 11956
f 11956 12057 12058 11957
f 11957 12058 12059 11958
f 11958 12059 12060 11959
f 11959 12060 12061 11960
f 11960 12061 12062 11961
f 11961 12062 12063 11962
f 11962 12063 12064 11963
f 11963 12064 12065 11964
f 11964 12065 12066 11965
f 11965 12066 12067 11966
f 11966 12067 12068 11967
f 11967 12068 12069 11968
f 11968 12069 12070 11969
f 11969 12070 12071 11970
f 11970 12071 12072 11971
f 11971 12072 12073 11972
f 11972 12073 12074 11973
f 11973 12074 12075 11974
f 11974 12075 12076 11975
f 11975 12076 12077 11976
f 11976 12077 12078 11977
f 11977 12078 12079 11978
f 11978 12079 12080 11979
f 11979 12080 12081 11980
f 11980 12081 12082 11981
f 11981 12082 12083 11982
f 11982 12083 12084 11983
f 11983 12084 12085 11984
f 11984 12085 12086 11985
f 11985 12086 12087 11986
f 11986 12087 12088 11987
f 11987 12088 12089 11988
f 11988 12089 12090 11989
f 11989 12090 12091 11990
f 11990 12091 12092 11991
f 11991 12092 12093 11992
f 11992 12093 12094 11993
f 11993 12094 12095 11994
f 11994 12095 12096 11995
f 11995 12096 12097 11996
f 11996 12097 12098 11997
f 11997 12098 12099 11998
f 11998 12099 12100 11999
f 11999 12100 12101 12000
f 12000 12101 12102 12001
f 12001 12102 12103 12002
f 12002 12103 12104 12003
f 12003 12104 12105 12004
f 12004 12105 12106 12005
f 12005 12106 12107 12006
f 12006 12107 12108 12007
f 12007 12108 12109 12008
f 12008 12109 12110 12009
f 12009 12110 12111 12010
f 12010 12111 12112 12011
f 12011 12112 12113 12012
f 12012 12113 12114 12013
f 12013 12114 12115 12014
f 12014 12115 12116 12015
f 12015 12116 12117 12016
f 12016 12117 12118 12017
f 12017 12118 12119 12018
f 12018 12119 12120 12019
f 12020 12121 12122 12021
f 12021 12122 12123 12022
f 12022 12123 12124 12023
f 12023 12124 12125 12024
f 12024 12125 12126 12025
f 12025 12126 12127 12026
f 12026 12127 12128 12027
f 12027 12128 12129 12028
f 12028 12129 12130 12029
f 12029 12130 12131 12030
f 12030 12131 12132 12031
f 12031 12132 12133 12032
f 12032 12133 12134 12033
f 12033 12134 12135 12034
f 12034 12135 12136 12035
f 12035 12136 12137 12036
f 12036 12137 12138 12037
f 12037 12138 12139 12038
f 12038 12139 12140 12039
f 12039 12140 12141 12040
f 12040 12141 12142 12041
f 12041 12142 12143 12042
f 12042 12143 12144 12043
f 12043 12144 12145 12044
f 12044 12145 12146 12045
f 12045 12146 12147 12046
f 12046 12147 12148 12047
f 12047 12148 12149 12048
f 12048 12149 12150 12049
f 12049 12150 12151 12050
f 12050 12151 12152 12051
f 12051 12152 12153 12052
f 12052 12153 12154 12053
f 12053 12154 12155 12054
f 12054 12155 12156 12055
f 12055 12156 12157 12056
f 12056 12157 12158 12057
f 12057 12158 12159 12058
f 12058 12159 12160 12059
f 12059 12160 12161 12060
f 12060 12161 12162 12061
f 12061 12162 12163 12062
f 12062 12163 12164 12063
f 12063 12164 12165 12064
f 12064 12165 12166 12065
f 12065 12166 12167 12066
f 12066 12167 12168 12067
f 12067 12168 12169 12068
f 12068 12169 12170 12069
f 12069 12170 12171 12070
f 12070 12171 12172 12071
f 12071 12172 12173 12072
f 12072 12173 12174 12073
f 12073 12174 12175 12074
f 12074 12175 12176 12075
f 12075 12176 12177 12076
f 12076 12177 12178 12077
f 12077 12178 12179 12078
f 12078 12179 12180 12079
f 12079 12180 12181 12080
f 12080 12181 12182 12081
f 12081 12182 12183 12082
f 12082 12183 12184 12083
f 12083 12184 12185 12084
f 12084 12185 12186 12085
f 12085 12186 12187 12086
f 12086 12187 12188 12087
f 12087 12188 12189 12088
f 12088 12189 12190 12089
f 12089 12190 12191 12090
f 12090 12191 12192 12091
f 12091 12192 12193 12092
f 12092 12193 12194 12093
f 12093 12194 12195 12094
f 12094 12195 12196 12095
f 12095 12196 12197 12096
f 12096 12197 12198 12097
f 12097 12198 12199 12098
f 12098 12199 12200 12099
f 12099 12200 12201 12100
f 12100 12201 12202 12101
f 12101 12202 12203 12102
f 12102 12203 12204 12103
f 12103 12204 12205 12104
f 12104 12205 12206 12105
f 12105 12206 12207 12106
f 12106 12207 12208 12107
f 12107 12208 12209 12108
f 12108 12209 12210 12109
f 12109 12210 12211 12110
f 12110 12211 12212 12111
f 12111 12212 12213 12112
f 12112 12213 12214 12113
f 12113 12214 12215 12114
f 12114 12215 12216 12115
f 12115 12216 12217 12116
f 12116 12217 12218 12117
f 12117 12218 12219 12118
f 12118 12219 12220 12119
f 12119 12220 12221 12120
o water
v -50.0000 0.0000 -46.0000
v 50.0000 0.0000 -46.0000
v 50.0000 0.0000 46.0000
v -50.0000 0.0000 46.0000
usemtl water_sea
f 12222 12223 12224 12225
o lighthouse_tower
v -1.5000 8.9000 0.0000
v 1.5000 8.9000 0.0000
v 1.5000 36.0000 0.0000
v -1.5000 36.0000 0.0000
v 0.0000 8.9000 -1.5000
v 0.0000 8.9000 1.5000
v 0.0000 36.0000 1.5000
v 0.0000 36.0000 -1.5000
usemtl lighthouse_tower_lh_white
f 12226 12227 12228 12229
usemtl lighthouse_tower_lh_red
f 12230 12231 12232 12233
o house_1_timber
v -14.0000 6.5725 4.0000
v -10.0000 6.5725 4.0000
v -10.0000 6.5725 8.0000
v -14.0000 6.5725 8.0000
v -14.0000 6.8725 4.0000
v -10.0000 6.8725 4.0000
v -10.0000 6.8725 8.0000
v -14.0000 6.8725 8.0000
v -13.9000 6.8725 4.1000
v -12.0000 6.8725 4.1000
v -12.0000 6.8725 7.9000
v -13.9000 6.8725 7.9000
v -13.9000 9.7725 4.1000
v -12.0000 9.7725 4.1000
v -12.0000 9.7725 7.9000
v -13.9000 9.7725 7.9000
v -12.0000 6.8725 4.1000
v -10.1000 6.8725 4.1000
v -10.1000 6.8725 7.9000
v -12.0000 6.8725 7.9000
v -12.0000 9.7725 4.1000
v -10.1000 9.7725 4.1000
v -10.1000 9.7725 7.9000
v -12.0000 9.7725 7.9000
v -14.0000 9.7725 4.0000
v -10.0000 9.7725 4.0000
v -10.0000 9.7725 8.0000
v -14.0000 9.7725 8.0000
v -14.0000 11.1725 6.0000
v -10.0000 11.1725 6.0000
v -12.7000 6.8725 3.9400
v -11.3000 6.8725 3.9400
v -11.3000 6.8725 4.0200
v -12.7000 6.8725 4.0200
v -12.7000 8.8725 3.9400
v -11.3000 8.8725 3.9400
v -11.3000 8.8725 4.0200
v -12.7000 8.8725 4.0200
v -12.5500 6.8725 3.9200
v -11.4500 6.8725 3.9200
v -11.4500 6.8725 4.0100
v -12.5500 6.8725 4.0100
v -12.5500 8.7225 3.9200
v -11.4500 8.7225 3.9200
v -11.4500 8.7225 4.0100
v -12.5500 8.7225 4.0100
v -11.5000 10.7725 5.7000
v -10.9000 10.7725 5.7000
v -10.9000 10.7725 6.3000
v -11.5000 10.7725 6.3000
v -11.5000 11.7725 5.7000
v -10.9000 11.7725 5.7000
v -10.9000 11.7725 6.3000
v -11.5000 11.7725 6.3000
v -13.6800 6.8725 3.9600
v -13.5200 6.8725 3.9600
v -13.5200 6.8725 4.0000
v -13.6800 6.8725 4.0000
v -13.6800 9.7725 3.9600
v -13.5200 9.7725 3.9600
v -13.5200 9.7725 4.0000
v -13.6800 9.7725 4.0000
v -13.0800 6.8725 3.9600
v -12.9200 6.8725 3.9600
v -12.9200 6.8725 4.0000
v -13.0800 6.8725 4.0000
v -13.0800 9.7725 3.9600
v -12.9200 9.7725 3.9600
v -12.9200 9.7725 4.0000
v -13.0800 9.7725 4.0000
v -11.6800 6.8725 3.9600
v -11.5200 6.8725 3.9600
v -11.5200 6.8725 4.0000
v -11.6800 6.8725 4.0000
v -11.6800 9.7725 3.9600
v -11.5200 9.7725 3.9600
v -11.5200 9.7725 4.0000
v -11.6800 9.7725 4.0000
v -10.6800 6.8725 3.9600
v -10.5200 6.8725 3.9600
v -10.5200 6.8725 4.0000
v -10.6800 6.8725 4.0000
v -10.6800 9.7725 3.9600
v -10.5200 9.7725 3.9600
v -10.5200 9.7725 4.0000
v -10.6800 9.7725 4.0000
v -14.0000 8.2725 3.9600
v -10.0000 8.2725 3.9600
v -10.0000 8.2725 4.0000
v -14.0000 8.2725 4.0000
v -14.0000 8.4325 3.9600
v -10.0000 8.4325 3.9600
v -10.0000 8.4325 4.0000
v -14.0000 8.4325 4.0000
v -13.2500 7.7225 3.9500
v -12.1500 7.7225 3.9500
v -12.1500 7.7225 4.0200
v -13.2500 7.7225 4.0200
v -13.2500 8.8225 3.9500
v -12.1500 8.8225 3.9500
v -12.1500 8.8225 4.0200
v -13.2500 8.8225 4.0200
v -13.1000 7.8725 3.9300
v -12.3000 7.8725 3.9300
v -12.3000 7.8725 4.0100
v -13.1000 7.8725 4.0100
v -13.1000 8.6725 3.9300
v -12.3000 8.6725 3.9300
v -12.3000 8.6725 4.0100
v -13.1000 8.6725 4.0100
v -11.8500 7.7225 3.9500
v -10.7500 7.7225 3.9500
v -10.7500 7.7225 4.0200
v -11.8500 7.7225 4.0200
v -11.8500 8.8225 3.9500
v -10.7500 8.8225 3.9500
v -10.7500 8.8225 4.0200
v -11.8500 8.8225 4.0200
v -11.7000 7.8725 3.9300
v -10.9000 7.8725 3.9300
v -10.9000 7.8725 4.0100
v -11.7000 7.8725 4.0100
v -11.7000 8.6725 3.9300
v -10.9000 8.6725 3.9300
v -10.9000 8.6725 4.0100
v -11.7000 8.6725 4.0100
usemtl house_1_timber_foundation
f 12234 12235 12236 12237
f 12238 12239 12240 12241
f 12234 12235 12239 12238
f 12236 12237 12241 12240
f 12235 12236 12240 12239
f 12237 12234 12238 12241
usemtl house_1_timber_wall_0
f 12242 12243 12244 12245
f 12246 12247 12248 12249
f 12242 12243 12247 12246
f 12244 12245 12249 12248
f 12243 12244 12248 12247
f 12245 12242 12246 12249
usemtl house_1_timber_wall_1
f 12250 12251 12252 12253
f 12254 12255 12256 12257
f 12250 12251 12255 12254
f 12252 12253 12257 12256
f 12251 12252 12256 12255
f 12253 12250 12254 12257
usemtl house_1_timber_roof_0
f 12258 12259 12263 12262
usemtl house_1_timber_roof_1
f 12261 12260 12263 12262
usemtl house_1_timber_wall_0
f 12258 12261 12262
usemtl house_1_timber_wall_1
f 12259 12260 12263
usemtl house_1_timber_frame
f 12264 12265 12266 12267
f 12268 12269 12270 12271
f 12264 12265 12269 12268
f 12266 12267 12271 12270
f 12265 12266 12270 12269
f 12267 12264 12268 12271
usemtl house_1_timber_door
f 12272 12273 12274 12275
f 12276 12277 12278 12279
f 12272 12273 12277 12276
f 12274 12275 12279 12278
f 12273 12274 12278 12277
f 12275 12272 12276 12279
usemtl house_1_timber_chimney
f 12280 12281 12282 12283
f 12284 12285 12286 12287
f 12280 12281 12285 12284
f 12282 12283 12287 12286
f 12281 12282 12286 12285
f 12283 12280 12284 12287
usemtl house_1_timber_beam
f 12288 12289 12290 12291
f 12292 12293 12294 12295
f 12288 12289 12293 12292
f 12290 12291 12295 12294
f 12289 12290 12294 12293
f 12291 12288 12292 12295
f 12296 12297 12298 12299
f 12300 12301 12302 12303
f 12296 12297 12301 12300
f 12298 12299 12303 12302
f 12297 12298 12302 12301
f 12299 12296 12300 12303
f 12304 12305 12306 12307
f 12308 12309 12310 12311
f 12304 12305 12309 12308
f 12306 12307 12311 12310
f 12305 12306 12310 12309
f 12307 12304 12308 12311
f 12312 12313 12314 12315
f 12316 12317 12318 12319
f 12312 12313 12317 12316
f 12314 12315 12319 12318
f 12313 12314 12318 12317
f 12315 12312 12316 12319
f 12320 12321 12322 12323
f 12324 12325 12326 12327
f 12320 12321 12325 12324
f 12322 12323 12327 12326
f 12321 12322 12326 12325
f 12323 12320 12324 12327
usemtl house_1_timber_frame
f 12328 12329 12330 12331
f 12332 12333 12334 12335
f 12328 12329 12333 12332
f 12330 12331 12335 12334
f 12329 12330 12334 12333
f 12331 12328 12332 12335
usemtl house_1_timber_glass
f 12336 12337 12338 12339
f 12340 12341 12342 12343
f 12336 12337 12341 12340
f 12338 12339 12343 12342
f 12337 12338 12342 12341
f 12339 12336 12340 12343
usemtl house_1_timber_frame
f 12344 12345 12346 12347
f 12348 12349 12350 12351
f 12344 12345 12349 12348
f 12346 12347 12351 12350
f 12345 12346 12350 12349
f 12347 12344 12348 12351
usemtl house_1_timber_glass
f 12352 12353 12354 12355
f 12356 12357 12358 12359
f 12352 12353 12357 12356
f 12354 12355 12359 12358
f 12353 12354 12358 12357
f 12355 12352 12356 12359
o house_2_stone
v -7.9500 8.2126 3.6750
v -3.0500 8.2126 3.6750
v -3.0500 8.2126 8.3250
v -7.9500 8.2126 8.3250
v -7.9500 8.5126 3.6750
v -3.0500 8.5126 3.6750
v -3.0500 8.5126 8.3250
v -7.9500 8.5126 8.3250
v -7.8500 8.5126 3.7750
v -5.5000 8.5126 3.7750
v -5.5000 8.5126 8.2250
v -7.8500 8.5126 8.2250
v -7.8500 10.8126 3.7750
v -5.5000 10.8126 3.7750
v -5.5000 10.8126 8.2250
v -7.8500 10.8126 8.2250
v -5.5000 8.5126 3.7750
v -3.1500 8.5126 3.7750
v -3.1500 8.5126 8.2250
v -5.5000 8.5126 8.2250
v -5.5000 10.8126 3.7750
v -3.1500 10.8126 3.7750
v -3.1500 10.8126 8.2250
v -5.5000 10.8126 8.2250
v -7.9500 10.8126 3.6750
v -3.0500 10.8126 3.6750
v -3.0500 10.8126 8.3250
v -7.9500 10.8126 8.3250
v -7.9500 12.0126 6.0000
v -3.0500 12.0126 6.0000
v -6.2000 8.5126 3.6150
v -4.8000 8.5126 3.6150
v -4.8000 8.5126 3.6950
v -6.2000 8.5126 3.6950
v -6.2000 10.5126 3.6150
v -4.8000 10.5126 3.6150
v -4.8000 10.5126 3.6950
v -6.2000 10.5126 3.6950
v -6.0500 8.5126 3.5950
v -4.9500 8.5126 3.5950
v -4.9500 8.5126 3.6850
v -6.0500 8.5126 3.6850
v -6.0500 10.3626 3.5950
v -4.9500 10.3626 3.5950
v -4.9500 10.3626 3.6850
v -6.0500 10.3626 3.6850
v -4.5500 11.6126 5.7000
v -3.9500 11.6126 5.7000
v -3.9500 11.6126 6.3000
v -4.5500 11.6126 6.3000
v -4.5500 12.6126 5.7000
v -3.9500 12.6126 5.7000
v -3.9500 12.6126 6.3000
v -4.5500 12.6126 6.3000
v -7.0000 9.3626 3.6250
v -5.9000 9.3626 3.6250
v -5.9000 9.3626 3.6950
v -7.0000 9.3626 3.6950
v -7.0000 10.2626 3.6250
v -5.9000 10.2626 3.6250
v -5.9000 10.2626 3.6950
v -7.0000 10.2626 3.6950
v -6.8500 9.5126 3.6050
v -6.0500 9.5126 3.6050
v -6.0500 9.5126 3.6850
v -6.8500 9.5126 3.6850
v -6.8500 10.1126 3.6050
v -6.0500 10.1126 3.6050
v -6.0500 10.1126 3.6850
v -6.8500 10.1126 3.6850
v -5.1000 9.3626 3.6250
v -4.0000 9.3626 3.6250
v -4.0000 9.3626 3.6950
v -5.1000 9.3626 3.6950
v -5.1000 10.2626 3.6250
v -4.0000 10.2626 3.6250
v -4.0000 10.2626 3.6950
v -5.1000 10.2626 3.6950
v -4.9500 9.5126 3.6050
v -4.1500 9.5126 3.6050
v -4.1500 9.5126 3.6850
v -4.9500 9.5126 3.6850
v -4.9500 10.1126 3.6050
v -4.1500 10.1126 3.6050
v -4.1500 10.1126 3.6850
v -4.9500 10.1126 3.6850
usemtl house_2_stone_foundation
f 12360 12361 12362 12363
f 12364 12365 12366 12367
f 12360 12361 12365 12364
f 12362 12363 12367 12366
f 12361 12362 12366 12365
f 12363 12360 12364 12367
usemtl house_2_stone_stone_0
f 12368 12369 12370 12371
f 12372 12373 12374 12375
f 12368 12369 12373 12372
f 12370 12371 12375 12374
f 12369 12370 12374 12373
f 12371 12368 12372 12375
usemtl house_2_stone_stone_1
f 12376 12377 12378 12379
f 12380 12381 12382 12383
f 12376 12377 12381 12380
f 12378 12379 12383 12382
f 12377 12378 12382 12381
f 12379 12376 12380 12383
usemtl house_2_stone_roof_0
f 12384 12385 12389 12388
usemtl house_2_stone_roof_1
f 12387 12386 12389 12388
usemtl house_2_stone_stone_0
f 12384 12387 12388
usemtl house_2_stone_stone_1
f 12385 12386 12389
usemtl house_2_stone_frame
f 12390 12391 12392 12393
f 12394 12395 12396 12397
f 12390 12391 12395 12394
f 12392 12393 12397 12396
f 12391 12392 12396 12395
f 12393 12390 12394 12397
usemtl house_2_stone_door
f 12398 12399 12400 12401
f 12402 12403 12404 12405
f 12398 12399 12403 12402
f 12400 12401 12405 12404
f 12399 12400 12404 12403
f 12401 12398 12402 12405
usemtl house_2_stone_chimney
f 12406 12407 12408 12409
f 12410 12411 12412 12413
f 12406 12407 12411 12410
f 12408 12409 12413 12412
f 12407 12408 12412 12411
f 12409 12406 12410 12413
usemtl house_2_stone_frame
f 12414 12415 12416 12417
f 12418 12419 12420 12421
f 12414 12415 12419 12418
f 12416 12417 12421 12420
f 12415 12416 12420 12419
f 12417 12414 12418 12421
usemtl house_2_stone_glass
f 12422 12423 12424 12425
f 12426 12427 12428 12429
f 12422 12423 12427 12426
f 12424 12425 12429 12428
f 12423 12424 12428 12427
f 12425 12422 12426 12429
usemtl house_2_stone_frame
f 12430 12431 12432 12433
f 12434 12435 12436 12437
f 12430 12431 12435 12434
f 12432 12433 12437 12436
f 12431 12432 12436 12435
f 12433 12430 12434 12437
usemtl house_2_stone_glass
f 12438 12439 12440 12441
f 12442 12443 12444 12445
f 12438 12439 12443 12442
f 12440 12441 12445 12444
f 12439 12440 12444 12443
f 12441 12438 12442 12445
o house_3_two_story
v -13.9000 5.4304 10.5500
v -10.1000 5.4304 10.5500
v -10.1000 5.4304 14.4500
v -13.9000 5.4304 14.4500
v -13.9000 5.7304 10.5500
v -10.1000 5.7304 10.5500
v -10.1000 5.7304 14.4500
v -13.9000 5.7304 14.4500
v -13.8000 5.7304 10.6500
v -12.0000 5.7304 10.6500
v -12.0000 5.7304 14.3500
v -13.8000 5.7304 14.3500
v -13.8000 10.7304 10.6500
v -12.0000 10.7304 10.6500
v -12.0000 10.7304 14.3500
v -13.8000 10.7304 14.3500
v -12.0000 5.7304 10.6500
v -10.2000 5.7304 10.6500
v -10.2000 5.7304 14.3500
v -12.0000 5.7304 14.3500
v -12.0000 10.7304 10.6500
v -10.2000 10.7304 10.6500
v -10.2000 10.7304 14.3500
v -12.0000 10.7304 14.3500
v -13.9000 10.7304 10.5500
v -10.1000 10.7304 10.5500
v -10.1000 10.7304 14.4500
v -13.9000 10.7304 14.4500
v -13.9000 12.2304 12.5000
v -10.1000 12.2304 12.5000
v -12.7000 5.7304 10.4900
v -11.3000 5.7304 10.4900
v -11.3000 5.7304 10.5700
v -12.7000 5.7304 10.5700
v -12.7000 7.7304 10.4900
v -11.3000 7.7304 10.4900
v -11.3000 7.7304 10.5700
v -12.7000 7.7304 10.5700
v -12.5500 5.7304 10.4700
v -11.4500 5.7304 10.4700
v -11.4500 5.7304 10.5600
v -12.5500 5.7304 10.5600
v -12.5500 7.5804 10.4700
v -11.4500 7.5804 10.4700
v -11.4500 7.5804 10.5600
v -12.5500 7.5804 10.5600
v -11.6000 11.8304 12.2000
v -11.0000 11.8304 12.2000
v -11.0000 11.8304 12.8000
v -11.6000 11.8304 12.8000
v -11.6000 12.8304 12.2000
v -11.0000 12.8304 12.2000
v -11.0000 12.8304 12.8000
v -11.6000 12.8304 12.8000
v -13.5500 6.3804 10.5000
v -12.4500 6.3804 10.5000
v -12.4500 6.3804 10.5700
v -13.5500 6.3804 10.5700
v -13.5500 7.4804 10.5000
v -12.4500 7.4804 10.5000
v -12.4500 7.4804 10.5700
v -13.5500 7.4804 10.5700
v -13.4000 6.5304 10.4800
v -12.6000 6.5304 10.4800
v -12.6000 6.5304 10.5600
v -13.4000 6.5304 10.5600
v -13.4000 7.3304 10.4800
v -12.6000 7.3304 10.4800
v -12.6000 7.3304 10.5600
v -13.4000 7.3304 10.5600
v -11.5500 6.3804 10.5000
v -10.4500 6.3804 10.5000
v -10.4500 6.3804 10.5700
v -11.5500 6.3804 10.5700
v -11.5500 7.4804 10.5000
v -10.4500 7.4804 10.5000
v -10.4500 7.4804 10.5700
v -11.5500 7.4804 10.5700
v -11.4000 6.5304 10.4800
v -10.6000 6.5304 10.4800
v -10.6000 6.5304 10.5600
v -11.4000 6.5304 10.5600
v -11.4000 7.3304 10.4800
v -10.6000 7.3304 10.4800
v -10.6000 7.3304 10.5600
v -11.4000 7.3304 10.5600
v -13.5500 8.8804 10.5000
v -12.4500 8.8804 10.5000
v -12.4500 8.8804 10.5700
v -13.5500 8.8804 10.5700
v -13.5500 9.9804 10.5000
v -12.4500 9.9804 10.5000
v -12.4500 9.9804 10.5700
v -13.5500 9.9804 10.5700
v -13.4000 9.0304 10.4800
v -12.6000 9.0304 10.4800
v -12.6000 9.0304 10.5600
v -13.4000 9.0304 10.5600
v -13.4000 9.8304 10.4800
v -12.6000 9.8304 10.4800
v -12.6000 9.8304 10.5600
v -13.4000 9.8304 10.5600
v -11.5500 8.8804 10.5000
v -10.4500 8.8804 10.5000
v -10.4500 8.8804 10.5700
v -11.5500 8.8804 10.5700
v -11.5500 9.9804 10.5000
v -10.4500 9.9804 10.5000
v -10.4500 9.9804 10.5700
v -11.5500 9.9804 10.5700
v -11.4000 9.0304 10.4800
v -10.6000 9.0304 10.4800
v -10.6000 9.0304 10.5600
v -11.4000 9.0304 10.5600
v -11.4000 9.8304 10.4800
v -10.6000 9.8304 10.4800
v -10.6000 9.8304 10.5600
v -11.4000 9.8304 10.5600
usemtl house_3_two_story_foundation
f 12446 12447 12448 12449
f 12450 12451 12452 12453
f 12446 12447 12451 12450
f 12448 12449 12453 12452
f 12447 12448 12452 12451
f 12449 12446 12450 12453
usemtl house_3_two_story_wall_0
f 12454 12455 12456 12457
f 12458 12459 12460 12461
f 12454 12455 12459 12458
f 12456 12457 12461 12460
f 12455 12456 12460 12459
f 12457 12454 12458 12461
usemtl house_3_two_story_wall_1
f 12462 12463 12464 12465
f 12466 12467 12468 12469
f 12462 12463 12467 12466
f 12464 12465 12469 12468
f 12463 12464 12468 12467
f 12465 12462 12466 12469
usemtl house_3_two_story_roof_0
f 12470 12471 12475 12474
usemtl house_3_two_story_roof_1
f 12473 12472 12475 12474
usemtl house_3_two_story_wall_0
f 12470 12473 12474
usemtl house_3_two_story_wall_1
f 12471 12472 12475
usemtl house_3_two_story_frame
f 12476 12477 12478 12479
f 12480 12481 12482 12483
f 12476 12477 12481 12480
f 12478 12479 12483 12482
f 12477 12478 12482 12481
f 12479 12476 12480 12483
usemtl house_3_two_story_door
f 12484 12485 12486 12487
f 12488 12489 12490 12491
f 12484 12485 12489 12488
f 12486 12487 12491 12490
f 12485 12486 12490 12489
f 12487 12484 12488 12491
usemtl house_3_two_story_chimney
f 12492 12493 12494 12495
f 12496 12497 12498 12499
f 12492 12493 12497 12496
f 12494 12495 12499 12498
f 12493 12494 12498 12497
f 12495 12492 12496 12499
usemtl house_3_two_story_frame
f 12500 12501 12502 12503
f 12504 12505 12506 12507
f 12500 12501 12505 12504
f 12502 12503 12507 12506
f 12501 12502 12506 12505
f 12503 12500 12504 12507
usemtl house_3_two_story_glass
f 12508 12509 12510 12511
f 12512 12513 12514 12515
f 12508 12509 12513 12512
f 12510 12511 12515 12514
f 12509 12510 12514 12513
f 12511 12508 12512 12515
usemtl house_3_two_story_frame
f 12516 12517 12518 12519
f 12520 12521 12522 12523
f 12516 12517 12521 12520
f 12518 12519 12523 12522
f 12517 12518 12522 12521
f 12519 12516 12520 12523
usemtl house_3_two_story_glass
f 12524 12525 12526 12527
f 12528 12529 12530 12531
f 12524 12525 12529 12528
f 12526 12527 12531 12530
f 12525 12526 12530 12529
f 12527 12524 12528 12531
usemtl house_3_two_story_frame
f 12532 12533 12534 12535
f 12536 12537 12538 12539
f 12532 12533 12537 12536
f 12534 12535 12539 12538
f 12533 12534 12538 12537
f 12535 12532 12536 12539
usemtl house_3_two_story_glass
f 12540 12541 12542 12543
f 12544 12545 12546 12547
f 12540 12541 12545 12544
f 12542 12543 12547 12546
f 12541 12542 12546 12545
f 12543 12540 12544 12547
usemtl house_3_two_story_frame
f 12548 12549 12550 12551
f 12552 12553 12554 12555
f 12548 12549 12553 12552
f 12550 12551 12555 12554
f 12549 12550 12554 12553
f 12551 12548 12552 12555
usemtl house_3_two_story_glass
f 12556 12557 12558 12559
f 12560 12561 12562 12563
f 12556 12557 12561 12560
f 12558 12559 12563 12562
f 12557 12558 12562 12561
f 12559 12556 12560 12563
o house_4_timber
v -7.9500 5.7516 10.5000
v -3.0500 5.7516 10.5000
v -3.0500 5.7516 14.5000
v -7.9500 5.7516 14.5000
v -7.9500 6.0516 10.5000
v -3.0500 6.0516 10.5000
v -3.0500 6.0516 14.5000
v -7.9500 6.0516 14.5000
v -7.8500 6.0516 10.6000
v -5.5000 6.0516 10.6000
v -5.5000 6.0516 14.4000
v -7.8500 6.0516 14.4000
v -7.8500 8.9516 10.6000
v -5.5000 8.9516 10.6000
v -5.5000 8.9516 14.4000
v -7.8500 8.9516 14.4000
v -5.5000 6.0516 10.6000
v -3.1500 6.0516 10.6000
v -3.1500 6.0516 14.4000
v -5.5000 6.0516 14.4000
v -5.5000 8.9516 10.6000
v -3.1500 8.9516 10.6000
v -3.1500 8.9516 14.4000
v -5.5000 8.9516 14.4000
v -7.9500 8.9516 10.5000
v -3.0500 8.9516 10.5000
v -3.0500 8.9516 14.5000
v -7.9500 8.9516 14.5000
v -7.9500 10.3516 12.5000
v -3.0500 10.3516 12.5000
v -6.2000 6.0516 10.4400
v -4.8000 6.0516 10.4400
v -4.8000 6.0516 10.5200
v -6.2000 6.0516 10.5200
v -6.2000 8.0516 10.4400
v -4.8000 8.0516 10.4400
v -4.8000 8.0516 10.5200
v -6.2000 8.0516 10.5200
v -6.0500 6.0516 10.4200
v -4.9500 6.0516 10.4200
v -4.9500 6.0516 10.5100
v -6.0500 6.0516 10.5100
v -6.0500 7.9016 10.4200
v -4.9500 7.9016 10.4200
v -4.9500 7.9016 10.5100
v -6.0500 7.9016 10.5100
v -4.5500 9.9516 12.2000
v -3.9500 9.9516 12.2000
v -3.9500 9.9516 12.8000
v -4.5500 9.9516 12.8000
v -4.5500 10.9516 12.2000
v -3.9500 10.9516 12.2000
v -3.9500 10.9516 12.8000
v -4.5500 10.9516 12.8000
v -7.6300 6.0516 10.4600
v -7.4700 6.0516 10.4600
v -7.4700 6.0516 10.5000
v -7.6300 6.0516 10.5000
v -7.6300 8.9516 10.4600
v -7.4700 8.9516 10.4600
v -7.4700 8.9516 10.5000
v -7.6300 8.9516 10.5000
v -6.8050 6.0516 10.4600
v -6.6450 6.0516 10.4600
v -6.6450 6.0516 10.5000
v -6.8050 6.0516 10.5000
v -6.8050 8.9516 10.4600
v -6.6450 8.9516 10.4600
v -6.6450 8.9516 10.5000
v -6.8050 8.9516 10.5000
v -5.1800 6.0516 10.4600
v -5.0200 6.0516 10.4600
v -5.0200 6.0516 10.5000
v -5.1800 6.0516 10.5000
v -5.1800 8.9516 10.4600
v -5.0200 8.9516 10.4600
v -5.0200 8.9516 10.5000
v -5.1800 8.9516 10.5000
v -3.9550 6.0516 10.4600
v -3.7950 6.0516 10.4600
v -3.7950 6.0516 10.5000
v -3.9550 6.0516 10.5000
v -3.9550 8.9516 10.4600
v -3.7950 8.9516 10.4600
v -3.7950 8.9516 10.5000
v -3.9550 8.9516 10.5000
v -7.9500 7.4516 10.4600
v -3.0500 7.4516 10.4600
v -3.0500 7.4516 10.5000
v -7.9500 7.4516 10.5000
v -7.9500 7.6116 10.4600
v -3.0500 7.6116 10.4600
v -3.0500 7.6116 10.5000
v -7.9500 7.6116 10.5000
v -7.2000 6.9016 10.4500
v -6.1000 6.9016 10.4500
v -6.1000 6.9016 10.5200
v -7.2000 6.9016 10.5200
v -7.2000 8.0016 10.4500
v -6.1000 8.0016 10.4500
v -6.1000 8.0016 10.5200
v -7.2000 8.0016 10.5200
v -7.0500 7.0516 10.4300
v -6.2500 7.0516 10.4300
v -6.2500 7.0516 10.5100
v -7.0500 7.0516 10.5100
v -7.0500 7.8516 10.4300
v -6.2500 7.8516 10.4300
v -6.2500 7.8516 10.5100
v -7.0500 7.8516 10.5100
v -4.9000 6.9016 10.4500
v -3.8000 6.9016 10.4500
v -3.8000 6.9016 10.5200
v -4.9000 6.9016 10.5200
v -4.9000 8.0016 10.4500
v -3.8000 8.0016 10.4500
v -3.8000 8.0016 10.5200
v -4.9000 8.0016 10.5200
v -4.7500 7.0516 10.4300
v -3.9500 7.0516 10.4300
v -3.9500 7.0516 10.5100
v -4.7500 7.0516 10.5100
v -4.7500 7.8516 10.4300
v -3.9500 7.8516 10.4300
v -3.9500 7.8516 10.5100
v -4.7500 7.8516 10.5100
usemtl house_4_timber_foundation
f 12564 12565 12566 12567
f 12568 12569 12570 12571
f 12564 12565 12569 12568
f 12566 12567 12571 12570
f 12565 12566 12570 12569
f 12567 12564 12568 12571
usemtl house_4_timber_wall_0
f 12572 12573 12574 12575
f 12576 12577 12578 12579
f 12572 12573 12577 12576
f 12574 12575 12579 12578
f 12573 12574 12578 12577
f 12575 12572 12576 12579
usemtl house_4_timber_wall_1
f 12580 12581 12582 12583
f 12584 12585 12586 12587
f 12580 12581 12585 12584
f 12582 12583 12587 12586
f 12581 12582 12586 12585
f 12583 12580 12584 12587
usemtl house_4_timber_roof_0
f 12588 12589 12593 12592
usemtl house_4_timber_roof_1
f 12591 12590 12593 12592
usemtl house_4_timber_wall_0
f 12588 12591 12592
usemtl house_4_timber_wall_1
f 12589 12590 12593
usemtl house_4_timber_frame
f 12594 12595 12596 12597
f 12598 12599 12600 12601
f 12594 12595 12599 12598
f 12596 12597 12601 12600
f 12595 12596 12600 12599
f 12597 12594 12598 12601
usemtl house_4_timber_door
f 12602 12603 12604 12605
f 12606 12607 12608 12609
f 12602 12603 12607 12606
f 12604 12605 12609 12608
f 12603 12604 12608 12607
f 12605 12602 12606 12609
usemtl house_4_timber_chimney
f 12610 12611 12612 12613
f 12614 12615 12616 12617
f 12610 12611 12615 12614
f 12612 12613 12617 12616
f 12611 12612 12616 12615
f 12613 12610 12614 12617
usemtl house_4_timber_beam
f 12618 12619 12620 12621
f 12622 12623 12624 12625
f 12618 12619 12623 12622
f 12620 12621 12625 12624
f 12619 12620 12624 12623
f 12621 12618 12622 12625
f 12626 12627 12628 12629
f 12630 12631 12632 12633
f 12626 12627 12631 12630
f 12628 12629 12633 12632
f 12627 12628 12632 12631
f 12629 12626 12630 12633
f 12634 12635 12636 12637
f 12638 12639 12640 12641
f 12634 12635 12639 12638
f 12636 12637 12641 12640
f 12635 12636 12640 12639
f 12637 12634 12638 12641
f 12642 12643 12644 12645
f 12646 12647 12648 12649
f 12642 12643 12647 12646
f 12644 12645 12649 12648
f 12643 12644 12648 12647
f 12645 12642 12646 12649
f 12650 12651 12652 12653
f 12654 12655 12656 12657
f 12650 12651 12655 12654
f 12652 12653 12657 12656
f 12651 12652 12656 12655
f 12653 12650 12654 12657
usemtl house_4_timber_frame
f 12658 12659 12660 12661
f 12662 12663 12664 12665
f 12658 12659 12663 12662
f 12660 12661 12665 12664
f 12659 12660 12664 12663
f 12661 12658 12662 12665
usemtl house_4_timber_glass
f 12666 12667 12668 12669
f 12670 12671 12672 12673
f 12666 12667 12671 12670
f 12668 12669 12673 12672
f 12667 12668 12672 12671
f 12669 12666 12670 12673
usemtl house_4_timber_frame
f 12674 12675 12676 12677
f 12678 12679 12680 12681
f 12674 12675 12679 12678
f 12676 12677 12681 12680
f 12675 12676 12680 12679
f 12677 12674 12678 12681
usemtl house_4_timber_glass
f 12682 12683 12684 12685
f 12686 12687 12688 12689
f 12682 12683 12687 12686
f 12684 12685 12689 12688
f 12683 12684 12688 12687
f 12685 12682 12686 12689
o house_5_stone
v -2.3000 5.1499 -16.3250
v 2.3000 5.1499 -16.3250
v 2.3000 5.1499 -11.6750
v -2.3000 5.1499 -11.6750
v -2.3000 5.4499 -16.3250
v 2.3000 5.4499 -16.3250
v 2.3000 5.4499 -11.6750
v -2.3000 5.4499 -11.6750
v -2.2000 5.4499 -16.2250
v 0.0000 5.4499 -16.2250
v 0.0000 5.4499 -11.7750
v -2.2000 5.4499 -11.7750
v -2.2000 7.7499 -16.2250
v 0.0000 7.7499 -16.2250
v 0.0000 7.7499 -11.7750
v -2.2000 7.7499 -11.7750
v 0.0000 5.4499 -16.2250
v 2.2000 5.4499 -16.2250
v 2.2000 5.4499 -11.7750
v 0.0000 5.4499 -11.7750
v 0.0000 7.7499 -16.2250
v 2.2000 7.7499 -16.2250
v 2.2000 7.7499 -11.7750
v 0.0000 7.7499 -11.7750
v -2.3000 7.7499 -16.3250
v 2.3000 7.7499 -16.3250
v 2.3000 7.7499 -11.6750
v -2.3000 7.7499 -11.6750
v -2.3000 8.9499 -14.0000
v 2.3000 8.9499 -14.0000
v -0.7000 5.4499 -16.3850
v 0.7000 5.4499 -16.3850
v 0.7000 5.4499 -16.3050
v -0.7000 5.4499 -16.3050
v -0.7000 7.4499 -16.3850
v 0.7000 7.4499 -16.3850
v 0.7000 7.4499 -16.3050
v -0.7000 7.4499 -16.3050
v -0.5500 5.4499 -16.4050
v 0.5500 5.4499 -16.4050
v 0.5500 5.4499 -16.3150
v -0.5500 5.4499 -16.3150
v -0.5500 7.2999 -16.4050
v 0.5500 7.2999 -16.4050
v 0.5500 7.2999 -16.3150
v -0.5500 7.2999 -16.3150
v 0.8000 8.5499 -14.3000
v 1.4000 8.5499 -14.3000
v 1.4000 8.5499 -13.7000
v 0.8000 8.5499 -13.7000
v 0.8000 9.5499 -14.3000
v 1.4000 9.5499 -14.3000
v 1.4000 9.5499 -13.7000
v 0.8000 9.5499 -13.7000
v -1.3500 6.2999 -16.3750
v -0.2500 6.2999 -16.3750
v -0.2500 6.2999 -16.3050
v -1.3500 6.2999 -16.3050
v -1.3500 7.1999 -16.3750
v -0.2500 7.1999 -16.3750
v -0.2500 7.1999 -16.3050
v -1.3500 7.1999 -16.3050
v -1.2000 6.4499 -16.3950
v -0.4000 6.4499 -16.3950
v -0.4000 6.4499 -16.3150
v -1.2000 6.4499 -16.3150
v -1.2000 7.0499 -16.3950
v -0.4000 7.0499 -16.3950
v -0.4000 7.0499 -16.3150
v -1.2000 7.0499 -16.3150
v 0.2500 6.2999 -16.3750
v 1.3500 6.2999 -16.3750
v 1.3500 6.2999 -16.3050
v 0.2500 6.2999 -16.3050
v 0.2500 7.1999 -16.3750
v 1.3500 7.1999 -16.3750
v 1.3500 7.1999 -16.3050
v 0.2500 7.1999 -16.3050
v 0.4000 6.4499 -16.3950
v 1.2000 6.4499 -16.3950
v 1.2000 6.4499 -16.3150
v 0.4000 6.4499 -16.3150
v 0.4000 7.0499 -16.3950
v 1.2000 7.0499 -16.3950
v 1.2000 7.0499 -16.3150
v 0.4000 7.0499 -16.3150
usemtl house_5_stone_foundation
f 12690 12691 12692 12693
f 12694 12695 12696 12697
f 12690 12691 12695 12694
f 12692 12693 12697 12696
f 12691 12692 12696 12695
f 12693 12690 12694 12697
usemtl house_5_stone_stone_0
f 12698 12699 12700 12701
f 12702 12703 12704 12705
f 12698 12699 12703 12702
f 12700 12701 12705 12704
f 12699 12700 12704 12703
f 12701 12698 12702 12705
usemtl house_5_stone_stone_1
f 12706 12707 12708 12709
f 12710 12711 12712 12713
f 12706 12707 12711 12710
f 12708 12709 12713 12712
f 12707 12708 12712 12711
f 12709 12706 12710 12713
usemtl house_5_stone_roof_0
f 12714 12715 12719 12718
usemtl house_5_stone_roof_1
f 12717 12716 12719 12718
usemtl house_5_stone_stone_0
f 12714 12717 12718
usemtl house_5_stone_stone_1
f 12715 12716 12719
usemtl house_5_stone_frame
f 12720 12721 12722 12723
f 12724 12725 12726 12727
f 12720 12721 12725 12724
f 12722 12723 12727 12726
f 12721 12722 12726 12725
f 12723 12720 12724 12727
usemtl house_5_stone_door
f 12728 12729 12730 12731
f 12732 12733 12734 12735
f 12728 12729 12733 12732
f 12730 12731 12735 12734
f 12729 12730 12734 12733
f 12731 12728 12732 12735
usemtl house_5_stone_chimney
f 12736 12737 12738 12739
f 12740 12741 12742 12743
f 12736 12737 12741 12740
f 12738 12739 12743 12742
f 12737 12738 12742 12741
f 12739 12736 12740 12743
usemtl house_5_stone_frame
f 12744 12745 12746 12747
f 12748 12749 12750 12751
f 12744 12745 12749 12748
f 12746 12747 12751 12750
f 12745 12746 12750 12749
f 12747 12744 12748 12751
usemtl house_5_stone_glass
f 12752 12753 12754 12755
f 12756 12757 12758 12759
f 12752 12753 12757 12756
f 12754 12755 12759 12758
f 12753 12754 12758 12757
f 12755 12752 12756 12759
usemtl house_5_stone_frame
f 12760 12761 12762 12763
f 12764 12765 12766 12767
f 12760 12761 12765 12764
f 12762 12763 12767 12766
f 12761 12762 12766 12765
f 12763 12760 12764 12767
usemtl house_5_stone_glass
f 12768 12769 12770 12771
f 12772 12773 12774 12775
f 12768 12769 12773 12772
f 12770 12771 12775 12774
f 12769 12770 12774 12773
f 12771 12768 12772 12775
o house_6_two_story
v 4.7500 3.2663 -15.9500
v 8.2500 3.2663 -15.9500
v 8.2500 3.2663 -12.0500
v 4.7500 3.2663 -12.0500
v 4.7500 3.5663 -15.9500
v 8.2500 3.5663 -15.9500
v 8.2500 3.5663 -12.0500
v 4.7500 3.5663 -12.0500
v 4.8500 3.5663 -15.8500
v 6.5000 3.5663 -15.8500
v 6.5000 3.5663 -12.1500
v 4.8500 3.5663 -12.1500
v 4.8500 8.5663 -15.8500
v 6.5000 8.5663 -15.8500
v 6.5000 8.5663 -12.1500
v 4.8500 8.5663 -12.1500
v 6.5000 3.5663 -15.8500
v 8.1500 3.5663 -15.8500
v 8.1500 3.5663 -12.1500
v 6.5000 3.5663 -12.1500
v 6.5000 8.5663 -15.8500
v 8.1500 8.5663 -15.8500
v 8.1500 8.5663 -12.1500
v 6.5000 8.5663 -12.1500
v 4.7500 8.5663 -15.9500
v 8.2500 8.5663 -15.9500
v 8.2500 8.5663 -12.0500
v 4.7500 8.5663 -12.0500
v 4.7500 10.0663 -14.0000
v 8.2500 10.0663 -14.0000
v 5.8000 3.5663 -16.0100
v 7.2000 3.5663 -16.0100
v 7.2000 3.5663 -15.9300
v 5.8000 3.5663 -15.9300
v 5.8000 5.5663 -16.0100
v 7.2000 5.5663 -16.0100
v 7.2000 5.5663 -15.9300
v 5.8000 5.5663 -15.9300
v 5.9500 3.5663 -16.0300
v 7.0500 3.5663 -16.0300
v 7.0500 3.5663 -15.9400
v 5.9500 3.5663 -15.9400
v 5.9500 5.4163 -16.0300
v 7.0500 5.4163 -16.0300
v 7.0500 5.4163 -15.9400
v 5.9500 5.4163 -15.9400
v 6.7500 9.6663 -14.3000
v 7.3500 9.6663 -14.3000
v 7.3500 9.6663 -13.7000
v 6.7500 9.6663 -13.7000
v 6.7500 10.6663 -14.3000
v 7.3500 10.6663 -14.3000
v 7.3500 10.6663 -13.7000
v 6.7500 10.6663 -13.7000
v 5.1000 4.2163 -16.0000
v 6.2000 4.2163 -16.0000
v 6.2000 4.2163 -15.9300
v 5.1000 4.2163 -15.9300
v 5.1000 5.3163 -16.0000
v 6.2000 5.3163 -16.0000
v 6.2000 5.3163 -15.9300
v 5.1000 5.3163 -15.9300
v 5.2500 4.3663 -16.0200
v 6.0500 4.3663 -16.0200
v 6.0500 4.3663 -15.9400
v 5.2500 4.3663 -15.9400
v 5.2500 5.1663 -16.0200
v 6.0500 5.1663 -16.0200
v 6.0500 5.1663 -15.9400
v 5.2500 5.1663 -15.9400
v 6.8000 4.2163 -16.0000
v 7.9000 4.2163 -16.0000
v 7.9000 4.2163 -15.9300
v 6.8000 4.2163 -15.9300
v 6.8000 5.3163 -16.0000
v 7.9000 5.3163 -16.0000
v 7.9000 5.3163 -15.9300
v 6.8000 5.3163 -15.9300
v 6.9500 4.3663 -16.0200
v 7.7500 4.3663 -16.0200
v 7.7500 4.3663 -15.9400
v 6.9500 4.3663 -15.9400
v 6.9500 5.1663 -16.0200
v 7.7500 5.1663 -16.0200
v 7.7500 5.1663 -15.9400
v 6.9500 5.1663 -15.9400
v 5.1000 6.7163 -16.0000
v 6.2000 6.7163 -16.0000
v 6.2000 6.7163 -15.9300
v 5.1000 6.7163 -15.9300
v 5.1000 7.8163 -16.0000
v 6.2000 7.8163 -16.0000
v 6.2000 7.8163 -15.9300
v 5.1000 7.8163 -15.9300
v 5.2500 6.8663 -16.0200
v 6.0500 6.8663 -16.0200
v 6.0500 6.8663 -15.9400
v 5.2500 6.8663 -15.9400
v 5.2500 7.6663 -16.0200
v 6.0500 7.6663 -16.0200
v 6.0500 7.6663 -15.9400
v 5.2500 7.6663 -15.9400
v 6.8000 6.7163 -16.0000
v 7.9000 6.7163 -16.0000
v 7.9000 6.7163 -15.9300
v 6.8000 6.7163 -15.9300
v 6.8000 7.8163 -16.0000
v 7.9000 7.8163 -16.0000
v 7.9000 7.8163 -15.9300
v 6.8000 7.8163 -15.9300
v 6.9500 6.8663 -16.0200
v 7.7500 6.8663 -16.0200
v 7.7500 6.8663 -15.9400
v 6.9500 6.8663 -15.9400
v 6.9500 7.6663 -16.0200
v 7.7500 7.6663 -16.0200
v 7.7500 7.6663 -15.9400
v 6.9500 7.6663 -15.9400
usemtl house_6_two_story_foundation
f 12776 12777 12778 12779
f 12780 12781 12782 12783
f 12776 12777 12781 12780
f 12778 12779 12783 12782
f 12777 12778 12782 12781
f 12779 12776 12780 12783
usemtl house_6_two_story_wall_0
f 12784 12785 12786 12787
f 12788 12789 12790 12791
f 12784 12785 12789 12788
f 12786 12787 12791 12790
f 12785 12786 12790 12789
f 12787 12784 12788 12791
usemtl house_6_two_story_wall_1
f 12792 12793 12794 12795
f 12796 12797 12798 12799
f 12792 12793 12797 12796
f 12794 12795 12799 12798
f 12793 12794 12798 12797
f 12795 12792 12796 12799
usemtl house_6_two_story_roof_0
f 12800 12801 12805 12804
usemtl house_6_two_story_roof_1
f 12803 12802 12805 12804
usemtl house_6_two_story_wall_0
f 12800 12803 12804
usemtl house_6_two_story_wall_1
f 12801 12802 12805
usemtl house_6_two_story_frame
f 12806 12807 12808 12809
f 12810 12811 12812 12813
f 12806 12807 12811 12810
f 12808 12809 12813 12812
f 12807 12808 12812 12811
f 12809 12806 12810 12813
usemtl house_6_two_story_door
f 12814 12815 12816 12817
f 12818 12819 12820 12821
f 12814 12815 12819 12818
f 12816 12817 12821 12820
f 12815 12816 12820 12819
f 12817 12814 12818 12821
usemtl house_6_two_story_chimney
f 12822 12823 12824 12825
f 12826 12827 12828 12829
f 12822 12823 12827 12826
f 12824 12825 12829 12828
f 12823 12824 12828 12827
f 12825 12822 12826 12829
usemtl house_6_two_story_frame
f 12830 12831 12832 12833
f 12834 12835 12836 12837
f 12830 12831 12835 12834
f 12832 12833 12837 12836
f 12831 12832 12836 12835
f 12833 12830 12834 12837
usemtl house_6_two_story_glass
f 12838 12839 12840 12841
f 12842 12843 12844 12845
f 12838 12839 12843 12842
f 12840 12841 12845 12844
f 12839 12840 12844 12843
f 12841 12838 12842 12845
usemtl house_6_two_story_frame
f 12846 12847 12848 12849
f 12850 12851 12852 12853
f 12846 12847 12851 12850
f 12848 12849 12853 12852
f 12847 12848 12852 12851
f 12849 12846 12850 12853
usemtl house_6_two_story_glass
f 12854 12855 12856 12857
f 12858 12859 12860 12861
f 12854 12855 12859 12858
f 12856 12857 12861 12860
f 12855 12856 12860 12859
f 12857 12854 12858 12861
usemtl house_6_two_story_frame
f 12862 12863 12864 12865
f 12866 12867 12868 12869
f 12862 12863 12867 12866
f 12864 12865 12869 12868
f 12863 12864 12868 12867
f 12865 12862 12866 12869
usemtl house_6_two_story_glass
f 12870 12871 12872 12873
f 12874 12875 12876 12877
f 12870 12871 12875 12874
f 12872 12873 12877 12876
f 12871 12872 12876 12875
f 12873 12870 12874 12877
usemtl house_6_two_story_frame
f 12878 12879 12880 12881
f 12882 12883 12884 12885
f 12878 12879 12883 12882
f 12880 12881 12885 12884
f 12879 12880 12884 12883
f 12881 12878 12882 12885
usemtl house_6_two_story_glass
f 12886 12887 12888 12889
f 12890 12891 12892 12893
f 12886 12887 12891 12890
f 12888 12889 12893 12892
f 12887 12888 12892 12891
f 12889 12886 12890 12893
o house_7_timber
v -2.3000 7.4157 -9.5000
v 2.3000 7.4157 -9.5000
v 2.3000 7.4157 -5.5000
v -2.3000 7.4157 -5.5000
v -2.3000 7.7157 -9.5000
v 2.3000 7.7157 -9.5000
v 2.3000 7.7157 -5.5000
v -2.3000 7.7157 -5.5000
v -2.2000 7.7157 -9.4000
v 0.0000 7.7157 -9.4000
v 0.0000 7.7157 -5.6000
v -2.2000 7.7157 -5.6000
v -2.2000 10.6157 -9.4000
v 0.0000 10.6157 -9.4000
v 0.0000 10.6157 -5.6000
v -2.2000 10.6157 -5.6000
v 0.0000 7.7157 -9.4000
v 2.2000 7.7157 -9.4000
v 2.2000 7.7157 -5.6000
v 0.0000 7.7157 -5.6000
v 0.0000 10.6157 -9.4000
v 2.2000 10.6157 -9.4000
v 2.2000 10.6157 -5.6000
v 0.0000 10.6157 -5.6000
v -2.3000 10.6157 -9.5000
v 2.3000 10.6157 -9.5000
v 2.3000 10.6157 -5.5000
v -2.3000 10.6157 -5.5000
v -2.3000 12.0157 -7.5000
v 2.3000 12.0157 -7.5000
v -0.7000 7.7157 -9.5600
v 0.7000 7.7157 -9.5600
v 0.7000 7.7157 -9.4800
v -0.7000 7.7157 -9.4800
v -0.7000 9.7157 -9.5600
v 0.7000 9.7157 -9.5600
v 0.7000 9.7157 -9.4800
v -0.7000 9.7157 -9.4800
v -0.5500 7.7157 -9.5800
v 0.5500 7.7157 -9.5800
v 0.5500 7.7157 -9.4900
v -0.5500 7.7157 -9.4900
v -0.5500 9.5657 -9.5800
v 0.5500 9.5657 -9.5800
v 0.5500 9.5657 -9.4900
v -0.5500 9.5657 -9.4900
v 0.8000 11.6157 -7.8000
v 1.4000 11.6157 -7.8000
v 1.4000 11.6157 -7.2000
v 0.8000 11.6157 -7.2000
v 0.8000 12.6157 -7.8000
v 1.4000 12.6157 -7.8000
v 1.4000 12.6157 -7.2000
v 0.8000 12.6157 -7.2000
v -1.9800 7.7157 -9.5400
v -1.8200 7.7157 -9.5400
v -1.8200 7.7157 -9.5000
v -1.9800 7.7157 -9.5000
v -1.9800 10.6157 -9.5400
v -1.8200 10.6157 -9.5400
v -1.8200 10.6157 -9.5000
v -1.9800 10.6157 -9.5000
v -1.2300 7.7157 -9.5400
v -1.0700 7.7157 -9.5400
v -1.0700 7.7157 -9.5000
v -1.2300 7.7157 -9.5000
v -1.2300 10.6157 -9.5400
v -1.0700 10.6157 -9.5400
v -1.0700 10.6157 -9.5000
v -1.2300 10.6157 -9.5000
v 0.3200 7.7157 -9.5400
v 0.4800 7.7157 -9.5400
v 0.4800 7.7157 -9.5000
v 0.3200 7.7157 -9.5000
v 0.3200 10.6157 -9.5400
v 0.4800 10.6157 -9.5400
v 0.4800 10.6157 -9.5000
v 0.3200 10.6157 -9.5000
v 1.4700 7.7157 -9.5400
v 1.6300 7.7157 -9.5400
v 1.6300 7.7157 -9.5000
v 1.4700 7.7157 -9.5000
v 1.4700 10.6157 -9.5400
v 1.6300 10.6157 -9.5400
v 1.6300 10.6157 -9.5000
v 1.4700 10.6157 -9.5000
v -2.3000 9.1157 -9.5400
v 2.3000 9.1157 -9.5400
v 2.3000 9.1157 -9.5000
v -2.3000 9.1157 -9.5000
v -2.3000 9.2757 -9.5400
v 2.3000 9.2757 -9.5400
v 2.3000 9.2757 -9.5000
v -2.3000 9.2757 -9.5000
v -1.5500 8.5657 -9.5500
v -0.4500 8.5657 -9.5500
v -0.4500 8.5657 -9.4800
v -1.5500 8.5657 -9.4800
v -1.5500 9.6657 -9.5500
v -0.4500 9.6657 -9.5500
v -0.4500 9.6657 -9.4800
v -1.5500 9.6657 -9.4800
v -1.4000 8.7157 -9.5700
v -0.6000 8.7157 -9.5700
v -0.6000 8.7157 -9.4900
v -1.4000 8.7157 -9.4900
v -1.4000 9.5157 -9.5700
v -0.6000 9.5157 -9.5700
v -0.6000 9.5157 -9.4900
v -1.4000 9.5157 -9.4900
v 0.4500 8.5657 -9.5500
v 1.5500 8.5657 -9.5500
v 1.5500 8.5657 -9.4800
v 0.4500 8.5657 -9.4800
v 0.4500 9.6657 -9.5500
v 1.5500 9.6657 -9.5500
v 1.5500 9.6657 -9.4800
v 0.4500 9.6657 -9.4800
v 0.6000 8.7157 -9.5700
v 1.4000 8.7157 -9.5700
v 1.4000 8.7157 -9.4900
v 0.6000 8.7157 -9.4900
v 0.6000 9.5157 -9.5700
v 1.4000 9.5157 -9.5700
v 1.4000 9.5157 -9.4900
v 0.6000 9.5157 -9.4900
usemtl house_7_timber_foundation
f 12894 12895 12896 12897
f 12898 12899 12900 12901
f 12894 12895 12899 12898
f 12896 12897 12901 12900
f 12895 12896 12900 12899
f 12897 12894 12898 12901
usemtl house_7_timber_wall_0
f 12902 12903 12904 12905
f 12906 12907 12908 12909
f 12902 12903 12907 12906
f 12904 12905 12909 12908
f 12903 12904 12908 12907
f 12905 12902 12906 12909
usemtl house_7_timber_wall_1
f 12910 12911 12912 12913
f 12914 12915 12916 12917
f 12910 12911 12915 12914
f 12912 12913 12917 12916
f 12911 12912 12916 12915
f 12913 12910 12914 12917
usemtl house_7_timber_roof_0
f 12918 12919 12923 12922
usemtl house_7_timber_roof_1
f 12921 12920 12923 12922
usemtl house_7_timber_wall_0
f 12918 12921 12922
usemtl house_7_timber_wall_1
f 12919 12920 12923
usemtl house_7_timber_frame
f 12924 12925 12926 12927
f 12928 12929 12930 12931
f 12924 12925 12929 12928
f 12926 12927 12931 12930
f 12925 12926 12930 12929
f 12927 12924 12928 12931
usemtl house_7_timber_door
f 12932 12933 12934 12935
f 12936 12937 12938 12939
f 12932 12933 12937 12936
f 12934 12935 12939 12938
f 12933 12934 12938 12937
f 12935 12932 12936 12939
usemtl house_7_timber_chimney
f 12940 12941 12942 12943
f 12944 12945 12946 12947
f 12940 12941 12945 12944
f 12942 12943 12947 12946
f 12941 12942 12946 12945
f 12943 12940 12944 12947
usemtl house_7_timber_beam
f 12948 12949 12950 12951
f 12952 12953 12954 12955
f 12948 12949 12953 12952
f 12950 12951 12955 12954
f 12949 12950 12954 12953
f 12951 12948 12952 12955
f 12956 12957 12958 12959
f 12960 12961 12962 12963
f 12956 12957 12961 12960
f 12958 12959 12963 12962
f 12957 12958 12962 12961
f 12959 12956 12960 12963
f 12964 12965 12966 12967
f 12968 12969 12970 12971
f 12964 12965 12969 12968
f 12966 12967 12971 12970
f 12965 12966 12970 12969
f 12967 12964 12968 12971
f 12972 12973 12974 12975
f 12976 12977 12978 12979
f 12972 12973 12977 12976
f 12974 12975 12979 12978
f 12973 12974 12978 12977
f 12975 12972 12976 12979
f 12980 12981 12982 12983
f 12984 12985 12986 12987
f 12980 12981 12985 12984
f 12982 12983 12987 12986
f 12981 12982 12986 12985
f 12983 12980 12984 12987
usemtl house_7_timber_frame
f 12988 12989 12990 12991
f 12992 12993 12994 12995
f 12988 12989 12993 12992
f 12990 12991 12995 12994
f 12989 12990 12994 12993
f 12991 12988 12992 12995
usemtl house_7_timber_glass
f 12996 12997 12998 12999
f 13000 13001 13002 13003
f 12996 12997 13001 13000
f 12998 12999 13003 13002
f 12997 12998 13002 13001
f 12999 12996 13000 13003
usemtl house_7_timber_frame
f 13004 13005 13006 13007
f 13008 13009 13010 13011
f 13004 13005 13009 13008
f 13006 13007 13011 13010
f 13005 13006 13010 13009
f 13007 13004 13008 13011
usemtl house_7_timber_glass
f 13012 13013 13014 13015
f 13016 13017 13018 13019
f 13012 13013 13017 13016
f 13014 13015 13019 13018
f 13013 13014 13018 13017
f 13015 13012 13016 13019
o house_8_stone
v -6.7500 1.1865 19.6750
v -1.2500 1.1865 19.6750
v -1.2500 1.1865 24.3250
v -6.7500 1.1865 24.3250
v -6.7500 1.4865 19.6750
v -1.2500 1.4865 19.6750
v -1.2500 1.4865 24.3250
v -6.7500 1.4865 24.3250
v -6.6500 1.4865 19.7750
v -4.0000 1.4865 19.7750
v -4.0000 1.4865 24.2250
v -6.6500 1.4865 24.2250
v -6.6500 3.7865 19.7750
v -4.0000 3.7865 19.7750
v -4.0000 3.7865 24.2250
v -6.6500 3.7865 24.2250
v -4.0000 1.4865 19.7750
v -1.3500 1.4865 19.7750
v -1.3500 1.4865 24.2250
v -4.0000 1.4865 24.2250
v -4.0000 3.7865 19.7750
v -1.3500 3.7865 19.7750
v -1.3500 3.7865 24.2250
v -4.0000 3.7865 24.2250
v -6.7500 3.7865 19.6750
v -1.2500 3.7865 19.6750
v -1.2500 3.7865 24.3250
v -6.7500 3.7865 24.3250
v -6.7500 4.9865 22.0000
v -1.2500 4.9865 22.0000
v -4.7000 1.4865 19.6150
v -3.3000 1.4865 19.6150
v -3.3000 1.4865 19.6950
v -4.7000 1.4865 19.6950
v -4.7000 3.4865 19.6150
v -3.3000 3.4865 19.6150
v -3.3000 3.4865 19.6950
v -4.7000 3.4865 19.6950
v -4.5500 1.4865 19.5950
v -3.4500 1.4865 19.5950
v -3.4500 1.4865 19.6850
v -4.5500 1.4865 19.6850
v -4.5500 3.3365 19.5950
v -3.4500 3.3365 19.5950
v -3.4500 3.3365 19.6850
v -4.5500 3.3365 19.6850
v -2.7500 4.5865 21.7000
v -2.1500 4.5865 21.7000
v -2.1500 4.5865 22.3000
v -2.7500 4.5865 22.3000
v -2.7500 5.5865 21.7000
v -2.1500 5.5865 21.7000
v -2.1500 5.5865 22.3000
v -2.7500 5.5865 22.3000
v -5.8000 2.3365 19.6250
v -4.7000 2.3365 19.6250
v -4.7000 2.3365 19.6950
v -5.8000 2.3365 19.6950
v -5.8000 3.2365 19.6250
v -4.7000 3.2365 19.6250
v -4.7000 3.2365 19.6950
v -5.8000 3.2365 19.6950
v -5.6500 2.4865 19.6050
v -4.8500 2.4865 19.6050
v -4.8500 2.4865 19.6850
v -5.6500 2.4865 19.6850
v -5.6500 3.0865 19.6050
v -4.8500 3.0865 19.6050
v -4.8500 3.0865 19.6850
v -5.6500 3.0865 19.6850
v -3.3000 2.3365 19.6250
v -2.2000 2.3365 19.6250
v -2.2000 2.3365 19.6950
v -3.3000 2.3365 19.6950
v -3.3000 3.2365 19.6250
v -2.2000 3.2365 19.6250
v -2.2000 3.2365 19.6950
v -3.3000 3.2365 19.6950
v -3.1500 2.4865 19.6050
v -2.3500 2.4865 19.6050
v -2.3500 2.4865 19.6850
v -3.1500 2.4865 19.6850
v -3.1500 3.0865 19.6050
v -2.3500 3.0865 19.6050
v -2.3500 3.0865 19.6850
v -3.1500 3.0865 19.6850
usemtl house_8_stone_foundation
f 13020 13021 13022 13023
f 13024 13025 13026 13027
f 13020 13021 13025 13024
f 13022 13023 13027 13026
f 13021 13022 13026 13025
f 13023 13020 13024 13027
usemtl house_8_stone_stone_0
f 13028 13029 13030 13031
f 13032 13033 13034 13035
f 13028 13029 13033 13032
f 13030 13031 13035 13034
f 13029 13030 13034 13033
f 13031 13028 13032 13035
usemtl house_8_stone_stone_1
f 13036 13037 13038 13039
f 13040 13041 13042 13043
f 13036 13037 13041 13040
f 13038 13039 13043 13042
f 13037 13038 13042 13041
f 13039 13036 13040 13043
usemtl house_8_stone_roof_0
f 13044 13045 13049 13048
usemtl house_8_stone_roof_1
f 13047 13046 13049 13048
usemtl house_8_stone_stone_0
f 13044 13047 13048
usemtl house_8_stone_stone_1
f 13045 13046 13049
usemtl house_8_stone_frame
f 13050 13051 13052 13053
f 13054 13055 13056 13057
f 13050 13051 13055 13054
f 13052 13053 13057 13056
f 13051 13052 13056 13055
f 13053 13050 13054 13057
usemtl house_8_stone_door
f 13058 13059 13060 13061
f 13062 13063 13064 13065
f 13058 13059 13063 13062
f 13060 13061 13065 13064
f 13059 13060 13064 13063
f 13061 13058 13062 13065
usemtl house_8_stone_chimney
f 13066 13067 13068 13069
f 13070 13071 13072 13073
f 13066 13067 13071 13070
f 13068 13069 13073 13072
f 13067 13068 13072 13071
f 13069 13066 13070 13073
usemtl house_8_stone_frame
f 13074 13075 13076 13077
f 13078 13079 13080 13081
f 13074 13075 13079 13078
f 13076 13077 13081 13080
f 13075 13076 13080 13079
f 13077 13074 13078 13081
usemtl house_8_stone_glass
f 13082 13083 13084 13085
f 13086 13087 13088 13089
f 13082 13083 13087 13086
f 13084 13085 13089 13088
f 13083 13084 13088 13087
f 13085 13082 13086 13089
usemtl house_8_stone_frame
f 13090 13091 13092 13093
f 13094 13095 13096 13097
f 13090 13091 13095 13094
f 13092 13093 13097 13096
f 13091 13092 13096 13095
f 13093 13090 13094 13097
usemtl house_8_stone_glass
f 13098 13099 13100 13101
f 13102 13103 13104 13105
f 13098 13099 13103 13102
f 13100 13101 13105 13104
f 13099 13100 13104 13103
f 13101 13098 13102 13105
o house_9_two_story
v 0.9000 0.9878 20.0500
v 4.1000 0.9878 20.0500
v 4.1000 0.9878 23.9500
v 0.9000 0.9878 23.9500
v 0.9000 1.2878 20.0500
v 4.1000 1.2878 20.0500
v 4.1000 1.2878 23.9500
v 0.9000 1.2878 23.9500
v 1.0000 1.2878 20.1500
v 2.5000 1.2878 20.1500
v 2.5000 1.2878 23.8500
v 1.0000 1.2878 23.8500
v 1.0000 6.2878 20.1500
v 2.5000 6.2878 20.1500
v 2.5000 6.2878 23.8500
v 1.0000 6.2878 23.8500
v 2.5000 1.2878 20.1500
v 4.0000 1.2878 20.1500
v 4.0000 1.2878 23.8500
v 2.5000 1.2878 23.8500
v 2.5000 6.2878 20.1500
v 4.0000 6.2878 20.1500
v 4.0000 6.2878 23.8500
v 2.5000 6.2878 23.8500
v 0.9000 6.2878 20.0500
v 4.1000 6.2878 20.0500
v 4.1000 6.2878 23.9500
v 0.9000 6.2878 23.9500
v 0.9000 7.7878 22.0000
v 4.1000 7.7878 22.0000
v 1.8000 1.2878 19.9900
v 3.2000 1.2878 19.9900
v 3.2000 1.2878 20.0700
v 1.8000 1.2878 20.0700
v 1.8000 3.2878 19.9900
v 3.2000 3.2878 19.9900
v 3.2000 3.2878 20.0700
v 1.8000 3.2878 20.0700
v 1.9500 1.2878 19.9700
v 3.0500 1.2878 19.9700
v 3.0500 1.2878 20.0600
v 1.9500 1.2878 20.0600
v 1.9500 3.1378 19.9700
v 3.0500 3.1378 19.9700
v 3.0500 3.1378 20.0600
v 1.9500 3.1378 20.0600
v 2.6000 7.3878 21.7000
v 3.2000 7.3878 21.7000
v 3.2000 7.3878 22.3000
v 2.6000 7.3878 22.3000
v 2.6000 8.3878 21.7000
v 3.2000 8.3878 21.7000
v 3.2000 8.3878 22.3000
v 2.6000 8.3878 22.3000
v 1.2500 1.9378 20.0000
v 2.3500 1.9378 20.0000
v 2.3500 1.9378 20.0700
v 1.2500 1.9378 20.0700
v 1.2500 3.0378 20.0000
v 2.3500 3.0378 20.0000
v 2.3500 3.0378 20.0700
v 1.2500 3.0378 20.0700
v 1.4000 2.0878 19.9800
v 2.2000 2.0878 19.9800
v 2.2000 2.0878 20.0600
v 1.4000 2.0878 20.0600
v 1.4000 2.8878 19.9800
v 2.2000 2.8878 19.9800
v 2.2000 2.8878 20.0600
v 1.4000 2.8878 20.0600
v 2.6500 1.9378 20.0000
v 3.7500 1.9378 20.0000
v 3.7500 1.9378 20.0700
v 2.6500 1.9378 20.0700
v 2.6500 3.0378 20.0000
v 3.7500 3.0378 20.0000
v 3.7500 3.0378 20.0700
v 2.6500 3.0378 20.0700
v 2.8000 2.0878 19.9800
v 3.6000 2.0878 19.9800
v 3.6000 2.0878 20.0600
v 2.8000 2.0878 20.0600
v 2.8000 2.8878 19.9800
v 3.6000 2.8878 19.9800
v 3.6000 2.8878 20.0600
v 2.8000 2.8878 20.0600
v 1.2500 4.4378 20.0000
v 2.3500 4.4378 20.0000
v 2.3500 4.4378 20.0700
v 1.2500 4.4378 20.0700
v 1.2500 5.5378 20.0000
v 2.3500 5.5378 20.0000
v 2.3500 5.5378 20.0700
v 1.2500 5.5378 20.0700
v 1.4000 4.5878 19.9800
v 2.2000 4.5878 19.9800
v 2.2000 4.5878 20.0600
v 1.4000 4.5878 20.0600
v 1.4000 5.3878 19.9800
v 2.2000 5.3878 19.9800
v 2.2000 5.3878 20.0600
v 1.4000 5.3878 20.0600
v 2.6500 4.4378 20.0000
v 3.7500 4.4378 20.0000
v 3.7500 4.4378 20.0700
v 2.6500 4.4378 20.0700
v 2.6500 5.5378 20.0000
v 3.7500 5.5378 20.0000
v 3.7500 5.5378 20.0700
v 2.6500 5.5378 20.0700
v 2.8000 4.5878 19.9800
v 3.6000 4.5878 19.9800
v 3.6000 4.5878 20.0600
v 2.8000 4.5878 20.0600
v 2.8000 5.3878 19.9800
v 3.6000 5.3878 19.9800
v 3.6000 5.3878 20.0600
v 2.8000 5.3878 20.0600
usemtl house_9_two_story_foundation
f 13106 13107 13108 13109
f 13110 13111 13112 13113
f 13106 13107 13111 13110
f 13108 13109 13113 13112
f 13107 13108 13112 13111
f 13109 13106 13110 13113
usemtl house_9_two_story_wall_0
f 13114 13115 13116 13117
f 13118 13119 13120 13121
f 13114 13115 13119 13118
f 13116 13117 13121 13120
f 13115 13116 13120 13119
f 13117 13114 13118 13121
usemtl house_9_two_story_wall_1
f 13122 13123 13124 13125
f 13126 13127 13128 13129
f 13122 13123 13127 13126
f 13124 13125 13129 13128
f 13123 13124 13128 13127
f 13125 13122 13126 13129
usemtl house_9_two_story_roof_0
f 13130 13131 13135 13134
usemtl house_9_two_story_roof_1
f 13133 13132 13135 13134
usemtl house_9_two_story_wall_0
f 13130 13133 13134
usemtl house_9_two_story_wall_1
f 13131 13132 13135
usemtl house_9_two_story_frame
f 13136 13137 13138 13139
f 13140 13141 13142 13143
f 13136 13137 13141 13140
f 13138 13139 13143 13142
f 13137 13138 13142 13141
f 13139 13136 13140 13143
usemtl house_9_two_story_door
f 13144 13145 13146 13147
f 13148 13149 13150 13151
f 13144 13145 13149 13148
f 13146 13147 13151 13150
f 13145 13146 13150 13149
f 13147 13144 13148 13151
usemtl house_9_two_story_chimney
f 13152 13153 13154 13155
f 13156 13157 13158 13159
f 13152 13153 13157 13156
f 13154 13155 13159 13158
f 13153 13154 13158 13157
f 13155 13152 13156 13159
usemtl house_9_two_story_frame
f 13160 13161 13162 13163
f 13164 13165 13166 13167
f 13160 13161 13165 13164
f 13162 13163 13167 13166
f 13161 13162 13166 13165
f 13163 13160 13164 13167
usemtl house_9_two_story_glass
f 13168 13169 13170 13171
f 13172 13173 13174 13175
f 13168 13169 13173 13172
f 13170 13171 13175 13174
f 13169 13170 13174 13173
f 13171 13168 13172 13175
usemtl house_9_two_story_frame
f 13176 13177 13178 13179
f 13180 13181 13182 13183
f 13176 13177 13181 13180
f 13178 13179 13183 13182
f 13177 13178 13182 13181
f 13179 13176 13180 13183
usemtl house_9_two_story_glass
f 13184 13185 13186 13187
f 13188 13189 13190 13191
f 13184 13185 13189 13188
f 13186 13187 13191 13190
f 13185 13186 13190 13189
f 13187 13184 13188 13191
usemtl house_9_two_story_frame
f 13192 13193 13194 13195
f 13196 13197 13198 13199
f 13192 13193 13197 13196
f 13194 13195 13199 13198
f 13193 13194 13198 13197
f 13195 13192 13196 13199
usemtl house_9_two_story_glass
f 13200 13201 13202 13203
f 13204 13205 13206 13207
f 13200 13201 13205 13204
f 13202 13203 13207 13206
f 13201 13202 13206 13205
f 13203 13200 13204 13207
usemtl house_9_two_story_frame
f 13208 13209 13210 13211
f 13212 13213 13214 13215
f 13208 13209 13213 13212
f 13210 13211 13215 13214
f 13209 13210 13214 13213
f 13211 13208 13212 13215
usemtl house_9_two_story_glass
f 13216 13217 13218 13219
f 13220 13221 13222 13223
f 13216 13217 13221 13220
f 13218 13219 13223 13222
f 13217 13218 13222 13221
f 13219 13216 13220 13223
o wall_1
v -21.9500 0.8556 -4.3000
v -19.5500 0.8556 -4.3000
v -19.5500 0.8556 -4.0000
v -21.9500 0.8556 -4.0000
v -21.9500 2.4556 -4.3000
v -19.5500 2.4556 -4.3000
v -19.5500 2.4556 -4.0000
v -21.9500 2.4556 -4.0000
v -19.4500 0.8556 -4.3000
v -17.0500 0.8556 -4.3000
v -17.0500 0.8556 -4.0000
v -19.4500 0.8556 -4.0000
v -19.4500 2.4556 -4.3000
v -17.0500 2.4556 -4.3000
v -17.0500 2.4556 -4.0000
v -19.4500 2.4556 -4.0000
v -16.9500 0.8556 -4.3000
v -14.5500 0.8556 -4.3000
v -14.5500 0.8556 -4.0000
v -16.9500 0.8556 -4.0000
v -16.9500 2.4556 -4.3000
v -14.5500 2.4556 -4.3000
v -14.5500 2.4556 -4.0000
v -16.9500 2.4556 -4.0000
v -14.4500 0.8556 -4.3000
v -12.0500 0.8556 -4.3000
v -12.0500 0.8556 -4.0000
v -14.4500 0.8556 -4.0000
v -14.4500 2.4556 -4.3000
v -12.0500 2.4556 -4.3000
v -12.0500 2.4556 -4.0000
v -14.4500 2.4556 -4.0000
v -18.0000 0.8556 -3.6000
v -16.0000 0.8556 -3.6000
v -16.0000 0.8556 -3.1500
v -18.0000 0.8556 -3.1500
v -18.0000 1.1056 -3.6000
v -16.0000 1.1056 -3.6000
v -16.0000 1.1056 -3.1500
v -18.0000 1.1056 -3.1500
v -18.0000 1.1056 -3.1500
v -16.0000 1.1056 -3.1500
v -16.0000 1.1056 -2.7000
v -18.0000 1.1056 -2.7000
v -18.0000 1.3556 -3.1500
v -16.0000 1.3556 -3.1500
v -16.0000 1.3556 -2.7000
v -18.0000 1.3556 -2.7000
v -18.0000 1.3556 -2.7000
v -16.0000 1.3556 -2.7000
v -16.0000 1.3556 -2.2500
v -18.0000 1.3556 -2.2500
v -18.0000 1.6056 -2.7000
v -16.0000 1.6056 -2.7000
v -16.0000 1.6056 -2.2500
v -18.0000 1.6056 -2.2500
v -18.0000 1.6056 -2.2500
v -16.0000 1.6056 -2.2500
v -16.0000 1.6056 -1.8000
v -18.0000 1.6056 -1.8000
v -18.0000 1.8556 -2.2500
v -16.0000 1.8556 -2.2500
v -16.0000 1.8556 -1.8000
v -18.0000 1.8556 -1.8000
v -18.0000 1.8556 -1.8000
v -16.0000 1.8556 -1.8000
v -16.0000 1.8556 -1.3500
v -18.0000 1.8556 -1.3500
v -18.0000 2.1056 -1.8000
v -16.0000 2.1056 -1.8000
v -16.0000 2.1056 -1.3500
v -18.0000 2.1056 -1.3500
v -18.0000 2.1056 -1.3500
v -16.0000 2.1056 -1.3500
v -16.0000 2.1056 -0.9000
v -18.0000 2.1056 -0.9000
v -18.0000 2.3556 -1.3500
v -16.0000 2.3556 -1.3500
v -16.0000 2.3556 -0.9000
v -18.0000 2.3556 -0.9000
v -18.0000 2.3556 -0.9000
v -16.0000 2.3556 -0.9000
v -16.0000 2.3556 -0.4500
v -18.0000 2.3556 -0.4500
v -18.0000 2.6056 -0.9000
v -16.0000 2.6056 -0.9000
v -16.0000 2.6056 -0.4500
v -18.0000 2.6056 -0.4500
v -18.0000 2.6056 -0.4500
v -16.0000 2.6056 -0.4500
v -16.0000 2.6056 0.0000
v -18.0000 2.6056 0.0000
v -18.0000 2.8556 -0.4500
v -16.0000 2.8556 -0.4500
v -16.0000 2.8556 0.0000
v -18.0000 2.8556 0.0000
usemtl wall_1_wall_stone_0
f 13224 13225 13226 13227
f 13228 13229 13230 13231
f 13224 13225 13229 13228
f 13226 13227 13231 13230
f 13225 13226 13230 13229
f 13227 13224 13228 13231
usemtl wall_1_wall_stone_1
f 13232 13233 13234 13235
f 13236 13237 13238 13239
f 13232 13233 13237 13236
f 13234 13235 13239 13238
f 13233 13234 13238 13237
f 13235 13232 13236 13239
usemtl wall_1_wall_stone_0
f 13240 13241 13242 13243
f 13244 13245 13246 13247
f 13240 13241 13245 13244
f 13242 13243 13247 13246
f 13241 13242 13246 13245
f 13243 13240 13244 13247
usemtl wall_1_wall_stone_1
f 13248 13249 13250 13251
f 13252 13253 13254 13255
f 13248 13249 13253 13252
f 13250 13251 13255 13254
f 13249 13250 13254 13253
f 13251 13248 13252 13255
usemtl wall_1_step
f 13256 13257 13258 13259
f 13260 13261 13262 13263
f 13256 13257 13261 13260
f 13258 13259 13263 13262
f 13257 13258 13262 13261
f 13259 13256 13260 13263
f 13264 13265 13266 13267
f 13268 13269 13270 13271
f 13264 13265 13269 13268
f 13266 13267 13271 13270
f 13265 13266 13270 13269
f 13267 13264 13268 13271
f 13272 13273 13274 13275
f 13276 13277 13278 13279
f 13272 13273 13277 13276
f 13274 13275 13279 13278
f 13273 13274 13278 13277
f 13275 13272 13276 13279
f 13280 13281 13282 13283
f 13284 13285 13286 13287
f 13280 13281 13285 13284
f 13282 13283 13287 13286
f 13281 13282 13286 13285
f 13283 13280 13284 13287
f 13288 13289 13290 13291
f 13292 13293 13294 13295
f 13288 13289 13293 13292
f 13290 13291 13295 13294
f 13289 13290 13294 13293
f 13291 13288 13292 13295
f 13296 13297 13298 13299
f 13300 13301 13302 13303
f 13296 13297 13301 13300
f 13298 13299 13303 13302
f 13297 13298 13302 13301
f 13299 13296 13300 13303
f 13304 13305 13306 13307
f 13308 13309 13310 13311
f 13304 13305 13309 13308
f 13306 13307 13311 13310
f 13305 13306 13310 13309
f 13307 13304 13308 13311
f 13312 13313 13314 13315
f 13316 13317 13318 13319
f 13312 13313 13317 13316
f 13314 13315 13319 13318
f 13313 13314 13318 13317
f 13315 13312 13316 13319
o wall_2
v 16.0500 6.3192 1.7000
v 18.4500 6.3192 1.7000
v 18.4500 6.3192 2.0000
v 16.0500 6.3192 2.0000
v 16.0500 7.9192 1.7000
v 18.4500 7.9192 1.7000
v 18.4500 7.9192 2.0000
v 16.0500 7.9192 2.0000
v 18.5500 6.3192 1.7000
v 20.9500 6.3192 1.7000
v 20.9500 6.3192 2.0000
v 18.5500 6.3192 2.0000
v 18.5500 7.9192 1.7000
v 20.9500 7.9192 1.7000
v 20.9500 7.9192 2.0000
v 18.5500 7.9192 2.0000
v 21.0500 6.3192 1.7000
v 23.4500 6.3192 1.7000
v 23.4500 6.3192 2.0000
v 21.0500 6.3192 2.0000
v 21.0500 7.9192 1.7000
v 23.4500 7.9192 1.7000
v 23.4500 7.9192 2.0000
v 21.0500 7.9192 2.0000
v 23.5500 6.3192 1.7000
v 25.9500 6.3192 1.7000
v 25.9500 6.3192 2.0000
v 23.5500 6.3192 2.0000
v 23.5500 7.9192 1.7000
v 25.9500 7.9192 1.7000
v 25.9500 7.9192 2.0000
v 23.5500 7.9192 2.0000
v 20.0000 6.3192 2.4000
v 22.0000 6.3192 2.4000
v 22.0000 6.3192 2.8500
v 20.0000 6.3192 2.8500
v 20.0000 6.5692 2.4000
v 22.0000 6.5692 2.4000
v 22.0000 6.5692 2.8500
v 20.0000 6.5692 2.8500
v 20.0000 6.5692 2.8500
v 22.0000 6.5692 2.8500
v 22.0000 6.5692 3.3000
v 20.0000 6.5692 3.3000
v 20.0000 6.8192 2.8500
v 22.0000 6.8192 2.8500
v 22.0000 6.8192 3.3000
v 20.0000 6.8192 3.3000
v 20.0000 6.8192 3.3000
v 22.0000 6.8192 3.3000
v 22.0000 6.8192 3.7500
v 20.0000 6.8192 3.7500
v 20.0000 7.0692 3.3000
v 22.0000 7.0692 3.3000
v 22.0000 7.0692 3.7500
v 20.0000 7.0692 3.7500
v 20.0000 7.0692 3.7500
v 22.0000 7.0692 3.7500
v 22.0000 7.0692 4.2000
v 20.0000 7.0692 4.2000
v 20.0000 7.3192 3.7500
v 22.0000 7.3192 3.7500
v 22.0000 7.3192 4.2000
v 20.0000 7.3192 4.2000
v 20.0000 7.3192 4.2000
v 22.0000 7.3192 4.2000
v 22.0000 7.3192 4.6500
v 20.0000 7.3192 4.6500
v 20.0000 7.5692 4.2000
v 22.0000 7.5692 4.2000
v 22.0000 7.5692 4.6500
v 20.0000 7.5692 4.6500
v 20.0000 7.5692 4.6500
v 22.0000 7.5692 4.6500
v 22.0000 7.5692 5.1000
v 20.0000 7.5692 5.1000
v 20.0000 7.8192 4.6500
v 22.0000 7.8192 4.6500
v 22.0000 7.8192 5.1000
v 20.0000 7.8192 5.1000
v 20.0000 7.8192 5.1000
v 22.0000 7.8192 5.1000
v 22.0000 7.8192 5.5500
v 20.0000 7.8192 5.5500
v 20.0000 8.0692 5.1000
v 22.0000 8.0692 5.1000
v 22.0000 8.0692 5.5500
v 20.0000 8.0692 5.5500
v 20.0000 8.0692 5.5500
v 22.0000 8.0692 5.5500
v 22.0000 8.0692 6.0000
v 20.0000 8.0692 6.0000
v 20.0000 8.3192 5.5500
v 22.0000 8.3192 5.5500
v 22.0000 8.3192 6.0000
v 20.0000 8.3192 6.0000
usemtl wall_2_wall_stone_0
f 13320 13321 13322 13323
f 13324 13325 13326 13327
f 13320 13321 13325 13324
f 13322 13323 13327 13326
f 13321 13322 13326 13325
f 13323 13320 13324 13327
usemtl wall_2_wall_stone_1
f 13328 13329 13330 13331
f 13332 13333 13334 13335
f 13328 13329 13333 13332
f 13330 13331 13335 13334
f 13329 13330 13334 13333
f 13331 13328 13332 13335
usemtl wall_2_wall_stone_0
f 13336 13337 13338 13339
f 13340 13341 13342 13343
f 13336 13337 13341 13340
f 13338 13339 13343 13342
f 13337 13338 13342 13341
f 13339 13336 13340 13343
usemtl wall_2_wall_stone_1
f 13344 13345 13346 13347
f 13348 13349 13350 13351
f 13344 13345 13349 13348
f 13346 13347 13351 13350
f 13345 13346 13350 13349
f 13347 13344 13348 13351
usemtl wall_2_step
f 13352 13353 13354 13355
f 13356 13357 13358 13359
f 13352 13353 13357 13356
f 13354 13355 13359 13358
f 13353 13354 13358 13357
f 13355 13352 13356 13359
f 13360 13361 13362 13363
f 13364 13365 13366 13367
f 13360 13361 13365 13364
f 13362 13363 13367 13366
f 13361 13362 13366 13365
f 13363 13360 13364 13367
f 13368 13369 13370 13371
f 13372 13373 13374 13375
f 13368 13369 13373 13372
f 13370 13371 13375 13374
f 13369 13370 13374 13373
f 13371 13368 13372 13375
f 13376 13377 13378 13379
f 13380 13381 13382 13383
f 13376 13377 13381 13380
f 13378 13379 13383 13382
f 13377 13378 13382 13381
f 13379 13376 13380 13383
f 13384 13385 13386 13387
f 13388 13389 13390 13391
f 13384 13385 13389 13388
f 13386 13387 13391 13390
f 13385 13386 13390 13389
f 13387 13384 13388 13391
f 13392 13393 13394 13395
f 13396 13397 13398 13399
f 13392 13393 13397 13396
f 13394 13395 13399 13398
f 13393 13394 13398 13397
f 13395 13392 13396 13399
f 13400 13401 13402 13403
f 13404 13405 13406 13407
f 13400 13401 13405 13404
f 13402 13403 13407 13406
f 13401 13402 13406 13405
f 13403 13400 13404 13407
f 13408 13409 13410 13411
f 13412 13413 13414 13415
f 13408 13409 13413 13412
f 13410 13411 13415 13414
f 13409 13410 13414 13413
f 13411 13408 13412 13415
o chapel_1
v 28.5000 6.9400 -18.0000
v 30.0000 6.9400 -18.0000
v 30.0000 6.9400 -14.0000
v 28.5000 6.9400 -14.0000
v 28.5000 9.3400 -18.0000
v 30.0000 9.3400 -18.0000
v 30.0000 9.3400 -14.0000
v 28.5000 9.3400 -14.0000
v 30.0000 6.9400 -18.0000
v 31.5000 6.9400 -18.0000
v 31.5000 6.9400 -14.0000
v 30.0000 6.9400 -14.0000
v 30.0000 9.3400 -18.0000
v 31.5000 9.3400 -18.0000
v 31.5000 9.3400 -14.0000
v 30.0000 9.3400 -14.0000
v 28.5000 9.3400 -18.0000
v 31.5000 9.3400 -18.0000
v 31.5000 9.3400 -14.0000
v 28.5000 9.3400 -14.0000
v 28.5000 10.5400 -16.0000
v 31.5000 10.5400 -16.0000
v 29.6000 6.9400 -18.0500
v 30.4000 6.9400 -18.0500
v 30.4000 6.9400 -17.9800
v 29.6000 6.9400 -17.9800
v 29.6000 8.5400 -18.0500
v 30.4000 8.5400 -18.0500
v 30.4000 8.5400 -17.9800
v 29.6000 8.5400 -17.9800
v 29.9400 10.5400 -16.0600
v 30.0600 10.5400 -16.0600
v 30.0600 10.5400 -15.9400
v 29.9400 10.5400 -15.9400
v 29.9400 11.4400 -16.0600
v 30.0600 11.4400 -16.0600
v 30.0600 11.4400 -15.9400
v 29.9400 11.4400 -15.9400
v 29.7000 11.0400 -16.0600
v 30.3000 11.0400 -16.0600
v 30.3000 11.0400 -15.9400
v 29.7000 11.0400 -15.9400
v 29.7000 11.1900 -16.0600
v 30.3000 11.1900 -16.0600
v 30.3000 11.1900 -15.9400
v 29.7000 11.1900 -15.9400
usemtl chapel_1_stone_0
f 13416 13417 13418 13419
f 13420 13421 13422 13423
f 13416 13417 13421 13420
f 13418 13419 13423 13422
f 13417 13418 13422 13421
f 13419 13416 13420 13423
usemtl chapel_1_stone_1
f 13424 13425 13426 13427
f 13428 13429 13430 13431
f 13424 13425 13429 13428
f 13426 13427 13431 13430
f 13425 13426 13430 13429
f 13427 13424 13428 13431
usemtl chapel_1_roof_0
f 13432 13433 13437 13436
f 13435 13434 13437 13436
usemtl chapel_1_stone_0
f 13432 13435 13436
usemtl chapel_1_stone_1
f 13433 13434 13437
usemtl chapel_1_door
f 13438 13439 13440 13441
f 13442 13443 13444 13445
f 13438 13439 13443 13442
f 13440 13441 13445 13444
f 13439 13440 13444 13443
f 13441 13438 13442 13445
usemtl chapel_1_cross
f 13446 13447 13448 13449
f 13450 13451 13452 13453
f 13446 13447 13451 13450
f 13448 13449 13453 13452
f 13447 13448 13452 13451
f 13449 13446 13450 13453
f 13454 13455 13456 13457
f 13458 13459 13460 13461
f 13454 13455 13459 13458
f 13456 13457 13461 13460
f 13455 13456 13460 13459
f 13457 13454 13458 13461
o wall_3
v 10.0500 3.8333 -10.3000
v 11.4500 3.8333 -10.3000
v 11.4500 3.8333 -10.0000
v 10.0500 3.8333 -10.0000
v 10.0500 5.4333 -10.3000
v 11.4500 5.4333 -10.3000
v 11.4500 5.4333 -10.0000
v 10.0500 5.4333 -10.0000
v 11.5500 3.8333 -10.3000
v 12.9500 3.8333 -10.3000
v 12.9500 3.8333 -10.0000
v 11.5500 3.8333 -10.0000
v 11.5500 5.4333 -10.3000
v 12.9500 5.4333 -10.3000
v 12.9500 5.4333 -10.0000
v 11.5500 5.4333 -10.0000
v 13.0500 3.8333 -10.3000
v 14.4500 3.8333 -10.3000
v 14.4500 3.8333 -10.0000
v 13.0500 3.8333 -10.0000
v 13.0500 5.4333 -10.3000
v 14.4500 5.4333 -10.3000
v 14.4500 5.4333 -10.0000
v 13.0500 5.4333 -10.0000
v 14.5500 3.8333 -10.3000
v 15.9500 3.8333 -10.3000
v 15.9500 3.8333 -10.0000
v 14.5500 3.8333 -10.0000
v 14.5500 5.4333 -10.3000
v 15.9500 5.4333 -10.3000
v 15.9500 5.4333 -10.0000
v 14.5500 5.4333 -10.0000
v 12.0000 3.8333 -9.6000
v 14.0000 3.8333 -9.6000
v 14.0000 3.8333 -9.1500
v 12.0000 3.8333 -9.1500
v 12.0000 4.0833 -9.6000
v 14.0000 4.0833 -9.6000
v 14.0000 4.0833 -9.1500
v 12.0000 4.0833 -9.1500
v 12.0000 4.0833 -9.1500
v 14.0000 4.0833 -9.1500
v 14.0000 4.0833 -8.7000
v 12.0000 4.0833 -8.7000
v 12.0000 4.3333 -9.1500
v 14.0000 4.3333 -9.1500
v 14.0000 4.3333 -8.7000
v 12.0000 4.3333 -8.7000
v 12.0000 4.3333 -8.7000
v 14.0000 4.3333 -8.7000
v 14.0000 4.3333 -8.2500
v 12.0000 4.3333 -8.2500
v 12.0000 4.5833 -8.7000
v 14.0000 4.5833 -8.7000
v 14.0000 4.5833 -8.2500
v 12.0000 4.5833 -8.2500
v 12.0000 4.5833 -8.2500
v 14.0000 4.5833 -8.2500
v 14.0000 4.5833 -7.8000
v 12.0000 4.5833 -7.8000
v 12.0000 4.8333 -8.2500
v 14.0000 4.8333 -8.2500
v 14.0000 4.8333 -7.8000
v 12.0000 4.8333 -7.8000
v 12.0000 4.8333 -7.8000
v 14.0000 4.8333 -7.8000
v 14.0000 4.8333 -7.3500
v 12.0000 4.8333 -7.3500
v 12.0000 5.0833 -7.8000
v 14.0000 5.0833 -7.8000
v 14.0000 5.0833 -7.3500
v 12.0000 5.0833 -7.3500
v 12.0000 5.0833 -7.3500
v 14.0000 5.0833 -7.3500
v 14.0000 5.0833 -6.9000
v 12.0000 5.0833 -6.9000
v 12.0000 5.3333 -7.3500
v 14.0000 5.3333 -7.3500
v 14.0000 5.3333 -6.9000
v 12.0000 5.3333 -6.9000
v 12.0000 5.3333 -6.9000
v 14.0000 5.3333 -6.9000
v 14.0000 5.3333 -6.4500
v 12.0000 5.3333 -6.4500
v 12.0000 5.5833 -6.9000
v 14.0000 5.5833 -6.9000
v 14.0000 5.5833 -6.4500
v 12.0000 5.5833 -6.4500
v 12.0000 5.5833 -6.4500
v 14.0000 5.5833 -6.4500
v 14.0000 5.5833 -6.0000
v 12.0000 5.5833 -6.0000
v 12.0000 5.8333 -6.4500
v 14.0000 5.8333 -6.4500
v 14.0000 5.8333 -6.0000
v 12.0000 5.8333 -6.0000
usemtl wall_3_wall_stone_0
f 13462 13463 13464 13465
f 13466 13467 13468 13469
f 13462 13463 13467 13466
f 13464 13465 13469 13468
f 13463 13464 13468 13467
f 13465 13462 13466 13469
usemtl wall_3_wall_stone_1
f 13470 13471 13472 13473
f 13474 13475 13476 13477
f 13470 13471 13475 13474
f 13472 13473 13477 13476
f 13471 13472 13476 13475
f 13473 13470 13474 13477
usemtl wall_3_wall_stone_0
f 13478 13479 13480 13481
f 13482 13483 13484 13485
f 13478 13479 13483 13482
f 13480 13481 13485 13484
f 13479 13480 13484 13483
f 13481 13478 13482 13485
usemtl wall_3_wall_stone_1
f 13486 13487 13488 13489
f 13490 13491 13492 13493
f 13486 13487 13491 13490
f 13488 13489 13493 13492
f 13487 13488 13492 13491
f 13489 13486 13490 13493
usemtl wall_3_step
f 13494 13495 13496 13497
f 13498 13499 13500 13501
f 13494 13495 13499 13498
f 13496 13497 13501 13500
f 13495 13496 13500 13499
f 13497 13494 13498 13501
f 13502 13503 13504 13505
f 13506 13507 13508 13509
f 13502 13503 13507 13506
f 13504 13505 13509 13508
f 13503 13504 13508 13507
f 13505 13502 13506 13509
f 13510 13511 13512 13513
f 13514 13515 13516 13517
f 13510 13511 13515 13514
f 13512 13513 13517 13516
f 13511 13512 13516 13515
f 13513 13510 13514 13517
f 13518 13519 13520 13521
f 13522 13523 13524 13525
f 13518 13519 13523 13522
f 13520 13521 13525 13524
f 13519 13520 13524 13523
f 13521 13518 13522 13525
f 13526 13527 13528 13529
f 13530 13531 13532 13533
f 13526 13527 13531 13530
f 13528 13529 13533 13532
f 13527 13528 13532 13531
f 13529 13526 13530 13533
f 13534 13535 13536 13537
f 13538 13539 13540 13541
f 13534 13535 13539 13538
f 13536 13537 13541 13540
f 13535 13536 13540 13539
f 13537 13534 13538 13541
f 13542 13543 13544 13545
f 13546 13547 13548 13549
f 13542 13543 13547 13546
f 13544 13545 13549 13548
f 13543 13544 13548 13547
f 13545 13542 13546 13549
f 13550 13551 13552 13553
f 13554 13555 13556 13557
f 13550 13551 13555 13554
f 13552 13553 13557 13556
f 13551 13552 13556 13555
f 13553 13550 13554 13557
o pier_1
v -7.0000 0.6000 -45.9800
v -7.0000 0.6000 -45.6200
v -5.0000 0.6000 -45.6200
v -5.0000 0.6000 -45.9800
v -7.0000 0.7000 -45.9800
v -7.0000 0.7000 -45.6200
v -5.0000 0.7000 -45.6200
v -5.0000 0.7000 -45.9800
v -7.0000 0.6000 -45.5800
v -7.0000 0.6000 -45.2200
v -5.0000 0.6000 -45.2200
v -5.0000 0.6000 -45.5800
v -7.0000 0.7000 -45.5800
v -7.0000 0.7000 -45.2200
v -5.0000 0.7000 -45.2200
v -5.0000 0.7000 -45.5800
v -7.0000 0.6000 -45.1800
v -7.0000 0.6000 -44.8200
v -5.0000 0.6000 -44.8200
v -5.0000 0.6000 -45.1800
v -7.0000 0.7000 -45.1800
v -7.0000 0.7000 -44.8200
v -5.0000 0.7000 -44.8200
v -5.0000 0.7000 -45.1800
v -7.0000 0.6000 -44.7800
v -7.0000 0.6000 -44.4200
v -5.0000 0.6000 -44.4200
v -5.0000 0.6000 -44.7800
v -7.0000 0.7000 -44.7800
v -7.0000 0.7000 -44.4200
v -5.0000 0.7000 -44.4200
v -5.0000 0.7000 -44.7800
v -7.0000 0.6000 -44.3800
v -7.0000 0.6000 -44.0200
v -5.0000 0.6000 -44.0200
v -5.0000 0.6000 -44.3800
v -7.0000 0.7000 -44.3800
v -7.0000 0.7000 -44.0200
v -5.0000 0.7000 -44.0200
v -5.0000 0.7000 -44.3800
v -7.0000 0.6000 -43.9800
v -7.0000 0.6000 -43.6200
v -5.0000 0.6000 -43.6200
v -5.0000 0.6000 -43.9800
v -7.0000 0.7000 -43.9800
v -7.0000 0.7000 -43.6200
v -5.0000 0.7000 -43.6200
v -5.0000 0.7000 -43.9800
v -7.0000 0.6000 -43.5800
v -7.0000 0.6000 -43.2200
v -5.0000 0.6000 -43.2200
v -5.0000 0.6000 -43.5800
v -7.0000 0.7000 -43.5800
v -7.0000 0.7000 -43.2200
v -5.0000 0.7000 -43.2200
v -5.0000 0.7000 -43.5800
v -7.0000 0.6000 -43.1800
v -7.0000 0.6000 -42.8200
v -5.0000 0.6000 -42.8200
v -5.0000 0.6000 -43.1800
v -7.0000 0.7000 -43.1800
v -7.0000 0.7000 -42.8200
v -5.0000 0.7000 -42.8200
v -5.0000 0.7000 -43.1800
v -7.0000 0.6000 -42.7800
v -7.0000 0.6000 -42.4200
v -5.0000 0.6000 -42.4200
v -5.0000 0.6000 -42.7800
v -7.0000 0.7000 -42.7800
v -7.0000 0.7000 -42.4200
v -5.0000 0.7000 -42.4200
v -5.0000 0.7000 -42.7800
v -7.0000 0.6000 -42.3800
v -7.0000 0.6000 -42.0200
v -5.0000 0.6000 -42.0200
v -5.0000 0.6000 -42.3800
v -7.0000 0.7000 -42.3800
v -7.0000 0.7000 -42.0200
v -5.0000 0.7000 -42.0200
v -5.0000 0.7000 -42.3800
v -7.0000 0.6000 -41.9800
v -7.0000 0.6000 -41.6200
v -5.0000 0.6000 -41.6200
v -5.0000 0.6000 -41.9800
v -7.0000 0.7000 -41.9800
v -7.0000 0.7000 -41.6200
v -5.0000 0.7000 -41.6200
v -5.0000 0.7000 -41.9800
v -7.0000 0.6000 -41.5800
v -7.0000 0.6000 -41.2200
v -5.0000 0.6000 -41.2200
v -5.0000 0.6000 -41.5800
v -7.0000 0.7000 -41.5800
v -7.0000 0.7000 -41.2200
v -5.0000 0.7000 -41.2200
v -5.0000 0.7000 -41.5800
v -7.0000 0.6000 -41.1800
v -7.0000 0.6000 -40.8200
v -5.0000 0.6000 -40.8200
v -5.0000 0.6000 -41.1800
v -7.0000 0.7000 -41.1800
v -7.0000 0.7000 -40.8200
v -5.0000 0.7000 -40.8200
v -5.0000 0.7000 -41.1800
v -7.0000 0.6000 -40.7800
v -7.0000 0.6000 -40.4200
v -5.0000 0.6000 -40.4200
v -5.0000 0.6000 -40.7800
v -7.0000 0.7000 -40.7800
v -7.0000 0.7000 -40.4200
v -5.0000 0.7000 -40.4200
v -5.0000 0.7000 -40.7800
v -7.0000 0.6000 -40.3800
v -7.0000 0.6000 -40.0200
v -5.0000 0.6000 -40.0200
v -5.0000 0.6000 -40.3800
v -7.0000 0.7000 -40.3800
v -7.0000 0.7000 -40.0200
v -5.0000 0.7000 -40.0200
v -5.0000 0.7000 -40.3800
v -7.0000 0.6000 -39.9800
v -7.0000 0.6000 -39.6200
v -5.0000 0.6000 -39.6200
v -5.0000 0.6000 -39.9800
v -7.0000 0.7000 -39.9800
v -7.0000 0.7000 -39.6200
v -5.0000 0.7000 -39.6200
v -5.0000 0.7000 -39.9800
v -7.0000 0.6000 -39.5800
v -7.0000 0.6000 -39.2200
v -5.0000 0.6000 -39.2200
v -5.0000 0.6000 -39.5800
v -7.0000 0.7000 -39.5800
v -7.0000 0.7000 -39.2200
v -5.0000 0.7000 -39.2200
v -5.0000 0.7000 -39.5800
v -7.0000 0.6000 -39.1800
v -7.0000 0.6000 -38.8200
v -5.0000 0.6000 -38.8200
v -5.0000 0.6000 -39.1800
v -7.0000 0.7000 -39.1800
v -7.0000 0.7000 -38.8200
v -5.0000 0.7000 -38.8200
v -5.0000 0.7000 -39.1800
v -7.0000 0.6000 -38.7800
v -7.0000 0.6000 -38.4200
v -5.0000 0.6000 -38.4200
v -5.0000 0.6000 -38.7800
v -7.0000 0.7000 -38.7800
v -7.0000 0.7000 -38.4200
v -5.0000 0.7000 -38.4200
v -5.0000 0.7000 -38.7800
v -7.0000 0.6000 -38.3800
v -7.0000 0.6000 -38.0200
v -5.0000 0.6000 -38.0200
v -5.0000 0.6000 -38.3800
v -7.0000 0.7000 -38.3800
v -7.0000 0.7000 -38.0200
v -5.0000 0.7000 -38.0200
v -5.0000 0.7000 -38.3800
v -7.0000 0.6000 -37.9800
v -7.0000 0.6000 -37.6200
v -5.0000 0.6000 -37.6200
v -5.0000 0.6000 -37.9800
v -7.0000 0.7000 -37.9800
v -7.0000 0.7000 -37.6200
v -5.0000 0.7000 -37.6200
v -5.0000 0.7000 -37.9800
v -7.0000 0.6000 -37.5800
v -7.0000 0.6000 -37.2200
v -5.0000 0.6000 -37.2200
v -5.0000 0.6000 -37.5800
v -7.0000 0.7000 -37.5800
v -7.0000 0.7000 -37.2200
v -5.0000 0.7000 -37.2200
v -5.0000 0.7000 -37.5800
v -7.0000 0.6000 -37.1800
v -7.0000 0.6000 -36.8200
v -5.0000 0.6000 -36.8200
v -5.0000 0.6000 -37.1800
v -7.0000 0.7000 -37.1800
v -7.0000 0.7000 -36.8200
v -5.0000 0.7000 -36.8200
v -5.0000 0.7000 -37.1800
v -7.0000 0.6000 -36.7800
v -7.0000 0.6000 -36.4200
v -5.0000 0.6000 -36.4200
v -5.0000 0.6000 -36.7800
v -7.0000 0.7000 -36.7800
v -7.0000 0.7000 -36.4200
v -5.0000 0.7000 -36.4200
v -5.0000 0.7000 -36.7800
v -7.0000 0.6000 -36.3800
v -7.0000 0.6000 -36.0200
v -5.0000 0.6000 -36.0200
v -5.0000 0.6000 -36.3800
v -7.0000 0.7000 -36.3800
v -7.0000 0.7000 -36.0200
v -5.0000 0.7000 -36.0200
v -5.0000 0.7000 -36.3800
v -7.0000 0.6000 -35.9800
v -7.0000 0.6000 -35.6200
v -5.0000 0.6000 -35.6200
v -5.0000 0.6000 -35.9800
v -7.0000 0.7000 -35.9800
v -7.0000 0.7000 -35.6200
v -5.0000 0.7000 -35.6200
v -5.0000 0.7000 -35.9800
v -7.0000 0.6000 -35.5800
v -7.0000 0.6000 -35.2200
v -5.0000 0.6000 -35.2200
v -5.0000 0.6000 -35.5800
v -7.0000 0.7000 -35.5800
v -7.0000 0.7000 -35.2200
v -5.0000 0.7000 -35.2200
v -5.0000 0.7000 -35.5800
v -7.0000 0.6000 -35.1800
v -7.0000 0.6000 -34.8200
v -5.0000 0.6000 -34.8200
v -5.0000 0.6000 -35.1800
v -7.0000 0.7000 -35.1800
v -7.0000 0.7000 -34.8200
v -5.0000 0.7000 -34.8200
v -5.0000 0.7000 -35.1800
v -7.0000 0.6000 -34.7800
v -7.0000 0.6000 -34.4200
v -5.0000 0.6000 -34.4200
v -5.0000 0.6000 -34.7800
v -7.0000 0.7000 -34.7800
v -7.0000 0.7000 -34.4200
v -5.0000 0.7000 -34.4200
v -5.0000 0.7000 -34.7800
v -7.0000 0.6000 -34.3800
v -7.0000 0.6000 -34.0200
v -5.0000 0.6000 -34.0200
v -5.0000 0.6000 -34.3800
v -7.0000 0.7000 -34.3800
v -7.0000 0.7000 -34.0200
v -5.0000 0.7000 -34.0200
v -5.0000 0.7000 -34.3800
v -7.0000 0.6000 -33.9800
v -7.0000 0.6000 -33.6200
v -5.0000 0.6000 -33.6200
v -5.0000 0.6000 -33.9800
v -7.0000 0.7000 -33.9800
v -7.0000 0.7000 -33.6200
v -5.0000 0.7000 -33.6200
v -5.0000 0.7000 -33.9800
v -7.0000 0.6000 -33.5800
v -7.0000 0.6000 -33.2200
v -5.0000 0.6000 -33.2200
v -5.0000 0.6000 -33.5800
v -7.0000 0.7000 -33.5800
v -7.0000 0.7000 -33.2200
v -5.0000 0.7000 -33.2200
v -5.0000 0.7000 -33.5800
v -7.0000 0.6000 -33.1800
v -7.0000 0.6000 -32.8200
v -5.0000 0.6000 -32.8200
v -5.0000 0.6000 -33.1800
v -7.0000 0.7000 -33.1800
v -7.0000 0.7000 -32.8200
v -5.0000 0.7000 -32.8200
v -5.0000 0.7000 -33.1800
v -7.0000 0.6000 -32.7800
v -7.0000 0.6000 -32.4200
v -5.0000 0.6000 -32.4200
v -5.0000 0.6000 -32.7800
v -7.0000 0.7000 -32.7800
v -7.0000 0.7000 -32.4200
v -5.0000 0.7000 -32.4200
v -5.0000 0.7000 -32.7800
v -7.0000 0.6000 -32.3800
v -7.0000 0.6000 -32.0200
v -5.0000 0.6000 -32.0200
v -5.0000 0.6000 -32.3800
v -7.0000 0.7000 -32.3800
v -7.0000 0.7000 -32.0200
v -5.0000 0.7000 -32.0200
v -5.0000 0.7000 -32.3800
v -6.9700 -1.0000 -45.6200
v -6.9700 -1.0000 -45.3800
v -6.7300 -1.0000 -45.3800
v -6.7300 -1.0000 -45.6200
v -6.9700 0.6000 -45.6200
v -6.9700 0.6000 -45.3800
v -6.7300 0.6000 -45.3800
v -6.7300 0.6000 -45.6200
v -5.2700 -1.0000 -45.6200
v -5.2700 -1.0000 -45.3800
v -5.0300 -1.0000 -45.3800
v -5.0300 -1.0000 -45.6200
v -5.2700 0.6000 -45.6200
v -5.2700 0.6000 -45.3800
v -5.0300 0.6000 -45.3800
v -5.0300 0.6000 -45.6200
v -6.9700 -1.0000 -43.9950
v -6.9700 -1.0000 -43.7550
v -6.7300 -1.0000 -43.7550
v -6.7300 -1.0000 -43.9950
v -6.9700 0.6000 -43.9950
v -6.9700 0.6000 -43.7550
v -6.7300 0.6000 -43.7550
v -6.7300 0.6000 -43.9950
v -5.2700 -1.0000 -43.9950
v -5.2700 -1.0000 -43.7550
v -5.0300 -1.0000 -43.7550
v -5.0300 -1.0000 -43.9950
v -5.2700 0.6000 -43.9950
v -5.2700 0.6000 -43.7550
v -5.0300 0.6000 -43.7550
v -5.0300 0.6000 -43.9950
v -6.9700 -1.0000 -42.3700
v -6.9700 -1.0000 -42.1300
v -6.7300 -1.0000 -42.1300
v -6.7300 -1.0000 -42.3700
v -6.9700 0.6000 -42.3700
v -6.9700 0.6000 -42.1300
v -6.7300 0.6000 -42.1300
v -6.7300 0.6000 -42.3700
v -5.2700 -1.0000 -42.3700
v -5.2700 -1.0000 -42.1300
v -5.0300 -1.0000 -42.1300
v -5.0300 -1.0000 -42.3700
v -5.2700 0.6000 -42.3700
v -5.2700 0.6000 -42.1300
v -5.0300 0.6000 -42.1300
v -5.0300 0.6000 -42.3700
v -6.9700 -1.0000 -40.7450
v -6.9700 -1.0000 -40.5050
v -6.7300 -1.0000 -40.5050
v -6.7300 -1.0000 -40.7450
v -6.9700 0.6000 -40.7450
v -6.9700 0.6000 -40.5050
v -6.7300 0.6000 -40.5050
v -6.7300 0.6000 -40.7450
v -5.2700 -1.0000 -40.7450
v -5.2700 -1.0000 -40.5050
v -5.0300 -1.0000 -40.5050
v -5.0300 -1.0000 -40.7450
v -5.2700 0.6000 -40.7450
v -5.2700 0.6000 -40.5050
v -5.0300 0.6000 -40.5050
v -5.0300 0.6000 -40.7450
v -6.9700 -1.0000 -39.1200
v -6.9700 -1.0000 -38.8800
v -6.7300 -1.0000 -38.8800
v -6.7300 -1.0000 -39.1200
v -6.9700 0.6000 -39.1200
v -6.9700 0.6000 -38.8800
v -6.7300 0.6000 -38.8800
v -6.7300 0.6000 -39.1200
v -5.2700 -1.0000 -39.1200
v -5.2700 -1.0000 -38.8800
v -5.0300 -1.0000 -38.8800
v -5.0300 -1.0000 -39.1200
v -5.2700 0.6000 -39.1200
v -5.2700 0.6000 -38.8800
v -5.0300 0.6000 -38.8800
v -5.0300 0.6000 -39.1200
v -6.9700 -1.0000 -37.4950
v -6.9700 -1.0000 -37.2550
v -6.7300 -1.0000 -37.2550
v -6.7300 -1.0000 -37.4950
v -6.9700 0.6000 -37.4950
v -6.9700 0.6000 -37.2550
v -6.7300 0.6000 -37.2550
v -6.7300 0.6000 -37.4950
v -5.2700 -1.0000 -37.4950
v -5.2700 -1.0000 -37.2550
v -5.0300 -1.0000 -37.2550
v -5.0300 -1.0000 -37.4950
v -5.2700 0.6000 -37.4950
v -5.2700 0.6000 -37.2550
v -5.0300 0.6000 -37.2550
v -5.0300 0.6000 -37.4950
v -6.9700 -1.0000 -35.8700
v -6.9700 -1.0000 -35.6300
v -6.7300 -1.0000 -35.6300
v -6.7300 -1.0000 -35.8700
v -6.9700 0.6000 -35.8700
v -6.9700 0.6000 -35.6300
v -6.7300 0.6000 -35.6300
v -6.7300 0.6000 -35.8700
v -5.2700 -1.0000 -35.8700
v -5.2700 -1.0000 -35.6300
v -5.0300 -1.0000 -35.6300
v -5.0300 -1.0000 -35.8700
v -5.2700 0.6000 -35.8700
v -5.2700 0.6000 -35.6300
v -5.0300 0.6000 -35.6300
v -5.0300 0.6000 -35.8700
v -6.9700 -1.0000 -34.2450
v -6.9700 -1.0000 -34.0050
v -6.7300 -1.0000 -34.0050
v -6.7300 -1.0000 -34.2450
v -6.9700 0.6000 -34.2450
v -6.9700 0.6000 -34.0050
v -6.7300 0.6000 -34.0050
v -6.7300 0.6000 -34.2450
v -5.2700 -1.0000 -34.2450
v -5.2700 -1.0000 -34.0050
v -5.0300 -1.0000 -34.0050
v -5.0300 -1.0000 -34.2450
v -5.2700 0.6000 -34.2450
v -5.2700 0.6000 -34.0050
v -5.0300 0.6000 -34.0050
v -5.0300 0.6000 -34.2450
v -6.9700 -1.0000 -32.6200
v -6.9700 -1.0000 -32.3800
v -6.7300 -1.0000 -32.3800
v -6.7300 -1.0000 -32.6200
v -6.9700 0.6000 -32.6200
v -6.9700 0.6000 -32.3800
v -6.7300 0.6000 -32.3800
v -6.7300 0.6000 -32.6200
v -5.2700 -1.0000 -32.6200
v -5.2700 -1.0000 -32.3800
v -5.0300 -1.0000 -32.3800
v -5.0300 -1.0000 -32.6200
v -5.2700 0.6000 -32.6200
v -5.2700 0.6000 -32.3800
v -5.0300 0.6000 -32.3800
v -5.0300 0.6000 -32.6200
v -7.0600 0.7000 -45.2600
v -7.0600 0.7000 -45.1400
v -6.9400 0.7000 -45.1400
v -6.9400 0.7000 -45.2600
v -7.0600 1.6000 -45.2600
v -7.0600 1.6000 -45.1400
v -6.9400 1.6000 -45.1400
v -6.9400 1.6000 -45.2600
v -5.0600 0.7000 -45.2600
v -5.0600 0.7000 -45.1400
v -4.9400 0.7000 -45.1400
v -4.9400 0.7000 -45.2600
v -5.0600 1.6000 -45.2600
v -5.0600 1.6000 -45.1400
v -4.9400 1.6000 -45.1400
v -4.9400 1.6000 -45.2600
v -7.0600 0.7000 -42.1600
v -7.0600 0.7000 -42.0400
v -6.9400 0.7000 -42.0400
v -6.9400 0.7000 -42.1600
v -7.0600 1.6000 -42.1600
v -7.0600 1.6000 -42.0400
v -6.9400 1.6000 -42.0400
v -6.9400 1.6000 -42.1600
v -5.0600 0.7000 -42.1600
v -5.0600 0.7000 -42.0400
v -4.9400 0.7000 -42.0400
v -4.9400 0.7000 -42.1600
v -5.0600 1.6000 -42.1600
v -5.0600 1.6000 -42.0400
v -4.9400 1.6000 -42.0400
v -4.9400 1.6000 -42.1600
v -7.0600 0.7000 -39.0600
v -7.0600 0.7000 -38.9400
v -6.9400 0.7000 -38.9400
v -6.9400 0.7000 -39.0600
v -7.0600 1.6000 -39.0600
v -7.0600 1.6000 -38.9400
v -6.9400 1.6000 -38.9400
v -6.9400 1.6000 -39.0600
v -5.0600 0.7000 -39.0600
v -5.0600 0.7000 -38.9400
v -4.9400 0.7000 -38.9400
v -4.9400 0.7000 -39.0600
v -5.0600 1.6000 -39.0600
v -5.0600 1.6000 -38.9400
v -4.9400 1.6000 -38.9400
v -4.9400 1.6000 -39.0600
v -7.0600 0.7000 -35.9600
v -7.0600 0.7000 -35.8400
v -6.9400 0.7000 -35.8400
v -6.9400 0.7000 -35.9600
v -7.0600 1.6000 -35.9600
v -7.0600 1.6000 -35.8400
v -6.9400 1.6000 -35.8400
v -6.9400 1.6000 -35.9600
v -5.0600 0.7000 -35.9600
v -5.0600 0.7000 -35.8400
v -4.9400 0.7000 -35.8400
v -4.9400 0.7000 -35.9600
v -5.0600 1.6000 -35.9600
v -5.0600 1.6000 -35.8400
v -4.9400 1.6000 -35.8400
v -4.9400 1.6000 -35.9600
v -7.0600 0.7000 -32.8600
v -7.0600 0.7000 -32.7400
v -6.9400 0.7000 -32.7400
v -6.9400 0.7000 -32.8600
v -7.0600 1.6000 -32.8600
v -7.0600 1.6000 -32.7400
v -6.9400 1.6000 -32.7400
v -6.9400 1.6000 -32.8600
v -5.0600 0.7000 -32.8600
v -5.0600 0.7000 -32.7400
v -4.9400 0.7000 -32.7400
v -4.9400 0.7000 -32.8600
v -5.0600 1.6000 -32.8600
v -5.0600 1.6000 -32.7400
v -4.9400 1.6000 -32.7400
v -4.9400 1.6000 -32.8600
v -7.0500 1.5500 -45.4000
v -7.0500 1.5500 -32.6000
v -6.9500 1.5500 -32.6000
v -6.9500 1.5500 -45.4000
v -7.0500 1.6500 -45.4000
v -7.0500 1.6500 -32.6000
v -6.9500 1.6500 -32.6000
v -6.9500 1.6500 -45.4000
v -5.0500 1.5500 -45.4000
v -5.0500 1.5500 -32.6000
v -4.9500 1.5500 -32.6000
v -4.9500 1.5500 -45.4000
v -5.0500 1.6500 -45.4000
v -5.0500 1.6500 -32.6000
v -4.9500 1.6500 -32.6000
v -4.9500 1.6500 -45.4000
v -6.8500 0.7000 -32.5000
v -6.8500 0.7000 -32.2000
v -6.5500 0.7000 -32.2000
v -6.5500 0.7000 -32.5000
v -6.8500 1.1000 -32.5000
v -6.8500 1.1000 -32.2000
v -6.5500 1.1000 -32.2000
v -6.5500 1.1000 -32.5000
v -5.4500 0.7000 -32.5000
v -5.4500 0.7000 -32.2000
v -5.1500 0.7000 -32.2000
v -5.1500 0.7000 -32.5000
v -5.4500 1.1000 -32.5000
v -5.4500 1.1000 -32.2000
v -5.1500 1.1000 -32.2000
v -5.1500 1.1000 -32.5000
usemtl pier_1_plank_0
f 13558 13559 13560 13561
f 13562 13563 13564 13565
f 13558 13559 13563 13562
f 13560 13561 13565 13564
f 13559 13560 13564 13563
f 13561 13558 13562 13565
usemtl pier_1_plank_1
f 13566 13567 13568 13569
f 13570 13571 13572 13573
f 13566 13567 13571 13570
f 13568 13569 13573 13572
f 13567 13568 13572 13571
f 13569 13566 13570 13573
usemtl pier_1_plank_0
f 13574 13575 13576 13577
f 13578 13579 13580 13581
f 13574 13575 13579 13578
f 13576 13577 13581 13580
f 13575 13576 13580 13579
f 13577 13574 13578 13581
usemtl pier_1_plank_1
f 13582 13583 13584 13585
f 13586 13587 13588 13589
f 13582 13583 13587 13586
f 13584 13585 13589 13588
f 13583 13584 13588 13587
f 13585 13582 13586 13589
usemtl pier_1_plank_0
f 13590 13591 13592 13593
f 13594 13595 13596 13597
f 13590 13591 13595 13594
f 13592 13593 13597 13596
f 13591 13592 13596 13595
f 13593 13590 13594 13597
usemtl pier_1_plank_1
f 13598 13599 13600 13601
f 13602 13603 13604 13605
f 13598 13599 13603 13602
f 13600 13601 13605 13604
f 13599 13600 13604 13603
f 13601 13598 13602 13605
usemtl pier_1_plank_0
f 13606 13607 13608 13609
f 13610 13611 13612 13613
f 13606 13607 13611 13610
f 13608 13609 13613 13612
f 13607 13608 13612 13611
f 13609 13606 13610 13613
usemtl pier_1_plank_1
f 13614 13615 13616 13617
f 13618 13619 13620 13621
f 13614 13615 13619 13618
f 13616 13617 13621 13620
f 13615 13616 13620 13619
f 13617 13614 13618 13621
usemtl pier_1_plank_0
f 13622 13623 13624 13625
f 13626 13627 13628 13629
f 13622 13623 13627 13626
f 13624 13625 13629 13628
f 13623 13624 13628 13627
f 13625 13622 13626 13629
usemtl pier_1_plank_1
f 13630 13631 13632 13633
f 13634 13635 13636 13637
f 13630 13631 13635 13634
f 13632 13633 13637 13636
f 13631 13632 13636 13635
f 13633 13630 13634 13637
usemtl pier_1_plank_0
f 13638 13639 13640 13641
f 13642 13643 13644 13645
f 13638 13639 13643 13642
f 13640 13641 13645 13644
f 13639 13640 13644 13643
f 13641 13638 13642 13645
usemtl pier_1_plank_1
f 13646 13647 13648 13649
f 13650 13651 13652 13653
f 13646 13647 13651 13650
f 13648 13649 13653 13652
f 13647 13648 13652 13651
f 13649 13646 13650 13653
usemtl pier_1_plank_0
f 13654 13655 13656 13657
f 13658 13659 13660 13661
f 13654 13655 13659 13658
f 13656 13657 13661 13660
f 13655 13656 13660 13659
f 13657 13654 13658 13661
usemtl pier_1_plank_1
f 13662 13663 13664 13665
f 13666 13667 13668 13669
f 13662 13663 13667 13666
f 13664 13665 13669 13668
f 13663 13664 13668 13667
f 13665 13662 13666 13669
usemtl pier_1_plank_0
f 13670 13671 13672 13673
f 13674 13675 13676 13677
f 13670 13671 13675 13674
f 13672 13673 13677 13676
f 13671 13672 13676 13675
f 13673 13670 13674 13677
usemtl pier_1_plank_1
f 13678 13679 13680 13681
f 13682 13683 13684 13685
f 13678 13679 13683 13682
f 13680 13681 13685 13684
f 13679 13680 13684 13683
f 13681 13678 13682 13685
usemtl pier_1_plank_0
f 13686 13687 13688 13689
f 13690 13691 13692 13693
f 13686 13687 13691 13690
f 13688 13689 13693 13692
f 13687 13688 13692 13691
f 13689 13686 13690 13693
usemtl pier_1_plank_1
f 13694 13695 13696 13697
f 13698 13699 13700 13701
f 13694 13695 13699 13698
f 13696 13697 13701 13700
f 13695 13696 13700 13699
f 13697 13694 13698 13701
usemtl pier_1_plank_0
f 13702 13703 13704 13705
f 13706 13707 13708 13709
f 13702 13703 13707 13706
f 13704 13705 13709 13708
f 13703 13704 13708 13707
f 13705 13702 13706 13709
usemtl pier_1_plank_1
f 13710 13711 13712 13713
f 13714 13715 13716 13717
f 13710 13711 13715 13714
f 13712 13713 13717 13716
f 13711 13712 13716 13715
f 13713 13710 13714 13717
usemtl pier_1_plank_0
f 13718 13719 13720 13721
f 13722 13723 13724 13725
f 13718 13719 13723 13722
f 13720 13721 13725 13724
f 13719 13720 13724 13723
f 13721 13718 13722 13725
usemtl pier_1_plank_1
f 13726 13727 13728 13729
f 13730 13731 13732 13733
f 13726 13727 13731 13730
f 13728 13729 13733 13732
f 13727 13728 13732 13731
f 13729 13726 13730 13733
usemtl pier_1_plank_0
f 13734 13735 13736 13737
f 13738 13739 13740 13741
f 13734 13735 13739 13738
f 13736 13737 13741 13740
f 13735 13736 13740 13739
f 13737 13734 13738 13741
usemtl pier_1_plank_1
f 13742 13743 13744 13745
f 13746 13747 13748 13749
f 13742 13743 13747 13746
f 13744 13745 13749 13748
f 13743 13744 13748 13747
f 13745 13742 13746 13749
usemtl pier_1_plank_0
f 13750 13751 13752 13753
f 13754 13755 13756 13757
f 13750 13751 13755 13754
f 13752 13753 13757 13756
f 13751 13752 13756 13755
f 13753 13750 13754 13757
usemtl pier_1_plank_1
f 13758 13759 13760 13761
f 13762 13763 13764 13765
f 13758 13759 13763 13762
f 13760 13761 13765 13764
f 13759 13760 13764 13763
f 13761 13758 13762 13765
usemtl pier_1_plank_0
f 13766 13767 13768 13769
f 13770 13771 13772 13773
f 13766 13767 13771 13770
f 13768 13769 13773 13772
f 13767 13768 13772 13771
f 13769 13766 13770 13773
usemtl pier_1_plank_1
f 13774 13775 13776 13777
f 13778 13779 13780 13781
f 13774 13775 13779 13778
f 13776 13777 13781 13780
f 13775 13776 13780 13779
f 13777 13774 13778 13781
usemtl pier_1_plank_0
f 13782 13783 13784 13785
f 13786 13787 13788 13789
f 13782 13783 13787 13786
f 13784 13785 13789 13788
f 13783 13784 13788 13787
f 13785 13782 13786 13789
usemtl pier_1_plank_1
f 13790 13791 13792 13793
f 13794 13795 13796 13797
f 13790 13791 13795 13794
f 13792 13793 13797 13796
f 13791 13792 13796 13795
f 13793 13790 13794 13797
usemtl pier_1_plank_0
f 13798 13799 13800 13801
f 13802 13803 13804 13805
f 13798 13799 13803 13802
f 13800 13801 13805 13804
f 13799 13800 13804 13803
f 13801 13798 13802 13805
usemtl pier_1_plank_1
f 13806 13807 13808 13809
f 13810 13811 13812 13813
f 13806 13807 13811 13810
f 13808 13809 13813 13812
f 13807 13808 13812 13811
f 13809 13806 13810 13813
usemtl pier_1_plank_0
f 13814 13815 13816 13817
f 13818 13819 13820 13821
f 13814 13815 13819 13818
f 13816 13817 13821 13820
f 13815 13816 13820 13819
f 13817 13814 13818 13821
usemtl pier_1_plank_1
f 13822 13823 13824 13825
f 13826 13827 13828 13829
f 13822 13823 13827 13826
f 13824 13825 13829 13828
f 13823 13824 13828 13827
f 13825 13822 13826 13829
usemtl pier_1_plank_0
f 13830 13831 13832 13833
f 13834 13835 13836 13837
f 13830 13831 13835 13834
f 13832 13833 13837 13836
f 13831 13832 13836 13835
f 13833 13830 13834 13837
usemtl pier_1_pile
f 13838 13839 13840 13841
f 13842 13843 13844 13845
f 13838 13839 13843 13842
f 13840 13841 13845 13844
f 13839 13840 13844 13843
f 13841 13838 13842 13845
f 13846 13847 13848 13849
f 13850 13851 13852 13853
f 13846 13847 13851 13850
f 13848 13849 13853 13852
f 13847 13848 13852 13851
f 13849 13846 13850 13853
f 13854 13855 13856 13857
f 13858 13859 13860 13861
f 13854 13855 13859 13858
f 13856 13857 13861 13860
f 13855 13856 13860 13859
f 13857 13854 13858 13861
f 13862 13863 13864 13865
f 13866 13867 13868 13869
f 13862 13863 13867 13866
f 13864 13865 13869 13868
f 13863 13864 13868 13867
f 13865 13862 13866 13869
f 13870 13871 13872 13873
f 13874 13875 13876 13877
f 13870 13871 13875 13874
f 13872 13873 13877 13876
f 13871 13872 13876 13875
f 13873 13870 13874 13877
f 13878 13879 13880 13881
f 13882 13883 13884 13885
f 13878 13879 13883 13882
f 13880 13881 13885 13884
f 13879 13880 13884 13883
f 13881 13878 13882 13885
f 13886 13887 13888 13889
f 13890 13891 13892 13893
f 13886 13887 13891 13890
f 13888 13889 13893 13892
f 13887 13888 13892 13891
f 13889 13886 13890 13893
f 13894 13895 13896 13897
f 13898 13899 13900 13901
f 13894 13895 13899 13898
f 13896 13897 13901 13900
f 13895 13896 13900 13899
f 13897 13894 13898 13901
f 13902 13903 13904 13905
f 13906 13907 13908 13909
f 13902 13903 13907 13906
f 13904 13905 13909 13908
f 13903 13904 13908 13907
f 13905 13902 13906 13909
f 13910 13911 13912 13913
f 13914 13915 13916 13917
f 13910 13911 13915 13914
f 13912 13913 13917 13916
f 13911 13912 13916 13915
f 13913 13910 13914 13917
f 13918 13919 13920 13921
f 13922 13923 13924 13925
f 13918 13919 13923 13922
f 13920 13921 13925 13924
f 13919 13920 13924 13923
f 13921 13918 13922 13925
f 13926 13927 13928 13929
f 13930 13931 13932 13933
f 13926 13927 13931 13930
f 13928 13929 13933 13932
f 13927 13928 13932 13931
f 13929 13926 13930 13933
f 13934 13935 13936 13937
f 13938 13939 13940 13941
f 13934 13935 13939 13938
f 13936 13937 13941 13940
f 13935 13936 13940 13939
f 13937 13934 13938 13941
f 13942 13943 13944 13945
f 13946 13947 13948 13949
f 13942 13943 13947 13946
f 13944 13945 13949 13948
f 13943 13944 13948 13947
f 13945 13942 13946 13949
f 13950 13951 13952 13953
f 13954 13955 13956 13957
f 13950 13951 13955 13954
f 13952 13953 13957 13956
f 13951 13952 13956 13955
f 13953 13950 13954 13957
f 13958 13959 13960 13961
f 13962 13963 13964 13965
f 13958 13959 13963 13962
f 13960 13961 13965 13964
f 13959 13960 13964 13963
f 13961 13958 13962 13965
f 13966 13967 13968 13969
f 13970 13971 13972 13973
f 13966 13967 13971 13970
f 13968 13969 13973 13972
f 13967 13968 13972 13971
f 13969 13966 13970 13973
f 13974 13975 13976 13977
f 13978 13979 13980 13981
f 13974 13975 13979 13978
f 13976 13977 13981 13980
f 13975 13976 13980 13979
f 13977 13974 13978 13981
usemtl pier_1_rail_post
f 13982 13983 13984 13985
f 13986 13987 13988 13989
f 13982 13983 13987 13986
f 13984 13985 13989 13988
f 13983 13984 13988 13987
f 13985 13982 13986 13989
f 13990 13991 13992 13993
f 13994 13995 13996 13997
f 13990 13991 13995 13994
f 13992 13993 13997 13996
f 13991 13992 13996 13995
f 13993 13990 13994 13997
f 13998 13999 14000 14001
f 14002 14003 14004 14005
f 13998 13999 14003 14002
f 14000 14001 14005 14004
f 13999 14000 14004 14003
f 14001 13998 14002 14005
f 14006 14007 14008 14009
f 14010 14011 14012 14013
f 14006 14007 14011 14010
f 14008 14009 14013 14012
f 14007 14008 14012 14011
f 14009 14006 14010 14013
f 14014 14015 14016 14017
f 14018 14019 14020 14021
f 14014 14015 14019 14018
f 14016 14017 14021 14020
f 14015 14016 14020 14019
f 14017 14014 14018 14021
f 14022 14023 14024 14025
f 14026 14027 14028 14029
f 14022 14023 14027 14026
f 14024 14025 14029 14028
f 14023 14024 14028 14027
f 14025 14022 14026 14029
f 14030 14031 14032 14033
f 14034 14035 14036 14037
f 14030 14031 14035 14034
f 14032 14033 14037 14036
f 14031 14032 14036 14035
f 14033 14030 14034 14037
f 14038 14039 14040 14041
f 14042 14043 14044 14045
f 14038 14039 14043 14042
f 14040 14041 14045 14044
f 14039 14040 14044 14043
f 14041 14038 14042 14045
f 14046 14047 14048 14049
f 14050 14051 14052 14053
f 14046 14047 14051 14050
f 14048 14049 14053 14052
f 14047 14048 14052 14051
f 14049 14046 14050 14053
f 14054 14055 14056 14057
f 14058 14059 14060 14061
f 14054 14055 14059 14058
f 14056 14057 14061 14060
f 14055 14056 14060 14059
f 14057 14054 14058 14061
usemtl pier_1_rail_top
f 14062 14063 14064 14065
f 14066 14067 14068 14069
f 14062 14063 14067 14066
f 14064 14065 14069 14068
f 14063 14064 14068 14067
f 14065 14062 14066 14069
f 14070 14071 14072 14073
f 14074 14075 14076 14077
f 14070 14071 14075 14074
f 14072 14073 14077 14076
f 14071 14072 14076 14075
f 14073 14070 14074 14077
usemtl pier_1_bollard
f 14078 14079 14080 14081
f 14082 14083 14084 14085
f 14078 14079 14083 14082
f 14080 14081 14085 14084
f 14079 14080 14084 14083
f 14081 14078 14082 14085
f 14086 14087 14088 14089
f 14090 14091 14092 14093
f 14086 14087 14091 14090
f 14088 14089 14093 14092
f 14087 14088 14092 14091
f 14089 14086 14090 14093
o pier_2
v 5.0000 0.6000 -45.9800
v 5.0000 0.6000 -45.6200
v 7.0000 0.6000 -45.6200
v 7.0000 0.6000 -45.9800
v 5.0000 0.7000 -45.9800
v 5.0000 0.7000 -45.6200
v 7.0000 0.7000 -45.6200
v 7.0000 0.7000 -45.9800
v 5.0000 0.6000 -45.5800
v 5.0000 0.6000 -45.2200
v 7.0000 0.6000 -45.2200
v 7.0000 0.6000 -45.5800
v 5.0000 0.7000 -45.5800
v 5.0000 0.7000 -45.2200
v 7.0000 0.7000 -45.2200
v 7.0000 0.7000 -45.5800
v 5.0000 0.6000 -45.1800
v 5.0000 0.6000 -44.8200
v 7.0000 0.6000 -44.8200
v 7.0000 0.6000 -45.1800
v 5.0000 0.7000 -45.1800
v 5.0000 0.7000 -44.8200
v 7.0000 0.7000 -44.8200
v 7.0000 0.7000 -45.1800
v 5.0000 0.6000 -44.7800
v 5.0000 0.6000 -44.4200
v 7.0000 0.6000 -44.4200
v 7.0000 0.6000 -44.7800
v 5.0000 0.7000 -44.7800
v 5.0000 0.7000 -44.4200
v 7.0000 0.7000 -44.4200
v 7.0000 0.7000 -44.7800
v 5.0000 0.6000 -44.3800
v 5.0000 0.6000 -44.0200
v 7.0000 0.6000 -44.0200
v 7.0000 0.6000 -44.3800
v 5.0000 0.7000 -44.3800
v 5.0000 0.7000 -44.0200
v 7.0000 0.7000 -44.0200
v 7.0000 0.7000 -44.3800
v 5.0000 0.6000 -43.9800
v 5.0000 0.6000 -43.6200
v 7.0000 0.6000 -43.6200
v 7.0000 0.6000 -43.9800
v 5.0000 0.7000 -43.9800
v 5.0000 0.7000 -43.6200
v 7.0000 0.7000 -43.6200
v 7.0000 0.7000 -43.9800
v 5.0000 0.6000 -43.5800
v 5.0000 0.6000 -43.2200
v 7.0000 0.6000 -43.2200
v 7.0000 0.6000 -43.5800
v 5.0000 0.7000 -43.5800
v 5.0000 0.7000 -43.2200
v 7.0000 0.7000 -43.2200
v 7.0000 0.7000 -43.5800
v 5.0000 0.6000 -43.1800
v 5.0000 0.6000 -42.8200
v 7.0000 0.6000 -42.8200
v 7.0000 0.6000 -43.1800
v 5.0000 0.7000 -43.1800
v 5.0000 0.7000 -42.8200
v 7.0000 0.7000 -42.8200
v 7.0000 0.7000 -43.1800
v 5.0000 0.6000 -42.7800
v 5.0000 0.6000 -42.4200
v 7.0000 0.6000 -42.4200
v 7.0000 0.6000 -42.7800
v 5.0000 0.7000 -42.7800
v 5.0000 0.7000 -42.4200
v 7.0000 0.7000 -42.4200
v 7.0000 0.7000 -42.7800
v 5.0000 0.6000 -42.3800
v 5.0000 0.6000 -42.0200
v 7.0000 0.6000 -42.0200
v 7.0000 0.6000 -42.3800
v 5.0000 0.7000 -42.3800
v 5.0000 0.7000 -42.0200
v 7.0000 0.7000 -42.0200
v 7.0000 0.7000 -42.3800
v 5.0000 0.6000 -41.9800
v 5.0000 0.6000 -41.6200
v 7.0000 0.6000 -41.6200
v 7.0000 0.6000 -41.9800
v 5.0000 0.7000 -41.9800
v 5.0000 0.7000 -41.6200
v 7.0000 0.7000 -41.6200
v 7.0000 0.7000 -41.9800
v 5.0000 0.6000 -41.5800
v 5.0000 0.6000 -41.2200
v 7.0000 0.6000 -41.2200
v 7.0000 0.6000 -41.5800
v 5.0000 0.7000 -41.5800
v 5.0000 0.7000 -41.2200
v 7.0000 0.7000 -41.2200
v 7.0000 0.7000 -41.5800
v 5.0000 0.6000 -41.1800
v 5.0000 0.6000 -40.8200
v 7.0000 0.6000 -40.8200
v 7.0000 0.6000 -41.1800
v 5.0000 0.7000 -41.1800
v 5.0000 0.7000 -40.8200
v 7.0000 0.7000 -40.8200
v 7.0000 0.7000 -41.1800
v 5.0000 0.6000 -40.7800
v 5.0000 0.6000 -40.4200
v 7.0000 0.6000 -40.4200
v 7.0000 0.6000 -40.7800
v 5.0000 0.7000 -40.7800
v 5.0000 0.7000 -40.4200
v 7.0000 0.7000 -40.4200
v 7.0000 0.7000 -40.7800
v 5.0000 0.6000 -40.3800
v 5.0000 0.6000 -40.0200
v 7.0000 0.6000 -40.0200
v 7.0000 0.6000 -40.3800
v 5.0000 0.7000 -40.3800
v 5.0000 0.7000 -40.0200
v 7.0000 0.7000 -40.0200
v 7.0000 0.7000 -40.3800
v 5.0000 0.6000 -39.9800
v 5.0000 0.6000 -39.6200
v 7.0000 0.6000 -39.6200
v 7.0000 0.6000 -39.9800
v 5.0000 0.7000 -39.9800
v 5.0000 0.7000 -39.6200
v 7.0000 0.7000 -39.6200
v 7.0000 0.7000 -39.9800
v 5.0000 0.6000 -39.5800
v 5.0000 0.6000 -39.2200
v 7.0000 0.6000 -39.2200
v 7.0000 0.6000 -39.5800
v 5.0000 0.7000 -39.5800
v 5.0000 0.7000 -39.2200
v 7.0000 0.7000 -39.2200
v 7.0000 0.7000 -39.5800
v 5.0000 0.6000 -39.1800
v 5.0000 0.6000 -38.8200
v 7.0000 0.6000 -38.8200
v 7.0000 0.6000 -39.1800
v 5.0000 0.7000 -39.1800
v 5.0000 0.7000 -38.8200
v 7.0000 0.7000 -38.8200
v 7.0000 0.7000 -39.1800
v 5.0000 0.6000 -38.7800
v 5.0000 0.6000 -38.4200
v 7.0000 0.6000 -38.4200
v 7.0000 0.6000 -38.7800
v 5.0000 0.7000 -38.7800
v 5.0000 0.7000 -38.4200
v 7.0000 0.7000 -38.4200
v 7.0000 0.7000 -38.7800
v 5.0000 0.6000 -38.3800
v 5.0000 0.6000 -38.0200
v 7.0000 0.6000 -38.0200
v 7.0000 0.6000 -38.3800
v 5.0000 0.7000 -38.3800
v 5.0000 0.7000 -38.0200
v 7.0000 0.7000 -38.0200
v 7.0000 0.7000 -38.3800
v 5.0000 0.6000 -37.9800
v 5.0000 0.6000 -37.6200
v 7.0000 0.6000 -37.6200
v 7.0000 0.6000 -37.9800
v 5.0000 0.7000 -37.9800
v 5.0000 0.7000 -37.6200
v 7.0000 0.7000 -37.6200
v 7.0000 0.7000 -37.9800
v 5.0000 0.6000 -37.5800
v 5.0000 0.6000 -37.2200
v 7.0000 0.6000 -37.2200
v 7.0000 0.6000 -37.5800
v 5.0000 0.7000 -37.5800
v 5.0000 0.7000 -37.2200
v 7.0000 0.7000 -37.2200
v 7.0000 0.7000 -37.5800
v 5.0000 0.6000 -37.1800
v 5.0000 0.6000 -36.8200
v 7.0000 0.6000 -36.8200
v 7.0000 0.6000 -37.1800
v 5.0000 0.7000 -37.1800
v 5.0000 0.7000 -36.8200
v 7.0000 0.7000 -36.8200
v 7.0000 0.7000 -37.1800
v 5.0000 0.6000 -36.7800
v 5.0000 0.6000 -36.4200
v 7.0000 0.6000 -36.4200
v 7.0000 0.6000 -36.7800
v 5.0000 0.7000 -36.7800
v 5.0000 0.7000 -36.4200
v 7.0000 0.7000 -36.4200
v 7.0000 0.7000 -36.7800
v 5.0000 0.6000 -36.3800
v 5.0000 0.6000 -36.0200
v 7.0000 0.6000 -36.0200
v 7.0000 0.6000 -36.3800
v 5.0000 0.7000 -36.3800
v 5.0000 0.7000 -36.0200
v 7.0000 0.7000 -36.0200
v 7.0000 0.7000 -36.3800
v 5.0000 0.6000 -35.9800
v 5.0000 0.6000 -35.6200
v 7.0000 0.6000 -35.6200
v 7.0000 0.6000 -35.9800
v 5.0000 0.7000 -35.9800
v 5.0000 0.7000 -35.6200
v 7.0000 0.7000 -35.6200
v 7.0000 0.7000 -35.9800
v 5.0000 0.6000 -35.5800
v 5.0000 0.6000 -35.2200
v 7.0000 0.6000 -35.2200
v 7.0000 0.6000 -35.5800
v 5.0000 0.7000 -35.5800
v 5.0000 0.7000 -35.2200
v 7.0000 0.7000 -35.2200
v 7.0000 0.7000 -35.5800
v 5.0000 0.6000 -35.1800
v 5.0000 0.6000 -34.8200
v 7.0000 0.6000 -34.8200
v 7.0000 0.6000 -35.1800
v 5.0000 0.7000 -35.1800
v 5.0000 0.7000 -34.8200
v 7.0000 0.7000 -34.8200
v 7.0000 0.7000 -35.1800
v 5.0000 0.6000 -34.7800
v 5.0000 0.6000 -34.4200
v 7.0000 0.6000 -34.4200
v 7.0000 0.6000 -34.7800
v 5.0000 0.7000 -34.7800
v 5.0000 0.7000 -34.4200
v 7.0000 0.7000 -34.4200
v 7.0000 0.7000 -34.7800
v 5.0000 0.6000 -34.3800
v 5.0000 0.6000 -34.0200
v 7.0000 0.6000 -34.0200
v 7.0000 0.6000 -34.3800
v 5.0000 0.7000 -34.3800
v 5.0000 0.7000 -34.0200
v 7.0000 0.7000 -34.0200
v 7.0000 0.7000 -34.3800
v 5.0000 0.6000 -33.9800
v 5.0000 0.6000 -33.6200
v 7.0000 0.6000 -33.6200
v 7.0000 0.6000 -33.9800
v 5.0000 0.7000 -33.9800
v 5.0000 0.7000 -33.6200
v 7.0000 0.7000 -33.6200
v 7.0000 0.7000 -33.9800
v 5.0000 0.6000 -33.5800
v 5.0000 0.6000 -33.2200
v 7.0000 0.6000 -33.2200
v 7.0000 0.6000 -33.5800
v 5.0000 0.7000 -33.5800
v 5.0000 0.7000 -33.2200
v 7.0000 0.7000 -33.2200
v 7.0000 0.7000 -33.5800
v 5.0000 0.6000 -33.1800
v 5.0000 0.6000 -32.8200
v 7.0000 0.6000 -32.8200
v 7.0000 0.6000 -33.1800
v 5.0000 0.7000 -33.1800
v 5.0000 0.7000 -32.8200
v 7.0000 0.7000 -32.8200
v 7.0000 0.7000 -33.1800
v 5.0000 0.6000 -32.7800
v 5.0000 0.6000 -32.4200
v 7.0000 0.6000 -32.4200
v 7.0000 0.6000 -32.7800
v 5.0000 0.7000 -32.7800
v 5.0000 0.7000 -32.4200
v 7.0000 0.7000 -32.4200
v 7.0000 0.7000 -32.7800
v 5.0000 0.6000 -32.3800
v 5.0000 0.6000 -32.0200
v 7.0000 0.6000 -32.0200
v 7.0000 0.6000 -32.3800
v 5.0000 0.7000 -32.3800
v 5.0000 0.7000 -32.0200
v 7.0000 0.7000 -32.0200
v 7.0000 0.7000 -32.3800
v 5.0300 -1.0000 -45.6200
v 5.0300 -1.0000 -45.3800
v 5.2700 -1.0000 -45.3800
v 5.2700 -1.0000 -45.6200
v 5.0300 0.6000 -45.6200
v 5.0300 0.6000 -45.3800
v 5.2700 0.6000 -45.3800
v 5.2700 0.6000 -45.6200
v 6.7300 -1.0000 -45.6200
v 6.7300 -1.0000 -45.3800
v 6.9700 -1.0000 -45.3800
v 6.9700 -1.0000 -45.6200
v 6.7300 0.6000 -45.6200
v 6.7300 0.6000 -45.3800
v 6.9700 0.6000 -45.3800
v 6.9700 0.6000 -45.6200
v 5.0300 -1.0000 -43.9950
v 5.0300 -1.0000 -43.7550
v 5.2700 -1.0000 -43.7550
v 5.2700 -1.0000 -43.9950
v 5.0300 0.6000 -43.9950
v 5.0300 0.6000 -43.7550
v 5.2700 0.6000 -43.7550
v 5.2700 0.6000 -43.9950
v 6.7300 -1.0000 -43.9950
v 6.7300 -1.0000 -43.7550
v 6.9700 -1.0000 -43.7550
v 6.9700 -1.0000 -43.9950
v 6.7300 0.6000 -43.9950
v 6.7300 0.6000 -43.7550
v 6.9700 0.6000 -43.7550
v 6.9700 0.6000 -43.9950
v 5.0300 -1.0000 -42.3700
v 5.0300 -1.0000 -42.1300
v 5.2700 -1.0000 -42.1300
v 5.2700 -1.0000 -42.3700
v 5.0300 0.6000 -42.3700
v 5.0300 0.6000 -42.1300
v 5.2700 0.6000 -42.1300
v 5.2700 0.6000 -42.3700
v 6.7300 -1.0000 -42.3700
v 6.7300 -1.0000 -42.1300
v 6.9700 -1.0000 -42.1300
v 6.9700 -1.0000 -42.3700
v 6.7300 0.6000 -42.3700
v 6.7300 0.6000 -42.1300
v 6.9700 0.6000 -42.1300
v 6.9700 0.6000 -42.3700
v 5.0300 -1.0000 -40.7450
v 5.0300 -1.0000 -40.5050
v 5.2700 -1.0000 -40.5050
v 5.2700 -1.0000 -40.7450
v 5.0300 0.6000 -40.7450
v 5.0300 0.6000 -40.5050
v 5.2700 0.6000 -40.5050
v 5.2700 0.6000 -40.7450
v 6.7300 -1.0000 -40.7450
v 6.7300 -1.0000 -40.5050
v 6.9700 -1.0000 -40.5050
v 6.9700 -1.0000 -40.7450
v 6.7300 0.6000 -40.7450
v 6.7300 0.6000 -40.5050
v 6.9700 0.6000 -40.5050
v 6.9700 0.6000 -40.7450
v 5.0300 -1.0000 -39.1200
v 5.0300 -1.0000 -38.8800
v 5.2700 -1.0000 -38.8800
v 5.2700 -1.0000 -39.1200
v 5.0300 0.6000 -39.1200
v 5.0300 0.6000 -38.8800
v 5.2700 0.6000 -38.8800
v 5.2700 0.6000 -39.1200
v 6.7300 -1.0000 -39.1200
v 6.7300 -1.0000 -38.8800
v 6.9700 -1.0000 -38.8800
v 6.9700 -1.0000 -39.1200
v 6.7300 0.6000 -39.1200
v 6.7300 0.6000 -38.8800
v 6.9700 0.6000 -38.8800
v 6.9700 0.6000 -39.1200
v 5.0300 -1.0000 -37.4950
v 5.0300 -1.0000 -37.2550
v 5.2700 -1.0000 -37.2550
v 5.2700 -1.0000 -37.4950
v 5.0300 0.6000 -37.4950
v 5.0300 0.6000 -37.2550
v 5.2700 0.6000 -37.2550
v 5.2700 0.6000 -37.4950
v 6.7300 -1.0000 -37.4950
v 6.7300 -1.0000 -37.2550
v 6.9700 -1.0000 -37.2550
v 6.9700 -1.0000 -37.4950
v 6.7300 0.6000 -37.4950
v 6.7300 0.6000 -37.2550
v 6.9700 0.6000 -37.2550
v 6.9700 0.6000 -37.4950
v 5.0300 -1.0000 -35.8700
v 5.0300 -1.0000 -35.6300
v 5.2700 -1.0000 -35.6300
v 5.2700 -1.0000 -35.8700
v 5.0300 0.6000 -35.8700
v 5.0300 0.6000 -35.6300
v 5.2700 0.6000 -35.6300
v 5.2700 0.6000 -35.8700
v 6.7300 -1.0000 -35.8700
v 6.7300 -1.0000 -35.6300
v 6.9700 -1.0000 -35.6300
v 6.9700 -1.0000 -35.8700
v 6.7300 0.6000 -35.8700
v 6.7300 0.6000 -35.6300
v 6.9700 0.6000 -35.6300
v 6.9700 0.6000 -35.8700
v 5.0300 -1.0000 -34.2450
v 5.0300 -1.0000 -34.0050
v 5.2700 -1.0000 -34.0050
v 5.2700 -1.0000 -34.2450
v 5.0300 0.6000 -34.2450
v 5.0300 0.6000 -34.0050
v 5.2700 0.6000 -34.0050
v 5.2700 0.6000 -34.2450
v 6.7300 -1.0000 -34.2450
v 6.7300 -1.0000 -34.0050
v 6.9700 -1.0000 -34.0050
v 6.9700 -1.0000 -34.2450
v 6.7300 0.6000 -34.2450
v 6.7300 0.6000 -34.0050
v 6.9700 0.6000 -34.0050
v 6.9700 0.6000 -34.2450
v 5.0300 -1.0000 -32.6200
v 5.0300 -1.0000 -32.3800
v 5.2700 -1.0000 -32.3800
v 5.2700 -1.0000 -32.6200
v 5.0300 0.6000 -32.6200
v 5.0300 0.6000 -32.3800
v 5.2700 0.6000 -32.3800
v 5.2700 0.6000 -32.6200
v 6.7300 -1.0000 -32.6200
v 6.7300 -1.0000 -32.3800
v 6.9700 -1.0000 -32.3800
v 6.9700 -1.0000 -32.6200
v 6.7300 0.6000 -32.6200
v 6.7300 0.6000 -32.3800
v 6.9700 0.6000 -32.3800
v 6.9700 0.6000 -32.6200
v 4.9400 0.7000 -45.2600
v 4.9400 0.7000 -45.1400
v 5.0600 0.7000 -45.1400
v 5.0600 0.7000 -45.2600
v 4.9400 1.6000 -45.2600
v 4.9400 1.6000 -45.1400
v 5.0600 1.6000 -45.1400
v 5.0600 1.6000 -45.2600
v 6.9400 0.7000 -45.2600
v 6.9400 0.7000 -45.1400
v 7.0600 0.7000 -45.1400
v 7.0600 0.7000 -45.2600
v 6.9400 1.6000 -45.2600
v 6.9400 1.6000 -45.1400
v 7.0600 1.6000 -45.1400
v 7.0600 1.6000 -45.2600
v 4.9400 0.7000 -42.1600
v 4.9400 0.7000 -42.0400
v 5.0600 0.7000 -42.0400
v 5.0600 0.7000 -42.1600
v 4.9400 1.6000 -42.1600
v 4.9400 1.6000 -42.0400
v 5.0600 1.6000 -42.0400
v 5.0600 1.6000 -42.1600
v 6.9400 0.7000 -42.1600
v 6.9400 0.7000 -42.0400
v 7.0600 0.7000 -42.0400
v 7.0600 0.7000 -42.1600
v 6.9400 1.6000 -42.1600
v 6.9400 1.6000 -42.0400
v 7.0600 1.6000 -42.0400
v 7.0600 1.6000 -42.1600
v 4.9400 0.7000 -39.0600
v 4.9400 0.7000 -38.9400
v 5.0600 0.7000 -38.9400
v 5.0600 0.7000 -39.0600
v 4.9400 1.6000 -39.0600
v 4.9400 1.6000 -38.9400
v 5.0600 1.6000 -38.9400
v 5.0600 1.6000 -39.0600
v 6.9400 0.7000 -39.0600
v 6.9400 0.7000 -38.9400
v 7.0600 0.7000 -38.9400
v 7.0600 0.7000 -39.0600
v 6.9400 1.6000 -39.0600
v 6.9400 1.6000 -38.9400
v 7.0600 1.6000 -38.9400
v 7.0600 1.6000 -39.0600
v 4.9400 0.7000 -35.9600
v 4.9400 0.7000 -35.8400
v 5.0600 0.7000 -35.8400
v 5.0600 0.7000 -35.9600
v 4.9400 1.6000 -35.9600
v 4.9400 1.6000 -35.8400
v 5.0600 1.6000 -35.8400
v 5.0600 1.6000 -35.9600
v 6.9400 0.7000 -35.9600
v 6.9400 0.7000 -35.8400
v 7.0600 0.7000 -35.8400
v 7.0600 0.7000 -35.9600
v 6.9400 1.6000 -35.9600
v 6.9400 1.6000 -35.8400
v 7.0600 1.6000 -35.8400
v 7.0600 1.6000 -35.9600
v 4.9400 0.7000 -32.8600
v 4.9400 0.7000 -32.7400
v 5.0600 0.7000 -32.7400
v 5.0600 0.7000 -32.8600
v 4.9400 1.6000 -32.8600
v 4.9400 1.6000 -32.7400
v 5.0600 1.6000 -32.7400
v 5.0600 1.6000 -32.8600
v 6.9400 0.7000 -32.8600
v 6.9400 0.7000 -32.7400
v 7.0600 0.7000 -32.7400
v 7.0600 0.7000 -32.8600
v 6.9400 1.6000 -32.8600
v 6.9400 1.6000 -32.7400
v 7.0600 1.6000 -32.7400
v 7.0600 1.6000 -32.8600
v 4.9500 1.5500 -45.4000
v 4.9500 1.5500 -32.6000
v 5.0500 1.5500 -32.6000
v 5.0500 1.5500 -45.4000
v 4.9500 1.6500 -45.4000
v 4.9500 1.6500 -32.6000
v 5.0500 1.6500 -32.6000
v 5.0500 1.6500 -45.4000
v 6.9500 1.5500 -45.4000
v 6.9500 1.5500 -32.6000
v 7.0500 1.5500 -32.6000
v 7.0500 1.5500 -45.4000
v 6.9500 1.6500 -45.4000
v 6.9500 1.6500 -32.6000
v 7.0500 1.6500 -32.6000
v 7.0500 1.6500 -45.4000
v 5.1500 0.7000 -32.5000
v 5.1500 0.7000 -32.2000
v 5.4500 0.7000 -32.2000
v 5.4500 0.7000 -32.5000
v 5.1500 1.1000 -32.5000
v 5.1500 1.1000 -32.2000
v 5.4500 1.1000 -32.2000
v 5.4500 1.1000 -32.5000
v 6.5500 0.7000 -32.5000
v 6.5500 0.7000 -32.2000
v 6.8500 0.7000 -32.2000
v 6.8500 0.7000 -32.5000
v 6.5500 1.1000 -32.5000
v 6.5500 1.1000 -32.2000
v 6.8500 1.1000 -32.2000
v 6.8500 1.1000 -32.5000
usemtl pier_2_plank_0
f 14094 14095 14096 14097
f 14098 14099 14100 14101
f 14094 14095 14099 14098
f 14096 14097 14101 14100
f 14095 14096 14100 14099
f 14097 14094 14098 14101
usemtl pier_2_plank_1
f 14102 14103 14104 14105
f 14106 14107 14108 14109
f 14102 14103 14107 14106
f 14104 14105 14109 14108
f 14103 14104 14108 14107
f 14105 14102 14106 14109
usemtl pier_2_plank_0
f 14110 14111 14112 14113
f 14114 14115 14116 14117
f 14110 14111 14115 14114
f 14112 14113 14117 14116
f 14111 14112 14116 14115
f 14113 14110 14114 14117
usemtl pier_2_plank_1
f 14118 14119 14120 14121
f 14122 14123 14124 14125
f 14118 14119 14123 14122
f 14120 14121 14125 14124
f 14119 14120 14124 14123
f 14121 14118 14122 14125
usemtl pier_2_plank_0
f 14126 14127 14128 14129
f 14130 14131 14132 14133
f 14126 14127 14131 14130
f 14128 14129 14133 14132
f 14127 14128 14132 14131
f 14129 14126 14130 14133
usemtl pier_2_plank_1
f 14134 14135 14136 14137
f 14138 14139 14140 14141
f 14134 14135 14139 14138
f 14136 14137 14141 14140
f 14135 14136 14140 14139
f 14137 14134 14138 14141
usemtl pier_2_plank_0
f 14142 14143 14144 14145
f 14146 14147 14148 14149
f 14142 14143 14147 14146
f 14144 14145 14149 14148
f 14143 14144 14148 14147
f 14145 14142 14146 14149
usemtl pier_2_plank_1
f 14150 14151 14152 14153
f 14154 14155 14156 14157
f 14150 14151 14155 14154
f 14152 14153 14157 14156
f 14151 14152 14156 14155
f 14153 14150 14154 14157
usemtl pier_2_plank_0
f 14158 14159 14160 14161
f 14162 14163 14164 14165
f 14158 14159 14163 14162
f 14160 14161 14165 14164
f 14159 14160 14164 14163
f 14161 14158 14162 14165
usemtl pier_2_plank_1
f 14166 14167 14168 14169
f 14170 14171 14172 14173
f 14166 14167 14171 14170
f 14168 14169 14173 14172
f 14167 14168 14172 14171
f 14169 14166 14170 14173
usemtl pier_2_plank_0
f 14174 14175 14176 14177
f 14178 14179 14180 14181
f 14174 14175 14179 14178
f 14176 14177 14181 14180
f 14175 14176 14180 14179
f 14177 14174 14178 14181
usemtl pier_2_plank_1
f 14182 14183 14184 14185
f 14186 14187 14188 14189
f 14182 14183 14187 14186
f 14184 14185 14189 14188
f 14183 14184 14188 14187
f 14185 14182 14186 14189
usemtl pier_2_plank_0
f 14190 14191 14192 14193
f 14194 14195 14196 14197
f 14190 14191 14195 14194
f 14192 14193 14197 14196
f 14191 14192 14196 14195
f 14193 14190 14194 14197
usemtl pier_2_plank_1
f 14198 14199 14200 14201
f 14202 14203 14204 14205
f 14198 14199 14203 14202
f 14200 14201 14205 14204
f 14199 14200 14204 14203
f 14201 14198 14202 14205
usemtl pier_2_plank_0
f 14206 14207 14208 14209
f 14210 14211 14212 14213
f 14206 14207 14211 14210
f 14208 14209 14213 14212
f 14207 14208 14212 14211
f 14209 14206 14210 14213
usemtl pier_2_plank_1
f 14214 14215 14216 14217
f 14218 14219 14220 14221
f 14214 14215 14219 14218
f 14216 14217 14221 14220
f 14215 14216 14220 14219
f 14217 14214 14218 14221
usemtl pier_2_plank_0
f 14222 14223 14224 14225
f 14226 14227 14228 14229
f 14222 14223 14227 14226
f 14224 14225 14229 14228
f 14223 14224 14228 14227
f 14225 14222 14226 14229
usemtl pier_2_plank_1
f 14230 14231 14232 14233
f 14234 14235 14236 14237
f 14230 14231 14235 14234
f 14232 14233 14237 14236
f 14231 14232 14236 14235
f 14233 14230 14234 14237
usemtl pier_2_plank_0
f 14238 14239 14240 14241
f 14242 14243 14244 14245
f 14238 14239 14243 14242
f 14240 14241 14245 14244
f 14239 14240 14244 14243
f 14241 14238 14242 14245
usemtl pier_2_plank_1
f 14246 14247 14248 14249
f 14250 14251 14252 14253
f 14246 14247 14251 14250
f 14248 14249 14253 14252
f 14247 14248 14252 14251
f 14249 14246 14250 14253
usemtl pier_2_plank_0
f 14254 14255 14256 14257
f 14258 14259 14260 14261
f 14254 14255 14259 14258
f 14256 14257 14261 14260
f 14255 14256 14260 14259
f 14257 14254 14258 14261
usemtl pier_2_plank_1
f 14262 14263 14264 14265
f 14266 14267 14268 14269
f 14262 14263 14267 14266
f 14264 14265 14269 14268
f 14263 14264 14268 14267
f 14265 14262 14266 14269
usemtl pier_2_plank_0
f 14270 14271 14272 14273
f 14274 14275 14276 14277
f 14270 14271 14275 14274
f 14272 14273 14277 14276
f 14271 14272 14276 14275
f 14273 14270 14274 14277
usemtl pier_2_plank_1
f 14278 14279 14280 14281
f 14282 14283 14284 14285
f 14278 14279 14283 14282
f 14280 14281 14285 14284
f 14279 14280 14284 14283
f 14281 14278 14282 14285
usemtl pier_2_plank_0
f 14286 14287 14288 14289
f 14290 14291 14292 14293
f 14286 14287 14291 14290
f 14288 14289 14293 14292
f 14287 14288 14292 14291
f 14289 14286 14290 14293
usemtl pier_2_plank_1
f 14294 14295 14296 14297
f 14298 14299 14300 14301
f 14294 14295 14299 14298
f 14296 14297 14301 14300
f 14295 14296 14300 14299
f 14297 14294 14298 14301
usemtl pier_2_plank_0
f 14302 14303 14304 14305
f 14306 14307 14308 14309
f 14302 14303 14307 14306
f 14304 14305 14309 14308
f 14303 14304 14308 14307
f 14305 14302 14306 14309
usemtl pier_2_plank_1
f 14310 14311 14312 14313
f 14314 14315 14316 14317
f 14310 14311 14315 14314
f 14312 14313 14317 14316
f 14311 14312 14316 14315
f 14313 14310 14314 14317
usemtl pier_2_plank_0
f 14318 14319 14320 14321
f 14322 14323 14324 14325
f 14318 14319 14323 14322
f 14320 14321 14325 14324
f 14319 14320 14324 14323
f 14321 14318 14322 14325
usemtl pier_2_plank_1
f 14326 14327 14328 14329
f 14330 14331 14332 14333
f 14326 14327 14331 14330
f 14328 14329 14333 14332
f 14327 14328 14332 14331
f 14329 14326 14330 14333
usemtl pier_2_plank_0
f 14334 14335 14336 14337
f 14338 14339 14340 14341
f 14334 14335 14339 14338
f 14336 14337 14341 14340
f 14335 14336 14340 14339
f 14337 14334 14338 14341
usemtl pier_2_plank_1
f 14342 14343 14344 14345
f 14346 14347 14348 14349
f 14342 14343 14347 14346
f 14344 14345 14349 14348
f 14343 14344 14348 14347
f 14345 14342 14346 14349
usemtl pier_2_plank_0
f 14350 14351 14352 14353
f 14354 14355 14356 14357
f 14350 14351 14355 14354
f 14352 14353 14357 14356
f 14351 14352 14356 14355
f 14353 14350 14354 14357
usemtl pier_2_plank_1
f 14358 14359 14360 14361
f 14362 14363 14364 14365
f 14358 14359 14363 14362
f 14360 14361 14365 14364
f 14359 14360 14364 14363
f 14361 14358 14362 14365
usemtl pier_2_plank_0
f 14366 14367 14368 14369
f 14370 14371 14372 14373
f 14366 14367 14371 14370
f 14368 14369 14373 14372
f 14367 14368 14372 14371
f 14369 14366 14370 14373
usemtl pier_2_pile
f 14374 14375 14376 14377
f 14378 14379 14380 14381
f 14374 14375 14379 14378
f 14376 14377 14381 14380
f 14375 14376 14380 14379
f 14377 14374 14378 14381
f 14382 14383 14384 14385
f 14386 14387 14388 14389
f 14382 14383 14387 14386
f 14384 14385 14389 14388
f 14383 14384 14388 14387
f 14385 14382 14386 14389
f 14390 14391 14392 14393
f 14394 14395 14396 14397
f 14390 14391 14395 14394
f 14392 14393 14397 14396
f 14391 14392 14396 14395
f 14393 14390 14394 14397
f 14398 14399 14400 14401
f 14402 14403 14404 14405
f 14398 14399 14403 14402
f 14400 14401 14405 14404
f 14399 14400 14404 14403
f 14401 14398 14402 14405
f 14406 14407 14408 14409
f 14410 14411 14412 14413
f 14406 14407 14411 14410
f 14408 14409 14413 14412
f 14407 14408 14412 14411
f 14409 14406 14410 14413
f 14414 14415 14416 14417
f 14418 14419 14420 14421
f 14414 14415 14419 14418
f 14416 14417 14421 14420
f 14415 14416 14420 14419
f 14417 14414 14418 14421
f 14422 14423 14424 14425
f 14426 14427 14428 14429
f 14422 14423 14427 14426
f 14424 14425 14429 14428
f 14423 14424 14428 14427
f 14425 14422 14426 14429
f 14430 14431 14432 14433
f 14434 14435 14436 14437
f 14430 14431 14435 14434
f 14432 14433 14437 14436
f 14431 14432 14436 14435
f 14433 14430 14434 14437
f 14438 14439 14440 14441
f 14442 14443 14444 14445
f 14438 14439 14443 14442
f 14440 14441 14445 14444
f 14439 14440 14444 14443
f 14441 14438 14442 14445
f 14446 14447 14448 14449
f 14450 14451 14452 14453
f 14446 14447 14451 14450
f 14448 14449 14453 14452
f 14447 14448 14452 14451
f 14449 14446 14450 14453
f 14454 14455 14456 14457
f 14458 14459 14460 14461
f 14454 14455 14459 14458
f 14456 14457 14461 14460
f 14455 14456 14460 14459
f 14457 14454 14458 14461
f 14462 14463 14464 14465
f 14466 14467 14468 14469
f 14462 14463 14467 14466
f 14464 14465 14469 14468
f 14463 14464 14468 14467
f 14465 14462 14466 14469
f 14470 14471 14472 14473
f 14474 14475 14476 14477
f 14470 14471 14475 14474
f 14472 14473 14477 14476
f 14471 14472 14476 14475
f 14473 14470 14474 14477
f 14478 14479 14480 14481
f 14482 14483 14484 14485
f 14478 14479 14483 14482
f 14480 14481 14485 14484
f 14479 14480 14484 14483
f 14481 14478 14482 14485
f 14486 14487 14488 14489
f 14490 14491 14492 14493
f 14486 14487 14491 14490
f 14488 14489 14493 14492
f 14487 14488 14492 14491
f 14489 14486 14490 14493
f 14494 14495 14496 14497
f 14498 14499 14500 14501
f 14494 14495 14499 14498
f 14496 14497 14501 14500
f 14495 14496 14500 14499
f 14497 14494 14498 14501
f 14502 14503 14504 14505
f 14506 14507 14508 14509
f 14502 14503 14507 14506
f 14504 14505 14509 14508
f 14503 14504 14508 14507
f 14505 14502 14506 14509
f 14510 14511 14512 14513
f 14514 14515 14516 14517
f 14510 14511 14515 14514
f 14512 14513 14517 14516
f 14511 14512 14516 14515
f 14513 14510 14514 14517
usemtl pier_2_rail_post
f 14518 14519 14520 14521
f 14522 14523 14524 14525
f 14518 14519 14523 14522
f 14520 14521 14525 14524
f 14519 14520 14524 14523
f 14521 14518 14522 14525
f 14526 14527 14528 14529
f 14530 14531 14532 14533
f 14526 14527 14531 14530
f 14528 14529 14533 14532
f 14527 14528 14532 14531
f 14529 14526 14530 14533
f 14534 14535 14536 14537
f 14538 14539 14540 14541
f 14534 14535 14539 14538
f 14536 14537 14541 14540
f 14535 14536 14540 14539
f 14537 14534 14538 14541
f 14542 14543 14544 14545
f 14546 14547 14548 14549
f 14542 14543 14547 14546
f 14544 14545 14549 14548
f 14543 14544 14548 14547
f 14545 14542 14546 14549
f 14550 14551 14552 14553
f 14554 14555 14556 14557
f 14550 14551 14555 14554
f 14552 14553 14557 14556
f 14551 14552 14556 14555
f 14553 14550 14554 14557
f 14558 14559 14560 14561
f 14562 14563 14564 14565
f 14558 14559 14563 14562
f 14560 14561 14565 14564
f 14559 14560 14564 14563
f 14561 14558 14562 14565
f 14566 14567 14568 14569
f 14570 14571 14572 14573
f 14566 14567 14571 14570
f 14568 14569 14573 14572
f 14567 14568 14572 14571
f 14569 14566 14570 14573
f 14574 14575 14576 14577
f 14578 14579 14580 14581
f 14574 14575 14579 14578
f 14576 14577 14581 14580
f 14575 14576 14580 14579
f 14577 14574 14578 14581
f 14582 14583 14584 14585
f 14586 14587 14588 14589
f 14582 14583 14587 14586
f 14584 14585 14589 14588
f 14583 14584 14588 14587
f 14585 14582 14586 14589
f 14590 14591 14592 14593
f 14594 14595 14596 14597
f 14590 14591 14595 14594
f 14592 14593 14597 14596
f 14591 14592 14596 14595
f 14593 14590 14594 14597
usemtl pier_2_rail_top
f 14598 14599 14600 14601
f 14602 14603 14604 14605
f 14598 14599 14603 14602
f 14600 14601 14605 14604
f 14599 14600 14604 14603
f 14601 14598 14602 14605
f 14606 14607 14608 14609
f 14610 14611 14612 14613
f 14606 14607 14611 14610
f 14608 14609 14613 14612
f 14607 14608 14612 14611
f 14609 14606 14610 14613
usemtl pier_2_bollard
f 14614 14615 14616 14617
f 14618 14619 14620 14621
f 14614 14615 14619 14618
f 14616 14617 14621 14620
f 14615 14616 14620 14619
f 14617 14614 14618 14621
f 14622 14623 14624 14625
f 14626 14627 14628 14629
f 14622 14623 14627 14626
f 14624 14625 14629 14628
f 14623 14624 14628 14627
f 14625 14622 14626 14629
o barrel_1
v -5.6850 0.6500 -42.0000
v -5.7773 0.6500 -41.7773
v -6.0000 0.6500 -41.6850
v -6.2227 0.6500 -41.7773
v -6.3150 0.6500 -42.0000
v -6.2227 0.6500 -42.2227
v -6.0000 0.6500 -42.3150
v -5.7773 0.6500 -42.2227
v -5.6500 0.9000 -42.0000
v -5.7525 0.9000 -41.7525
v -6.0000 0.9000 -41.6500
v -6.2475 0.9000 -41.7525
v -6.3500 0.9000 -42.0000
v -6.2475 0.9000 -42.2475
v -6.0000 0.9000 -42.3500
v -5.7525 0.9000 -42.2475
v -5.6500 1.4000 -42.0000
v -5.7525 1.4000 -41.7525
v -6.0000 1.4000 -41.6500
v -6.2475 1.4000 -41.7525
v -6.3500 1.4000 -42.0000
v -6.2475 1.4000 -42.2475
v -6.0000 1.4000 -42.3500
v -5.7525 1.4000 -42.2475
v -5.6850 1.6500 -42.0000
v -5.7773 1.6500 -41.7773
v -6.0000 1.6500 -41.6850
v -6.2227 1.6500 -41.7773
v -6.3150 1.6500 -42.0000
v -6.2227 1.6500 -42.2227
v -6.0000 1.6500 -42.3150
v -5.7773 1.6500 -42.2227
v -5.6300 0.8700 -42.0000
v -5.7384 0.8700 -41.7384
v -6.0000 0.8700 -41.6300
v -6.2616 0.8700 -41.7384
v -6.3700 0.8700 -42.0000
v -6.2616 0.8700 -42.2616
v -6.0000 0.8700 -42.3700
v -5.7384 0.8700 -42.2616
v -5.6300 0.9300 -42.0000
v -5.7384 0.9300 -41.7384
v -6.0000 0.9300 -41.6300
v -6.2616 0.9300 -41.7384
v -6.3700 0.9300 -42.0000
v -6.2616 0.9300 -42.2616
v -6.0000 0.9300 -42.3700
v -5.7384 0.9300 -42.2616
v -5.6300 1.3700 -42.0000
v -5.7384 1.3700 -41.7384
v -6.0000 1.3700 -41.6300
v -6.2616 1.3700 -41.7384
v -6.3700 1.3700 -42.0000
v -6.2616 1.3700 -42.2616
v -6.0000 1.3700 -42.3700
v -5.7384 1.3700 -42.2616
v -5.6300 1.4300 -42.0000
v -5.7384 1.4300 -41.7384
v -6.0000 1.4300 -41.6300
v -6.2616 1.4300 -41.7384
v -6.3700 1.4300 -42.0000
v -6.2616 1.4300 -42.2616
v -6.0000 1.4300 -42.3700
v -5.7384 1.4300 -42.2616
usemtl barrel_1_barrel_wood
f 14630 14631 14639 14638
f 14631 14632 14640 14639
f 14632 14633 14641 14640
f 14633 14634 14642 14641
f 14634 14635 14643 14642
f 14635 14636 14644 14643
f 14636 14637 14645 14644
f 14637 14630 14638 14645
f 14638 14639 14647 14646
f 14639 14640 14648 14647
f 14640 14641 14649 14648
f 14641 14642 14650 14649
f 14642 14643 14651 14650
f 14643 14644 14652 14651
f 14644 14645 14653 14652
f 14645 14638 14646 14653
f 14646 14647 14655 14654
f 14647 14648 14656 14655
f 14648 14649 14657 14656
f 14649 14650 14658 14657
f 14650 14651 14659 14658
f 14651 14652 14660 14659
f 14652 14653 14661 14660
f 14653 14646 14654 14661
f 14630 14631 14632 14633 14634 14635 14636 14637
f 14661 14660 14659 14658 14657 14656 14655 14654
usemtl barrel_1_hoop
f 14662 14663 14671 14670
f 14663 14664 14672 14671
f 14664 14665 14673 14672
f 14665 14666 14674 14673
f 14666 14667 14675 14674
f 14667 14668 14676 14675
f 14668 14669 14677 14676
f 14669 14662 14670 14677
f 14678 14679 14687 14686
f 14679 14680 14688 14687
f 14680 14681 14689 14688
f 14681 14682 14690 14689
f 14682 14683 14691 14690
f 14683 14684 14692 14691
f 14684 14685 14693 14692
f 14685 14678 14686 14693
o barrel_2
v -4.2850 0.6500 -42.0000
v -4.3773 0.6500 -41.7773
v -4.6000 0.6500 -41.6850
v -4.8227 0.6500 -41.7773
v -4.9150 0.6500 -42.0000
v -4.8227 0.6500 -42.2227
v -4.6000 0.6500 -42.3150
v -4.3773 0.6500 -42.2227
v -4.2500 0.9000 -42.0000
v -4.3525 0.9000 -41.7525
v -4.6000 0.9000 -41.6500
v -4.8475 0.9000 -41.7525
v -4.9500 0.9000 -42.0000
v -4.8475 0.9000 -42.2475
v -4.6000 0.9000 -42.3500
v -4.3525 0.9000 -42.2475
v -4.2500 1.4000 -42.0000
v -4.3525 1.4000 -41.7525
v -4.6000 1.4000 -41.6500
v -4.8475 1.4000 -41.7525
v -4.9500 1.4000 -42.0000
v -4.8475 1.4000 -42.2475
v -4.6000 1.4000 -42.3500
v -4.3525 1.4000 -42.2475
v -4.2850 1.6500 -42.0000
v -4.3773 1.6500 -41.7773
v -4.6000 1.6500 -41.6850
v -4.8227 1.6500 -41.7773
v -4.9150 1.6500 -42.0000
v -4.8227 1.6500 -42.2227
v -4.6000 1.6500 -42.3150
v -4.3773 1.6500 -42.2227
v -4.2300 0.8700 -42.0000
v -4.3384 0.8700 -41.7384
v -4.6000 0.8700 -41.6300
v -4.8616 0.8700 -41.7384
v -4.9700 0.8700 -42.0000
v -4.8616 0.8700 -42.2616
v -4.6000 0.8700 -42.3700
v -4.3384 0.8700 -42.2616
v -4.2300 0.9300 -42.0000
v -4.3384 0.9300 -41.7384
v -4.6000 0.9300 -41.6300
v -4.8616 0.9300 -41.7384
v -4.9700 0.9300 -42.0000
v -4.8616 0.9300 -42.2616
v -4.6000 0.9300 -42.3700
v -4.3384 0.9300 -42.2616
v -4.2300 1.3700 -42.0000
v -4.3384 1.3700 -41.7384
v -4.6000 1.3700 -41.6300
v -4.8616 1.3700 -41.7384
v -4.9700 1.3700 -42.0000
v -4.8616 1.3700 -42.2616
v -4.6000 1.3700 -42.3700
v -4.3384 1.3700 -42.2616
v -4.2300 1.4300 -42.0000
v -4.3384 1.4300 -41.7384
v -4.6000 1.4300 -41.6300
v -4.8616 1.4300 -41.7384
v -4.9700 1.4300 -42.0000
v -4.8616 1.4300 -42.2616
v -4.6000 1.4300 -42.3700
v -4.3384 1.4300 -42.2616
usemtl barrel_2_barrel_wood
f 14694 14695 14703 14702
f 14695 14696 14704 14703
f 14696 14697 14705 14704
f 14697 14698 14706 14705
f 14698 14699 14707 14706
f 14699 14700 14708 14707
f 14700 14701 14709 14708
f 14701 14694 14702 14709
f 14702 14703 14711 14710
f 14703 14704 14712 14711
f 14704 14705 14713 14712
f 14705 14706 14714 14713
f 14706 14707 14715 14714
f 14707 14708 14716 14715
f 14708 14709 14717 14716
f 14709 14702 14710 14717
f 14710 14711 14719 14718
f 14711 14712 14720 14719
f 14712 14713 14721 14720
f 14713 14714 14722 14721
f 14714 14715 14723 14722
f 14715 14716 14724 14723
f 14716 14717 14725 14724
f 14717 14710 14718 14725
f 14694 14695 14696 14697 14698 14699 14700 14701
f 14725 14724 14723 14722 14721 14720 14719 14718
usemtl barrel_2_hoop
f 14726 14727 14735 14734
f 14727 14728 14736 14735
f 14728 14729 14737 14736
f 14729 14730 14738 14737
f 14730 14731 14739 14738
f 14731 14732 14740 14739
f 14732 14733 14741 14740
f 14733 14726 14734 14741
f 14742 14743 14751 14750
f 14743 14744 14752 14751
f 14744 14745 14753 14752
f 14745 14746 14754 14753
f 14746 14747 14755 14754
f 14747 14748 14756 14755
f 14748 14749 14757 14756
f 14749 14742 14750 14757
o barrel_3
v -5.6850 0.6500 -39.0000
v -5.7773 0.6500 -38.7773
v -6.0000 0.6500 -38.6850
v -6.2227 0.6500 -38.7773
v -6.3150 0.6500 -39.0000
v -6.2227 0.6500 -39.2227
v -6.0000 0.6500 -39.3150
v -5.7773 0.6500 -39.2227
v -5.6500 0.9000 -39.0000
v -5.7525 0.9000 -38.7525
v -6.0000 0.9000 -38.6500
v -6.2475 0.9000 -38.7525
v -6.3500 0.9000 -39.0000
v -6.2475 0.9000 -39.2475
v -6.0000 0.9000 -39.3500
v -5.7525 0.9000 -39.2475
v -5.6500 1.4000 -39.0000
v -5.7525 1.4000 -38.7525
v -6.0000 1.4000 -38.6500
v -6.2475 1.4000 -38.7525
v -6.3500 1.4000 -39.0000
v -6.2475 1.4000 -39.2475
v -6.0000 1.4000 -39.3500
v -5.7525 1.4000 -39.2475
v -5.6850 1.6500 -39.0000
v -5.7773 1.6500 -38.7773
v -6.0000 1.6500 -38.6850
v -6.2227 1.6500 -38.7773
v -6.3150 1.6500 -39.0000
v -6.2227 1.6500 -39.2227
v -6.0000 1.6500 -39.3150
v -5.7773 1.6500 -39.2227
v -5.6300 0.8700 -39.0000
v -5.7384 0.8700 -38.7384
v -6.0000 0.8700 -38.6300
v -6.2616 0.8700 -38.7384
v -6.3700 0.8700 -39.0000
v -6.2616 0.8700 -39.2616
v -6.0000 0.8700 -39.3700
v -5.7384 0.8700 -39.2616
v -5.6300 0.9300 -39.0000
v -5.7384 0.9300 -38.7384
v -6.0000 0.9300 -38.6300
v -6.2616 0.9300 -38.7384
v -6.3700 0.9300 -39.0000
v -6.2616 0.9300 -39.2616
v -6.0000 0.9300 -39.3700
v -5.7384 0.9300 -39.2616
v -5.6300 1.3700 -39.0000
v -5.7384 1.3700 -38.7384
v -6.0000 1.3700 -38.6300
v -6.2616 1.3700 -38.7384
v -6.3700 1.3700 -39.0000
v -6.2616 1.3700 -39.2616
v -6.0000 1.3700 -39.3700
v -5.7384 1.3700 -39.2616
v -5.6300 1.4300 -39.0000
v -5.7384 1.4300 -38.7384
v -6.0000 1.4300 -38.6300
v -6.2616 1.4300 -38.7384
v -6.3700 1.4300 -39.0000
v -6.2616 1.4300 -39.2616
v -6.0000 1.4300 -39.3700
v -5.7384 1.4300 -39.2616
usemtl barrel_3_barrel_wood
f 14758 14759 14767 14766
f 14759 14760 14768 14767
f 14760 14761 14769 14768
f 14761 14762 14770 14769
f 14762 14763 14771 14770
f 14763 14764 14772 14771
f 14764 14765 14773 14772
f 14765 14758 14766 14773
f 14766 14767 14775 14774
f 14767 14768 14776 14775
f 14768 14769 14777 14776
f 14769 14770 14778 14777
f 14770 14771 14779 14778
f 14771 14772 14780 14779
f 14772 14773 14781 14780
f 14773 14766 14774 14781
f 14774 14775 14783 14782
f 14775 14776 14784 14783
f 14776 14777 14785 14784
f 14777 14778 14786 14785
f 14778 14779 14787 14786
f 14779 14780 14788 14787
f 14780 14781 14789 14788
f 14781 14774 14782 14789
f 14758 14759 14760 14761 14762 14763 14764 14765
f 14789 14788 14787 14786 14785 14784 14783 14782
usemtl barrel_3_hoop
f 14790 14791 14799 14798
f 14791 14792 14800 14799
f 14792 14793 14801 14800
f 14793 14794 14802 14801
f 14794 14795 14803 14802
f 14795 14796 14804 14803
f 14796 14797 14805 14804
f 14797 14790 14798 14805
f 14806 14807 14815 14814
f 14807 14808 14816 14815
f 14808 14809 14817 14816
f 14809 14810 14818 14817
f 14810 14811 14819 14818
f 14811 14812 14820 14819
f 14812 14813 14821 14820
f 14813 14806 14814 14821
o barrel_4
v -4.2850 0.6500 -39.0000
v -4.3773 0.6500 -38.7773
v -4.6000 0.6500 -38.6850
v -4.8227 0.6500 -38.7773
v -4.9150 0.6500 -39.0000
v -4.8227 0.6500 -39.2227
v -4.6000 0.6500 -39.3150
v -4.3773 0.6500 -39.2227
v -4.2500 0.9000 -39.0000
v -4.3525 0.9000 -38.7525
v -4.6000 0.9000 -38.6500
v -4.8475 0.9000 -38.7525
v -4.9500 0.9000 -39.0000
v -4.8475 0.9000 -39.2475
v -4.6000 0.9000 -39.3500
v -4.3525 0.9000 -39.2475
v -4.2500 1.4000 -39.0000
v -4.3525 1.4000 -38.7525
v -4.6000 1.4000 -38.6500
v -4.8475 1.4000 -38.7525
v -4.9500 1.4000 -39.0000
v -4.8475 1.4000 -39.2475
v -4.6000 1.4000 -39.3500
v -4.3525 1.4000 -39.2475
v -4.2850 1.6500 -39.0000
v -4.3773 1.6500 -38.7773
v -4.6000 1.6500 -38.6850
v -4.8227 1.6500 -38.7773
v -4.9150 1.6500 -39.0000
v -4.8227 1.6500 -39.2227
v -4.6000 1.6500 -39.3150
v -4.3773 1.6500 -39.2227
v -4.2300 0.8700 -39.0000
v -4.3384 0.8700 -38.7384
v -4.6000 0.8700 -38.6300
v -4.8616 0.8700 -38.7384
v -4.9700 0.8700 -39.0000
v -4.8616 0.8700 -39.2616
v -4.6000 0.8700 -39.3700
v -4.3384 0.8700 -39.2616
v -4.2300 0.9300 -39.0000
v -4.3384 0.9300 -38.7384
v -4.6000 0.9300 -38.6300
v -4.8616 0.9300 -38.7384
v -4.9700 0.9300 -39.0000
v -4.8616 0.9300 -39.2616
v -4.6000 0.9300 -39.3700
v -4.3384 0.9300 -39.2616
v -4.2300 1.3700 -39.0000
v -4.3384 1.3700 -38.7384
v -4.6000 1.3700 -38.6300
v -4.8616 1.3700 -38.7384
v -4.9700 1.3700 -39.0000
v -4.8616 1.3700 -39.2616
v -4.6000 1.3700 -39.3700
v -4.3384 1.3700 -39.2616
v -4.2300 1.4300 -39.0000
v -4.3384 1.4300 -38.7384
v -4.6000 1.4300 -38.6300
v -4.8616 1.4300 -38.7384
v -4.9700 1.4300 -39.0000
v -4.8616 1.4300 -39.2616
v -4.6000 1.4300 -39.3700
v -4.3384 1.4300 -39.2616
usemtl barrel_4_barrel_wood
f 14822 14823 14831 14830
f 14823 14824 14832 14831
f 14824 14825 14833 14832
f 14825 14826 14834 14833
f 14826 14827 14835 14834
f 14827 14828 14836 14835
f 14828 14829 14837 14836
f 14829 14822 14830 14837
f 14830 14831 14839 14838
f 14831 14832 14840 14839
f 14832 14833 14841 14840
f 14833 14834 14842 14841
f 14834 14835 14843 14842
f 14835 14836 14844 14843
f 14836 14837 14845 14844
f 14837 14830 14838 14845
f 14838 14839 14847 14846
f 14839 14840 14848 14847
f 14840 14841 14849 14848
f 14841 14842 14850 14849
f 14842 14843 14851 14850
f 14843 14844 14852 14851
f 14844 14845 14853 14852
f 14845 14838 14846 14853
f 14822 14823 14824 14825 14826 14827 14828 14829
f 14853 14852 14851 14850 14849 14848 14847 14846
usemtl barrel_4_hoop
f 14854 14855 14863 14862
f 14855 14856 14864 14863
f 14856 14857 14865 14864
f 14857 14858 14866 14865
f 14858 14859 14867 14866
f 14859 14860 14868 14867
f 14860 14861 14869 14868
f 14861 14854 14862 14869
f 14870 14871 14879 14878
f 14871 14872 14880 14879
f 14872 14873 14881 14880
f 14873 14874 14882 14881
f 14874 14875 14883 14882
f 14875 14876 14884 14883
f 14876 14877 14885 14884
f 14877 14870 14878 14885
o crate_1
v 5.6000 0.6500 -42.4000
v 6.4000 0.6500 -42.4000
v 6.4000 0.6500 -41.6000
v 5.6000 0.6500 -41.6000
v 5.6000 1.4500 -42.4000
v 6.4000 1.4500 -42.4000
v 6.4000 1.4500 -41.6000
v 5.6000 1.4500 -41.6000
v 5.5700 0.6500 -42.4200
v 5.6300 0.6500 -42.4200
v 5.6300 0.6500 -42.3800
v 5.5700 0.6500 -42.3800
v 5.5700 1.4500 -42.4200
v 5.6300 1.4500 -42.4200
v 5.6300 1.4500 -42.3800
v 5.5700 1.4500 -42.3800
v 5.5700 0.6500 -41.6200
v 5.6300 0.6500 -41.6200
v 5.6300 0.6500 -41.5800
v 5.5700 0.6500 -41.5800
v 5.5700 1.4500 -41.6200
v 5.6300 1.4500 -41.6200
v 5.6300 1.4500 -41.5800
v 5.5700 1.4500 -41.5800
v 6.3700 0.6500 -42.4200
v 6.4300 0.6500 -42.4200
v 6.4300 0.6500 -42.3800
v 6.3700 0.6500 -42.3800
v 6.3700 1.4500 -42.4200
v 6.4300 1.4500 -42.4200
v 6.4300 1.4500 -42.3800
v 6.3700 1.4500 -42.3800
v 6.3700 0.6500 -41.6200
v 6.4300 0.6500 -41.6200
v 6.4300 0.6500 -41.5800
v 6.3700 0.6500 -41.5800
v 6.3700 1.4500 -41.6200
v 6.4300 1.4500 -41.6200
v 6.4300 1.4500 -41.5800
v 6.3700 1.4500 -41.5800
usemtl crate_1_crate_wood
f 14886 14887 14888 14889
f 14890 14891 14892 14893
f 14886 14887 14891 14890
f 14888 14889 14893 14892
f 14887 14888 14892 14891
f 14889 14886 14890 14893
usemtl crate_1_slat
f 14894 14895 14896 14897
f 14898 14899 14900 14901
f 14894 14895 14899 14898
f 14896 14897 14901 14900
f 14895 14896 14900 14899
f 14897 14894 14898 14901
f 14902 14903 14904 14905
f 14906 14907 14908 14909
f 14902 14903 14907 14906
f 14904 14905 14909 14908
f 14903 14904 14908 14907
f 14905 14902 14906 14909
f 14910 14911 14912 14913
f 14914 14915 14916 14917
f 14910 14911 14915 14914
f 14912 14913 14917 14916
f 14911 14912 14916 14915
f 14913 14910 14914 14917
f 14918 14919 14920 14921
f 14922 14923 14924 14925
f 14918 14919 14923 14922
f 14920 14921 14925 14924
f 14919 14920 14924 14923
f 14921 14918 14922 14925
o crate_2
v 7.0000 0.6500 -42.4000
v 7.8000 0.6500 -42.4000
v 7.8000 0.6500 -41.6000
v 7.0000 0.6500 -41.6000
v 7.0000 1.4500 -42.4000
v 7.8000 1.4500 -42.4000
v 7.8000 1.4500 -41.6000
v 7.0000 1.4500 -41.6000
v 6.9700 0.6500 -42.4200
v 7.0300 0.6500 -42.4200
v 7.0300 0.6500 -42.3800
v 6.9700 0.6500 -42.3800
v 6.9700 1.4500 -42.4200
v 7.0300 1.4500 -42.4200
v 7.0300 1.4500 -42.3800
v 6.9700 1.4500 -42.3800
v 6.9700 0.6500 -41.6200
v 7.0300 0.6500 -41.6200
v 7.0300 0.6500 -41.5800
v 6.9700 0.6500 -41.5800
v 6.9700 1.4500 -41.6200
v 7.0300 1.4500 -41.6200
v 7.0300 1.4500 -41.5800
v 6.9700 1.4500 -41.5800
v 7.7700 0.6500 -42.4200
v 7.8300 0.6500 -42.4200
v 7.8300 0.6500 -42.3800
v 7.7700 0.6500 -42.3800
v 7.7700 1.4500 -42.4200
v 7.8300 1.4500 -42.4200
v 7.8300 1.4500 -42.3800
v 7.7700 1.4500 -42.3800
v 7.7700 0.6500 -41.6200
v 7.8300 0.6500 -41.6200
v 7.8300 0.6500 -41.5800
v 7.7700 0.6500 -41.5800
v 7.7700 1.4500 -41.6200
v 7.8300 1.4500 -41.6200
v 7.8300 1.4500 -41.5800
v 7.7700 1.4500 -41.5800
usemtl crate_2_crate_wood
f 14926 14927 14928 14929
f 14930 14931 14932 14933
f 14926 14927 14931 14930
f 14928 14929 14933 14932
f 14927 14928 14932 14931
f 14929 14926 14930 14933
usemtl crate_2_slat
f 14934 14935 14936 14937
f 14938 14939 14940 14941
f 14934 14935 14939 14938
f 14936 14937 14941 14940
f 14935 14936 14940 14939
f 14937 14934 14938 14941
f 14942 14943 14944 14945
f 14946 14947 14948 14949
f 14942 14943 14947 14946
f 14944 14945 14949 14948
f 14943 14944 14948 14947
f 14945 14942 14946 14949
f 14950 14951 14952 14953
f 14954 14955 14956 14957
f 14950 14951 14955 14954
f 14952 14953 14957 14956
f 14951 14952 14956 14955
f 14953 14950 14954 14957
f 14958 14959 14960 14961
f 14962 14963 14964 14965
f 14958 14959 14963 14962
f 14960 14961 14965 14964
f 14959 14960 14964 14963
f 14961 14958 14962 14965
o crate_3
v 5.6000 0.6500 -39.4000
v 6.4000 0.6500 -39.4000
v 6.4000 0.6500 -38.6000
v 5.6000 0.6500 -38.6000
v 5.6000 1.4500 -39.4000
v 6.4000 1.4500 -39.4000
v 6.4000 1.4500 -38.6000
v 5.6000 1.4500 -38.6000
v 5.5700 0.6500 -39.4200
v 5.6300 0.6500 -39.4200
v 5.6300 0.6500 -39.3800
v 5.5700 0.6500 -39.3800
v 5.5700 1.4500 -39.4200
v 5.6300 1.4500 -39.4200
v 5.6300 1.4500 -39.3800
v 5.5700 1.4500 -39.3800
v 5.5700 0.6500 -38.6200
v 5.6300 0.6500 -38.6200
v 5.6300 0.6500 -38.5800
v 5.5700 0.6500 -38.5800
v 5.5700 1.4500 -38.6200
v 5.6300 1.4500 -38.6200
v 5.6300 1.4500 -38.5800
v 5.5700 1.4500 -38.5800
v 6.3700 0.6500 -39.4200
v 6.4300 0.6500 -39.4200
v 6.4300 0.6500 -39.3800
v 6.3700 0.6500 -39.3800
v 6.3700 1.4500 -39.4200
v 6.4300 1.4500 -39.4200
v 6.4300 1.4500 -39.3800
v 6.3700 1.4500 -39.3800
v 6.3700 0.6500 -38.6200
v 6.4300 0.6500 -38.6200
v 6.4300 0.6500 -38.5800
v 6.3700 0.6500 -38.5800
v 6.3700 1.4500 -38.6200
v 6.4300 1.4500 -38.6200
v 6.4300 1.4500 -38.5800
v 6.3700 1.4500 -38.5800
usemtl crate_3_crate_wood
f 14966 14967 14968 14969
f 14970 14971 14972 14973
f 14966 14967 14971 14970
f 14968 14969 14973 14972
f 14967 14968 14972 14971
f 14969 14966 14970 14973
usemtl crate_3_slat
f 14974 14975 14976 14977
f 14978 14979 14980 14981
f 14974 14975 14979 14978
f 14976 14977 14981 14980
f 14975 14976 14980 14979
f 14977 14974 14978 14981
f 14982 14983 14984 14985
f 14986 14987 14988 14989
f 14982 14983 14987 14986
f 14984 14985 14989 14988
f 14983 14984 14988 14987
f 14985 14982 14986 14989
f 14990 14991 14992 14993
f 14994 14995 14996 14997
f 14990 14991 14995 14994
f 14992 14993 14997 14996
f 14991 14992 14996 14995
f 14993 14990 14994 14997
f 14998 14999 15000 15001
f 15002 15003 15004 15005
f 14998 14999 15003 15002
f 15000 15001 15005 15004
f 14999 15000 15004 15003
f 15001 14998 15002 15005
o bush_1
v -10.2000 6.7604 6.6800
v -9.5600 6.7604 6.6800
v -9.5600 6.7604 7.3200
v -10.2000 6.7604 7.3200
v -10.2000 7.1604 6.6800
v -9.5600 7.1604 6.6800
v -9.5600 7.1604 7.3200
v -10.2000 7.1604 7.3200
v -9.9600 7.0004 6.7600
v -9.3600 7.0004 6.7600
v -9.3600 7.0004 7.2000
v -9.9600 7.0004 7.2000
v -9.9600 7.4004 6.7600
v -9.3600 7.4004 6.7600
v -9.3600 7.4004 7.2000
v -9.9600 7.4004 7.2000
v -10.0800 7.2404 6.8800
v -9.6800 7.2404 6.8800
v -9.6800 7.2404 7.2800
v -10.0800 7.2404 7.2800
v -10.0800 7.6004 6.8800
v -9.6800 7.6004 6.8800
v -9.6800 7.6004 7.2800
v -10.0800 7.6004 7.2800
usemtl bush_1_bush_0
f 15006 15007 15008 15009
f 15010 15011 15012 15013
f 15006 15007 15011 15010
f 15008 15009 15013 15012
f 15007 15008 15012 15011
f 15009 15006 15010 15013
usemtl bush_1_bush_1
f 15014 15015 15016 15017
f 15018 15019 15020 15021
f 15014 15015 15019 15018
f 15016 15017 15021 15020
f 15015 15016 15020 15019
f 15017 15014 15018 15021
usemtl bush_1_bush_0
f 15022 15023 15024 15025
f 15026 15027 15028 15029
f 15022 15023 15027 15026
f 15024 15025 15029 15028
f 15023 15024 15028 15027
f 15025 15022 15026 15029
o bush_2
v -3.7300 7.3969 6.6560
v -3.0420 7.3969 6.6560
v -3.0420 7.3969 7.3440
v -3.7300 7.3969 7.3440
v -3.7300 7.8269 6.6560
v -3.0420 7.8269 6.6560
v -3.0420 7.8269 7.3440
v -3.7300 7.8269 7.3440
v -3.4720 7.6549 6.7420
v -2.8270 7.6549 6.7420
v -2.8270 7.6549 7.2150
v -3.4720 7.6549 7.2150
v -3.4720 8.0849 6.7420
v -2.8270 8.0849 6.7420
v -2.8270 8.0849 7.2150
v -3.4720 8.0849 7.2150
v -3.6010 7.9129 6.8710
v -3.1710 7.9129 6.8710
v -3.1710 7.9129 7.3010
v -3.6010 7.9129 7.3010
v -3.6010 8.2999 6.8710
v -3.1710 8.2999 6.8710
v -3.1710 8.2999 7.3010
v -3.6010 8.2999 7.3010
usemtl bush_2_bush_0
f 15030 15031 15032 15033
f 15034 15035 15036 15037
f 15030 15031 15035 15034
f 15032 15033 15037 15036
f 15031 15032 15036 15035
f 15033 15030 15034 15037
usemtl bush_2_bush_1
f 15038 15039 15040 15041
f 15042 15043 15044 15045
f 15038 15039 15043 15042
f 15040 15041 15045 15044
f 15039 15040 15044 15043
f 15041 15038 15042 15045
usemtl bush_2_bush_0
f 15046 15047 15048 15049
f 15050 15051 15052 15053
f 15046 15047 15051 15050
f 15048 15049 15053 15052
f 15047 15048 15052 15051
f 15049 15046 15050 15053
o bush_3
v -10.2600 4.2916 13.1320
v -9.5240 4.2916 13.1320
v -9.5240 4.2916 13.8680
v -10.2600 4.2916 13.8680
v -10.2600 4.7516 13.1320
v -9.5240 4.7516 13.1320
v -9.5240 4.7516 13.8680
v -10.2600 4.7516 13.8680
v -9.9840 4.5676 13.2240
v -9.2940 4.5676 13.2240
v -9.2940 4.5676 13.7300
v -9.9840 4.5676 13.7300
v -9.9840 5.0276 13.2240
v -9.2940 5.0276 13.2240
v -9.2940 5.0276 13.7300
v -9.9840 5.0276 13.7300
v -10.1220 4.8436 13.3620
v -9.6620 4.8436 13.3620
v -9.6620 4.8436 13.8220
v -10.1220 4.8436 13.8220
v -10.1220 5.2576 13.3620
v -9.6620 5.2576 13.3620
v -9.6620 5.2576 13.8220
v -10.1220 5.2576 13.8220
usemtl bush_3_bush_0
f 15054 15055 15056 15057
f 15058 15059 15060 15061
f 15054 15055 15059 15058
f 15056 15057 15061 15060
f 15055 15056 15060 15059
f 15057 15054 15058 15061
usemtl bush_3_bush_1
f 15062 15063 15064 15065
f 15066 15067 15068 15069
f 15062 15063 15067 15066
f 15064 15065 15069 15068
f 15063 15064 15068 15067
f 15065 15062 15066 15069
usemtl bush_3_bush_0
f 15070 15071 15072 15073
f 15074 15075 15076 15077
f 15070 15071 15075 15074
f 15072 15073 15077 15076
f 15071 15072 15076 15075
f 15073 15070 15074 15077
o bush_4
v -3.7900 4.1066 13.1080
v -3.0060 4.1066 13.1080
v -3.0060 4.1066 13.8920
v -3.7900 4.1066 13.8920
v -3.7900 4.5966 13.1080
v -3.0060 4.5966 13.1080
v -3.0060 4.5966 13.8920
v -3.7900 4.5966 13.8920
v -3.4960 4.4006 13.2060
v -2.7610 4.4006 13.2060
v -2.7610 4.4006 13.7450
v -3.4960 4.4006 13.7450
v -3.4960 4.8906 13.2060
v -2.7610 4.8906 13.2060
v -2.7610 4.8906 13.7450
v -3.4960 4.8906 13.7450
v -3.6430 4.6946 13.3530
v -3.1530 4.6946 13.3530
v -3.1530 4.6946 13.8430
v -3.6430 4.6946 13.8430
v -3.6430 5.1356 13.3530
v -3.1530 5.1356 13.3530
v -3.1530 5.1356 13.8430
v -3.6430 5.1356 13.8430
usemtl bush_4_bush_0
f 15078 15079 15080 15081
f 15082 15083 15084 15085
f 15078 15079 15083 15082
f 15080 15081 15085 15084
f 15079 15080 15084 15083
f 15081 15078 15082 15085
usemtl bush_4_bush_1
f 15086 15087 15088 15089
f 15090 15091 15092 15093
f 15086 15087 15091 15090
f 15088 15089 15093 15092
f 15087 15088 15092 15091
f 15089 15086 15090 15093
usemtl bush_4_bush_0
f 15094 15095 15096 15097
f 15098 15099 15100 15101
f 15094 15095 15099 15098
f 15096 15097 15101 15100
f 15095 15096 15100 15099
f 15097 15094 15098 15101
o bush_5
v 1.6800 5.6585 -13.4160
v 2.5120 5.6585 -13.4160
v 2.5120 5.6585 -12.5840
v 1.6800 5.6585 -12.5840
v 1.6800 6.1785 -13.4160
v 2.5120 6.1785 -13.4160
v 2.5120 6.1785 -12.5840
v 1.6800 6.1785 -12.5840
v 1.9920 5.9705 -13.3120
v 2.7720 5.9705 -13.3120
v 2.7720 5.9705 -12.7400
v 1.9920 5.9705 -12.7400
v 1.9920 6.4905 -13.3120
v 2.7720 6.4905 -13.3120
v 2.7720 6.4905 -12.7400
v 1.9920 6.4905 -12.7400
v 1.8360 6.2825 -13.1560
v 2.3560 6.2825 -13.1560
v 2.3560 6.2825 -12.6360
v 1.8360 6.2825 -12.6360
v 1.8360 6.7505 -13.1560
v 2.3560 6.7505 -13.1560
v 2.3560 6.7505 -12.6360
v 1.8360 6.7505 -12.6360
usemtl bush_5_bush_0
f 15102 15103 15104 15105
f 15106 15107 15108 15109
f 15102 15103 15107 15106
f 15104 15105 15109 15108
f 15103 15104 15108 15107
f 15105 15102 15106 15109
usemtl bush_5_bush_1
f 15110 15111 15112 15113
f 15114 15115 15116 15117
f 15110 15111 15115 15114
f 15112 15113 15117 15116
f 15111 15112 15116 15115
f 15113 15110 15114 15117
usemtl bush_5_bush_0
f 15118 15119 15120 15121
f 15122 15123 15124 15125
f 15118 15119 15123 15122
f 15120 15121 15125 15124
f 15119 15120 15124 15123
f 15121 15118 15122 15125
o bush_6
v 8.1500 3.9061 -13.4400
v 9.0300 3.9061 -13.4400
v 9.0300 3.9061 -12.5600
v 8.1500 3.9061 -12.5600
v 8.1500 4.4561 -13.4400
v 9.0300 4.4561 -13.4400
v 9.0300 4.4561 -12.5600
v 8.1500 4.4561 -12.5600
v 8.4800 4.2361 -13.3300
v 9.3050 4.2361 -13.3300
v 9.3050 4.2361 -12.7250
v 8.4800 4.2361 -12.7250
v 8.4800 4.7861 -13.3300
v 9.3050 4.7861 -13.3300
v 9.3050 4.7861 -12.7250
v 8.4800 4.7861 -12.7250
v 8.3150 4.5661 -13.1650
v 8.8650 4.5661 -13.1650
v 8.8650 4.5661 -12.6150
v 8.3150 4.5661 -12.6150
v 8.3150 5.0611 -13.1650
v 8.8650 5.0611 -13.1650
v 8.8650 5.0611 -12.6150
v 8.3150 5.0611 -12.6150
usemtl bush_6_bush_0
f 15126 15127 15128 15129
f 15130 15131 15132 15133
f 15126 15127 15131 15130
f 15128 15129 15133 15132
f 15127 15128 15132 15131
f 15129 15126 15130 15133
usemtl bush_6_bush_1
f 15134 15135 15136 15137
f 15138 15139 15140 15141
f 15134 15135 15139 15138
f 15136 15137 15141 15140
f 15135 15136 15140 15139
f 15137 15134 15138 15141
usemtl bush_6_bush_0
f 15142 15143 15144 15145
f 15146 15147 15148 15149
f 15142 15143 15147 15146
f 15144 15145 15149 15148
f 15143 15144 15148 15147
f 15145 15142 15146 15149
o bush_7
v 1.6200 7.6669 -6.9640
v 2.5480 7.6669 -6.9640
v 2.5480 7.6669 -6.0360
v 1.6200 7.6669 -6.0360
v 1.6200 8.2469 -6.9640
v 2.5480 8.2469 -6.9640
v 2.5480 8.2469 -6.0360
v 1.6200 8.2469 -6.0360
v 1.9680 8.0149 -6.8480
v 2.8380 8.0149 -6.8480
v 2.8380 8.0149 -6.2100
v 1.9680 8.0149 -6.2100
v 1.9680 8.5949 -6.8480
v 2.8380 8.5949 -6.8480
v 2.8380 8.5949 -6.2100
v 1.9680 8.5949 -6.2100
v 1.7940 8.3629 -6.6740
v 2.3740 8.3629 -6.6740
v 2.3740 8.3629 -6.0940
v 1.7940 8.3629 -6.0940
v 1.7940 8.8849 -6.6740
v 2.3740 8.8849 -6.6740
v 2.3740 8.8849 -6.0940
v 1.7940 8.8849 -6.0940
usemtl bush_7_bush_0
f 15150 15151 15152 15153
f 15154 15155 15156 15157
f 15150 15151 15155 15154
f 15152 15153 15157 15156
f 15151 15152 15156 15155
f 15153 15150 15154 15157
usemtl bush_7_bush_1
f 15158 15159 15160 15161
f 15162 15163 15164 15165
f 15158 15159 15163 15162
f 15160 15161 15165 15164
f 15159 15160 15164 15163
f 15161 15158 15162 15165
usemtl bush_7_bush_0
f 15166 15167 15168 15169
f 15170 15171 15172 15173
f 15166 15167 15171 15170
f 15168 15169 15173 15172
f 15167 15168 15172 15171
f 15169 15166 15170 15173
o bush_8
v -2.4100 -0.0498 22.5120
v -1.4340 -0.0498 22.5120
v -1.4340 -0.0498 23.4880
v -2.4100 -0.0498 23.4880
v -2.4100 0.5602 22.5120
v -1.4340 0.5602 22.5120
v -1.4340 0.5602 23.4880
v -2.4100 0.5602 23.4880
v -2.0440 0.3162 22.6340
v -1.1290 0.3162 22.6340
v -1.1290 0.3162 23.3050
v -2.0440 0.3162 23.3050
v -2.0440 0.9262 22.6340
v -1.1290 0.9262 22.6340
v -1.1290 0.9262 23.3050
v -2.0440 0.9262 23.3050
v -2.2270 0.6822 22.8170
v -1.6170 0.6822 22.8170
v -1.6170 0.6822 23.4270
v -2.2270 0.6822 23.4270
v -2.2270 1.2312 22.8170
v -1.6170 1.2312 22.8170
v -1.6170 1.2312 23.4270
v -2.2270 1.2312 23.4270
usemtl bush_8_bush_0
f 15174 15175 15176 15177
f 15178 15179 15180 15181
f 15174 15175 15179 15178
f 15176 15177 15181 15180
f 15175 15176 15180 15179
f 15177 15174 15178 15181
usemtl bush_8_bush_1
f 15182 15183 15184 15185
f 15186 15187 15188 15189
f 15182 15183 15187 15186
f 15184 15185 15189 15188
f 15183 15184 15188 15187
f 15185 15182 15186 15189
usemtl bush_8_bush_0
f 15190 15191 15192 15193
f 15194 15195 15196 15197
f 15190 15191 15195 15194
f 15192 15193 15197 15196
f 15191 15192 15196 15195
f 15193 15190 15194 15197
o boat_1
v -4.8000 -0.2500 -40.7000
v -1.2000 -0.2500 -40.7000
v -1.2000 -0.2500 -39.3000
v -4.8000 -0.2500 -39.3000
v -4.8000 0.0000 -40.7000
v -1.2000 0.0000 -40.7000
v -1.2000 0.0000 -39.3000
v -4.8000 0.0000 -39.3000
v -4.8000 0.0000 -40.7000
v -1.2000 0.0000 -40.7000
v -1.2000 0.0000 -40.5800
v -4.8000 0.0000 -40.5800
v -4.8000 0.5500 -40.7000
v -1.2000 0.5500 -40.7000
v -1.2000 0.5500 -40.5800
v -4.8000 0.5500 -40.5800
v -4.8000 0.0000 -39.4200
v -1.2000 0.0000 -39.4200
v -1.2000 0.0000 -39.3000
v -4.8000 0.0000 -39.3000
v -4.8000 0.5500 -39.4200
v -1.2000 0.5500 -39.4200
v -1.2000 0.5500 -39.3000
v -4.8000 0.5500 -39.3000
v -4.8000 0.0000 -40.7000
v -4.6800 0.0000 -40.7000
v -4.6800 0.0000 -39.3000
v -4.8000 0.0000 -39.3000
v -4.8000 0.5500 -40.7000
v -4.6800 0.5500 -40.7000
v -4.6800 0.5500 -39.3000
v -4.8000 0.5500 -39.3000
v -1.3200 0.0000 -40.7000
v -1.2000 0.0000 -40.7000
v -1.2000 0.0000 -39.3000
v -1.3200 0.0000 -39.3000
v -1.3200 0.5500 -40.7000
v -1.2000 0.5500 -40.7000
v -1.2000 0.5500 -39.3000
v -1.3200 0.5500 -39.3000
v -4.0500 0.3000 -40.6000
v -3.7500 0.3000 -40.6000
v -3.7500 0.3000 -39.4000
v -4.0500 0.3000 -39.4000
v -4.0500 0.3800 -40.6000
v -3.7500 0.3800 -40.6000
v -3.7500 0.3800 -39.4000
v -4.0500 0.3800 -39.4000
v -2.2500 0.3000 -40.6000
v -1.9500 0.3000 -40.6000
v -1.9500 0.3000 -39.4000
v -2.2500 0.3000 -39.4000
v -2.2500 0.3800 -40.6000
v -1.9500 0.3800 -40.6000
v -1.9500 0.3800 -39.4000
v -2.2500 0.3800 -39.4000
usemtl boat_1_hull_0
f 15198 15199 15200 15201
f 15202 15203 15204 15205
f 15198 15199 15203 15202
f 15200 15201 15205 15204
f 15199 15200 15204 15203
f 15201 15198 15202 15205
usemtl boat_1_hull_1
f 15206 15207 15208 15209
f 15210 15211 15212 15213
f 15206 15207 15211 15210
f 15208 15209 15213 15212
f 15207 15208 15212 15211
f 15209 15206 15210 15213
f 15214 15215 15216 15217
f 15218 15219 15220 15221
f 15214 15215 15219 15218
f 15216 15217 15221 15220
f 15215 15216 15220 15219
f 15217 15214 15218 15221
usemtl boat_1_hull_0
f 15222 15223 15224 15225
f 15226 15227 15228 15229
f 15222 15223 15227 15226
f 15224 15225 15229 15228
f 15223 15224 15228 15227
f 15225 15222 15226 15229
f 15230 15231 15232 15233
f 15234 15235 15236 15237
f 15230 15231 15235 15234
f 15232 15233 15237 15236
f 15231 15232 15236 15235
f 15233 15230 15234 15237
usemtl boat_1_seat
f 15238 15239 15240 15241
f 15242 15243 15244 15245
f 15238 15239 15243 15242
f 15240 15241 15245 15244
f 15239 15240 15244 15243
f 15241 15238 15242 15245
f 15246 15247 15248 15249
f 15250 15251 15252 15253
f 15246 15247 15251 15250
f 15248 15249 15253 15252
f 15247 15248 15252 15251
f 15249 15246 15250 15253
o boat_2
v 28.0000 -0.2500 27.3000
v 32.0000 -0.2500 27.3000
v 32.0000 -0.2500 28.7000
v 28.0000 -0.2500 28.7000
v 28.0000 0.0000 27.3000
v 32.0000 0.0000 27.3000
v 32.0000 0.0000 28.7000
v 28.0000 0.0000 28.7000
v 28.0000 0.0000 27.3000
v 32.0000 0.0000 27.3000
v 32.0000 0.0000 27.4200
v 28.0000 0.0000 27.4200
v 28.0000 0.5500 27.3000
v 32.0000 0.5500 27.3000
v 32.0000 0.5500 27.4200
v 28.0000 0.5500 27.4200
v 28.0000 0.0000 28.5800
v 32.0000 0.0000 28.5800
v 32.0000 0.0000 28.7000
v 28.0000 0.0000 28.7000
v 28.0000 0.5500 28.5800
v 32.0000 0.5500 28.5800
v 32.0000 0.5500 28.7000
v 28.0000 0.5500 28.7000
v 28.0000 0.0000 27.3000
v 28.1200 0.0000 27.3000
v 28.1200 0.0000 28.7000
v 28.0000 0.0000 28.7000
v 28.0000 0.5500 27.3000
v 28.1200 0.5500 27.3000
v 28.1200 0.5500 28.7000
v 28.0000 0.5500 28.7000
v 31.8800 0.0000 27.3000
v 32.0000 0.0000 27.3000
v 32.0000 0.0000 28.7000
v 31.8800 0.0000 28.7000
v 31.8800 0.5500 27.3000
v 32.0000 0.5500 27.3000
v 32.0000 0.5500 28.7000
v 31.8800 0.5500 28.7000
v 28.8500 0.3000 27.4000
v 29.1500 0.3000 27.4000
v 29.1500 0.3000 28.6000
v 28.8500 0.3000 28.6000
v 28.8500 0.3800 27.4000
v 29.1500 0.3800 27.4000
v 29.1500 0.3800 28.6000
v 28.8500 0.3800 28.6000
v 30.8500 0.3000 27.4000
v 31.1500 0.3000 27.4000
v 31.1500 0.3000 28.6000
v 30.8500 0.3000 28.6000
v 30.8500 0.3800 27.4000
v 31.1500 0.3800 27.4000
v 31.1500 0.3800 28.6000
v 30.8500 0.3800 28.6000
usemtl boat_2_hull_0
f 15254 15255 15256 15257
f 15258 15259 15260 15261
f 15254 15255 15259 15258
f 15256 15257 15261 15260
f 15255 15256 15260 15259
f 15257 15254 15258 15261
usemtl boat_2_hull_1
f 15262 15263 15264 15265
f 15266 15267 15268 15269
f 15262 15263 15267 15266
f 15264 15265 15269 15268
f 15263 15264 15268 15267
f 15265 15262 15266 15269
f 15270 15271 15272 15273
f 15274 15275 15276 15277
f 15270 15271 15275 15274
f 15272 15273 15277 15276
f 15271 15272 15276 15275
f 15273 15270 15274 15277
usemtl boat_2_hull_0
f 15278 15279 15280 15281
f 15282 15283 15284 15285
f 15278 15279 15283 15282
f 15280 15281 15285 15284
f 15279 15280 15284 15283
f 15281 15278 15282 15285
f 15286 15287 15288 15289
f 15290 15291 15292 15293
f 15286 15287 15291 15290
f 15288 15289 15293 15292
f 15287 15288 15292 15291
f 15289 15286 15290 15293
usemtl boat_2_seat
f 15294 15295 15296 15297
f 15298 15299 15300 15301
f 15294 15295 15299 15298
f 15296 15297 15301 15300
f 15295 15296 15300 15299
f 15297 15294 15298 15301
f 15302 15303 15304 15305
f 15306 15307 15308 15309
f 15302 15303 15307 15306
f 15304 15305 15309 15308
f 15303 15304 15308 15307
f 15305 15302 15306 15309
o boat_3
v -0.6000 1.2717 -28.2000
v 2.6000 1.2717 -28.2000
v 2.6000 1.2717 -26.8000
v -0.6000 1.2717 -26.8000
v -0.6000 1.5217 -28.2000
v 2.6000 1.5217 -28.2000
v 2.6000 1.5217 -26.8000
v -0.6000 1.5217 -26.8000
v -0.6000 1.5217 -28.2000
v 2.6000 1.5217 -28.2000
v 2.6000 1.5217 -28.0800
v -0.6000 1.5217 -28.0800
v -0.6000 2.0717 -28.2000
v 2.6000 2.0717 -28.2000
v 2.6000 2.0717 -28.0800
v -0.6000 2.0717 -28.0800
v -0.6000 1.5217 -26.9200
v 2.6000 1.5217 -26.9200
v 2.6000 1.5217 -26.8000
v -0.6000 1.5217 -26.8000
v -0.6000 2.0717 -26.9200
v 2.6000 2.0717 -26.9200
v 2.6000 2.0717 -26.8000
v -0.6000 2.0717 -26.8000
v -0.6000 1.5217 -28.2000
v -0.4800 1.5217 -28.2000
v -0.4800 1.5217 -26.8000
v -0.6000 1.5217 -26.8000
v -0.6000 2.0717 -28.2000
v -0.4800 2.0717 -28.2000
v -0.4800 2.0717 -26.8000
v -0.6000 2.0717 -26.8000
v 2.4800 1.5217 -28.2000
v 2.6000 1.5217 -28.2000
v 2.6000 1.5217 -26.8000
v 2.4800 1.5217 -26.8000
v 2.4800 2.0717 -28.2000
v 2.6000 2.0717 -28.2000
v 2.6000 2.0717 -26.8000
v 2.4800 2.0717 -26.8000
v 0.0500 1.8217 -28.1000
v 0.3500 1.8217 -28.1000
v 0.3500 1.8217 -26.9000
v 0.0500 1.8217 -26.9000
v 0.0500 1.9017 -28.1000
v 0.3500 1.9017 -28.1000
v 0.3500 1.9017 -26.9000
v 0.0500 1.9017 -26.9000
v 1.6500 1.8217 -28.1000
v 1.9500 1.8217 -28.1000
v 1.9500 1.8217 -26.9000
v 1.6500 1.8217 -26.9000
v 1.6500 1.9017 -28.1000
v 1.9500 1.9017 -28.1000
v 1.9500 1.9017 -26.9000
v 1.6500 1.9017 -26.9000
usemtl boat_3_hull_0
f 15310 15311 15312 15313
f 15314 15315 15316 15317
f 15310 15311 15315 15314
f 15312 15313 15317 15316
f 15311 15312 15316 15315
f 15313 15310 15314 15317
usemtl boat_3_hull_1
f 15318 15319 15320 15321
f 15322 15323 15324 15325
f 15318 15319 15323 15322
f 15320 15321 15325 15324
f 15319 15320 15324 15323
f 15321 15318 15322 15325
f 15326 15327 15328 15329
f 15330 15331 15332 15333
f 15326 15327 15331 15330
f 15328 15329 15333 15332
f 15327 15328 15332 15331
f 15329 15326 15330 15333
usemtl boat_3_hull_0
f 15334 15335 15336 15337
f 15338 15339 15340 15341
f 15334 15335 15339 15338
f 15336 15337 15341 15340
f 15335 15336 15340 15339
f 15337 15334 15338 15341
f 15342 15343 15344 15345
f 15346 15347 15348 15349
f 15342 15343 15347 15346
f 15344 15345 15349 15348
f 15343 15344 15348 15347
f 15345 15342 15346 15349
usemtl boat_3_seat
f 15350 15351 15352 15353
f 15354 15355 15356 15357
f 15350 15351 15355 15354
f 15352 15353 15357 15356
f 15351 15352 15356 15355
f 15353 15350 15354 15357
f 15358 15359 15360 15361
f 15362 15363 15364 15365
f 15358 15359 15363 15362
f 15360 15361 15365 15364
f 15359 15360 15364 15363
f 15361 15358 15362 15365
o tree_1
v 25.2622 1.9890 9.0993
v 25.5622 1.9890 9.0993
v 25.5622 1.9890 9.3993
v 25.2622 1.9890 9.3993
v 25.2622 3.4890 9.0993
v 25.5622 3.4890 9.0993
v 25.5622 3.4890 9.3993
v 25.2622 3.4890 9.3993
v 23.9122 3.4890 7.7493
v 26.9122 3.4890 7.7493
v 26.9122 3.4890 10.7493
v 23.9122 3.4890 10.7493
v 23.9122 4.8890 7.7493
v 26.9122 4.8890 7.7493
v 26.9122 4.8890 10.7493
v 23.9122 4.8890 10.7493
v 24.4122 4.6890 8.2493
v 26.4122 4.6890 8.2493
v 26.4122 4.6890 10.2493
v 24.4122 4.6890 10.2493
v 24.4122 5.8890 8.2493
v 26.4122 5.8890 8.2493
v 26.4122 5.8890 10.2493
v 24.4122 5.8890 10.2493
v 24.9622 5.6890 8.7993
v 25.8622 5.6890 8.7993
v 25.8622 5.6890 9.6993
v 24.9622 5.6890 9.6993
v 24.9622 5.9890 8.7993
v 25.8622 5.9890 8.7993
v 25.8622 5.9890 9.6993
v 24.9622 5.9890 9.6993
usemtl tree_1_trunk
f 15366 15367 15368 15369
f 15370 15371 15372 15373
f 15366 15367 15371 15370
f 15368 15369 15373 15372
f 15367 15368 15372 15371
f 15369 15366 15370 15373
usemtl tree_1_leaves_0
f 15374 15375 15376 15377
f 15378 15379 15380 15381
f 15374 15375 15379 15378
f 15376 15377 15381 15380
f 15375 15376 15380 15379
f 15377 15374 15378 15381
usemtl tree_1_leaves_1
f 15382 15383 15384 15385
f 15386 15387 15388 15389
f 15382 15383 15387 15386
f 15384 15385 15389 15388
f 15383 15384 15388 15387
f 15385 15382 15386 15389
usemtl tree_1_leaves_0
f 15390 15391 15392 15393
f 15394 15395 15396 15397
f 15390 15391 15395 15394
f 15392 15393 15397 15396
f 15391 15392 15396 15395
f 15393 15390 15394 15397
o tree_2
v 17.7419 2.0320 12.8492
v 18.0419 2.0320 12.8492
v 18.0419 2.0320 13.1492
v 17.7419 2.0320 13.1492
v 17.7419 3.5320 12.8492
v 18.0419 3.5320 12.8492
v 18.0419 3.5320 13.1492
v 17.7419 3.5320 13.1492
v 16.3919 3.5320 11.4992
v 19.3919 3.5320 11.4992
v 19.3919 3.5320 14.4992
v 16.3919 3.5320 14.4992
v 16.3919 4.9320 11.4992
v 19.3919 4.9320 11.4992
v 19.3919 4.9320 14.4992
v 16.3919 4.9320 14.4992
v 16.8919 4.7320 11.9992
v 18.8919 4.7320 11.9992
v 18.8919 4.7320 13.9992
v 16.8919 4.7320 13.9992
v 16.8919 5.9320 11.9992
v 18.8919 5.9320 11.9992
v 18.8919 5.9320 13.9992
v 16.8919 5.9320 13.9992
v 17.4419 5.7320 12.5492
v 18.3419 5.7320 12.5492
v 18.3419 5.7320 13.4492
v 17.4419 5.7320 13.4492
v 17.4419 6.3820 12.5492
v 18.3419 6.3820 12.5492
v 18.3419 6.3820 13.4492
v 17.4419 6.3820 13.4492
usemtl tree_2_trunk
f 15398 15399 15400 15401
f 15402 15403 15404 15405
f 15398 15399 15403 15402
f 15400 15401 15405 15404
f 15399 15400 15404 15403
f 15401 15398 15402 15405
usemtl tree_2_leaves_0
f 15406 15407 15408 15409
f 15410 15411 15412 15413
f 15406 15407 15411 15410
f 15408 15409 15413 15412
f 15407 15408 15412 15411
f 15409 15406 15410 15413
usemtl tree_2_leaves_1
f 15414 15415 15416 15417
f 15418 15419 15420 15421
f 15414 15415 15419 15418
f 15416 15417 15421 15420
f 15415 15416 15420 15419
f 15417 15414 15418 15421
usemtl tree_2_leaves_0
f 15422 15423 15424 15425
f 15426 15427 15428 15429
f 15422 15423 15427 15426
f 15424 15425 15429 15428
f 15423 15424 15428 15427
f 15425 15422 15426 15429
o tree_3
v 12.8797 1.8914 16.5273
v 13.1797 1.8914 16.5273
v 13.1797 1.8914 16.8273
v 12.8797 1.8914 16.8273
v 12.8797 3.3914 16.5273
v 13.1797 3.3914 16.5273
v 13.1797 3.3914 16.8273
v 12.8797 3.3914 16.8273
v 11.5297 3.3914 15.1773
v 14.5297 3.3914 15.1773
v 14.5297 3.3914 18.1773
v 11.5297 3.3914 18.1773
v 11.5297 4.7914 15.1773
v 14.5297 4.7914 15.1773
v 14.5297 4.7914 18.1773
v 11.5297 4.7914 18.1773
v 12.0297 4.5914 15.6773
v 14.0297 4.5914 15.6773
v 14.0297 4.5914 17.6773
v 12.0297 4.5914 17.6773
v 12.0297 5.7914 15.6773
v 14.0297 5.7914 15.6773
v 14.0297 5.7914 17.6773
v 12.0297 5.7914 17.6773
v 12.5797 5.5914 16.2273
v 13.4797 5.5914 16.2273
v 13.4797 5.5914 17.1273
v 12.5797 5.5914 17.1273
v 12.5797 6.5914 16.2273
v 13.4797 6.5914 16.2273
v 13.4797 6.5914 17.1273
v 12.5797 6.5914 17.1273
usemtl tree_3_trunk
f 15430 15431 15432 15433
f 15434 15435 15436 15437
f 15430 15431 15435 15434
f 15432 15433 15437 15436
f 15431 15432 15436 15435
f 15433 15430 15434 15437
usemtl tree_3_leaves_0
f 15438 15439 15440 15441
f 15442 15443 15444 15445
f 15438 15439 15443 15442
f 15440 15441 15445 15444
f 15439 15440 15444 15443
f 15441 15438 15442 15445
usemtl tree_3_leaves_1
f 15446 15447 15448 15449
f 15450 15451 15452 15453
f 15446 15447 15451 15450
f 15448 15449 15453 15452
f 15447 15448 15452 15451
f 15449 15446 15450 15453
usemtl tree_3_leaves_0
f 15454 15455 15456 15457
f 15458 15459 15460 15461
f 15454 15455 15459 15458
f 15456 15457 15461 15460
f 15455 15456 15460 15459
f 15457 15454 15458 15461
o tree_4
v 8.0249 1.8951 20.0835
v 8.3249 1.8951 20.0835
v 8.3249 1.8951 20.3835
v 8.0249 1.8951 20.3835
v 8.0249 3.3951 20.0835
v 8.3249 3.3951 20.0835
v 8.3249 3.3951 20.3835
v 8.0249 3.3951 20.3835
v 6.6749 3.3951 18.7335
v 9.6749 3.3951 18.7335
v 9.6749 3.3951 21.7335
v 6.6749 3.3951 21.7335
v 6.6749 4.7951 18.7335
v 9.6749 4.7951 18.7335
v 9.6749 4.7951 21.7335
v 6.6749 4.7951 21.7335
v 7.1749 4.5951 19.2335
v 9.1749 4.5951 19.2335
v 9.1749 4.5951 21.2335
v 7.1749 4.5951 21.2335
v 7.1749 5.7951 19.2335
v 9.1749 5.7951 19.2335
v 9.1749 5.7951 21.2335
v 7.1749 5.7951 21.2335
v 7.7249 5.5951 19.7835
v 8.6249 5.5951 19.7835
v 8.6249 5.5951 20.6835
v 7.7249 5.5951 20.6835
v 7.7249 6.9451 19.7835
v 8.6249 6.9451 19.7835
v 8.6249 6.9451 20.6835
v 7.7249 6.9451 20.6835
usemtl tree_4_trunk
f 15462 15463 15464 15465
f 15466 15467 15468 15469
f 15462 15463 15467 15466
f 15464 15465 15469 15468
f 15463 15464 15468 15467
f 15465 15462 15466 15469
usemtl tree_4_leaves_0
f 15470 15471 15472 15473
f 15474 15475 15476 15477
f 15470 15471 15475 15474
f 15472 15473 15477 15476
f 15471 15472 15476 15475
f 15473 15470 15474 15477
usemtl tree_4_leaves_1
f 15478 15479 15480 15481
f 15482 15483 15484 15485
f 15478 15479 15483 15482
f 15480 15481 15485 15484
f 15479 15480 15484 15483
f 15481 15478 15482 15485
usemtl tree_4_leaves_0
f 15486 15487 15488 15489
f 15490 15491 15492 15493
f 15486 15487 15491 15490
f 15488 15489 15493 15492
f 15487 15488 15492 15491
f 15489 15486 15490 15493
o tree_5
v 1.6487 1.6972 16.9632
v 1.9487 1.6972 16.9632
v 1.9487 1.6972 17.2632
v 1.6487 1.6972 17.2632
v 1.6487 3.1972 16.9632
v 1.9487 3.1972 16.9632
v 1.9487 3.1972 17.2632
v 1.6487 3.1972 17.2632
v 0.2987 3.1972 15.6132
v 3.2987 3.1972 15.6132
v 3.2987 3.1972 18.6132
v 0.2987 3.1972 18.6132
v 0.2987 4.5972 15.6132
v 3.2987 4.5972 15.6132
v 3.2987 4.5972 18.6132
v 0.2987 4.5972 18.6132
v 0.7987 4.3972 16.1132
v 2.7987 4.3972 16.1132
v 2.7987 4.3972 18.1132
v 0.7987 4.3972 18.1132
v 0.7987 5.5972 16.1132
v 2.7987 5.5972 16.1132
v 2.7987 5.5972 18.1132
v 0.7987 5.5972 18.1132
v 1.3487 5.3972 16.6632
v 2.2487 5.3972 16.6632
v 2.2487 5.3972 17.5632
v 1.3487 5.3972 17.5632
v 1.3487 7.0972 16.6632
v 2.2487 7.0972 16.6632
v 2.2487 7.0972 17.5632
v 1.3487 7.0972 17.5632
usemtl tree_5_trunk
f 15494 15495 15496 15497
f 15498 15499 15500 15501
f 15494 15495 15499 15498
f 15496 15497 15501 15500
f 15495 15496 15500 15499
f 15497 15494 15498 15501
usemtl tree_5_leaves_0
f 15502 15503 15504 15505
f 15506 15507 15508 15509
f 15502 15503 15507 15506
f 15504 15505 15509 15508
f 15503 15504 15508 15507
f 15505 15502 15506 15509
usemtl tree_5_leaves_1
f 15510 15511 15512 15513
f 15514 15515 15516 15517
f 15510 15511 15515 15514
f 15512 15513 15517 15516
f 15511 15512 15516 15515
f 15513 15510 15514 15517
usemtl tree_5_leaves_0
f 15518 15519 15520 15521
f 15522 15523 15524 15525
f 15518 15519 15523 15522
f 15520 15521 15525 15524
f 15519 15520 15524 15523
f 15521 15518 15522 15525
o tree_6
v -3.2578 2.0664 17.4750
v -2.9578 2.0664 17.4750
v -2.9578 2.0664 17.7750
v -3.2578 2.0664 17.7750
v -3.2578 3.5664 17.4750
v -2.9578 3.5664 17.4750
v -2.9578 3.5664 17.7750
v -3.2578 3.5664 17.7750
v -4.6078 3.5664 16.1250
v -1.6078 3.5664 16.1250
v -1.6078 3.5664 19.1250
v -4.6078 3.5664 19.1250
v -4.6078 4.9664 16.1250
v -1.6078 4.9664 16.1250
v -1.6078 4.9664 19.1250
v -4.6078 4.9664 19.1250
v -4.1078 4.7664 16.6250
v -2.1078 4.7664 16.6250
v -2.1078 4.7664 18.6250
v -4.1078 4.7664 18.6250
v -4.1078 5.9664 16.6250
v -2.1078 5.9664 16.6250
v -2.1078 5.9664 18.6250
v -4.1078 5.9664 18.6250
v -3.5578 5.7664 17.1750
v -2.6578 5.7664 17.1750
v -2.6578 5.7664 18.0750
v -3.5578 5.7664 18.0750
v -3.5578 7.8164 17.1750
v -2.6578 7.8164 17.1750
v -2.6578 7.8164 18.0750
v -3.5578 7.8164 18.0750
usemtl tree_6_trunk
f 15526 15527 15528 15529
f 15530 15531 15532 15533
f 15526 15527 15531 15530
f 15528 15529 15533 15532
f 15527 15528 15532 15531
f 15529 15526 15530 15533
usemtl tree_6_leaves_0
f 15534 15535 15536 15537
f 15538 15539 15540 15541
f 15534 15535 15539 15538
f 15536 15537 15541 15540
f 15535 15536 15540 15539
f 15537 15534 15538 15541
usemtl tree_6_leaves_1
f 15542 15543 15544 15545
f 15546 15547 15548 15549
f 15542 15543 15547 15546
f 15544 15545 15549 15548
f 15543 15544 15548 15547
f 15545 15542 15546 15549
usemtl tree_6_leaves_0
f 15550 15551 15552 15553
f 15554 15555 15556 15557
f 15550 15551 15555 15554
f 15552 15553 15557 15556
f 15551 15552 15556 15555
f 15553 15550 15554 15557
o rock_1
v 52.3803 -0.5000 -1.0362
v 54.1770 -0.5000 -1.0362
v 54.1770 -0.5000 1.0362
v 52.3803 -0.5000 1.0362
v 52.3803 0.2451 -1.0362
v 54.1770 0.2451 -1.0362
v 54.1770 0.2451 1.0362
v 52.3803 0.2451 1.0362
usemtl rock_1_rock_0
f 15558 15559 15560 15561
f 15562 15563 15564 15565
f 15558 15559 15563 15562
f 15560 15561 15565 15564
f 15559 15560 15564 15563
f 15561 15558 15562 15565
o rock_2
v 31.0514 -0.5000 22.2607
v 33.3593 -0.5000 22.2607
v 33.3593 -0.5000 24.5364
v 31.0514 -0.5000 24.5364
v 31.0514 0.2439 22.2607
v 33.3593 0.2439 22.2607
v 33.3593 0.2439 24.5364
v 31.0514 0.2439 24.5364
usemtl rock_2_rock_1
f 15566 15567 15568 15569
f 15570 15571 15572 15573
f 15566 15567 15571 15570
f 15568 15569 15573 15572
f 15567 15568 15572 15571
f 15569 15566 15570 15573
o rock_3
v 11.4588 -0.5000 35.4143
v 12.3052 -0.5000 35.4143
v 12.3052 -0.5000 37.7237
v 11.4588 -0.5000 37.7237
v 11.4588 0.0794 35.4143
v 12.3052 0.0794 35.4143
v 12.3052 0.0794 37.7237
v 11.4588 0.0794 37.7237
usemtl rock_3_rock_0
f 15574 15575 15576 15577
f 15578 15579 15580 15581
f 15574 15575 15579 15578
f 15576 15577 15581 15580
f 15575 15576 15580 15579
f 15577 15574 15578 15581
o rock_4
v -12.3345 -0.5000 34.6422
v -10.4962 -0.5000 34.6422
v -10.4962 -0.5000 35.6234
v -12.3345 -0.5000 35.6234
v -12.3345 0.3405 34.6422
v -10.4962 0.3405 34.6422
v -10.4962 0.3405 35.6234
v -12.3345 0.3405 35.6234
usemtl rock_4_rock_1
f 15582 15583 15584 15585
f 15586 15587 15588 15589
f 15582 15583 15587 15586
f 15584 15585 15589 15588
f 15583 15584 15588 15587
f 15585 15582 15586 15589
o rock_5
v -40.7866 -0.5000 28.2349
v -39.2360 -0.5000 28.2349
v -39.2360 -0.5000 29.9049
v -40.7866 -0.5000 29.9049
v -40.7866 -0.0521 28.2349
v -39.2360 -0.0521 28.2349
v -39.2360 -0.0521 29.9049
v -40.7866 -0.0521 29.9049
usemtl rock_5_rock_0
f 15590 15591 15592 15593
f 15594 15595 15596 15597
f 15590 15591 15595 15594
f 15592 15593 15597 15596
f 15591 15592 15596 15595
f 15593 15590 15594 15597
o rock_6
v -38.3005 -0.5000 -0.5734
v -36.5822 -0.5000 -0.5734
v -36.5822 -0.5000 0.5734
v -38.3005 -0.5000 0.5734
v -38.3005 -0.1921 -0.5734
v -36.5822 -0.1921 -0.5734
v -36.5822 -0.1921 0.5734
v -38.3005 -0.1921 0.5734
usemtl rock_6_rock_1
f 15598 15599 15600 15601
f 15602 15603 15604 15605
f 15598 15599 15603 15602
f 15600 15601 15605 15604
f 15599 15600 15604 15603
f 15601 15598 15602 15605
o rock_7
v -35.9339 -0.5000 -26.6670
v -34.6867 -0.5000 -26.6670
v -34.6867 -0.5000 -24.6419
v -35.9339 -0.5000 -24.6419
v -35.9339 0.3498 -26.6670
v -34.6867 0.3498 -26.6670
v -34.6867 0.3498 -24.6419
v -35.9339 0.3498 -24.6419
usemtl rock_7_rock_0
f 15606 15607 15608 15609
f 15610 15611 15612 15613
f 15606 15607 15611 15610
f 15608 15609 15613 15612
f 15607 15608 15612 15611
f 15609 15606 15610 15613
o rock_8
v -11.7228 -0.5000 -34.9662
v -10.6675 -0.5000 -34.9662
v -10.6675 -0.5000 -33.9442
v -11.7228 -0.5000 -33.9442
v -11.7228 0.2783 -34.9662
v -10.6675 0.2783 -34.9662
v -10.6675 0.2783 -33.9442
v -11.7228 0.2783 -33.9442
usemtl rock_8_rock_1
f 15614 15615 15616 15617
f 15618 15619 15620 15621
f 15614 15615 15619 15618
f 15616 15617 15621 15620
f 15615 15616 15620 15619
f 15617 15614 15618 15621
o rock_9
v 10.7679 -2.5000 -36.2928
v 12.5558 -2.5000 -36.2928
v 12.5558 -2.5000 -35.4900
v 10.7679 -2.5000 -35.4900
v 10.7679 -2.1240 -36.2928
v 12.5558 -2.1240 -36.2928
v 12.5558 -2.1240 -35.4900
v 10.7679 -2.1240 -35.4900
usemtl rock_9_rock_0
f 15622 15623 15624 15625
f 15626 15627 15628 15629
f 15622 15623 15627 15626
f 15624 15625 15629 15628
f 15623 15624 15628 15627
f 15625 15622 15626 15629
o rock_10
v 26.4073 2.3778 -20.5555
v 28.6015 2.3778 -20.5555
v 28.6015 2.3778 -19.4107
v 26.4073 2.3778 -19.4107
v 26.4073 2.8035 -20.5555
v 28.6015 2.8035 -20.5555
v 28.6015 2.8035 -19.4107
v 26.4073 2.8035 -19.4107
usemtl rock_10_rock_1
f 15630 15631 15632 15633
f 15634 15635 15636 15637
f 15630 15631 15635 15634
f 15632 15633 15637 15636
f 15631 15632 15636 15635
f 15633 15630 15634 15637
o path_1
v -6.4872 0.5955 -27.8876
v -5.5128 0.6507 -28.1124
v -5.1378 0.8417 -26.4874
v -6.1122 0.7511 -26.2626
v -6.1122 0.7511 -26.2626
v -5.1378 0.8417 -26.4874
v -4.7628 1.0762 -24.8624
v -5.7372 0.9200 -24.6376
v -5.7372 0.9200 -24.6376
v -4.7628 1.0762 -24.8624
v -4.3878 1.6527 -23.2374
v -5.3622 1.4068 -23.0126
v -5.3622 1.4068 -23.0126
v -4.3878 1.6527 -23.2374
v -4.0128 2.1125 -21.6124
v -4.9872 1.8225 -21.3876
v -4.9872 1.8225 -21.3876
v -4.0128 2.1125 -21.6124
v -3.6378 2.6928 -19.9874
v -4.6122 2.3151 -19.7626
v -4.6122 2.3151 -19.7626
v -3.6378 2.6928 -19.9874
v -3.2628 3.2720 -18.3624
v -4.2372 2.9135 -18.1376
v -4.2372 2.9135 -18.1376
v -3.2628 3.2720 -18.3624
v -2.8878 4.2574 -16.7374
v -3.8622 3.5090 -16.5126
v -3.8622 3.5090 -16.5126
v -2.8878 4.2574 -16.7374
v -2.5128 4.9033 -15.1124
v -3.4872 4.5126 -14.8876
v -3.4872 4.5126 -14.8876
v -2.5128 4.9033 -15.1124
v -2.1378 5.2246 -13.4874
v -3.1122 5.1587 -13.2626
v -3.1122 5.1587 -13.2626
v -2.1378 5.2246 -13.4874
v -1.7628 6.2227 -11.8624
v -2.7372 5.8569 -11.6376
v -2.7372 5.8569 -11.6376
v -1.7628 6.2227 -11.8624
v -1.3878 6.8280 -10.2374
v -2.3622 6.4713 -10.0126
v -2.3622 6.4713 -10.0126
v -1.3878 6.8280 -10.2374
v -1.0128 7.6643 -8.6124
v -1.9872 7.3826 -8.3876
v -1.9872 7.3826 -8.3876
v -1.0128 7.6643 -8.6124
v -0.6378 7.9158 -6.9874
v -1.6122 7.8832 -6.7626
v -1.6122 7.8832 -6.7626
v -0.6378 7.9158 -6.9874
v -0.2628 8.4778 -5.3624
v -1.2372 8.3535 -5.1376
v -1.2372 8.3535 -5.1376
v -0.2628 8.4778 -5.3624
v 0.1122 8.8120 -3.7374
v -0.8622 8.6955 -3.5126
v -0.8622 8.6955 -3.5126
v 0.1122 8.8120 -3.7374
v 0.4872 8.9677 -2.1124
v -0.4872 8.9657 -1.8876
usemtl path_1_path_0
f 15638 15639 15640 15641
usemtl path_1_path_1
f 15642 15643 15644 15645
usemtl path_1_path_0
f 15646 15647 15648 15649
usemtl path_1_path_1
f 15650 15651 15652 15653
usemtl path_1_path_0
f 15654 15655 15656 15657
usemtl path_1_path_1
f 15658 15659 15660 15661
usemtl path_1_path_0
f 15662 15663 15664 15665
usemtl path_1_path_1
f 15666 15667 15668 15669
usemtl path_1_path_0
f 15670 15671 15672 15673
usemtl path_1_path_1
f 15674 15675 15676 15677
usemtl path_1_path_0
f 15678 15679 15680 15681
usemtl path_1_path_1
f 15682 15683 15684 15685
usemtl path_1_path_0
f 15686 15687 15688 15689
usemtl path_1_path_1
f 15690 15691 15692 15693
usemtl path_1_path_0
f 15694 15695 15696 15697
usemtl path_1_path_1
f 15698 15699 15700 15701
o stair_1
v 7.0500 -0.1568 19.0000
v 7.9500 -0.1568 19.0000
v 7.9500 -0.1568 18.7000
v 7.0500 -0.1568 18.7000
v 7.0500 1.5184 19.0000
v 7.9500 1.5184 19.0000
v 7.9500 1.5184 18.7000
v 7.0500 1.5184 18.7000
v 8.0500 -0.1568 19.0000
v 8.9500 -0.1568 19.0000
v 8.9500 -0.1568 18.7000
v 8.0500 -0.1568 18.7000
v 8.0500 1.5184 19.0000
v 8.9500 1.5184 19.0000
v 8.9500 1.5184 18.7000
v 8.0500 1.5184 18.7000
v 9.0500 -0.1568 19.0000
v 9.9500 -0.1568 19.0000
v 9.9500 -0.1568 18.7000
v 9.0500 -0.1568 18.7000
v 9.0500 1.5184 19.0000
v 9.9500 1.5184 19.0000
v 9.9500 1.5184 18.7000
v 9.0500 1.5184 18.7000
v 10.0500 -0.1568 19.0000
v 10.9500 -0.1568 19.0000
v 10.9500 -0.1568 18.7000
v 10.0500 -0.1568 18.7000
v 10.0500 1.5184 19.0000
v 10.9500 1.5184 19.0000
v 10.9500 1.5184 18.7000
v 10.0500 1.5184 18.7000
v 8.0000 -0.1568 18.3000
v 10.0000 -0.1568 18.3000
v 10.0000 -0.1568 17.8500
v 8.0000 -0.1568 17.8500
v 8.0000 0.1026 18.3000
v 10.0000 0.1026 18.3000
v 10.0000 0.1026 17.8500
v 8.0000 0.1026 17.8500
v 8.0000 0.1026 17.8500
v 10.0000 0.1026 17.8500
v 10.0000 0.1026 17.4000
v 8.0000 0.1026 17.4000
v 8.0000 0.3620 17.8500
v 10.0000 0.3620 17.8500
v 10.0000 0.3620 17.4000
v 8.0000 0.3620 17.4000
v 8.0000 0.3620 17.4000
v 10.0000 0.3620 17.4000
v 10.0000 0.3620 16.9500
v 8.0000 0.3620 16.9500
v 8.0000 0.6214 17.4000
v 10.0000 0.6214 17.4000
v 10.0000 0.6214 16.9500
v 8.0000 0.6214 16.9500
v 8.0000 0.6214 16.9500
v 10.0000 0.6214 16.9500
v 10.0000 0.6214 16.5000
v 8.0000 0.6214 16.5000
v 8.0000 0.8808 16.9500
v 10.0000 0.8808 16.9500
v 10.0000 0.8808 16.5000
v 8.0000 0.8808 16.5000
v 8.0000 0.8808 16.5000
v 10.0000 0.8808 16.5000
v 10.0000 0.8808 16.0500
v 8.0000 0.8808 16.0500
v 8.0000 1.1402 16.5000
v 10.0000 1.1402 16.5000
v 10.0000 1.1402 16.0500
v 8.0000 1.1402 16.0500
v 8.0000 1.1402 16.0500
v 10.0000 1.1402 16.0500
v 10.0000 1.1402 15.6000
v 8.0000 1.1402 15.6000
v 8.0000 1.3996 16.0500
v 10.0000 1.3996 16.0500
v 10.0000 1.3996 15.6000
v 8.0000 1.3996 15.6000
v 8.0000 1.3996 15.6000
v 10.0000 1.3996 15.6000
v 10.0000 1.3996 15.1500
v 8.0000 1.3996 15.1500
v 8.0000 1.6590 15.6000
v 10.0000 1.6590 15.6000
v 10.0000 1.6590 15.1500
v 8.0000 1.6590 15.1500
v 8.0000 1.6590 15.1500
v 10.0000 1.6590 15.1500
v 10.0000 1.6590 14.7000
v 8.0000 1.6590 14.7000
v 8.0000 1.9184 15.1500
v 10.0000 1.9184 15.1500
v 10.0000 1.9184 14.7000
v 8.0000 1.9184 14.7000
usemtl stair_1_wall_stone_0
f 15702 15703 15704 15705
f 15706 15707 15708 15709
f 15702 15703 15707 15706
f 15704 15705 15709 15708
f 15703 15704 15708 15707
f 15705 15702 15706 15709
usemtl stair_1_wall_stone_1
f 15710 15711 15712 15713
f 15714 15715 15716 15717
f 15710 15711 15715 15714
f 15712 15713 15717 15716
f 15711 15712 15716 15715
f 15713 15710 15714 15717
usemtl stair_1_wall_stone_0
f 15718 15719 15720 15721
f 15722 15723 15724 15725
f 15718 15719 15723 15722
f 15720 15721 15725 15724
f 15719 15720 15724 15723
f 15721 15718 15722 15725
usemtl stair_1_wall_stone_1
f 15726 15727 15728 15729
f 15730 15731 15732 15733
f 15726 15727 15731 15730
f 15728 15729 15733 15732
f 15727 15728 15732 15731
f 15729 15726 15730 15733
usemtl stair_1_step
f 15734 15735 15736 15737
f 15738 15739 15740 15741
f 15734 15735 15739 15738
f 15736 15737 15741 15740
f 15735 15736 15740 15739
f 15737 15734 15738 15741
f 15742 15743 15744 15745
f 15746 15747 15748 15749
f 15742 15743 15747 15746
f 15744 15745 15749 15748
f 15743 15744 15748 15747
f 15745 15742 15746 15749
f 15750 15751 15752 15753
f 15754 15755 15756 15757
f 15750 15751 15755 15754
f 15752 15753 15757 15756
f 15751 15752 15756 15755
f 15753 15750 15754 15757
f 15758 15759 15760 15761
f 15762 15763 15764 15765
f 15758 15759 15763 15762
f 15760 15761 15765 15764
f 15759 15760 15764 15763
f 15761 15758 15762 15765
f 15766 15767 15768 15769
f 15770 15771 15772 15773
f 15766 15767 15771 15770
f 15768 15769 15773 15772
f 15767 15768 15772 15771
f 15769 15766 15770 15773
f 15774 15775 15776 15777
f 15778 15779 15780 15781
f 15774 15775 15779 15778
f 15776 15777 15781 15780
f 15775 15776 15780 15779
f 15777 15774 15778 15781
f 15782 15783 15784 15785
f 15786 15787 15788 15789
f 15782 15783 15787 15786
f 15784 15785 15789 15788
f 15783 15784 15788 15787
f 15785 15782 15786 15789
f 15790 15791 15792 15793
f 15794 15795 15796 15797
f 15790 15791 15795 15794
f 15792 15793 15797 15796
f 15791 15792 15796 15795
f 15793 15790 15794 15797
o wall_3
v 34.0500 1.2482 5.7000
v 35.4500 1.2482 5.7000
v 35.4500 1.2482 6.0000
v 34.0500 1.2482 6.0000
v 34.0500 2.8482 5.7000
v 35.4500 2.8482 5.7000
v 35.4500 2.8482 6.0000
v 34.0500 2.8482 6.0000
v 35.5500 1.2482 5.7000
v 36.9500 1.2482 5.7000
v 36.9500 1.2482 6.0000
v 35.5500 1.2482 6.0000
v 35.5500 2.8482 5.7000
v 36.9500 2.8482 5.7000
v 36.9500 2.8482 6.0000
v 35.5500 2.8482 6.0000
v 37.0500 1.2482 5.7000
v 38.4500 1.2482 5.7000
v 38.4500 1.2482 6.0000
v 37.0500 1.2482 6.0000
v 37.0500 2.8482 5.7000
v 38.4500 2.8482 5.7000
v 38.4500 2.8482 6.0000
v 37.0500 2.8482 6.0000
v 38.5500 1.2482 5.7000
v 39.9500 1.2482 5.7000
v 39.9500 1.2482 6.0000
v 38.5500 1.2482 6.0000
v 38.5500 2.8482 5.7000
v 39.9500 2.8482 5.7000
v 39.9500 2.8482 6.0000
v 38.5500 2.8482 6.0000
v 36.0000 1.2482 6.4000
v 38.0000 1.2482 6.4000
v 38.0000 1.2482 6.8500
v 36.0000 1.2482 6.8500
v 36.0000 1.4982 6.4000
v 38.0000 1.4982 6.4000
v 38.0000 1.4982 6.8500
v 36.0000 1.4982 6.8500
v 36.0000 1.4982 6.8500
v 38.0000 1.4982 6.8500
v 38.0000 1.4982 7.3000
v 36.0000 1.4982 7.3000
v 36.0000 1.7482 6.8500
v 38.0000 1.7482 6.8500
v 38.0000 1.7482 7.3000
v 36.0000 1.7482 7.3000
v 36.0000 1.7482 7.3000
v 38.0000 1.7482 7.3000
v 38.0000 1.7482 7.7500
v 36.0000 1.7482 7.7500
v 36.0000 1.9982 7.3000
v 38.0000 1.9982 7.3000
v 38.0000 1.9982 7.7500
v 36.0000 1.9982 7.7500
v 36.0000 1.9982 7.7500
v 38.0000 1.9982 7.7500
v 38.0000 1.9982 8.2000
v 36.0000 1.9982 8.2000
v 36.0000 2.2482 7.7500
v 38.0000 2.2482 7.7500
v 38.0000 2.2482 8.2000
v 36.0000 2.2482 8.2000
v 36.0000 2.2482 8.2000
v 38.0000 2.2482 8.2000
v 38.0000 2.2482 8.6500
v 36.0000 2.2482 8.6500
v 36.0000 2.4982 8.2000
v 38.0000 2.4982 8.2000
v 38.0000 2.4982 8.6500
v 36.0000 2.4982 8.6500
v 36.0000 2.4982 8.6500
v 38.0000 2.4982 8.6500
v 38.0000 2.4982 9.1000
v 36.0000 2.4982 9.1000
v 36.0000 2.7482 8.6500
v 38.0000 2.7482 8.6500
v 38.0000 2.7482 9.1000
v 36.0000 2.7482 9.1000
v 36.0000 2.7482 9.1000
v 38.0000 2.7482 9.1000
v 38.0000 2.7482 9.5500
v 36.0000 2.7482 9.5500
v 36.0000 2.9982 9.1000
v 38.0000 2.9982 9.1000
v 38.0000 2.9982 9.5500
v 36.0000 2.9982 9.5500
v 36.0000 2.9982 9.5500
v 38.0000 2.9982 9.5500
v 38.0000 2.9982 10.0000
v 36.0000 2.9982 10.0000
v 36.0000 3.2482 9.5500
v 38.0000 3.2482 9.5500
v 38.0000 3.2482 10.0000
v 36.0000 3.2482 10.0000
usemtl wall_3_wall_stone_0
f 15798 15799 15800 15801
f 15802 15803 15804 15805
f 15798 15799 15803 15802
f 15800 15801 15805 15804
f 15799 15800 15804 15803
f 15801 15798 15802 15805
usemtl wall_3_wall_stone_1
f 15806 15807 15808 15809
f 15810 15811 15812 15813
f 15806 15807 15811 15810
f 15808 15809 15813 15812
f 15807 15808 15812 15811
f 15809 15806 15810 15813
usemtl wall_3_wall_stone_0
f 15814 15815 15816 15817
f 15818 15819 15820 15821
f 15814 15815 15819 15818
f 15816 15817 15821 15820
f 15815 15816 15820 15819
f 15817 15814 15818 15821
usemtl wall_3_wall_stone_1
f 15822 15823 15824 15825
f 15826 15827 15828 15829
f 15822 15823 15827 15826
f 15824 15825 15829 15828
f 15823 15824 15828 15827
f 15825 15822 15826 15829
usemtl wall_3_step
f 15830 15831 15832 15833
f 15834 15835 15836 15837
f 15830 15831 15835 15834
f 15832 15833 15837 15836
f 15831 15832 15836 15835
f 15833 15830 15834 15837
f 15838 15839 15840 15841
f 15842 15843 15844 15845
f 15838 15839 15843 15842
f 15840 15841 15845 15844
f 15839 15840 15844 15843
f 15841 15838 15842 15845
f 15846 15847 15848 15849
f 15850 15851 15852 15853
f 15846 15847 15851 15850
f 15848 15849 15853 15852
f 15847 15848 15852 15851
f 15849 15846 15850 15853
f 15854 15855 15856 15857
f 15858 15859 15860 15861
f 15854 15855 15859 15858
f 15856 15857 15861 15860
f 15855 15856 15860 15859
f 15857 15854 15858 15861
f 15862 15863 15864 15865
f 15866 15867 15868 15869
f 15862 15863 15867 15866
f 15864 15865 15869 15868
f 15863 15864 15868 15867
f 15865 15862 15866 15869
f 15870 15871 15872 15873
f 15874 15875 15876 15877
f 15870 15871 15875 15874
f 15872 15873 15877 15876
f 15871 15872 15876 15875
f 15873 15870 15874 15877
f 15878 15879 15880 15881
f 15882 15883 15884 15885
f 15878 15879 15883 15882
f 15880 15881 15885 15884
f 15879 15880 15884 15883
f 15881 15878 15882 15885
f 15886 15887 15888 15889
f 15890 15891 15892 15893
f 15886 15887 15891 15890
f 15888 15889 15893 15892
f 15887 15888 15892 15891
f 15889 15886 15890 15893
o bridge_1
v 18.1000 2.4599 -16.5550
v 18.1000 2.5199 -16.4950
v 19.2000 2.1057 -16.4950
v 19.2000 2.0457 -16.5550
v 19.2000 2.0457 -16.5550
v 19.2000 2.1057 -16.4950
v 20.3000 1.7343 -16.4950
v 20.3000 1.6743 -16.5550
v 20.3000 1.6743 -16.5550
v 20.3000 1.7343 -16.4950
v 21.4000 1.2431 -16.4950
v 21.4000 1.1831 -16.5550
v 21.4000 1.1831 -16.5550
v 21.4000 1.2431 -16.4950
v 22.5000 1.0054 -16.4950
v 22.5000 0.9454 -16.5550
v 22.5000 0.9454 -16.5550
v 22.5000 1.0054 -16.4950
v 23.6000 0.8302 -16.4950
v 23.6000 0.7702 -16.5550
v 23.6000 0.7702 -16.5550
v 23.6000 0.8302 -16.4950
v 24.7000 3.7989 -16.4950
v 24.7000 3.7389 -16.5550
v 24.7000 3.7389 -16.5550
v 24.7000 3.7989 -16.4950
v 25.8000 4.7041 -16.4950
v 25.8000 4.6441 -16.5550
v 25.8000 4.6441 -16.5550
v 25.8000 4.7041 -16.4950
v 26.9000 5.6499 -16.4950
v 26.9000 5.5899 -16.5550
v 26.9000 5.5899 -16.5550
v 26.9000 5.6499 -16.4950
v 28.0000 7.4250 -16.4950
v 28.0000 7.3650 -16.5550
v 28.0000 7.3650 -16.5550
v 28.0000 7.4250 -16.4950
v 29.1000 8.3492 -16.4950
v 29.1000 8.2892 -16.5550
v 18.1000 2.5976 -15.5550
v 18.1000 2.6576 -15.4950
v 19.2000 2.4046 -15.4950
v 19.2000 2.3446 -15.5550
v 19.2000 2.3446 -15.5550
v 19.2000 2.4046 -15.4950
v 20.3000 2.0647 -15.4950
v 20.3000 2.0047 -15.5550
v 20.3000 2.0047 -15.5550
v 20.3000 2.0647 -15.4950
v 21.4000 1.6219 -15.4950
v 21.4000 1.5619 -15.5550
v 21.4000 1.5619 -15.5550
v 21.4000 1.6219 -15.4950
v 22.5000 1.3999 -15.4950
v 22.5000 1.3399 -15.5550
v 22.5000 1.3399 -15.5550
v 22.5000 1.3999 -15.4950
v 23.6000 1.2347 -15.4950
v 23.6000 1.1747 -15.5550
v 23.6000 1.1747 -15.5550
v 23.6000 1.2347 -15.4950
v 24.7000 3.8172 -15.4950
v 24.7000 3.7572 -15.5550
v 24.7000 3.7572 -15.5550
v 24.7000 3.8172 -15.4950
v 25.8000 4.7261 -15.4950
v 25.8000 4.6661 -15.5550
v 25.8000 4.6661 -15.5550
v 25.8000 4.7261 -15.4950
v 26.9000 5.6772 -15.4950
v 26.9000 5.6172 -15.5550
v 26.9000 5.6172 -15.5550
v 26.9000 5.6772 -15.4950
v 28.0000 7.4782 -15.4950
v 28.0000 7.4182 -15.5550
v 28.0000 7.4182 -15.5550
v 28.0000 7.4782 -15.4950
v 29.1000 8.4455 -15.4950
v 29.1000 8.3855 -15.5550
v 18.4000 1.8238 -16.5750
v 18.9000 1.5796 -16.5750
v 18.9000 1.8785 -15.4750
v 18.4000 1.9616 -15.4750
v 19.5000 1.4160 -16.5750
v 20.0000 1.1979 -16.5750
v 20.0000 1.5282 -15.4750
v 19.5000 1.7149 -15.4750
v 20.6000 0.8641 -16.5750
v 21.1000 0.8641 -16.5750
v 21.1000 1.2214 -15.4750
v 20.6000 1.2214 -15.4750
v 21.7000 0.5880 -16.5750
v 22.2000 0.4284 -16.5750
v 22.2000 0.8230 -15.4750
v 21.7000 0.9668 -15.4750
v 22.8000 0.3753 -16.5750
v 23.3000 0.2269 -16.5750
v 23.3000 0.6315 -15.4750
v 22.8000 0.7698 -15.4750
v 23.9000 2.3398 -16.5750
v 24.4000 2.3398 -16.5750
v 24.4000 2.3556 -15.4750
v 23.9000 2.3556 -15.4750
v 25.0000 3.2219 -16.5750
v 25.5000 4.0490 -16.5750
v 25.5000 4.0710 -15.4750
v 25.0000 3.2402 -15.4750
v 26.1000 4.1502 -16.5750
v 26.6000 4.9743 -16.5750
v 26.6000 5.0016 -15.4750
v 26.1000 4.1721 -15.4750
v 27.2000 5.9316 -16.5750
v 27.7000 5.9316 -16.5750
v 27.7000 5.9677 -15.4750
v 27.2000 5.9677 -15.4750
v 28.3000 6.8990 -16.5750
v 28.8000 7.6532 -16.5750
v 28.8000 7.7494 -15.4750
v 28.3000 6.9521 -15.4750
usemtl bridge_1_rope
f 15894 15895 15896 15897
f 15898 15899 15900 15901
f 15902 15903 15904 15905
f 15906 15907 15908 15909
f 15910 15911 15912 15913
f 15914 15915 15916 15917
f 15918 15919 15920 15921
f 15922 15923 15924 15925
f 15926 15927 15928 15929
f 15930 15931 15932 15933
f 15934 15935 15936 15937
f 15938 15939 15940 15941
f 15942 15943 15944 15945
f 15946 15947 15948 15949
f 15950 15951 15952 15953
f 15954 15955 15956 15957
f 15958 15959 15960 15961
f 15962 15963 15964 15965
f 15966 15967 15968 15969
f 15970 15971 15972 15973
usemtl bridge_1_plank_0
f 15974 15975 15976 15977
usemtl bridge_1_plank_1
f 15978 15979 15980 15981
usemtl bridge_1_plank_0
f 15982 15983 15984 15985
usemtl bridge_1_plank_1
f 15986 15987 15988 15989
usemtl bridge_1_plank_0
f 15990 15991 15992 15993
usemtl bridge_1_plank_1
f 15994 15995 15996 15997
usemtl bridge_1_plank_0
f 15998 15999 16000 16001
usemtl bridge_1_plank_1
f 16002 16003 16004 16005
usemtl bridge_1_plank_0
f 16006 16007 16008 16009
usemtl bridge_1_plank_1
f 16010 16011 16012 16013
